Fitter report for register_file
Tue Aug 26 18:55:56 2025
Quartus Prime Version 21.1.1 Build 850 06/23/2022 SJ Standard Edition


---------------------
; Table of Contents ;
---------------------
  1. Legal Notice
  2. Fitter Summary
  3. Fitter Settings
  4. Parallel Compilation
  5. Fitter Netlist Optimizations
  6. Ignored Assignments
  7. Incremental Compilation Preservation Summary
  8. Incremental Compilation Partition Settings
  9. Incremental Compilation Placement Preservation
 10. Pin-Out File
 11. Fitter Resource Usage Summary
 12. Fitter Partition Statistics
 13. Input Pins
 14. Output Pins
 15. Dual Purpose and Dedicated Pins
 16. I/O Bank Usage
 17. All Package Pins
 18. I/O Assignment Warnings
 19. Fitter Resource Utilization by Entity
 20. Delay Chain Summary
 21. Pad To Core Delay Chain Fanout
 22. Control Signals
 23. Global & Other Fast Signals
 24. Routing Usage Summary
 25. LAB Logic Elements
 26. LAB-wide Signals
 27. LAB Signals Sourced
 28. LAB Signals Sourced Out
 29. LAB Distinct Inputs
 30. I/O Rules Summary
 31. I/O Rules Details
 32. I/O Rules Matrix
 33. Fitter Device Options
 34. Operating Settings and Conditions
 35. Fitter Messages
 36. Fitter Suppressed Messages



----------------
; Legal Notice ;
----------------
Copyright (C) 2022  Intel Corporation. All rights reserved.
Your use of Intel Corporation's design tools, logic functions 
and other software and tools, and any partner logic 
functions, and any output files from any of the foregoing 
(including device programming or simulation files), and any 
associated documentation or information are expressly subject 
to the terms and conditions of the Intel Program License 
Subscription Agreement, the Intel Quartus Prime License Agreement,
the Intel FPGA IP License Agreement, or other applicable license
agreement, including, without limitation, that your use is for
the sole purpose of programming logic devices manufactured by
Intel and sold by Intel or its authorized distributors.  Please
refer to the applicable agreement for further details, at
https://fpgasoftware.intel.com/eula.



+--------------------------------------------------------------------------------------+
; Fitter Summary                                                                       ;
+------------------------------------+-------------------------------------------------+
; Fitter Status                      ; Successful - Tue Aug 26 18:55:56 2025           ;
; Quartus Prime Version              ; 21.1.1 Build 850 06/23/2022 SJ Standard Edition ;
; Revision Name                      ; register_file                                   ;
; Top-level Entity Name              ; register_file                                   ;
; Family                             ; Cyclone IV E                                    ;
; Device                             ; EP4CE115F29C8                                   ;
; Timing Models                      ; Final                                           ;
; Total logic elements               ; 1,384 / 114,480 ( 1 % )                         ;
;     Total combinational functions  ; 1,383 / 114,480 ( 1 % )                         ;
;     Dedicated logic registers      ; 960 / 114,480 ( < 1 % )                         ;
; Total registers                    ; 992                                             ;
; Total pins                         ; 114 / 529 ( 22 % )                              ;
; Total virtual pins                 ; 0                                               ;
; Total memory bits                  ; 0 / 3,981,312 ( 0 % )                           ;
; Embedded Multiplier 9-bit elements ; 0 / 532 ( 0 % )                                 ;
; Total PLLs                         ; 0 / 4 ( 0 % )                                   ;
+------------------------------------+-------------------------------------------------+


+----------------------------------------------------------------------------------------------------------------------------------------------------+
; Fitter Settings                                                                                                                                    ;
+--------------------------------------------------------------------+---------------------------------------+---------------------------------------+
; Option                                                             ; Setting                               ; Default Value                         ;
+--------------------------------------------------------------------+---------------------------------------+---------------------------------------+
; Device                                                             ; EP4CE115F29C8                         ;                                       ;
; Use smart compilation                                              ; On                                    ; Off                                   ;
; Maximum processors allowed for parallel compilation                ; 4                                     ;                                       ;
; Fit Attempts to Skip                                               ; 0                                     ; 0.0                                   ;
; Enable parallel Assembler and Timing Analyzer during compilation   ; On                                    ; On                                    ;
; Enable compact report table                                        ; Off                                   ; Off                                   ;
; Auto Merge PLLs                                                    ; On                                    ; On                                    ;
; Router Timing Optimization Level                                   ; Normal                                ; Normal                                ;
; Perform Clocking Topology Analysis During Routing                  ; Off                                   ; Off                                   ;
; Placement Effort Multiplier                                        ; 1.0                                   ; 1.0                                   ;
; Router Effort Multiplier                                           ; 1.0                                   ; 1.0                                   ;
; Optimize Hold Timing                                               ; All Paths                             ; All Paths                             ;
; Optimize Multi-Corner Timing                                       ; On                                    ; On                                    ;
; Power Optimization During Fitting                                  ; Normal compilation                    ; Normal compilation                    ;
; SSN Optimization                                                   ; Off                                   ; Off                                   ;
; Optimize Timing                                                    ; Normal compilation                    ; Normal compilation                    ;
; Optimize Timing for ECOs                                           ; Off                                   ; Off                                   ;
; Regenerate Full Fit Report During ECO Compiles                     ; Off                                   ; Off                                   ;
; Optimize IOC Register Placement for Timing                         ; Normal                                ; Normal                                ;
; Limit to One Fitting Attempt                                       ; Off                                   ; Off                                   ;
; Final Placement Optimizations                                      ; Automatically                         ; Automatically                         ;
; Fitter Aggressive Routability Optimizations                        ; Automatically                         ; Automatically                         ;
; Fitter Initial Placement Seed                                      ; 1                                     ; 1                                     ;
; Periphery to Core Placement and Routing Optimization               ; Off                                   ; Off                                   ;
; PCI I/O                                                            ; Off                                   ; Off                                   ;
; Weak Pull-Up Resistor                                              ; Off                                   ; Off                                   ;
; Enable Bus-Hold Circuitry                                          ; Off                                   ; Off                                   ;
; Auto Packed Registers                                              ; Auto                                  ; Auto                                  ;
; Auto Delay Chains                                                  ; On                                    ; On                                    ;
; Auto Delay Chains for High Fanout Input Pins                       ; Off                                   ; Off                                   ;
; Allow Single-ended Buffer for Differential-XSTL Input              ; Off                                   ; Off                                   ;
; Treat Bidirectional Pin as Output Pin                              ; Off                                   ; Off                                   ;
; Perform Physical Synthesis for Combinational Logic for Fitting     ; Off                                   ; Off                                   ;
; Perform Physical Synthesis for Combinational Logic for Performance ; Off                                   ; Off                                   ;
; Perform Register Duplication for Performance                       ; Off                                   ; Off                                   ;
; Perform Logic to Memory Mapping for Fitting                        ; Off                                   ; Off                                   ;
; Perform Register Retiming for Performance                          ; Off                                   ; Off                                   ;
; Perform Asynchronous Signal Pipelining                             ; Off                                   ; Off                                   ;
; Fitter Effort                                                      ; Auto Fit                              ; Auto Fit                              ;
; Physical Synthesis Effort Level                                    ; Normal                                ; Normal                                ;
; Logic Cell Insertion - Logic Duplication                           ; Auto                                  ; Auto                                  ;
; Auto Register Duplication                                          ; Auto                                  ; Auto                                  ;
; Auto Global Clock                                                  ; On                                    ; On                                    ;
; Auto Global Register Control Signals                               ; On                                    ; On                                    ;
; Reserve all unused pins                                            ; As input tri-stated with weak pull-up ; As input tri-stated with weak pull-up ;
; Synchronizer Identification                                        ; Auto                                  ; Auto                                  ;
; Enable Beneficial Skew Optimization                                ; On                                    ; On                                    ;
; Optimize Design for Metastability                                  ; On                                    ; On                                    ;
; Force Fitter to Avoid Periphery Placement Warnings                 ; Off                                   ; Off                                   ;
; Enable input tri-state on active configuration pins in user mode   ; Off                                   ; Off                                   ;
+--------------------------------------------------------------------+---------------------------------------+---------------------------------------+


+------------------------------------------+
; Parallel Compilation                     ;
+----------------------------+-------------+
; Processors                 ; Number      ;
+----------------------------+-------------+
; Number detected on machine ; 8           ;
; Maximum allowed            ; 4           ;
;                            ;             ;
; Average used               ; 1.02        ;
; Maximum used               ; 4           ;
;                            ;             ;
; Usage by Processor         ; % Time Used ;
;     Processor 1            ; 100.0%      ;
;     Processor 2            ;   0.7%      ;
;     Processor 3            ;   0.7%      ;
;     Processor 4            ;   0.7%      ;
+----------------------------+-------------+


+--------------------------------------------------------------------------------------------------------------------------------------------------------------------------------------+
; Fitter Netlist Optimizations                                                                                                                                                         ;
+------------------+-----------------+------------------+--------------------------------+-----------+----------------+---------------------+------------------+-----------------------+
; Node             ; Action          ; Operation        ; Reason                         ; Node Port ; Node Port Name ; Destination Node    ; Destination Port ; Destination Port Name ;
+------------------+-----------------+------------------+--------------------------------+-----------+----------------+---------------------+------------------+-----------------------+
; register[21][1]  ; Packed Register ; Register Packing ; Fast Input Register assignment ; Q         ;                ; rfif.wdat[1]~input  ; O                ;                       ;
; register[21][3]  ; Packed Register ; Register Packing ; Fast Input Register assignment ; Q         ;                ; rfif.wdat[3]~input  ; O                ;                       ;
; register[21][5]  ; Packed Register ; Register Packing ; Fast Input Register assignment ; Q         ;                ; rfif.wdat[5]~input  ; O                ;                       ;
; register[21][7]  ; Packed Register ; Register Packing ; Fast Input Register assignment ; Q         ;                ; rfif.wdat[7]~input  ; O                ;                       ;
; register[21][9]  ; Packed Register ; Register Packing ; Fast Input Register assignment ; Q         ;                ; rfif.wdat[9]~input  ; O                ;                       ;
; register[21][11] ; Packed Register ; Register Packing ; Fast Input Register assignment ; Q         ;                ; rfif.wdat[11]~input ; O                ;                       ;
; register[21][13] ; Packed Register ; Register Packing ; Fast Input Register assignment ; Q         ;                ; rfif.wdat[13]~input ; O                ;                       ;
; register[21][15] ; Packed Register ; Register Packing ; Fast Input Register assignment ; Q         ;                ; rfif.wdat[15]~input ; O                ;                       ;
; register[21][17] ; Packed Register ; Register Packing ; Fast Input Register assignment ; Q         ;                ; rfif.wdat[17]~input ; O                ;                       ;
; register[21][19] ; Packed Register ; Register Packing ; Fast Input Register assignment ; Q         ;                ; rfif.wdat[19]~input ; O                ;                       ;
; register[21][21] ; Packed Register ; Register Packing ; Fast Input Register assignment ; Q         ;                ; rfif.wdat[21]~input ; O                ;                       ;
; register[21][23] ; Packed Register ; Register Packing ; Fast Input Register assignment ; Q         ;                ; rfif.wdat[23]~input ; O                ;                       ;
; register[21][25] ; Packed Register ; Register Packing ; Fast Input Register assignment ; Q         ;                ; rfif.wdat[25]~input ; O                ;                       ;
; register[21][27] ; Packed Register ; Register Packing ; Fast Input Register assignment ; Q         ;                ; rfif.wdat[27]~input ; O                ;                       ;
; register[21][29] ; Packed Register ; Register Packing ; Fast Input Register assignment ; Q         ;                ; rfif.wdat[29]~input ; O                ;                       ;
; register[21][31] ; Packed Register ; Register Packing ; Fast Input Register assignment ; Q         ;                ; rfif.wdat[31]~input ; O                ;                       ;
; register[25][0]  ; Packed Register ; Register Packing ; Fast Input Register assignment ; Q         ;                ; rfif.wdat[0]~input  ; O                ;                       ;
; register[25][2]  ; Packed Register ; Register Packing ; Fast Input Register assignment ; Q         ;                ; rfif.wdat[2]~input  ; O                ;                       ;
; register[25][4]  ; Packed Register ; Register Packing ; Fast Input Register assignment ; Q         ;                ; rfif.wdat[4]~input  ; O                ;                       ;
; register[25][6]  ; Packed Register ; Register Packing ; Fast Input Register assignment ; Q         ;                ; rfif.wdat[6]~input  ; O                ;                       ;
; register[25][8]  ; Packed Register ; Register Packing ; Fast Input Register assignment ; Q         ;                ; rfif.wdat[8]~input  ; O                ;                       ;
; register[25][10] ; Packed Register ; Register Packing ; Fast Input Register assignment ; Q         ;                ; rfif.wdat[10]~input ; O                ;                       ;
; register[25][12] ; Packed Register ; Register Packing ; Fast Input Register assignment ; Q         ;                ; rfif.wdat[12]~input ; O                ;                       ;
; register[25][14] ; Packed Register ; Register Packing ; Fast Input Register assignment ; Q         ;                ; rfif.wdat[14]~input ; O                ;                       ;
; register[25][16] ; Packed Register ; Register Packing ; Fast Input Register assignment ; Q         ;                ; rfif.wdat[16]~input ; O                ;                       ;
; register[25][18] ; Packed Register ; Register Packing ; Fast Input Register assignment ; Q         ;                ; rfif.wdat[18]~input ; O                ;                       ;
; register[25][20] ; Packed Register ; Register Packing ; Fast Input Register assignment ; Q         ;                ; rfif.wdat[20]~input ; O                ;                       ;
; register[25][22] ; Packed Register ; Register Packing ; Fast Input Register assignment ; Q         ;                ; rfif.wdat[22]~input ; O                ;                       ;
; register[25][24] ; Packed Register ; Register Packing ; Fast Input Register assignment ; Q         ;                ; rfif.wdat[24]~input ; O                ;                       ;
; register[25][26] ; Packed Register ; Register Packing ; Fast Input Register assignment ; Q         ;                ; rfif.wdat[26]~input ; O                ;                       ;
; register[25][28] ; Packed Register ; Register Packing ; Fast Input Register assignment ; Q         ;                ; rfif.wdat[28]~input ; O                ;                       ;
; register[25][30] ; Packed Register ; Register Packing ; Fast Input Register assignment ; Q         ;                ; rfif.wdat[30]~input ; O                ;                       ;
+------------------+-----------------+------------------+--------------------------------+-----------+----------------+---------------------+------------------+-----------------------+


+-------------------------------------------------------------------------------------------------------------+
; Ignored Assignments                                                                                         ;
+-------------------------+----------------+--------------+------------------+---------------+----------------+
; Name                    ; Ignored Entity ; Ignored From ; Ignored To       ; Ignored Value ; Ignored Source ;
+-------------------------+----------------+--------------+------------------+---------------+----------------+
; Location                ;                ;              ; AUD_ADCDAT       ; PIN_D2        ; QSF Assignment ;
; Location                ;                ;              ; AUD_ADCLRCK      ; PIN_C2        ; QSF Assignment ;
; Location                ;                ;              ; AUD_BCLK         ; PIN_F2        ; QSF Assignment ;
; Location                ;                ;              ; AUD_DACDAT       ; PIN_D1        ; QSF Assignment ;
; Location                ;                ;              ; AUD_DACLRCK      ; PIN_E3        ; QSF Assignment ;
; Location                ;                ;              ; AUD_XCK          ; PIN_E1        ; QSF Assignment ;
; Location                ;                ;              ; CLOCK2_50        ; PIN_AG14      ; QSF Assignment ;
; Location                ;                ;              ; CLOCK3_50        ; PIN_AG15      ; QSF Assignment ;
; Location                ;                ;              ; CLOCK_50         ; PIN_Y2        ; QSF Assignment ;
; Location                ;                ;              ; DRAM_ADDR[0]     ; PIN_R6        ; QSF Assignment ;
; Location                ;                ;              ; DRAM_ADDR[10]    ; PIN_R5        ; QSF Assignment ;
; Location                ;                ;              ; DRAM_ADDR[11]    ; PIN_AA5       ; QSF Assignment ;
; Location                ;                ;              ; DRAM_ADDR[12]    ; PIN_Y7        ; QSF Assignment ;
; Location                ;                ;              ; DRAM_ADDR[1]     ; PIN_V8        ; QSF Assignment ;
; Location                ;                ;              ; DRAM_ADDR[2]     ; PIN_U8        ; QSF Assignment ;
; Location                ;                ;              ; DRAM_ADDR[3]     ; PIN_P1        ; QSF Assignment ;
; Location                ;                ;              ; DRAM_ADDR[4]     ; PIN_V5        ; QSF Assignment ;
; Location                ;                ;              ; DRAM_ADDR[5]     ; PIN_W8        ; QSF Assignment ;
; Location                ;                ;              ; DRAM_ADDR[6]     ; PIN_W7        ; QSF Assignment ;
; Location                ;                ;              ; DRAM_ADDR[7]     ; PIN_AA7       ; QSF Assignment ;
; Location                ;                ;              ; DRAM_ADDR[8]     ; PIN_Y5        ; QSF Assignment ;
; Location                ;                ;              ; DRAM_ADDR[9]     ; PIN_Y6        ; QSF Assignment ;
; Location                ;                ;              ; DRAM_BA[0]       ; PIN_U7        ; QSF Assignment ;
; Location                ;                ;              ; DRAM_BA[1]       ; PIN_R4        ; QSF Assignment ;
; Location                ;                ;              ; DRAM_CAS_N       ; PIN_V7        ; QSF Assignment ;
; Location                ;                ;              ; DRAM_CKE         ; PIN_AA6       ; QSF Assignment ;
; Location                ;                ;              ; DRAM_CLK         ; PIN_AE5       ; QSF Assignment ;
; Location                ;                ;              ; DRAM_CS_N        ; PIN_T4        ; QSF Assignment ;
; Location                ;                ;              ; DRAM_DQM[0]      ; PIN_U2        ; QSF Assignment ;
; Location                ;                ;              ; DRAM_DQM[1]      ; PIN_W4        ; QSF Assignment ;
; Location                ;                ;              ; DRAM_DQM[2]      ; PIN_K8        ; QSF Assignment ;
; Location                ;                ;              ; DRAM_DQM[3]      ; PIN_N8        ; QSF Assignment ;
; Location                ;                ;              ; DRAM_DQ[0]       ; PIN_W3        ; QSF Assignment ;
; Location                ;                ;              ; DRAM_DQ[10]      ; PIN_AB1       ; QSF Assignment ;
; Location                ;                ;              ; DRAM_DQ[11]      ; PIN_AA3       ; QSF Assignment ;
; Location                ;                ;              ; DRAM_DQ[12]      ; PIN_AB2       ; QSF Assignment ;
; Location                ;                ;              ; DRAM_DQ[13]      ; PIN_AC1       ; QSF Assignment ;
; Location                ;                ;              ; DRAM_DQ[14]      ; PIN_AB3       ; QSF Assignment ;
; Location                ;                ;              ; DRAM_DQ[15]      ; PIN_AC2       ; QSF Assignment ;
; Location                ;                ;              ; DRAM_DQ[16]      ; PIN_M8        ; QSF Assignment ;
; Location                ;                ;              ; DRAM_DQ[17]      ; PIN_L8        ; QSF Assignment ;
; Location                ;                ;              ; DRAM_DQ[18]      ; PIN_P2        ; QSF Assignment ;
; Location                ;                ;              ; DRAM_DQ[19]      ; PIN_N3        ; QSF Assignment ;
; Location                ;                ;              ; DRAM_DQ[1]       ; PIN_W2        ; QSF Assignment ;
; Location                ;                ;              ; DRAM_DQ[20]      ; PIN_N4        ; QSF Assignment ;
; Location                ;                ;              ; DRAM_DQ[21]      ; PIN_M4        ; QSF Assignment ;
; Location                ;                ;              ; DRAM_DQ[22]      ; PIN_M7        ; QSF Assignment ;
; Location                ;                ;              ; DRAM_DQ[23]      ; PIN_L7        ; QSF Assignment ;
; Location                ;                ;              ; DRAM_DQ[24]      ; PIN_U5        ; QSF Assignment ;
; Location                ;                ;              ; DRAM_DQ[25]      ; PIN_R7        ; QSF Assignment ;
; Location                ;                ;              ; DRAM_DQ[26]      ; PIN_R1        ; QSF Assignment ;
; Location                ;                ;              ; DRAM_DQ[27]      ; PIN_R2        ; QSF Assignment ;
; Location                ;                ;              ; DRAM_DQ[28]      ; PIN_R3        ; QSF Assignment ;
; Location                ;                ;              ; DRAM_DQ[29]      ; PIN_T3        ; QSF Assignment ;
; Location                ;                ;              ; DRAM_DQ[2]       ; PIN_V4        ; QSF Assignment ;
; Location                ;                ;              ; DRAM_DQ[30]      ; PIN_U4        ; QSF Assignment ;
; Location                ;                ;              ; DRAM_DQ[31]      ; PIN_U1        ; QSF Assignment ;
; Location                ;                ;              ; DRAM_DQ[3]       ; PIN_W1        ; QSF Assignment ;
; Location                ;                ;              ; DRAM_DQ[4]       ; PIN_V3        ; QSF Assignment ;
; Location                ;                ;              ; DRAM_DQ[5]       ; PIN_V2        ; QSF Assignment ;
; Location                ;                ;              ; DRAM_DQ[6]       ; PIN_V1        ; QSF Assignment ;
; Location                ;                ;              ; DRAM_DQ[7]       ; PIN_U3        ; QSF Assignment ;
; Location                ;                ;              ; DRAM_DQ[8]       ; PIN_Y3        ; QSF Assignment ;
; Location                ;                ;              ; DRAM_DQ[9]       ; PIN_Y4        ; QSF Assignment ;
; Location                ;                ;              ; DRAM_RAS_N       ; PIN_U6        ; QSF Assignment ;
; Location                ;                ;              ; DRAM_WE_N        ; PIN_V6        ; QSF Assignment ;
; Location                ;                ;              ; EEP_I2C_SCLK     ; PIN_D14       ; QSF Assignment ;
; Location                ;                ;              ; EEP_I2C_SDAT     ; PIN_E14       ; QSF Assignment ;
; Location                ;                ;              ; ENET0_GTX_CLK    ; PIN_A17       ; QSF Assignment ;
; Location                ;                ;              ; ENET0_INT_N      ; PIN_A21       ; QSF Assignment ;
; Location                ;                ;              ; ENET0_LINK100    ; PIN_C14       ; QSF Assignment ;
; Location                ;                ;              ; ENET0_MDC        ; PIN_C20       ; QSF Assignment ;
; Location                ;                ;              ; ENET0_MDIO       ; PIN_B21       ; QSF Assignment ;
; Location                ;                ;              ; ENET0_RESET_N    ; PIN_C19       ; QSF Assignment ;
; Location                ;                ;              ; ENET0_RX_CLK     ; PIN_A15       ; QSF Assignment ;
; Location                ;                ;              ; ENET0_RX_COL     ; PIN_E15       ; QSF Assignment ;
; Location                ;                ;              ; ENET0_RX_CRS     ; PIN_D15       ; QSF Assignment ;
; Location                ;                ;              ; ENET0_RX_DATA[0] ; PIN_C16       ; QSF Assignment ;
; Location                ;                ;              ; ENET0_RX_DATA[1] ; PIN_D16       ; QSF Assignment ;
; Location                ;                ;              ; ENET0_RX_DATA[2] ; PIN_D17       ; QSF Assignment ;
; Location                ;                ;              ; ENET0_RX_DATA[3] ; PIN_C15       ; QSF Assignment ;
; Location                ;                ;              ; ENET0_RX_DV      ; PIN_C17       ; QSF Assignment ;
; Location                ;                ;              ; ENET0_RX_ER      ; PIN_D18       ; QSF Assignment ;
; Location                ;                ;              ; ENET0_TX_CLK     ; PIN_B17       ; QSF Assignment ;
; Location                ;                ;              ; ENET0_TX_DATA[0] ; PIN_C18       ; QSF Assignment ;
; Location                ;                ;              ; ENET0_TX_DATA[1] ; PIN_D19       ; QSF Assignment ;
; Location                ;                ;              ; ENET0_TX_DATA[2] ; PIN_A19       ; QSF Assignment ;
; Location                ;                ;              ; ENET0_TX_DATA[3] ; PIN_B19       ; QSF Assignment ;
; Location                ;                ;              ; ENET0_TX_EN      ; PIN_A18       ; QSF Assignment ;
; Location                ;                ;              ; ENET0_TX_ER      ; PIN_B18       ; QSF Assignment ;
; Location                ;                ;              ; ENET1_GTX_CLK    ; PIN_C23       ; QSF Assignment ;
; Location                ;                ;              ; ENET1_INT_N      ; PIN_D24       ; QSF Assignment ;
; Location                ;                ;              ; ENET1_LINK100    ; PIN_D13       ; QSF Assignment ;
; Location                ;                ;              ; ENET1_MDC        ; PIN_D23       ; QSF Assignment ;
; Location                ;                ;              ; ENET1_MDIO       ; PIN_D25       ; QSF Assignment ;
; Location                ;                ;              ; ENET1_RESET_N    ; PIN_D22       ; QSF Assignment ;
; Location                ;                ;              ; ENET1_RX_CLK     ; PIN_B15       ; QSF Assignment ;
; Location                ;                ;              ; ENET1_RX_COL     ; PIN_B22       ; QSF Assignment ;
; Location                ;                ;              ; ENET1_RX_CRS     ; PIN_D20       ; QSF Assignment ;
; Location                ;                ;              ; ENET1_RX_DATA[0] ; PIN_B23       ; QSF Assignment ;
; Location                ;                ;              ; ENET1_RX_DATA[1] ; PIN_C21       ; QSF Assignment ;
; Location                ;                ;              ; ENET1_RX_DATA[2] ; PIN_A23       ; QSF Assignment ;
; Location                ;                ;              ; ENET1_RX_DATA[3] ; PIN_D21       ; QSF Assignment ;
; Location                ;                ;              ; ENET1_RX_DV      ; PIN_A22       ; QSF Assignment ;
; Location                ;                ;              ; ENET1_RX_ER      ; PIN_C24       ; QSF Assignment ;
; Location                ;                ;              ; ENET1_TX_CLK     ; PIN_C22       ; QSF Assignment ;
; Location                ;                ;              ; ENET1_TX_DATA[0] ; PIN_C25       ; QSF Assignment ;
; Location                ;                ;              ; ENET1_TX_DATA[1] ; PIN_A26       ; QSF Assignment ;
; Location                ;                ;              ; ENET1_TX_DATA[2] ; PIN_B26       ; QSF Assignment ;
; Location                ;                ;              ; ENET1_TX_DATA[3] ; PIN_C26       ; QSF Assignment ;
; Location                ;                ;              ; ENET1_TX_EN      ; PIN_B25       ; QSF Assignment ;
; Location                ;                ;              ; ENET1_TX_ER      ; PIN_A25       ; QSF Assignment ;
; Location                ;                ;              ; ENETCLK_25       ; PIN_A14       ; QSF Assignment ;
; Location                ;                ;              ; EXT_IO[0]        ; PIN_J10       ; QSF Assignment ;
; Location                ;                ;              ; EXT_IO[1]        ; PIN_J14       ; QSF Assignment ;
; Location                ;                ;              ; EXT_IO[2]        ; PIN_H13       ; QSF Assignment ;
; Location                ;                ;              ; EXT_IO[3]        ; PIN_H14       ; QSF Assignment ;
; Location                ;                ;              ; EXT_IO[4]        ; PIN_F14       ; QSF Assignment ;
; Location                ;                ;              ; EXT_IO[5]        ; PIN_E10       ; QSF Assignment ;
; Location                ;                ;              ; EXT_IO[6]        ; PIN_D9        ; QSF Assignment ;
; Location                ;                ;              ; FL_ADDR[0]       ; PIN_AG12      ; QSF Assignment ;
; Location                ;                ;              ; FL_ADDR[10]      ; PIN_AE9       ; QSF Assignment ;
; Location                ;                ;              ; FL_ADDR[11]      ; PIN_AF9       ; QSF Assignment ;
; Location                ;                ;              ; FL_ADDR[12]      ; PIN_AA10      ; QSF Assignment ;
; Location                ;                ;              ; FL_ADDR[13]      ; PIN_AD8       ; QSF Assignment ;
; Location                ;                ;              ; FL_ADDR[14]      ; PIN_AC8       ; QSF Assignment ;
; Location                ;                ;              ; FL_ADDR[15]      ; PIN_Y10       ; QSF Assignment ;
; Location                ;                ;              ; FL_ADDR[16]      ; PIN_AA8       ; QSF Assignment ;
; Location                ;                ;              ; FL_ADDR[17]      ; PIN_AH12      ; QSF Assignment ;
; Location                ;                ;              ; FL_ADDR[18]      ; PIN_AC12      ; QSF Assignment ;
; Location                ;                ;              ; FL_ADDR[19]      ; PIN_AD12      ; QSF Assignment ;
; Location                ;                ;              ; FL_ADDR[1]       ; PIN_AH7       ; QSF Assignment ;
; Location                ;                ;              ; FL_ADDR[20]      ; PIN_AE10      ; QSF Assignment ;
; Location                ;                ;              ; FL_ADDR[21]      ; PIN_AD10      ; QSF Assignment ;
; Location                ;                ;              ; FL_ADDR[22]      ; PIN_AD11      ; QSF Assignment ;
; Location                ;                ;              ; FL_ADDR[2]       ; PIN_Y13       ; QSF Assignment ;
; Location                ;                ;              ; FL_ADDR[3]       ; PIN_Y14       ; QSF Assignment ;
; Location                ;                ;              ; FL_ADDR[4]       ; PIN_Y12       ; QSF Assignment ;
; Location                ;                ;              ; FL_ADDR[5]       ; PIN_AA13      ; QSF Assignment ;
; Location                ;                ;              ; FL_ADDR[6]       ; PIN_AA12      ; QSF Assignment ;
; Location                ;                ;              ; FL_ADDR[7]       ; PIN_AB13      ; QSF Assignment ;
; Location                ;                ;              ; FL_ADDR[8]       ; PIN_AB12      ; QSF Assignment ;
; Location                ;                ;              ; FL_ADDR[9]       ; PIN_AB10      ; QSF Assignment ;
; Location                ;                ;              ; FL_CE_N          ; PIN_AG7       ; QSF Assignment ;
; Location                ;                ;              ; FL_DQ[0]         ; PIN_AH8       ; QSF Assignment ;
; Location                ;                ;              ; FL_DQ[1]         ; PIN_AF10      ; QSF Assignment ;
; Location                ;                ;              ; FL_DQ[2]         ; PIN_AG10      ; QSF Assignment ;
; Location                ;                ;              ; FL_DQ[3]         ; PIN_AH10      ; QSF Assignment ;
; Location                ;                ;              ; FL_DQ[4]         ; PIN_AF11      ; QSF Assignment ;
; Location                ;                ;              ; FL_DQ[5]         ; PIN_AG11      ; QSF Assignment ;
; Location                ;                ;              ; FL_DQ[6]         ; PIN_AH11      ; QSF Assignment ;
; Location                ;                ;              ; FL_DQ[7]         ; PIN_AF12      ; QSF Assignment ;
; Location                ;                ;              ; FL_OE_N          ; PIN_AG8       ; QSF Assignment ;
; Location                ;                ;              ; FL_RESET_N       ; PIN_AE11      ; QSF Assignment ;
; Location                ;                ;              ; FL_RY            ; PIN_Y1        ; QSF Assignment ;
; Location                ;                ;              ; FL_WE_N          ; PIN_AC10      ; QSF Assignment ;
; Location                ;                ;              ; FL_WP_N          ; PIN_AE12      ; QSF Assignment ;
; Location                ;                ;              ; GPIO[0]          ; PIN_AB22      ; QSF Assignment ;
; Location                ;                ;              ; GPIO[10]         ; PIN_AC19      ; QSF Assignment ;
; Location                ;                ;              ; GPIO[11]         ; PIN_AF16      ; QSF Assignment ;
; Location                ;                ;              ; GPIO[12]         ; PIN_AD19      ; QSF Assignment ;
; Location                ;                ;              ; GPIO[13]         ; PIN_AF15      ; QSF Assignment ;
; Location                ;                ;              ; GPIO[14]         ; PIN_AF24      ; QSF Assignment ;
; Location                ;                ;              ; GPIO[15]         ; PIN_AE21      ; QSF Assignment ;
; Location                ;                ;              ; GPIO[16]         ; PIN_AF25      ; QSF Assignment ;
; Location                ;                ;              ; GPIO[17]         ; PIN_AC22      ; QSF Assignment ;
; Location                ;                ;              ; GPIO[18]         ; PIN_AE22      ; QSF Assignment ;
; Location                ;                ;              ; GPIO[19]         ; PIN_AF21      ; QSF Assignment ;
; Location                ;                ;              ; GPIO[1]          ; PIN_AC15      ; QSF Assignment ;
; Location                ;                ;              ; GPIO[20]         ; PIN_AF22      ; QSF Assignment ;
; Location                ;                ;              ; GPIO[21]         ; PIN_AD22      ; QSF Assignment ;
; Location                ;                ;              ; GPIO[22]         ; PIN_AG25      ; QSF Assignment ;
; Location                ;                ;              ; GPIO[23]         ; PIN_AD25      ; QSF Assignment ;
; Location                ;                ;              ; GPIO[24]         ; PIN_AH25      ; QSF Assignment ;
; Location                ;                ;              ; GPIO[25]         ; PIN_AE25      ; QSF Assignment ;
; Location                ;                ;              ; GPIO[26]         ; PIN_AG22      ; QSF Assignment ;
; Location                ;                ;              ; GPIO[27]         ; PIN_AE24      ; QSF Assignment ;
; Location                ;                ;              ; GPIO[28]         ; PIN_AH22      ; QSF Assignment ;
; Location                ;                ;              ; GPIO[29]         ; PIN_AF26      ; QSF Assignment ;
; Location                ;                ;              ; GPIO[2]          ; PIN_AB21      ; QSF Assignment ;
; Location                ;                ;              ; GPIO[30]         ; PIN_AE20      ; QSF Assignment ;
; Location                ;                ;              ; GPIO[31]         ; PIN_AG23      ; QSF Assignment ;
; Location                ;                ;              ; GPIO[32]         ; PIN_AF20      ; QSF Assignment ;
; Location                ;                ;              ; GPIO[33]         ; PIN_AH26      ; QSF Assignment ;
; Location                ;                ;              ; GPIO[34]         ; PIN_AH23      ; QSF Assignment ;
; Location                ;                ;              ; GPIO[35]         ; PIN_AG26      ; QSF Assignment ;
; Location                ;                ;              ; GPIO[3]          ; PIN_Y17       ; QSF Assignment ;
; Location                ;                ;              ; GPIO[4]          ; PIN_AC21      ; QSF Assignment ;
; Location                ;                ;              ; GPIO[5]          ; PIN_Y16       ; QSF Assignment ;
; Location                ;                ;              ; GPIO[6]          ; PIN_AD21      ; QSF Assignment ;
; Location                ;                ;              ; GPIO[7]          ; PIN_AE16      ; QSF Assignment ;
; Location                ;                ;              ; GPIO[8]          ; PIN_AD15      ; QSF Assignment ;
; Location                ;                ;              ; GPIO[9]          ; PIN_AE15      ; QSF Assignment ;
; Location                ;                ;              ; HEX0[0]          ; PIN_G18       ; QSF Assignment ;
; Location                ;                ;              ; HEX0[1]          ; PIN_F22       ; QSF Assignment ;
; Location                ;                ;              ; HEX0[2]          ; PIN_E17       ; QSF Assignment ;
; Location                ;                ;              ; HEX0[3]          ; PIN_L26       ; QSF Assignment ;
; Location                ;                ;              ; HEX0[4]          ; PIN_L25       ; QSF Assignment ;
; Location                ;                ;              ; HEX0[5]          ; PIN_J22       ; QSF Assignment ;
; Location                ;                ;              ; HEX0[6]          ; PIN_H22       ; QSF Assignment ;
; Location                ;                ;              ; HEX1[0]          ; PIN_M24       ; QSF Assignment ;
; Location                ;                ;              ; HEX1[1]          ; PIN_Y22       ; QSF Assignment ;
; Location                ;                ;              ; HEX1[2]          ; PIN_W21       ; QSF Assignment ;
; Location                ;                ;              ; HEX1[3]          ; PIN_W22       ; QSF Assignment ;
; Location                ;                ;              ; HEX1[4]          ; PIN_W25       ; QSF Assignment ;
; Location                ;                ;              ; HEX1[5]          ; PIN_U23       ; QSF Assignment ;
; Location                ;                ;              ; HEX1[6]          ; PIN_U24       ; QSF Assignment ;
; Location                ;                ;              ; HEX2[0]          ; PIN_AA25      ; QSF Assignment ;
; Location                ;                ;              ; HEX2[1]          ; PIN_AA26      ; QSF Assignment ;
; Location                ;                ;              ; HEX2[2]          ; PIN_Y25       ; QSF Assignment ;
; Location                ;                ;              ; HEX2[3]          ; PIN_W26       ; QSF Assignment ;
; Location                ;                ;              ; HEX2[4]          ; PIN_Y26       ; QSF Assignment ;
; Location                ;                ;              ; HEX2[5]          ; PIN_W27       ; QSF Assignment ;
; Location                ;                ;              ; HEX2[6]          ; PIN_W28       ; QSF Assignment ;
; Location                ;                ;              ; HEX3[0]          ; PIN_V21       ; QSF Assignment ;
; Location                ;                ;              ; HEX3[1]          ; PIN_U21       ; QSF Assignment ;
; Location                ;                ;              ; HEX3[2]          ; PIN_AB20      ; QSF Assignment ;
; Location                ;                ;              ; HEX3[3]          ; PIN_AA21      ; QSF Assignment ;
; Location                ;                ;              ; HEX3[4]          ; PIN_AD24      ; QSF Assignment ;
; Location                ;                ;              ; HEX3[5]          ; PIN_AF23      ; QSF Assignment ;
; Location                ;                ;              ; HEX3[6]          ; PIN_Y19       ; QSF Assignment ;
; Location                ;                ;              ; HEX4[0]          ; PIN_AB19      ; QSF Assignment ;
; Location                ;                ;              ; HEX4[1]          ; PIN_AA19      ; QSF Assignment ;
; Location                ;                ;              ; HEX4[2]          ; PIN_AG21      ; QSF Assignment ;
; Location                ;                ;              ; HEX4[3]          ; PIN_AH21      ; QSF Assignment ;
; Location                ;                ;              ; HEX4[4]          ; PIN_AE19      ; QSF Assignment ;
; Location                ;                ;              ; HEX4[5]          ; PIN_AF19      ; QSF Assignment ;
; Location                ;                ;              ; HEX4[6]          ; PIN_AE18      ; QSF Assignment ;
; Location                ;                ;              ; HEX5[0]          ; PIN_AD18      ; QSF Assignment ;
; Location                ;                ;              ; HEX5[1]          ; PIN_AC18      ; QSF Assignment ;
; Location                ;                ;              ; HEX5[2]          ; PIN_AB18      ; QSF Assignment ;
; Location                ;                ;              ; HEX5[3]          ; PIN_AH19      ; QSF Assignment ;
; Location                ;                ;              ; HEX5[4]          ; PIN_AG19      ; QSF Assignment ;
; Location                ;                ;              ; HEX5[5]          ; PIN_AF18      ; QSF Assignment ;
; Location                ;                ;              ; HEX5[6]          ; PIN_AH18      ; QSF Assignment ;
; Location                ;                ;              ; HEX6[0]          ; PIN_AA17      ; QSF Assignment ;
; Location                ;                ;              ; HEX6[1]          ; PIN_AB16      ; QSF Assignment ;
; Location                ;                ;              ; HEX6[2]          ; PIN_AA16      ; QSF Assignment ;
; Location                ;                ;              ; HEX6[3]          ; PIN_AB17      ; QSF Assignment ;
; Location                ;                ;              ; HEX6[4]          ; PIN_AB15      ; QSF Assignment ;
; Location                ;                ;              ; HEX6[5]          ; PIN_AA15      ; QSF Assignment ;
; Location                ;                ;              ; HEX6[6]          ; PIN_AC17      ; QSF Assignment ;
; Location                ;                ;              ; HEX7[0]          ; PIN_AD17      ; QSF Assignment ;
; Location                ;                ;              ; HEX7[1]          ; PIN_AE17      ; QSF Assignment ;
; Location                ;                ;              ; HEX7[2]          ; PIN_AG17      ; QSF Assignment ;
; Location                ;                ;              ; HEX7[3]          ; PIN_AH17      ; QSF Assignment ;
; Location                ;                ;              ; HEX7[4]          ; PIN_AF17      ; QSF Assignment ;
; Location                ;                ;              ; HEX7[5]          ; PIN_AG18      ; QSF Assignment ;
; Location                ;                ;              ; HEX7[6]          ; PIN_AA14      ; QSF Assignment ;
; Location                ;                ;              ; HSMC_CLKIN0      ; PIN_AH15      ; QSF Assignment ;
; Location                ;                ;              ; HSMC_CLKIN_N1    ; PIN_J28       ; QSF Assignment ;
; Location                ;                ;              ; HSMC_CLKIN_N2    ; PIN_Y28       ; QSF Assignment ;
; Location                ;                ;              ; HSMC_CLKIN_P1    ; PIN_J27       ; QSF Assignment ;
; Location                ;                ;              ; HSMC_CLKIN_P2    ; PIN_Y27       ; QSF Assignment ;
; Location                ;                ;              ; HSMC_CLKOUT0     ; PIN_AD28      ; QSF Assignment ;
; Location                ;                ;              ; HSMC_CLKOUT_N1   ; PIN_G24       ; QSF Assignment ;
; Location                ;                ;              ; HSMC_CLKOUT_N2   ; PIN_V24       ; QSF Assignment ;
; Location                ;                ;              ; HSMC_CLKOUT_P1   ; PIN_G23       ; QSF Assignment ;
; Location                ;                ;              ; HSMC_CLKOUT_P2   ; PIN_V23       ; QSF Assignment ;
; Location                ;                ;              ; HSMC_D[0]        ; PIN_AE26      ; QSF Assignment ;
; Location                ;                ;              ; HSMC_D[1]        ; PIN_AE28      ; QSF Assignment ;
; Location                ;                ;              ; HSMC_D[2]        ; PIN_AE27      ; QSF Assignment ;
; Location                ;                ;              ; HSMC_D[3]        ; PIN_AF27      ; QSF Assignment ;
; Location                ;                ;              ; HSMC_RX_D_N[0]   ; PIN_F25       ; QSF Assignment ;
; Location                ;                ;              ; HSMC_RX_D_N[10]  ; PIN_U26       ; QSF Assignment ;
; Location                ;                ;              ; HSMC_RX_D_N[11]  ; PIN_L22       ; QSF Assignment ;
; Location                ;                ;              ; HSMC_RX_D_N[12]  ; PIN_N26       ; QSF Assignment ;
; Location                ;                ;              ; HSMC_RX_D_N[13]  ; PIN_P26       ; QSF Assignment ;
; Location                ;                ;              ; HSMC_RX_D_N[14]  ; PIN_R21       ; QSF Assignment ;
; Location                ;                ;              ; HSMC_RX_D_N[15]  ; PIN_R23       ; QSF Assignment ;
; Location                ;                ;              ; HSMC_RX_D_N[16]  ; PIN_T22       ; QSF Assignment ;
; Location                ;                ;              ; HSMC_RX_D_N[1]   ; PIN_C27       ; QSF Assignment ;
; Location                ;                ;              ; HSMC_RX_D_N[2]   ; PIN_E26       ; QSF Assignment ;
; Location                ;                ;              ; HSMC_RX_D_N[3]   ; PIN_G26       ; QSF Assignment ;
; Location                ;                ;              ; HSMC_RX_D_N[4]   ; PIN_H26       ; QSF Assignment ;
; Location                ;                ;              ; HSMC_RX_D_N[5]   ; PIN_K26       ; QSF Assignment ;
; Location                ;                ;              ; HSMC_RX_D_N[6]   ; PIN_L24       ; QSF Assignment ;
; Location                ;                ;              ; HSMC_RX_D_N[7]   ; PIN_M26       ; QSF Assignment ;
; Location                ;                ;              ; HSMC_RX_D_N[8]   ; PIN_R26       ; QSF Assignment ;
; Location                ;                ;              ; HSMC_RX_D_N[9]   ; PIN_T26       ; QSF Assignment ;
; Location                ;                ;              ; HSMC_RX_D_P[0]   ; PIN_F24       ; QSF Assignment ;
; Location                ;                ;              ; HSMC_RX_D_P[10]  ; PIN_U25       ; QSF Assignment ;
; Location                ;                ;              ; HSMC_RX_D_P[11]  ; PIN_L21       ; QSF Assignment ;
; Location                ;                ;              ; HSMC_RX_D_P[12]  ; PIN_N25       ; QSF Assignment ;
; Location                ;                ;              ; HSMC_RX_D_P[13]  ; PIN_P25       ; QSF Assignment ;
; Location                ;                ;              ; HSMC_RX_D_P[14]  ; PIN_P21       ; QSF Assignment ;
; Location                ;                ;              ; HSMC_RX_D_P[15]  ; PIN_R22       ; QSF Assignment ;
; Location                ;                ;              ; HSMC_RX_D_P[16]  ; PIN_T21       ; QSF Assignment ;
; Location                ;                ;              ; HSMC_RX_D_P[1]   ; PIN_D26       ; QSF Assignment ;
; Location                ;                ;              ; HSMC_RX_D_P[2]   ; PIN_F26       ; QSF Assignment ;
; Location                ;                ;              ; HSMC_RX_D_P[3]   ; PIN_G25       ; QSF Assignment ;
; Location                ;                ;              ; HSMC_RX_D_P[4]   ; PIN_H25       ; QSF Assignment ;
; Location                ;                ;              ; HSMC_RX_D_P[5]   ; PIN_K25       ; QSF Assignment ;
; Location                ;                ;              ; HSMC_RX_D_P[6]   ; PIN_L23       ; QSF Assignment ;
; Location                ;                ;              ; HSMC_RX_D_P[7]   ; PIN_M25       ; QSF Assignment ;
; Location                ;                ;              ; HSMC_RX_D_P[8]   ; PIN_R25       ; QSF Assignment ;
; Location                ;                ;              ; HSMC_RX_D_P[9]   ; PIN_T25       ; QSF Assignment ;
; Location                ;                ;              ; HSMC_TX_D_N[0]   ; PIN_D28       ; QSF Assignment ;
; Location                ;                ;              ; HSMC_TX_D_N[10]  ; PIN_J26       ; QSF Assignment ;
; Location                ;                ;              ; HSMC_TX_D_N[11]  ; PIN_L28       ; QSF Assignment ;
; Location                ;                ;              ; HSMC_TX_D_N[12]  ; PIN_V26       ; QSF Assignment ;
; Location                ;                ;              ; HSMC_TX_D_N[13]  ; PIN_R28       ; QSF Assignment ;
; Location                ;                ;              ; HSMC_TX_D_N[14]  ; PIN_U28       ; QSF Assignment ;
; Location                ;                ;              ; HSMC_TX_D_N[15]  ; PIN_V28       ; QSF Assignment ;
; Location                ;                ;              ; HSMC_TX_D_N[16]  ; PIN_V22       ; QSF Assignment ;
; Location                ;                ;              ; HSMC_TX_D_N[1]   ; PIN_E28       ; QSF Assignment ;
; Location                ;                ;              ; HSMC_TX_D_N[2]   ; PIN_F28       ; QSF Assignment ;
; Location                ;                ;              ; HSMC_TX_D_N[3]   ; PIN_G28       ; QSF Assignment ;
; Location                ;                ;              ; HSMC_TX_D_N[4]   ; PIN_K28       ; QSF Assignment ;
; Location                ;                ;              ; HSMC_TX_D_N[5]   ; PIN_M28       ; QSF Assignment ;
; Location                ;                ;              ; HSMC_TX_D_N[6]   ; PIN_K22       ; QSF Assignment ;
; Location                ;                ;              ; HSMC_TX_D_N[7]   ; PIN_H24       ; QSF Assignment ;
; Location                ;                ;              ; HSMC_TX_D_N[8]   ; PIN_J24       ; QSF Assignment ;
; Location                ;                ;              ; HSMC_TX_D_N[9]   ; PIN_P28       ; QSF Assignment ;
; Location                ;                ;              ; HSMC_TX_D_P[0]   ; PIN_D27       ; QSF Assignment ;
; Location                ;                ;              ; HSMC_TX_D_P[10]  ; PIN_J25       ; QSF Assignment ;
; Location                ;                ;              ; HSMC_TX_D_P[11]  ; PIN_L27       ; QSF Assignment ;
; Location                ;                ;              ; HSMC_TX_D_P[12]  ; PIN_V25       ; QSF Assignment ;
; Location                ;                ;              ; HSMC_TX_D_P[13]  ; PIN_R27       ; QSF Assignment ;
; Location                ;                ;              ; HSMC_TX_D_P[14]  ; PIN_U27       ; QSF Assignment ;
; Location                ;                ;              ; HSMC_TX_D_P[15]  ; PIN_V27       ; QSF Assignment ;
; Location                ;                ;              ; HSMC_TX_D_P[16]  ; PIN_U22       ; QSF Assignment ;
; Location                ;                ;              ; HSMC_TX_D_P[1]   ; PIN_E27       ; QSF Assignment ;
; Location                ;                ;              ; HSMC_TX_D_P[2]   ; PIN_F27       ; QSF Assignment ;
; Location                ;                ;              ; HSMC_TX_D_P[3]   ; PIN_G27       ; QSF Assignment ;
; Location                ;                ;              ; HSMC_TX_D_P[4]   ; PIN_K27       ; QSF Assignment ;
; Location                ;                ;              ; HSMC_TX_D_P[5]   ; PIN_M27       ; QSF Assignment ;
; Location                ;                ;              ; HSMC_TX_D_P[6]   ; PIN_K21       ; QSF Assignment ;
; Location                ;                ;              ; HSMC_TX_D_P[7]   ; PIN_H23       ; QSF Assignment ;
; Location                ;                ;              ; HSMC_TX_D_P[8]   ; PIN_J23       ; QSF Assignment ;
; Location                ;                ;              ; HSMC_TX_D_P[9]   ; PIN_P27       ; QSF Assignment ;
; Location                ;                ;              ; I2C_SCLK         ; PIN_B7        ; QSF Assignment ;
; Location                ;                ;              ; I2C_SDAT         ; PIN_A8        ; QSF Assignment ;
; Location                ;                ;              ; IRDA_RXD         ; PIN_Y15       ; QSF Assignment ;
; Location                ;                ;              ; KEY[0]           ; PIN_M23       ; QSF Assignment ;
; Location                ;                ;              ; KEY[1]           ; PIN_M21       ; QSF Assignment ;
; Location                ;                ;              ; KEY[2]           ; PIN_N21       ; QSF Assignment ;
; Location                ;                ;              ; KEY[3]           ; PIN_R24       ; QSF Assignment ;
; Location                ;                ;              ; LCD_BLON         ; PIN_L6        ; QSF Assignment ;
; Location                ;                ;              ; LCD_DATA[0]      ; PIN_L3        ; QSF Assignment ;
; Location                ;                ;              ; LCD_DATA[1]      ; PIN_L1        ; QSF Assignment ;
; Location                ;                ;              ; LCD_DATA[2]      ; PIN_L2        ; QSF Assignment ;
; Location                ;                ;              ; LCD_DATA[3]      ; PIN_K7        ; QSF Assignment ;
; Location                ;                ;              ; LCD_DATA[4]      ; PIN_K1        ; QSF Assignment ;
; Location                ;                ;              ; LCD_DATA[5]      ; PIN_K2        ; QSF Assignment ;
; Location                ;                ;              ; LCD_DATA[6]      ; PIN_M3        ; QSF Assignment ;
; Location                ;                ;              ; LCD_DATA[7]      ; PIN_M5        ; QSF Assignment ;
; Location                ;                ;              ; LCD_EN           ; PIN_L4        ; QSF Assignment ;
; Location                ;                ;              ; LCD_ON           ; PIN_L5        ; QSF Assignment ;
; Location                ;                ;              ; LCD_RS           ; PIN_M2        ; QSF Assignment ;
; Location                ;                ;              ; LCD_RW           ; PIN_M1        ; QSF Assignment ;
; Location                ;                ;              ; LEDG[0]          ; PIN_E21       ; QSF Assignment ;
; Location                ;                ;              ; LEDG[1]          ; PIN_E22       ; QSF Assignment ;
; Location                ;                ;              ; LEDG[2]          ; PIN_E25       ; QSF Assignment ;
; Location                ;                ;              ; LEDG[3]          ; PIN_E24       ; QSF Assignment ;
; Location                ;                ;              ; LEDG[4]          ; PIN_H21       ; QSF Assignment ;
; Location                ;                ;              ; LEDG[5]          ; PIN_G20       ; QSF Assignment ;
; Location                ;                ;              ; LEDG[6]          ; PIN_G22       ; QSF Assignment ;
; Location                ;                ;              ; LEDG[7]          ; PIN_G21       ; QSF Assignment ;
; Location                ;                ;              ; LEDG[8]          ; PIN_F17       ; QSF Assignment ;
; Location                ;                ;              ; LEDR[0]          ; PIN_G19       ; QSF Assignment ;
; Location                ;                ;              ; LEDR[10]         ; PIN_J15       ; QSF Assignment ;
; Location                ;                ;              ; LEDR[11]         ; PIN_H16       ; QSF Assignment ;
; Location                ;                ;              ; LEDR[12]         ; PIN_J16       ; QSF Assignment ;
; Location                ;                ;              ; LEDR[13]         ; PIN_H17       ; QSF Assignment ;
; Location                ;                ;              ; LEDR[14]         ; PIN_F15       ; QSF Assignment ;
; Location                ;                ;              ; LEDR[15]         ; PIN_G15       ; QSF Assignment ;
; Location                ;                ;              ; LEDR[16]         ; PIN_G16       ; QSF Assignment ;
; Location                ;                ;              ; LEDR[17]         ; PIN_H15       ; QSF Assignment ;
; Location                ;                ;              ; LEDR[1]          ; PIN_F19       ; QSF Assignment ;
; Location                ;                ;              ; LEDR[2]          ; PIN_E19       ; QSF Assignment ;
; Location                ;                ;              ; LEDR[3]          ; PIN_F21       ; QSF Assignment ;
; Location                ;                ;              ; LEDR[4]          ; PIN_F18       ; QSF Assignment ;
; Location                ;                ;              ; LEDR[5]          ; PIN_E18       ; QSF Assignment ;
; Location                ;                ;              ; LEDR[6]          ; PIN_J19       ; QSF Assignment ;
; Location                ;                ;              ; LEDR[7]          ; PIN_H19       ; QSF Assignment ;
; Location                ;                ;              ; LEDR[8]          ; PIN_J17       ; QSF Assignment ;
; Location                ;                ;              ; LEDR[9]          ; PIN_G17       ; QSF Assignment ;
; Location                ;                ;              ; OTG_ADDR[0]      ; PIN_H7        ; QSF Assignment ;
; Location                ;                ;              ; OTG_ADDR[1]      ; PIN_C3        ; QSF Assignment ;
; Location                ;                ;              ; OTG_CS_N         ; PIN_A3        ; QSF Assignment ;
; Location                ;                ;              ; OTG_DACK_N[0]    ; PIN_C4        ; QSF Assignment ;
; Location                ;                ;              ; OTG_DACK_N[1]    ; PIN_D4        ; QSF Assignment ;
; Location                ;                ;              ; OTG_DATA[0]      ; PIN_J6        ; QSF Assignment ;
; Location                ;                ;              ; OTG_DATA[10]     ; PIN_G1        ; QSF Assignment ;
; Location                ;                ;              ; OTG_DATA[11]     ; PIN_G2        ; QSF Assignment ;
; Location                ;                ;              ; OTG_DATA[12]     ; PIN_G3        ; QSF Assignment ;
; Location                ;                ;              ; OTG_DATA[13]     ; PIN_F1        ; QSF Assignment ;
; Location                ;                ;              ; OTG_DATA[14]     ; PIN_F3        ; QSF Assignment ;
; Location                ;                ;              ; OTG_DATA[15]     ; PIN_G4        ; QSF Assignment ;
; Location                ;                ;              ; OTG_DATA[1]      ; PIN_K4        ; QSF Assignment ;
; Location                ;                ;              ; OTG_DATA[2]      ; PIN_J5        ; QSF Assignment ;
; Location                ;                ;              ; OTG_DATA[3]      ; PIN_K3        ; QSF Assignment ;
; Location                ;                ;              ; OTG_DATA[4]      ; PIN_J4        ; QSF Assignment ;
; Location                ;                ;              ; OTG_DATA[5]      ; PIN_J3        ; QSF Assignment ;
; Location                ;                ;              ; OTG_DATA[6]      ; PIN_J7        ; QSF Assignment ;
; Location                ;                ;              ; OTG_DATA[7]      ; PIN_H6        ; QSF Assignment ;
; Location                ;                ;              ; OTG_DATA[8]      ; PIN_H3        ; QSF Assignment ;
; Location                ;                ;              ; OTG_DATA[9]      ; PIN_H4        ; QSF Assignment ;
; Location                ;                ;              ; OTG_DREQ[0]      ; PIN_J1        ; QSF Assignment ;
; Location                ;                ;              ; OTG_DREQ[1]      ; PIN_B4        ; QSF Assignment ;
; Location                ;                ;              ; OTG_FSPEED       ; PIN_C6        ; QSF Assignment ;
; Location                ;                ;              ; OTG_INT[0]       ; PIN_A6        ; QSF Assignment ;
; Location                ;                ;              ; OTG_INT[1]       ; PIN_D5        ; QSF Assignment ;
; Location                ;                ;              ; OTG_LSPEED       ; PIN_B6        ; QSF Assignment ;
; Location                ;                ;              ; OTG_OE_N         ; PIN_B3        ; QSF Assignment ;
; Location                ;                ;              ; OTG_RST_N        ; PIN_C5        ; QSF Assignment ;
; Location                ;                ;              ; OTG_WE_N         ; PIN_A4        ; QSF Assignment ;
; Location                ;                ;              ; PS2_KBCLK        ; PIN_G6        ; QSF Assignment ;
; Location                ;                ;              ; PS2_KBDAT        ; PIN_H5        ; QSF Assignment ;
; Location                ;                ;              ; PS2_MSCLK        ; PIN_G5        ; QSF Assignment ;
; Location                ;                ;              ; PS2_MSDAT        ; PIN_F5        ; QSF Assignment ;
; Location                ;                ;              ; SD_CLK           ; PIN_AE13      ; QSF Assignment ;
; Location                ;                ;              ; SD_CMD           ; PIN_AD14      ; QSF Assignment ;
; Location                ;                ;              ; SD_DAT[0]        ; PIN_AE14      ; QSF Assignment ;
; Location                ;                ;              ; SD_DAT[1]        ; PIN_AF13      ; QSF Assignment ;
; Location                ;                ;              ; SD_DAT[2]        ; PIN_AB14      ; QSF Assignment ;
; Location                ;                ;              ; SD_DAT[3]        ; PIN_AC14      ; QSF Assignment ;
; Location                ;                ;              ; SD_WP_N          ; PIN_AF14      ; QSF Assignment ;
; Location                ;                ;              ; SMA_CLKIN        ; PIN_AH14      ; QSF Assignment ;
; Location                ;                ;              ; SMA_CLKOUT       ; PIN_AE23      ; QSF Assignment ;
; Location                ;                ;              ; SRAM_ADDR[0]     ; PIN_AB7       ; QSF Assignment ;
; Location                ;                ;              ; SRAM_ADDR[10]    ; PIN_AF2       ; QSF Assignment ;
; Location                ;                ;              ; SRAM_ADDR[11]    ; PIN_AD3       ; QSF Assignment ;
; Location                ;                ;              ; SRAM_ADDR[12]    ; PIN_AB4       ; QSF Assignment ;
; Location                ;                ;              ; SRAM_ADDR[13]    ; PIN_AC3       ; QSF Assignment ;
; Location                ;                ;              ; SRAM_ADDR[14]    ; PIN_AA4       ; QSF Assignment ;
; Location                ;                ;              ; SRAM_ADDR[15]    ; PIN_AB11      ; QSF Assignment ;
; Location                ;                ;              ; SRAM_ADDR[16]    ; PIN_AC11      ; QSF Assignment ;
; Location                ;                ;              ; SRAM_ADDR[17]    ; PIN_AB9       ; QSF Assignment ;
; Location                ;                ;              ; SRAM_ADDR[18]    ; PIN_AB8       ; QSF Assignment ;
; Location                ;                ;              ; SRAM_ADDR[19]    ; PIN_T8        ; QSF Assignment ;
; Location                ;                ;              ; SRAM_ADDR[1]     ; PIN_AD7       ; QSF Assignment ;
; Location                ;                ;              ; SRAM_ADDR[2]     ; PIN_AE7       ; QSF Assignment ;
; Location                ;                ;              ; SRAM_ADDR[3]     ; PIN_AC7       ; QSF Assignment ;
; Location                ;                ;              ; SRAM_ADDR[4]     ; PIN_AB6       ; QSF Assignment ;
; Location                ;                ;              ; SRAM_ADDR[5]     ; PIN_AE6       ; QSF Assignment ;
; Location                ;                ;              ; SRAM_ADDR[6]     ; PIN_AB5       ; QSF Assignment ;
; Location                ;                ;              ; SRAM_ADDR[7]     ; PIN_AC5       ; QSF Assignment ;
; Location                ;                ;              ; SRAM_ADDR[8]     ; PIN_AF5       ; QSF Assignment ;
; Location                ;                ;              ; SRAM_ADDR[9]     ; PIN_T7        ; QSF Assignment ;
; Location                ;                ;              ; SRAM_CE_N        ; PIN_AF8       ; QSF Assignment ;
; Location                ;                ;              ; SRAM_DQ[0]       ; PIN_AH3       ; QSF Assignment ;
; Location                ;                ;              ; SRAM_DQ[10]      ; PIN_AE2       ; QSF Assignment ;
; Location                ;                ;              ; SRAM_DQ[11]      ; PIN_AE1       ; QSF Assignment ;
; Location                ;                ;              ; SRAM_DQ[12]      ; PIN_AE3       ; QSF Assignment ;
; Location                ;                ;              ; SRAM_DQ[13]      ; PIN_AE4       ; QSF Assignment ;
; Location                ;                ;              ; SRAM_DQ[14]      ; PIN_AF3       ; QSF Assignment ;
; Location                ;                ;              ; SRAM_DQ[15]      ; PIN_AG3       ; QSF Assignment ;
; Location                ;                ;              ; SRAM_DQ[1]       ; PIN_AF4       ; QSF Assignment ;
; Location                ;                ;              ; SRAM_DQ[2]       ; PIN_AG4       ; QSF Assignment ;
; Location                ;                ;              ; SRAM_DQ[3]       ; PIN_AH4       ; QSF Assignment ;
; Location                ;                ;              ; SRAM_DQ[4]       ; PIN_AF6       ; QSF Assignment ;
; Location                ;                ;              ; SRAM_DQ[5]       ; PIN_AG6       ; QSF Assignment ;
; Location                ;                ;              ; SRAM_DQ[6]       ; PIN_AH6       ; QSF Assignment ;
; Location                ;                ;              ; SRAM_DQ[7]       ; PIN_AF7       ; QSF Assignment ;
; Location                ;                ;              ; SRAM_DQ[8]       ; PIN_AD1       ; QSF Assignment ;
; Location                ;                ;              ; SRAM_DQ[9]       ; PIN_AD2       ; QSF Assignment ;
; Location                ;                ;              ; SRAM_LB_N        ; PIN_AD4       ; QSF Assignment ;
; Location                ;                ;              ; SRAM_OE_N        ; PIN_AD5       ; QSF Assignment ;
; Location                ;                ;              ; SRAM_UB_N        ; PIN_AC4       ; QSF Assignment ;
; Location                ;                ;              ; SRAM_WE_N        ; PIN_AE8       ; QSF Assignment ;
; Location                ;                ;              ; SW[0]            ; PIN_AB28      ; QSF Assignment ;
; Location                ;                ;              ; SW[10]           ; PIN_AC24      ; QSF Assignment ;
; Location                ;                ;              ; SW[11]           ; PIN_AB24      ; QSF Assignment ;
; Location                ;                ;              ; SW[12]           ; PIN_AB23      ; QSF Assignment ;
; Location                ;                ;              ; SW[13]           ; PIN_AA24      ; QSF Assignment ;
; Location                ;                ;              ; SW[14]           ; PIN_AA23      ; QSF Assignment ;
; Location                ;                ;              ; SW[15]           ; PIN_AA22      ; QSF Assignment ;
; Location                ;                ;              ; SW[16]           ; PIN_Y24       ; QSF Assignment ;
; Location                ;                ;              ; SW[17]           ; PIN_Y23       ; QSF Assignment ;
; Location                ;                ;              ; SW[1]            ; PIN_AC28      ; QSF Assignment ;
; Location                ;                ;              ; SW[2]            ; PIN_AC27      ; QSF Assignment ;
; Location                ;                ;              ; SW[3]            ; PIN_AD27      ; QSF Assignment ;
; Location                ;                ;              ; SW[4]            ; PIN_AB27      ; QSF Assignment ;
; Location                ;                ;              ; SW[5]            ; PIN_AC26      ; QSF Assignment ;
; Location                ;                ;              ; SW[6]            ; PIN_AD26      ; QSF Assignment ;
; Location                ;                ;              ; SW[7]            ; PIN_AB26      ; QSF Assignment ;
; Location                ;                ;              ; SW[8]            ; PIN_AC25      ; QSF Assignment ;
; Location                ;                ;              ; SW[9]            ; PIN_AB25      ; QSF Assignment ;
; Location                ;                ;              ; TD_CLK27         ; PIN_B14       ; QSF Assignment ;
; Location                ;                ;              ; TD_DATA[0]       ; PIN_E8        ; QSF Assignment ;
; Location                ;                ;              ; TD_DATA[1]       ; PIN_A7        ; QSF Assignment ;
; Location                ;                ;              ; TD_DATA[2]       ; PIN_D8        ; QSF Assignment ;
; Location                ;                ;              ; TD_DATA[3]       ; PIN_C7        ; QSF Assignment ;
; Location                ;                ;              ; TD_DATA[4]       ; PIN_D7        ; QSF Assignment ;
; Location                ;                ;              ; TD_DATA[5]       ; PIN_D6        ; QSF Assignment ;
; Location                ;                ;              ; TD_DATA[6]       ; PIN_E7        ; QSF Assignment ;
; Location                ;                ;              ; TD_DATA[7]       ; PIN_F7        ; QSF Assignment ;
; Location                ;                ;              ; TD_HS            ; PIN_E5        ; QSF Assignment ;
; Location                ;                ;              ; TD_RESET_N       ; PIN_G7        ; QSF Assignment ;
; Location                ;                ;              ; TD_VS            ; PIN_E4        ; QSF Assignment ;
; Location                ;                ;              ; UART_CTS         ; PIN_G14       ; QSF Assignment ;
; Location                ;                ;              ; UART_RTS         ; PIN_J13       ; QSF Assignment ;
; Location                ;                ;              ; UART_RXD         ; PIN_G12       ; QSF Assignment ;
; Location                ;                ;              ; UART_TXD         ; PIN_G9        ; QSF Assignment ;
; Location                ;                ;              ; VGA_BLANK_N      ; PIN_F11       ; QSF Assignment ;
; Location                ;                ;              ; VGA_B[0]         ; PIN_B10       ; QSF Assignment ;
; Location                ;                ;              ; VGA_B[1]         ; PIN_A10       ; QSF Assignment ;
; Location                ;                ;              ; VGA_B[2]         ; PIN_C11       ; QSF Assignment ;
; Location                ;                ;              ; VGA_B[3]         ; PIN_B11       ; QSF Assignment ;
; Location                ;                ;              ; VGA_B[4]         ; PIN_A11       ; QSF Assignment ;
; Location                ;                ;              ; VGA_B[5]         ; PIN_C12       ; QSF Assignment ;
; Location                ;                ;              ; VGA_B[6]         ; PIN_D11       ; QSF Assignment ;
; Location                ;                ;              ; VGA_B[7]         ; PIN_D12       ; QSF Assignment ;
; Location                ;                ;              ; VGA_CLK          ; PIN_A12       ; QSF Assignment ;
; Location                ;                ;              ; VGA_G[0]         ; PIN_G8        ; QSF Assignment ;
; Location                ;                ;              ; VGA_G[1]         ; PIN_G11       ; QSF Assignment ;
; Location                ;                ;              ; VGA_G[2]         ; PIN_F8        ; QSF Assignment ;
; Location                ;                ;              ; VGA_G[3]         ; PIN_H12       ; QSF Assignment ;
; Location                ;                ;              ; VGA_G[4]         ; PIN_C8        ; QSF Assignment ;
; Location                ;                ;              ; VGA_G[5]         ; PIN_B8        ; QSF Assignment ;
; Location                ;                ;              ; VGA_G[6]         ; PIN_F10       ; QSF Assignment ;
; Location                ;                ;              ; VGA_G[7]         ; PIN_C9        ; QSF Assignment ;
; Location                ;                ;              ; VGA_HS           ; PIN_G13       ; QSF Assignment ;
; Location                ;                ;              ; VGA_R[0]         ; PIN_E12       ; QSF Assignment ;
; Location                ;                ;              ; VGA_R[1]         ; PIN_E11       ; QSF Assignment ;
; Location                ;                ;              ; VGA_R[2]         ; PIN_D10       ; QSF Assignment ;
; Location                ;                ;              ; VGA_R[3]         ; PIN_F12       ; QSF Assignment ;
; Location                ;                ;              ; VGA_R[4]         ; PIN_G10       ; QSF Assignment ;
; Location                ;                ;              ; VGA_R[5]         ; PIN_J12       ; QSF Assignment ;
; Location                ;                ;              ; VGA_R[6]         ; PIN_H8        ; QSF Assignment ;
; Location                ;                ;              ; VGA_R[7]         ; PIN_H10       ; QSF Assignment ;
; Location                ;                ;              ; VGA_SYNC_N       ; PIN_C10       ; QSF Assignment ;
; Location                ;                ;              ; VGA_VS           ; PIN_C13       ; QSF Assignment ;
; Fast Output Register    ; register_file  ;              ; *                ; ON            ; QSF Assignment ;
; I/O Maximum Toggle Rate ; register_file  ;              ; HEX0             ; 0 MHz         ; QSF Assignment ;
; I/O Maximum Toggle Rate ; register_file  ;              ; HEX1             ; 0 MHz         ; QSF Assignment ;
; I/O Maximum Toggle Rate ; register_file  ;              ; HEX2             ; 0 MHz         ; QSF Assignment ;
; I/O Maximum Toggle Rate ; register_file  ;              ; HEX3[0]          ; 0 MHz         ; QSF Assignment ;
; I/O Maximum Toggle Rate ; register_file  ;              ; HEX3[1]          ; 0 MHz         ; QSF Assignment ;
; I/O Maximum Toggle Rate ; register_file  ;              ; KEY              ; 0 MHz         ; QSF Assignment ;
; I/O Maximum Toggle Rate ; register_file  ;              ; SW               ; 0 MHz         ; QSF Assignment ;
; I/O Standard            ; register_file  ;              ; AUD_ADCDAT       ; 3.3-V LVTTL   ; QSF Assignment ;
; I/O Standard            ; register_file  ;              ; AUD_ADCLRCK      ; 3.3-V LVTTL   ; QSF Assignment ;
; I/O Standard            ; register_file  ;              ; AUD_BCLK         ; 3.3-V LVTTL   ; QSF Assignment ;
; I/O Standard            ; register_file  ;              ; AUD_DACDAT       ; 3.3-V LVTTL   ; QSF Assignment ;
; I/O Standard            ; register_file  ;              ; AUD_DACLRCK      ; 3.3-V LVTTL   ; QSF Assignment ;
; I/O Standard            ; register_file  ;              ; AUD_XCK          ; 3.3-V LVTTL   ; QSF Assignment ;
; I/O Standard            ; register_file  ;              ; CLOCK2_50        ; 3.3-V LVTTL   ; QSF Assignment ;
; I/O Standard            ; register_file  ;              ; CLOCK3_50        ; 3.3-V LVTTL   ; QSF Assignment ;
; I/O Standard            ; register_file  ;              ; CLOCK_50         ; 3.3-V LVTTL   ; QSF Assignment ;
; I/O Standard            ; register_file  ;              ; DRAM_ADDR[0]     ; 3.3-V LVTTL   ; QSF Assignment ;
; I/O Standard            ; register_file  ;              ; DRAM_ADDR[10]    ; 3.3-V LVTTL   ; QSF Assignment ;
; I/O Standard            ; register_file  ;              ; DRAM_ADDR[11]    ; 3.3-V LVTTL   ; QSF Assignment ;
; I/O Standard            ; register_file  ;              ; DRAM_ADDR[12]    ; 3.3-V LVTTL   ; QSF Assignment ;
; I/O Standard            ; register_file  ;              ; DRAM_ADDR[1]     ; 3.3-V LVTTL   ; QSF Assignment ;
; I/O Standard            ; register_file  ;              ; DRAM_ADDR[2]     ; 3.3-V LVTTL   ; QSF Assignment ;
; I/O Standard            ; register_file  ;              ; DRAM_ADDR[3]     ; 3.3-V LVTTL   ; QSF Assignment ;
; I/O Standard            ; register_file  ;              ; DRAM_ADDR[4]     ; 3.3-V LVTTL   ; QSF Assignment ;
; I/O Standard            ; register_file  ;              ; DRAM_ADDR[5]     ; 3.3-V LVTTL   ; QSF Assignment ;
; I/O Standard            ; register_file  ;              ; DRAM_ADDR[6]     ; 3.3-V LVTTL   ; QSF Assignment ;
; I/O Standard            ; register_file  ;              ; DRAM_ADDR[7]     ; 3.3-V LVTTL   ; QSF Assignment ;
; I/O Standard            ; register_file  ;              ; DRAM_ADDR[8]     ; 3.3-V LVTTL   ; QSF Assignment ;
; I/O Standard            ; register_file  ;              ; DRAM_ADDR[9]     ; 3.3-V LVTTL   ; QSF Assignment ;
; I/O Standard            ; register_file  ;              ; DRAM_BA[0]       ; 3.3-V LVTTL   ; QSF Assignment ;
; I/O Standard            ; register_file  ;              ; DRAM_BA[1]       ; 3.3-V LVTTL   ; QSF Assignment ;
; I/O Standard            ; register_file  ;              ; DRAM_CAS_N       ; 3.3-V LVTTL   ; QSF Assignment ;
; I/O Standard            ; register_file  ;              ; DRAM_CKE         ; 3.3-V LVTTL   ; QSF Assignment ;
; I/O Standard            ; register_file  ;              ; DRAM_CLK         ; 3.3-V LVTTL   ; QSF Assignment ;
; I/O Standard            ; register_file  ;              ; DRAM_CS_N        ; 3.3-V LVTTL   ; QSF Assignment ;
; I/O Standard            ; register_file  ;              ; DRAM_DQM[0]      ; 3.3-V LVTTL   ; QSF Assignment ;
; I/O Standard            ; register_file  ;              ; DRAM_DQM[1]      ; 3.3-V LVTTL   ; QSF Assignment ;
; I/O Standard            ; register_file  ;              ; DRAM_DQM[2]      ; 3.3-V LVTTL   ; QSF Assignment ;
; I/O Standard            ; register_file  ;              ; DRAM_DQM[3]      ; 3.3-V LVTTL   ; QSF Assignment ;
; I/O Standard            ; register_file  ;              ; DRAM_DQ[0]       ; 3.3-V LVTTL   ; QSF Assignment ;
; I/O Standard            ; register_file  ;              ; DRAM_DQ[10]      ; 3.3-V LVTTL   ; QSF Assignment ;
; I/O Standard            ; register_file  ;              ; DRAM_DQ[11]      ; 3.3-V LVTTL   ; QSF Assignment ;
; I/O Standard            ; register_file  ;              ; DRAM_DQ[12]      ; 3.3-V LVTTL   ; QSF Assignment ;
; I/O Standard            ; register_file  ;              ; DRAM_DQ[13]      ; 3.3-V LVTTL   ; QSF Assignment ;
; I/O Standard            ; register_file  ;              ; DRAM_DQ[14]      ; 3.3-V LVTTL   ; QSF Assignment ;
; I/O Standard            ; register_file  ;              ; DRAM_DQ[15]      ; 3.3-V LVTTL   ; QSF Assignment ;
; I/O Standard            ; register_file  ;              ; DRAM_DQ[16]      ; 3.3-V LVTTL   ; QSF Assignment ;
; I/O Standard            ; register_file  ;              ; DRAM_DQ[17]      ; 3.3-V LVTTL   ; QSF Assignment ;
; I/O Standard            ; register_file  ;              ; DRAM_DQ[18]      ; 3.3-V LVTTL   ; QSF Assignment ;
; I/O Standard            ; register_file  ;              ; DRAM_DQ[19]      ; 3.3-V LVTTL   ; QSF Assignment ;
; I/O Standard            ; register_file  ;              ; DRAM_DQ[1]       ; 3.3-V LVTTL   ; QSF Assignment ;
; I/O Standard            ; register_file  ;              ; DRAM_DQ[20]      ; 3.3-V LVTTL   ; QSF Assignment ;
; I/O Standard            ; register_file  ;              ; DRAM_DQ[21]      ; 3.3-V LVTTL   ; QSF Assignment ;
; I/O Standard            ; register_file  ;              ; DRAM_DQ[22]      ; 3.3-V LVTTL   ; QSF Assignment ;
; I/O Standard            ; register_file  ;              ; DRAM_DQ[23]      ; 3.3-V LVTTL   ; QSF Assignment ;
; I/O Standard            ; register_file  ;              ; DRAM_DQ[24]      ; 3.3-V LVTTL   ; QSF Assignment ;
; I/O Standard            ; register_file  ;              ; DRAM_DQ[25]      ; 3.3-V LVTTL   ; QSF Assignment ;
; I/O Standard            ; register_file  ;              ; DRAM_DQ[26]      ; 3.3-V LVTTL   ; QSF Assignment ;
; I/O Standard            ; register_file  ;              ; DRAM_DQ[27]      ; 3.3-V LVTTL   ; QSF Assignment ;
; I/O Standard            ; register_file  ;              ; DRAM_DQ[28]      ; 3.3-V LVTTL   ; QSF Assignment ;
; I/O Standard            ; register_file  ;              ; DRAM_DQ[29]      ; 3.3-V LVTTL   ; QSF Assignment ;
; I/O Standard            ; register_file  ;              ; DRAM_DQ[2]       ; 3.3-V LVTTL   ; QSF Assignment ;
; I/O Standard            ; register_file  ;              ; DRAM_DQ[30]      ; 3.3-V LVTTL   ; QSF Assignment ;
; I/O Standard            ; register_file  ;              ; DRAM_DQ[31]      ; 3.3-V LVTTL   ; QSF Assignment ;
; I/O Standard            ; register_file  ;              ; DRAM_DQ[3]       ; 3.3-V LVTTL   ; QSF Assignment ;
; I/O Standard            ; register_file  ;              ; DRAM_DQ[4]       ; 3.3-V LVTTL   ; QSF Assignment ;
; I/O Standard            ; register_file  ;              ; DRAM_DQ[5]       ; 3.3-V LVTTL   ; QSF Assignment ;
; I/O Standard            ; register_file  ;              ; DRAM_DQ[6]       ; 3.3-V LVTTL   ; QSF Assignment ;
; I/O Standard            ; register_file  ;              ; DRAM_DQ[7]       ; 3.3-V LVTTL   ; QSF Assignment ;
; I/O Standard            ; register_file  ;              ; DRAM_DQ[8]       ; 3.3-V LVTTL   ; QSF Assignment ;
; I/O Standard            ; register_file  ;              ; DRAM_DQ[9]       ; 3.3-V LVTTL   ; QSF Assignment ;
; I/O Standard            ; register_file  ;              ; DRAM_RAS_N       ; 3.3-V LVTTL   ; QSF Assignment ;
; I/O Standard            ; register_file  ;              ; DRAM_WE_N        ; 3.3-V LVTTL   ; QSF Assignment ;
; I/O Standard            ; register_file  ;              ; EEP_I2C_SCLK     ; 3.3-V LVTTL   ; QSF Assignment ;
; I/O Standard            ; register_file  ;              ; EEP_I2C_SDAT     ; 3.3-V LVTTL   ; QSF Assignment ;
; I/O Standard            ; register_file  ;              ; ENET0_GTX_CLK    ; 2.5 V         ; QSF Assignment ;
; I/O Standard            ; register_file  ;              ; ENET0_INT_N      ; 2.5 V         ; QSF Assignment ;
; I/O Standard            ; register_file  ;              ; ENET0_LINK100    ; 3.3-V LVTTL   ; QSF Assignment ;
; I/O Standard            ; register_file  ;              ; ENET0_MDC        ; 2.5 V         ; QSF Assignment ;
; I/O Standard            ; register_file  ;              ; ENET0_MDIO       ; 2.5 V         ; QSF Assignment ;
; I/O Standard            ; register_file  ;              ; ENET0_RESET_N    ; 2.5 V         ; QSF Assignment ;
; I/O Standard            ; register_file  ;              ; ENET0_RX_CLK     ; 2.5 V         ; QSF Assignment ;
; I/O Standard            ; register_file  ;              ; ENET0_RX_COL     ; 2.5 V         ; QSF Assignment ;
; I/O Standard            ; register_file  ;              ; ENET0_RX_CRS     ; 2.5 V         ; QSF Assignment ;
; I/O Standard            ; register_file  ;              ; ENET0_RX_DATA[0] ; 2.5 V         ; QSF Assignment ;
; I/O Standard            ; register_file  ;              ; ENET0_RX_DATA[1] ; 2.5 V         ; QSF Assignment ;
; I/O Standard            ; register_file  ;              ; ENET0_RX_DATA[2] ; 2.5 V         ; QSF Assignment ;
; I/O Standard            ; register_file  ;              ; ENET0_RX_DATA[3] ; 2.5 V         ; QSF Assignment ;
; I/O Standard            ; register_file  ;              ; ENET0_RX_DV      ; 2.5 V         ; QSF Assignment ;
; I/O Standard            ; register_file  ;              ; ENET0_RX_ER      ; 2.5 V         ; QSF Assignment ;
; I/O Standard            ; register_file  ;              ; ENET0_TX_CLK     ; 2.5 V         ; QSF Assignment ;
; I/O Standard            ; register_file  ;              ; ENET0_TX_DATA[0] ; 2.5 V         ; QSF Assignment ;
; I/O Standard            ; register_file  ;              ; ENET0_TX_DATA[1] ; 2.5 V         ; QSF Assignment ;
; I/O Standard            ; register_file  ;              ; ENET0_TX_DATA[2] ; 2.5 V         ; QSF Assignment ;
; I/O Standard            ; register_file  ;              ; ENET0_TX_DATA[3] ; 2.5 V         ; QSF Assignment ;
; I/O Standard            ; register_file  ;              ; ENET0_TX_EN      ; 2.5 V         ; QSF Assignment ;
; I/O Standard            ; register_file  ;              ; ENET0_TX_ER      ; 2.5 V         ; QSF Assignment ;
; I/O Standard            ; register_file  ;              ; ENET1_GTX_CLK    ; 2.5 V         ; QSF Assignment ;
; I/O Standard            ; register_file  ;              ; ENET1_INT_N      ; 2.5 V         ; QSF Assignment ;
; I/O Standard            ; register_file  ;              ; ENET1_LINK100    ; 3.3-V LVTTL   ; QSF Assignment ;
; I/O Standard            ; register_file  ;              ; ENET1_MDC        ; 2.5 V         ; QSF Assignment ;
; I/O Standard            ; register_file  ;              ; ENET1_MDIO       ; 2.5 V         ; QSF Assignment ;
; I/O Standard            ; register_file  ;              ; ENET1_RESET_N    ; 2.5 V         ; QSF Assignment ;
; I/O Standard            ; register_file  ;              ; ENET1_RX_CLK     ; 2.5 V         ; QSF Assignment ;
; I/O Standard            ; register_file  ;              ; ENET1_RX_COL     ; 2.5 V         ; QSF Assignment ;
; I/O Standard            ; register_file  ;              ; ENET1_RX_CRS     ; 2.5 V         ; QSF Assignment ;
; I/O Standard            ; register_file  ;              ; ENET1_RX_DATA[0] ; 2.5 V         ; QSF Assignment ;
; I/O Standard            ; register_file  ;              ; ENET1_RX_DATA[1] ; 2.5 V         ; QSF Assignment ;
; I/O Standard            ; register_file  ;              ; ENET1_RX_DATA[2] ; 2.5 V         ; QSF Assignment ;
; I/O Standard            ; register_file  ;              ; ENET1_RX_DATA[3] ; 2.5 V         ; QSF Assignment ;
; I/O Standard            ; register_file  ;              ; ENET1_RX_DV      ; 2.5 V         ; QSF Assignment ;
; I/O Standard            ; register_file  ;              ; ENET1_RX_ER      ; 2.5 V         ; QSF Assignment ;
; I/O Standard            ; register_file  ;              ; ENET1_TX_CLK     ; 2.5 V         ; QSF Assignment ;
; I/O Standard            ; register_file  ;              ; ENET1_TX_DATA[0] ; 2.5 V         ; QSF Assignment ;
; I/O Standard            ; register_file  ;              ; ENET1_TX_DATA[1] ; 2.5 V         ; QSF Assignment ;
; I/O Standard            ; register_file  ;              ; ENET1_TX_DATA[2] ; 2.5 V         ; QSF Assignment ;
; I/O Standard            ; register_file  ;              ; ENET1_TX_DATA[3] ; 2.5 V         ; QSF Assignment ;
; I/O Standard            ; register_file  ;              ; ENET1_TX_EN      ; 2.5 V         ; QSF Assignment ;
; I/O Standard            ; register_file  ;              ; ENET1_TX_ER      ; 2.5 V         ; QSF Assignment ;
; I/O Standard            ; register_file  ;              ; ENETCLK_25       ; 3.3-V LVTTL   ; QSF Assignment ;
; I/O Standard            ; register_file  ;              ; EXT_IO[0]        ; 3.3-V LVTTL   ; QSF Assignment ;
; I/O Standard            ; register_file  ;              ; EXT_IO[1]        ; 3.3-V LVTTL   ; QSF Assignment ;
; I/O Standard            ; register_file  ;              ; EXT_IO[2]        ; 3.3-V LVTTL   ; QSF Assignment ;
; I/O Standard            ; register_file  ;              ; EXT_IO[3]        ; 3.3-V LVTTL   ; QSF Assignment ;
; I/O Standard            ; register_file  ;              ; EXT_IO[4]        ; 3.3-V LVTTL   ; QSF Assignment ;
; I/O Standard            ; register_file  ;              ; EXT_IO[5]        ; 3.3-V LVTTL   ; QSF Assignment ;
; I/O Standard            ; register_file  ;              ; EXT_IO[6]        ; 3.3-V LVTTL   ; QSF Assignment ;
; I/O Standard            ; register_file  ;              ; FL_ADDR[0]       ; 3.3-V LVTTL   ; QSF Assignment ;
; I/O Standard            ; register_file  ;              ; FL_ADDR[10]      ; 3.3-V LVTTL   ; QSF Assignment ;
; I/O Standard            ; register_file  ;              ; FL_ADDR[11]      ; 3.3-V LVTTL   ; QSF Assignment ;
; I/O Standard            ; register_file  ;              ; FL_ADDR[12]      ; 3.3-V LVTTL   ; QSF Assignment ;
; I/O Standard            ; register_file  ;              ; FL_ADDR[13]      ; 3.3-V LVTTL   ; QSF Assignment ;
; I/O Standard            ; register_file  ;              ; FL_ADDR[14]      ; 3.3-V LVTTL   ; QSF Assignment ;
; I/O Standard            ; register_file  ;              ; FL_ADDR[15]      ; 3.3-V LVTTL   ; QSF Assignment ;
; I/O Standard            ; register_file  ;              ; FL_ADDR[16]      ; 3.3-V LVTTL   ; QSF Assignment ;
; I/O Standard            ; register_file  ;              ; FL_ADDR[17]      ; 3.3-V LVTTL   ; QSF Assignment ;
; I/O Standard            ; register_file  ;              ; FL_ADDR[18]      ; 3.3-V LVTTL   ; QSF Assignment ;
; I/O Standard            ; register_file  ;              ; FL_ADDR[19]      ; 3.3-V LVTTL   ; QSF Assignment ;
; I/O Standard            ; register_file  ;              ; FL_ADDR[1]       ; 3.3-V LVTTL   ; QSF Assignment ;
; I/O Standard            ; register_file  ;              ; FL_ADDR[20]      ; 3.3-V LVTTL   ; QSF Assignment ;
; I/O Standard            ; register_file  ;              ; FL_ADDR[21]      ; 3.3-V LVTTL   ; QSF Assignment ;
; I/O Standard            ; register_file  ;              ; FL_ADDR[22]      ; 3.3-V LVTTL   ; QSF Assignment ;
; I/O Standard            ; register_file  ;              ; FL_ADDR[2]       ; 3.3-V LVTTL   ; QSF Assignment ;
; I/O Standard            ; register_file  ;              ; FL_ADDR[3]       ; 3.3-V LVTTL   ; QSF Assignment ;
; I/O Standard            ; register_file  ;              ; FL_ADDR[4]       ; 3.3-V LVTTL   ; QSF Assignment ;
; I/O Standard            ; register_file  ;              ; FL_ADDR[5]       ; 3.3-V LVTTL   ; QSF Assignment ;
; I/O Standard            ; register_file  ;              ; FL_ADDR[6]       ; 3.3-V LVTTL   ; QSF Assignment ;
; I/O Standard            ; register_file  ;              ; FL_ADDR[7]       ; 3.3-V LVTTL   ; QSF Assignment ;
; I/O Standard            ; register_file  ;              ; FL_ADDR[8]       ; 3.3-V LVTTL   ; QSF Assignment ;
; I/O Standard            ; register_file  ;              ; FL_ADDR[9]       ; 3.3-V LVTTL   ; QSF Assignment ;
; I/O Standard            ; register_file  ;              ; FL_CE_N          ; 3.3-V LVTTL   ; QSF Assignment ;
; I/O Standard            ; register_file  ;              ; FL_DQ[0]         ; 3.3-V LVTTL   ; QSF Assignment ;
; I/O Standard            ; register_file  ;              ; FL_DQ[1]         ; 3.3-V LVTTL   ; QSF Assignment ;
; I/O Standard            ; register_file  ;              ; FL_DQ[2]         ; 3.3-V LVTTL   ; QSF Assignment ;
; I/O Standard            ; register_file  ;              ; FL_DQ[3]         ; 3.3-V LVTTL   ; QSF Assignment ;
; I/O Standard            ; register_file  ;              ; FL_DQ[4]         ; 3.3-V LVTTL   ; QSF Assignment ;
; I/O Standard            ; register_file  ;              ; FL_DQ[5]         ; 3.3-V LVTTL   ; QSF Assignment ;
; I/O Standard            ; register_file  ;              ; FL_DQ[6]         ; 3.3-V LVTTL   ; QSF Assignment ;
; I/O Standard            ; register_file  ;              ; FL_DQ[7]         ; 3.3-V LVTTL   ; QSF Assignment ;
; I/O Standard            ; register_file  ;              ; FL_OE_N          ; 3.3-V LVTTL   ; QSF Assignment ;
; I/O Standard            ; register_file  ;              ; FL_RESET_N       ; 3.3-V LVTTL   ; QSF Assignment ;
; I/O Standard            ; register_file  ;              ; FL_RY            ; 3.3-V LVTTL   ; QSF Assignment ;
; I/O Standard            ; register_file  ;              ; FL_WE_N          ; 3.3-V LVTTL   ; QSF Assignment ;
; I/O Standard            ; register_file  ;              ; FL_WP_N          ; 3.3-V LVTTL   ; QSF Assignment ;
; I/O Standard            ; register_file  ;              ; GPIO[0]          ; 3.3-V LVTTL   ; QSF Assignment ;
; I/O Standard            ; register_file  ;              ; GPIO[10]         ; 3.3-V LVTTL   ; QSF Assignment ;
; I/O Standard            ; register_file  ;              ; GPIO[11]         ; 3.3-V LVTTL   ; QSF Assignment ;
; I/O Standard            ; register_file  ;              ; GPIO[12]         ; 3.3-V LVTTL   ; QSF Assignment ;
; I/O Standard            ; register_file  ;              ; GPIO[13]         ; 3.3-V LVTTL   ; QSF Assignment ;
; I/O Standard            ; register_file  ;              ; GPIO[14]         ; 3.3-V LVTTL   ; QSF Assignment ;
; I/O Standard            ; register_file  ;              ; GPIO[15]         ; 3.3-V LVTTL   ; QSF Assignment ;
; I/O Standard            ; register_file  ;              ; GPIO[16]         ; 3.3-V LVTTL   ; QSF Assignment ;
; I/O Standard            ; register_file  ;              ; GPIO[17]         ; 3.3-V LVTTL   ; QSF Assignment ;
; I/O Standard            ; register_file  ;              ; GPIO[18]         ; 3.3-V LVTTL   ; QSF Assignment ;
; I/O Standard            ; register_file  ;              ; GPIO[19]         ; 3.3-V LVTTL   ; QSF Assignment ;
; I/O Standard            ; register_file  ;              ; GPIO[1]          ; 3.3-V LVTTL   ; QSF Assignment ;
; I/O Standard            ; register_file  ;              ; GPIO[20]         ; 3.3-V LVTTL   ; QSF Assignment ;
; I/O Standard            ; register_file  ;              ; GPIO[21]         ; 3.3-V LVTTL   ; QSF Assignment ;
; I/O Standard            ; register_file  ;              ; GPIO[22]         ; 3.3-V LVTTL   ; QSF Assignment ;
; I/O Standard            ; register_file  ;              ; GPIO[23]         ; 3.3-V LVTTL   ; QSF Assignment ;
; I/O Standard            ; register_file  ;              ; GPIO[24]         ; 3.3-V LVTTL   ; QSF Assignment ;
; I/O Standard            ; register_file  ;              ; GPIO[25]         ; 3.3-V LVTTL   ; QSF Assignment ;
; I/O Standard            ; register_file  ;              ; GPIO[26]         ; 3.3-V LVTTL   ; QSF Assignment ;
; I/O Standard            ; register_file  ;              ; GPIO[27]         ; 3.3-V LVTTL   ; QSF Assignment ;
; I/O Standard            ; register_file  ;              ; GPIO[28]         ; 3.3-V LVTTL   ; QSF Assignment ;
; I/O Standard            ; register_file  ;              ; GPIO[29]         ; 3.3-V LVTTL   ; QSF Assignment ;
; I/O Standard            ; register_file  ;              ; GPIO[2]          ; 3.3-V LVTTL   ; QSF Assignment ;
; I/O Standard            ; register_file  ;              ; GPIO[30]         ; 3.3-V LVTTL   ; QSF Assignment ;
; I/O Standard            ; register_file  ;              ; GPIO[31]         ; 3.3-V LVTTL   ; QSF Assignment ;
; I/O Standard            ; register_file  ;              ; GPIO[32]         ; 3.3-V LVTTL   ; QSF Assignment ;
; I/O Standard            ; register_file  ;              ; GPIO[33]         ; 3.3-V LVTTL   ; QSF Assignment ;
; I/O Standard            ; register_file  ;              ; GPIO[34]         ; 3.3-V LVTTL   ; QSF Assignment ;
; I/O Standard            ; register_file  ;              ; GPIO[35]         ; 3.3-V LVTTL   ; QSF Assignment ;
; I/O Standard            ; register_file  ;              ; GPIO[3]          ; 3.3-V LVTTL   ; QSF Assignment ;
; I/O Standard            ; register_file  ;              ; GPIO[4]          ; 3.3-V LVTTL   ; QSF Assignment ;
; I/O Standard            ; register_file  ;              ; GPIO[5]          ; 3.3-V LVTTL   ; QSF Assignment ;
; I/O Standard            ; register_file  ;              ; GPIO[6]          ; 3.3-V LVTTL   ; QSF Assignment ;
; I/O Standard            ; register_file  ;              ; GPIO[7]          ; 3.3-V LVTTL   ; QSF Assignment ;
; I/O Standard            ; register_file  ;              ; GPIO[8]          ; 3.3-V LVTTL   ; QSF Assignment ;
; I/O Standard            ; register_file  ;              ; GPIO[9]          ; 3.3-V LVTTL   ; QSF Assignment ;
; I/O Standard            ; register_file  ;              ; HEX0[0]          ; 2.5 V         ; QSF Assignment ;
; I/O Standard            ; register_file  ;              ; HEX0[1]          ; 2.5 V         ; QSF Assignment ;
; I/O Standard            ; register_file  ;              ; HEX0[2]          ; 2.5 V         ; QSF Assignment ;
; I/O Standard            ; register_file  ;              ; HEX0[3]          ; 2.5 V         ; QSF Assignment ;
; I/O Standard            ; register_file  ;              ; HEX0[4]          ; 2.5 V         ; QSF Assignment ;
; I/O Standard            ; register_file  ;              ; HEX0[5]          ; 2.5 V         ; QSF Assignment ;
; I/O Standard            ; register_file  ;              ; HEX0[6]          ; 2.5 V         ; QSF Assignment ;
; I/O Standard            ; register_file  ;              ; HEX1[0]          ; 2.5 V         ; QSF Assignment ;
; I/O Standard            ; register_file  ;              ; HEX1[1]          ; 2.5 V         ; QSF Assignment ;
; I/O Standard            ; register_file  ;              ; HEX1[2]          ; 2.5 V         ; QSF Assignment ;
; I/O Standard            ; register_file  ;              ; HEX1[3]          ; 2.5 V         ; QSF Assignment ;
; I/O Standard            ; register_file  ;              ; HEX1[4]          ; 2.5 V         ; QSF Assignment ;
; I/O Standard            ; register_file  ;              ; HEX1[5]          ; 2.5 V         ; QSF Assignment ;
; I/O Standard            ; register_file  ;              ; HEX1[6]          ; 2.5 V         ; QSF Assignment ;
; I/O Standard            ; register_file  ;              ; HEX2[0]          ; 2.5 V         ; QSF Assignment ;
; I/O Standard            ; register_file  ;              ; HEX2[1]          ; 2.5 V         ; QSF Assignment ;
; I/O Standard            ; register_file  ;              ; HEX2[2]          ; 2.5 V         ; QSF Assignment ;
; I/O Standard            ; register_file  ;              ; HEX2[3]          ; 2.5 V         ; QSF Assignment ;
; I/O Standard            ; register_file  ;              ; HEX2[4]          ; 2.5 V         ; QSF Assignment ;
; I/O Standard            ; register_file  ;              ; HEX2[5]          ; 2.5 V         ; QSF Assignment ;
; I/O Standard            ; register_file  ;              ; HEX2[6]          ; 2.5 V         ; QSF Assignment ;
; I/O Standard            ; register_file  ;              ; HEX3[0]          ; 2.5 V         ; QSF Assignment ;
; I/O Standard            ; register_file  ;              ; HEX3[1]          ; 2.5 V         ; QSF Assignment ;
; I/O Standard            ; register_file  ;              ; HEX3[2]          ; 3.3-V LVTTL   ; QSF Assignment ;
; I/O Standard            ; register_file  ;              ; HEX3[3]          ; 3.3-V LVTTL   ; QSF Assignment ;
; I/O Standard            ; register_file  ;              ; HEX3[4]          ; 3.3-V LVTTL   ; QSF Assignment ;
; I/O Standard            ; register_file  ;              ; HEX3[5]          ; 3.3-V LVTTL   ; QSF Assignment ;
; I/O Standard            ; register_file  ;              ; HEX3[6]          ; 3.3-V LVTTL   ; QSF Assignment ;
; I/O Standard            ; register_file  ;              ; HEX4[0]          ; 3.3-V LVTTL   ; QSF Assignment ;
; I/O Standard            ; register_file  ;              ; HEX4[1]          ; 3.3-V LVTTL   ; QSF Assignment ;
; I/O Standard            ; register_file  ;              ; HEX4[2]          ; 3.3-V LVTTL   ; QSF Assignment ;
; I/O Standard            ; register_file  ;              ; HEX4[3]          ; 3.3-V LVTTL   ; QSF Assignment ;
; I/O Standard            ; register_file  ;              ; HEX4[4]          ; 3.3-V LVTTL   ; QSF Assignment ;
; I/O Standard            ; register_file  ;              ; HEX4[5]          ; 3.3-V LVTTL   ; QSF Assignment ;
; I/O Standard            ; register_file  ;              ; HEX4[6]          ; 3.3-V LVTTL   ; QSF Assignment ;
; I/O Standard            ; register_file  ;              ; HEX5[0]          ; 3.3-V LVTTL   ; QSF Assignment ;
; I/O Standard            ; register_file  ;              ; HEX5[1]          ; 3.3-V LVTTL   ; QSF Assignment ;
; I/O Standard            ; register_file  ;              ; HEX5[2]          ; 3.3-V LVTTL   ; QSF Assignment ;
; I/O Standard            ; register_file  ;              ; HEX5[3]          ; 3.3-V LVTTL   ; QSF Assignment ;
; I/O Standard            ; register_file  ;              ; HEX5[4]          ; 3.3-V LVTTL   ; QSF Assignment ;
; I/O Standard            ; register_file  ;              ; HEX5[5]          ; 3.3-V LVTTL   ; QSF Assignment ;
; I/O Standard            ; register_file  ;              ; HEX5[6]          ; 3.3-V LVTTL   ; QSF Assignment ;
; I/O Standard            ; register_file  ;              ; HEX6[0]          ; 3.3-V LVTTL   ; QSF Assignment ;
; I/O Standard            ; register_file  ;              ; HEX6[1]          ; 3.3-V LVTTL   ; QSF Assignment ;
; I/O Standard            ; register_file  ;              ; HEX6[2]          ; 3.3-V LVTTL   ; QSF Assignment ;
; I/O Standard            ; register_file  ;              ; HEX6[3]          ; 3.3-V LVTTL   ; QSF Assignment ;
; I/O Standard            ; register_file  ;              ; HEX6[4]          ; 3.3-V LVTTL   ; QSF Assignment ;
; I/O Standard            ; register_file  ;              ; HEX6[5]          ; 3.3-V LVTTL   ; QSF Assignment ;
; I/O Standard            ; register_file  ;              ; HEX6[6]          ; 3.3-V LVTTL   ; QSF Assignment ;
; I/O Standard            ; register_file  ;              ; HEX7[0]          ; 3.3-V LVTTL   ; QSF Assignment ;
; I/O Standard            ; register_file  ;              ; HEX7[1]          ; 3.3-V LVTTL   ; QSF Assignment ;
; I/O Standard            ; register_file  ;              ; HEX7[2]          ; 3.3-V LVTTL   ; QSF Assignment ;
; I/O Standard            ; register_file  ;              ; HEX7[3]          ; 3.3-V LVTTL   ; QSF Assignment ;
; I/O Standard            ; register_file  ;              ; HEX7[4]          ; 3.3-V LVTTL   ; QSF Assignment ;
; I/O Standard            ; register_file  ;              ; HEX7[5]          ; 3.3-V LVTTL   ; QSF Assignment ;
; I/O Standard            ; register_file  ;              ; HEX7[6]          ; 3.3-V LVTTL   ; QSF Assignment ;
; I/O Standard            ; register_file  ;              ; HSMC_CLKIN0      ; 3.0-V LVTTL   ; QSF Assignment ;
; I/O Standard            ; register_file  ;              ; HSMC_CLKIN_N1    ; LVDS          ; QSF Assignment ;
; I/O Standard            ; register_file  ;              ; HSMC_CLKIN_N2    ; LVDS          ; QSF Assignment ;
; I/O Standard            ; register_file  ;              ; HSMC_CLKIN_P1    ; LVDS          ; QSF Assignment ;
; I/O Standard            ; register_file  ;              ; HSMC_CLKIN_P2    ; LVDS          ; QSF Assignment ;
; I/O Standard            ; register_file  ;              ; HSMC_CLKOUT0     ; 2.5 V         ; QSF Assignment ;
; I/O Standard            ; register_file  ;              ; HSMC_CLKOUT_N1   ; LVDS          ; QSF Assignment ;
; I/O Standard            ; register_file  ;              ; HSMC_CLKOUT_N2   ; LVDS          ; QSF Assignment ;
; I/O Standard            ; register_file  ;              ; HSMC_CLKOUT_P1   ; LVDS          ; QSF Assignment ;
; I/O Standard            ; register_file  ;              ; HSMC_CLKOUT_P2   ; LVDS          ; QSF Assignment ;
; I/O Standard            ; register_file  ;              ; HSMC_D[0]        ; 2.5 V         ; QSF Assignment ;
; I/O Standard            ; register_file  ;              ; HSMC_D[1]        ; 2.5 V         ; QSF Assignment ;
; I/O Standard            ; register_file  ;              ; HSMC_D[2]        ; 2.5 V         ; QSF Assignment ;
; I/O Standard            ; register_file  ;              ; HSMC_D[3]        ; 2.5 V         ; QSF Assignment ;
; I/O Standard            ; register_file  ;              ; HSMC_RX_D_N[0]   ; LVDS          ; QSF Assignment ;
; I/O Standard            ; register_file  ;              ; HSMC_RX_D_N[10]  ; LVDS          ; QSF Assignment ;
; I/O Standard            ; register_file  ;              ; HSMC_RX_D_N[11]  ; LVDS          ; QSF Assignment ;
; I/O Standard            ; register_file  ;              ; HSMC_RX_D_N[12]  ; LVDS          ; QSF Assignment ;
; I/O Standard            ; register_file  ;              ; HSMC_RX_D_N[13]  ; LVDS          ; QSF Assignment ;
; I/O Standard            ; register_file  ;              ; HSMC_RX_D_N[14]  ; LVDS          ; QSF Assignment ;
; I/O Standard            ; register_file  ;              ; HSMC_RX_D_N[15]  ; LVDS          ; QSF Assignment ;
; I/O Standard            ; register_file  ;              ; HSMC_RX_D_N[16]  ; LVDS          ; QSF Assignment ;
; I/O Standard            ; register_file  ;              ; HSMC_RX_D_N[1]   ; LVDS          ; QSF Assignment ;
; I/O Standard            ; register_file  ;              ; HSMC_RX_D_N[2]   ; LVDS          ; QSF Assignment ;
; I/O Standard            ; register_file  ;              ; HSMC_RX_D_N[3]   ; LVDS          ; QSF Assignment ;
; I/O Standard            ; register_file  ;              ; HSMC_RX_D_N[4]   ; LVDS          ; QSF Assignment ;
; I/O Standard            ; register_file  ;              ; HSMC_RX_D_N[5]   ; LVDS          ; QSF Assignment ;
; I/O Standard            ; register_file  ;              ; HSMC_RX_D_N[6]   ; LVDS          ; QSF Assignment ;
; I/O Standard            ; register_file  ;              ; HSMC_RX_D_N[7]   ; LVDS          ; QSF Assignment ;
; I/O Standard            ; register_file  ;              ; HSMC_RX_D_N[8]   ; LVDS          ; QSF Assignment ;
; I/O Standard            ; register_file  ;              ; HSMC_RX_D_N[9]   ; LVDS          ; QSF Assignment ;
; I/O Standard            ; register_file  ;              ; HSMC_RX_D_P[0]   ; LVDS          ; QSF Assignment ;
; I/O Standard            ; register_file  ;              ; HSMC_RX_D_P[10]  ; LVDS          ; QSF Assignment ;
; I/O Standard            ; register_file  ;              ; HSMC_RX_D_P[11]  ; LVDS          ; QSF Assignment ;
; I/O Standard            ; register_file  ;              ; HSMC_RX_D_P[12]  ; LVDS          ; QSF Assignment ;
; I/O Standard            ; register_file  ;              ; HSMC_RX_D_P[13]  ; LVDS          ; QSF Assignment ;
; I/O Standard            ; register_file  ;              ; HSMC_RX_D_P[14]  ; LVDS          ; QSF Assignment ;
; I/O Standard            ; register_file  ;              ; HSMC_RX_D_P[15]  ; LVDS          ; QSF Assignment ;
; I/O Standard            ; register_file  ;              ; HSMC_RX_D_P[16]  ; LVDS          ; QSF Assignment ;
; I/O Standard            ; register_file  ;              ; HSMC_RX_D_P[1]   ; LVDS          ; QSF Assignment ;
; I/O Standard            ; register_file  ;              ; HSMC_RX_D_P[2]   ; LVDS          ; QSF Assignment ;
; I/O Standard            ; register_file  ;              ; HSMC_RX_D_P[3]   ; LVDS          ; QSF Assignment ;
; I/O Standard            ; register_file  ;              ; HSMC_RX_D_P[4]   ; LVDS          ; QSF Assignment ;
; I/O Standard            ; register_file  ;              ; HSMC_RX_D_P[5]   ; LVDS          ; QSF Assignment ;
; I/O Standard            ; register_file  ;              ; HSMC_RX_D_P[6]   ; LVDS          ; QSF Assignment ;
; I/O Standard            ; register_file  ;              ; HSMC_RX_D_P[7]   ; LVDS          ; QSF Assignment ;
; I/O Standard            ; register_file  ;              ; HSMC_RX_D_P[8]   ; LVDS          ; QSF Assignment ;
; I/O Standard            ; register_file  ;              ; HSMC_RX_D_P[9]   ; LVDS          ; QSF Assignment ;
; I/O Standard            ; register_file  ;              ; HSMC_TX_D_N[0]   ; LVDS          ; QSF Assignment ;
; I/O Standard            ; register_file  ;              ; HSMC_TX_D_N[10]  ; LVDS          ; QSF Assignment ;
; I/O Standard            ; register_file  ;              ; HSMC_TX_D_N[11]  ; LVDS          ; QSF Assignment ;
; I/O Standard            ; register_file  ;              ; HSMC_TX_D_N[12]  ; LVDS          ; QSF Assignment ;
; I/O Standard            ; register_file  ;              ; HSMC_TX_D_N[13]  ; LVDS          ; QSF Assignment ;
; I/O Standard            ; register_file  ;              ; HSMC_TX_D_N[14]  ; LVDS          ; QSF Assignment ;
; I/O Standard            ; register_file  ;              ; HSMC_TX_D_N[15]  ; LVDS          ; QSF Assignment ;
; I/O Standard            ; register_file  ;              ; HSMC_TX_D_N[16]  ; LVDS          ; QSF Assignment ;
; I/O Standard            ; register_file  ;              ; HSMC_TX_D_N[1]   ; LVDS          ; QSF Assignment ;
; I/O Standard            ; register_file  ;              ; HSMC_TX_D_N[2]   ; LVDS          ; QSF Assignment ;
; I/O Standard            ; register_file  ;              ; HSMC_TX_D_N[3]   ; LVDS          ; QSF Assignment ;
; I/O Standard            ; register_file  ;              ; HSMC_TX_D_N[4]   ; LVDS          ; QSF Assignment ;
; I/O Standard            ; register_file  ;              ; HSMC_TX_D_N[5]   ; LVDS          ; QSF Assignment ;
; I/O Standard            ; register_file  ;              ; HSMC_TX_D_N[6]   ; LVDS          ; QSF Assignment ;
; I/O Standard            ; register_file  ;              ; HSMC_TX_D_N[7]   ; LVDS          ; QSF Assignment ;
; I/O Standard            ; register_file  ;              ; HSMC_TX_D_N[8]   ; LVDS          ; QSF Assignment ;
; I/O Standard            ; register_file  ;              ; HSMC_TX_D_N[9]   ; LVDS          ; QSF Assignment ;
; I/O Standard            ; register_file  ;              ; HSMC_TX_D_P[0]   ; LVDS          ; QSF Assignment ;
; I/O Standard            ; register_file  ;              ; HSMC_TX_D_P[10]  ; LVDS          ; QSF Assignment ;
; I/O Standard            ; register_file  ;              ; HSMC_TX_D_P[11]  ; LVDS          ; QSF Assignment ;
; I/O Standard            ; register_file  ;              ; HSMC_TX_D_P[12]  ; LVDS          ; QSF Assignment ;
; I/O Standard            ; register_file  ;              ; HSMC_TX_D_P[13]  ; LVDS          ; QSF Assignment ;
; I/O Standard            ; register_file  ;              ; HSMC_TX_D_P[14]  ; LVDS          ; QSF Assignment ;
; I/O Standard            ; register_file  ;              ; HSMC_TX_D_P[15]  ; LVDS          ; QSF Assignment ;
; I/O Standard            ; register_file  ;              ; HSMC_TX_D_P[16]  ; LVDS          ; QSF Assignment ;
; I/O Standard            ; register_file  ;              ; HSMC_TX_D_P[1]   ; LVDS          ; QSF Assignment ;
; I/O Standard            ; register_file  ;              ; HSMC_TX_D_P[2]   ; LVDS          ; QSF Assignment ;
; I/O Standard            ; register_file  ;              ; HSMC_TX_D_P[3]   ; LVDS          ; QSF Assignment ;
; I/O Standard            ; register_file  ;              ; HSMC_TX_D_P[4]   ; LVDS          ; QSF Assignment ;
; I/O Standard            ; register_file  ;              ; HSMC_TX_D_P[5]   ; LVDS          ; QSF Assignment ;
; I/O Standard            ; register_file  ;              ; HSMC_TX_D_P[6]   ; LVDS          ; QSF Assignment ;
; I/O Standard            ; register_file  ;              ; HSMC_TX_D_P[7]   ; LVDS          ; QSF Assignment ;
; I/O Standard            ; register_file  ;              ; HSMC_TX_D_P[8]   ; LVDS          ; QSF Assignment ;
; I/O Standard            ; register_file  ;              ; HSMC_TX_D_P[9]   ; LVDS          ; QSF Assignment ;
; I/O Standard            ; register_file  ;              ; I2C_SCLK         ; 3.3-V LVTTL   ; QSF Assignment ;
; I/O Standard            ; register_file  ;              ; I2C_SDAT         ; 3.3-V LVTTL   ; QSF Assignment ;
; I/O Standard            ; register_file  ;              ; IRDA_RXD         ; 3.3-V LVTTL   ; QSF Assignment ;
; I/O Standard            ; register_file  ;              ; KEY[0]           ; 2.5 V         ; QSF Assignment ;
; I/O Standard            ; register_file  ;              ; KEY[1]           ; 2.5 V         ; QSF Assignment ;
; I/O Standard            ; register_file  ;              ; KEY[2]           ; 2.5 V         ; QSF Assignment ;
; I/O Standard            ; register_file  ;              ; KEY[3]           ; 2.5 V         ; QSF Assignment ;
; I/O Standard            ; register_file  ;              ; LCD_BLON         ; 3.3-V LVTTL   ; QSF Assignment ;
; I/O Standard            ; register_file  ;              ; LCD_DATA[0]      ; 3.3-V LVTTL   ; QSF Assignment ;
; I/O Standard            ; register_file  ;              ; LCD_DATA[1]      ; 3.3-V LVTTL   ; QSF Assignment ;
; I/O Standard            ; register_file  ;              ; LCD_DATA[2]      ; 3.3-V LVTTL   ; QSF Assignment ;
; I/O Standard            ; register_file  ;              ; LCD_DATA[3]      ; 3.3-V LVTTL   ; QSF Assignment ;
; I/O Standard            ; register_file  ;              ; LCD_DATA[4]      ; 3.3-V LVTTL   ; QSF Assignment ;
; I/O Standard            ; register_file  ;              ; LCD_DATA[5]      ; 3.3-V LVTTL   ; QSF Assignment ;
; I/O Standard            ; register_file  ;              ; LCD_DATA[6]      ; 3.3-V LVTTL   ; QSF Assignment ;
; I/O Standard            ; register_file  ;              ; LCD_DATA[7]      ; 3.3-V LVTTL   ; QSF Assignment ;
; I/O Standard            ; register_file  ;              ; LCD_EN           ; 3.3-V LVTTL   ; QSF Assignment ;
; I/O Standard            ; register_file  ;              ; LCD_ON           ; 3.3-V LVTTL   ; QSF Assignment ;
; I/O Standard            ; register_file  ;              ; LCD_RS           ; 3.3-V LVTTL   ; QSF Assignment ;
; I/O Standard            ; register_file  ;              ; LCD_RW           ; 3.3-V LVTTL   ; QSF Assignment ;
; I/O Standard            ; register_file  ;              ; LEDG[0]          ; 2.5 V         ; QSF Assignment ;
; I/O Standard            ; register_file  ;              ; LEDG[1]          ; 2.5 V         ; QSF Assignment ;
; I/O Standard            ; register_file  ;              ; LEDG[2]          ; 2.5 V         ; QSF Assignment ;
; I/O Standard            ; register_file  ;              ; LEDG[3]          ; 2.5 V         ; QSF Assignment ;
; I/O Standard            ; register_file  ;              ; LEDG[4]          ; 2.5 V         ; QSF Assignment ;
; I/O Standard            ; register_file  ;              ; LEDG[5]          ; 2.5 V         ; QSF Assignment ;
; I/O Standard            ; register_file  ;              ; LEDG[6]          ; 2.5 V         ; QSF Assignment ;
; I/O Standard            ; register_file  ;              ; LEDG[7]          ; 2.5 V         ; QSF Assignment ;
; I/O Standard            ; register_file  ;              ; LEDG[8]          ; 2.5 V         ; QSF Assignment ;
; I/O Standard            ; register_file  ;              ; LEDR[0]          ; 2.5 V         ; QSF Assignment ;
; I/O Standard            ; register_file  ;              ; LEDR[10]         ; 2.5 V         ; QSF Assignment ;
; I/O Standard            ; register_file  ;              ; LEDR[11]         ; 2.5 V         ; QSF Assignment ;
; I/O Standard            ; register_file  ;              ; LEDR[12]         ; 2.5 V         ; QSF Assignment ;
; I/O Standard            ; register_file  ;              ; LEDR[13]         ; 2.5 V         ; QSF Assignment ;
; I/O Standard            ; register_file  ;              ; LEDR[14]         ; 2.5 V         ; QSF Assignment ;
; I/O Standard            ; register_file  ;              ; LEDR[15]         ; 2.5 V         ; QSF Assignment ;
; I/O Standard            ; register_file  ;              ; LEDR[16]         ; 2.5 V         ; QSF Assignment ;
; I/O Standard            ; register_file  ;              ; LEDR[17]         ; 2.5 V         ; QSF Assignment ;
; I/O Standard            ; register_file  ;              ; LEDR[1]          ; 2.5 V         ; QSF Assignment ;
; I/O Standard            ; register_file  ;              ; LEDR[2]          ; 2.5 V         ; QSF Assignment ;
; I/O Standard            ; register_file  ;              ; LEDR[3]          ; 2.5 V         ; QSF Assignment ;
; I/O Standard            ; register_file  ;              ; LEDR[4]          ; 2.5 V         ; QSF Assignment ;
; I/O Standard            ; register_file  ;              ; LEDR[5]          ; 2.5 V         ; QSF Assignment ;
; I/O Standard            ; register_file  ;              ; LEDR[6]          ; 2.5 V         ; QSF Assignment ;
; I/O Standard            ; register_file  ;              ; LEDR[7]          ; 2.5 V         ; QSF Assignment ;
; I/O Standard            ; register_file  ;              ; LEDR[8]          ; 2.5 V         ; QSF Assignment ;
; I/O Standard            ; register_file  ;              ; LEDR[9]          ; 2.5 V         ; QSF Assignment ;
; I/O Standard            ; register_file  ;              ; OTG_ADDR[0]      ; 3.3-V LVTTL   ; QSF Assignment ;
; I/O Standard            ; register_file  ;              ; OTG_ADDR[1]      ; 3.3-V LVTTL   ; QSF Assignment ;
; I/O Standard            ; register_file  ;              ; OTG_CS_N         ; 3.3-V LVTTL   ; QSF Assignment ;
; I/O Standard            ; register_file  ;              ; OTG_DACK_N[0]    ; 3.3-V LVTTL   ; QSF Assignment ;
; I/O Standard            ; register_file  ;              ; OTG_DACK_N[1]    ; 3.3-V LVTTL   ; QSF Assignment ;
; I/O Standard            ; register_file  ;              ; OTG_DATA[0]      ; 3.3-V LVTTL   ; QSF Assignment ;
; I/O Standard            ; register_file  ;              ; OTG_DATA[10]     ; 3.3-V LVTTL   ; QSF Assignment ;
; I/O Standard            ; register_file  ;              ; OTG_DATA[11]     ; 3.3-V LVTTL   ; QSF Assignment ;
; I/O Standard            ; register_file  ;              ; OTG_DATA[12]     ; 3.3-V LVTTL   ; QSF Assignment ;
; I/O Standard            ; register_file  ;              ; OTG_DATA[13]     ; 3.3-V LVTTL   ; QSF Assignment ;
; I/O Standard            ; register_file  ;              ; OTG_DATA[14]     ; 3.3-V LVTTL   ; QSF Assignment ;
; I/O Standard            ; register_file  ;              ; OTG_DATA[15]     ; 3.3-V LVTTL   ; QSF Assignment ;
; I/O Standard            ; register_file  ;              ; OTG_DATA[1]      ; 3.3-V LVTTL   ; QSF Assignment ;
; I/O Standard            ; register_file  ;              ; OTG_DATA[2]      ; 3.3-V LVTTL   ; QSF Assignment ;
; I/O Standard            ; register_file  ;              ; OTG_DATA[3]      ; 3.3-V LVTTL   ; QSF Assignment ;
; I/O Standard            ; register_file  ;              ; OTG_DATA[4]      ; 3.3-V LVTTL   ; QSF Assignment ;
; I/O Standard            ; register_file  ;              ; OTG_DATA[5]      ; 3.3-V LVTTL   ; QSF Assignment ;
; I/O Standard            ; register_file  ;              ; OTG_DATA[6]      ; 3.3-V LVTTL   ; QSF Assignment ;
; I/O Standard            ; register_file  ;              ; OTG_DATA[7]      ; 3.3-V LVTTL   ; QSF Assignment ;
; I/O Standard            ; register_file  ;              ; OTG_DATA[8]      ; 3.3-V LVTTL   ; QSF Assignment ;
; I/O Standard            ; register_file  ;              ; OTG_DATA[9]      ; 3.3-V LVTTL   ; QSF Assignment ;
; I/O Standard            ; register_file  ;              ; OTG_DREQ[0]      ; 3.3-V LVTTL   ; QSF Assignment ;
; I/O Standard            ; register_file  ;              ; OTG_DREQ[1]      ; 3.3-V LVTTL   ; QSF Assignment ;
; I/O Standard            ; register_file  ;              ; OTG_FSPEED       ; 3.3-V LVTTL   ; QSF Assignment ;
; I/O Standard            ; register_file  ;              ; OTG_INT[0]       ; 3.3-V LVTTL   ; QSF Assignment ;
; I/O Standard            ; register_file  ;              ; OTG_INT[1]       ; 3.3-V LVTTL   ; QSF Assignment ;
; I/O Standard            ; register_file  ;              ; OTG_LSPEED       ; 3.3-V LVTTL   ; QSF Assignment ;
; I/O Standard            ; register_file  ;              ; OTG_OE_N         ; 3.3-V LVTTL   ; QSF Assignment ;
; I/O Standard            ; register_file  ;              ; OTG_RST_N        ; 3.3-V LVTTL   ; QSF Assignment ;
; I/O Standard            ; register_file  ;              ; OTG_WE_N         ; 3.3-V LVTTL   ; QSF Assignment ;
; I/O Standard            ; register_file  ;              ; PS2_KBCLK        ; 3.3-V LVTTL   ; QSF Assignment ;
; I/O Standard            ; register_file  ;              ; PS2_KBDAT        ; 3.3-V LVTTL   ; QSF Assignment ;
; I/O Standard            ; register_file  ;              ; PS2_MSCLK        ; 3.3-V LVTTL   ; QSF Assignment ;
; I/O Standard            ; register_file  ;              ; PS2_MSDAT        ; 3.3-V LVTTL   ; QSF Assignment ;
; I/O Standard            ; register_file  ;              ; SD_CLK           ; 3.3-V LVTTL   ; QSF Assignment ;
; I/O Standard            ; register_file  ;              ; SD_CMD           ; 3.3-V LVTTL   ; QSF Assignment ;
; I/O Standard            ; register_file  ;              ; SD_DAT[0]        ; 3.3-V LVTTL   ; QSF Assignment ;
; I/O Standard            ; register_file  ;              ; SD_DAT[1]        ; 3.3-V LVTTL   ; QSF Assignment ;
; I/O Standard            ; register_file  ;              ; SD_DAT[2]        ; 3.3-V LVTTL   ; QSF Assignment ;
; I/O Standard            ; register_file  ;              ; SD_DAT[3]        ; 3.3-V LVTTL   ; QSF Assignment ;
; I/O Standard            ; register_file  ;              ; SD_WP_N          ; 3.3-V LVTTL   ; QSF Assignment ;
; I/O Standard            ; register_file  ;              ; SMA_CLKIN        ; 3.3-V LVTTL   ; QSF Assignment ;
; I/O Standard            ; register_file  ;              ; SMA_CLKOUT       ; 3.3-V LVTTL   ; QSF Assignment ;
; I/O Standard            ; register_file  ;              ; SRAM_ADDR[0]     ; 3.3-V LVTTL   ; QSF Assignment ;
; I/O Standard            ; register_file  ;              ; SRAM_ADDR[10]    ; 3.3-V LVTTL   ; QSF Assignment ;
; I/O Standard            ; register_file  ;              ; SRAM_ADDR[11]    ; 3.3-V LVTTL   ; QSF Assignment ;
; I/O Standard            ; register_file  ;              ; SRAM_ADDR[12]    ; 3.3-V LVTTL   ; QSF Assignment ;
; I/O Standard            ; register_file  ;              ; SRAM_ADDR[13]    ; 3.3-V LVTTL   ; QSF Assignment ;
; I/O Standard            ; register_file  ;              ; SRAM_ADDR[14]    ; 3.3-V LVTTL   ; QSF Assignment ;
; I/O Standard            ; register_file  ;              ; SRAM_ADDR[15]    ; 3.3-V LVTTL   ; QSF Assignment ;
; I/O Standard            ; register_file  ;              ; SRAM_ADDR[16]    ; 3.3-V LVTTL   ; QSF Assignment ;
; I/O Standard            ; register_file  ;              ; SRAM_ADDR[17]    ; 3.3-V LVTTL   ; QSF Assignment ;
; I/O Standard            ; register_file  ;              ; SRAM_ADDR[18]    ; 3.3-V LVTTL   ; QSF Assignment ;
; I/O Standard            ; register_file  ;              ; SRAM_ADDR[19]    ; 3.3-V LVTTL   ; QSF Assignment ;
; I/O Standard            ; register_file  ;              ; SRAM_ADDR[1]     ; 3.3-V LVTTL   ; QSF Assignment ;
; I/O Standard            ; register_file  ;              ; SRAM_ADDR[2]     ; 3.3-V LVTTL   ; QSF Assignment ;
; I/O Standard            ; register_file  ;              ; SRAM_ADDR[3]     ; 3.3-V LVTTL   ; QSF Assignment ;
; I/O Standard            ; register_file  ;              ; SRAM_ADDR[4]     ; 3.3-V LVTTL   ; QSF Assignment ;
; I/O Standard            ; register_file  ;              ; SRAM_ADDR[5]     ; 3.3-V LVTTL   ; QSF Assignment ;
; I/O Standard            ; register_file  ;              ; SRAM_ADDR[6]     ; 3.3-V LVTTL   ; QSF Assignment ;
; I/O Standard            ; register_file  ;              ; SRAM_ADDR[7]     ; 3.3-V LVTTL   ; QSF Assignment ;
; I/O Standard            ; register_file  ;              ; SRAM_ADDR[8]     ; 3.3-V LVTTL   ; QSF Assignment ;
; I/O Standard            ; register_file  ;              ; SRAM_ADDR[9]     ; 3.3-V LVTTL   ; QSF Assignment ;
; I/O Standard            ; register_file  ;              ; SRAM_CE_N        ; 3.3-V LVTTL   ; QSF Assignment ;
; I/O Standard            ; register_file  ;              ; SRAM_DQ[0]       ; 3.3-V LVTTL   ; QSF Assignment ;
; I/O Standard            ; register_file  ;              ; SRAM_DQ[10]      ; 3.3-V LVTTL   ; QSF Assignment ;
; I/O Standard            ; register_file  ;              ; SRAM_DQ[11]      ; 3.3-V LVTTL   ; QSF Assignment ;
; I/O Standard            ; register_file  ;              ; SRAM_DQ[12]      ; 3.3-V LVTTL   ; QSF Assignment ;
; I/O Standard            ; register_file  ;              ; SRAM_DQ[13]      ; 3.3-V LVTTL   ; QSF Assignment ;
; I/O Standard            ; register_file  ;              ; SRAM_DQ[14]      ; 3.3-V LVTTL   ; QSF Assignment ;
; I/O Standard            ; register_file  ;              ; SRAM_DQ[15]      ; 3.3-V LVTTL   ; QSF Assignment ;
; I/O Standard            ; register_file  ;              ; SRAM_DQ[1]       ; 3.3-V LVTTL   ; QSF Assignment ;
; I/O Standard            ; register_file  ;              ; SRAM_DQ[2]       ; 3.3-V LVTTL   ; QSF Assignment ;
; I/O Standard            ; register_file  ;              ; SRAM_DQ[3]       ; 3.3-V LVTTL   ; QSF Assignment ;
; I/O Standard            ; register_file  ;              ; SRAM_DQ[4]       ; 3.3-V LVTTL   ; QSF Assignment ;
; I/O Standard            ; register_file  ;              ; SRAM_DQ[5]       ; 3.3-V LVTTL   ; QSF Assignment ;
; I/O Standard            ; register_file  ;              ; SRAM_DQ[6]       ; 3.3-V LVTTL   ; QSF Assignment ;
; I/O Standard            ; register_file  ;              ; SRAM_DQ[7]       ; 3.3-V LVTTL   ; QSF Assignment ;
; I/O Standard            ; register_file  ;              ; SRAM_DQ[8]       ; 3.3-V LVTTL   ; QSF Assignment ;
; I/O Standard            ; register_file  ;              ; SRAM_DQ[9]       ; 3.3-V LVTTL   ; QSF Assignment ;
; I/O Standard            ; register_file  ;              ; SRAM_LB_N        ; 3.3-V LVTTL   ; QSF Assignment ;
; I/O Standard            ; register_file  ;              ; SRAM_OE_N        ; 3.3-V LVTTL   ; QSF Assignment ;
; I/O Standard            ; register_file  ;              ; SRAM_UB_N        ; 3.3-V LVTTL   ; QSF Assignment ;
; I/O Standard            ; register_file  ;              ; SRAM_WE_N        ; 3.3-V LVTTL   ; QSF Assignment ;
; I/O Standard            ; register_file  ;              ; SW[0]            ; 2.5 V         ; QSF Assignment ;
; I/O Standard            ; register_file  ;              ; SW[10]           ; 2.5 V         ; QSF Assignment ;
; I/O Standard            ; register_file  ;              ; SW[11]           ; 2.5 V         ; QSF Assignment ;
; I/O Standard            ; register_file  ;              ; SW[12]           ; 2.5 V         ; QSF Assignment ;
; I/O Standard            ; register_file  ;              ; SW[13]           ; 2.5 V         ; QSF Assignment ;
; I/O Standard            ; register_file  ;              ; SW[14]           ; 2.5 V         ; QSF Assignment ;
; I/O Standard            ; register_file  ;              ; SW[15]           ; 2.5 V         ; QSF Assignment ;
; I/O Standard            ; register_file  ;              ; SW[16]           ; 2.5 V         ; QSF Assignment ;
; I/O Standard            ; register_file  ;              ; SW[17]           ; 2.5 V         ; QSF Assignment ;
; I/O Standard            ; register_file  ;              ; SW[1]            ; 2.5 V         ; QSF Assignment ;
; I/O Standard            ; register_file  ;              ; SW[2]            ; 2.5 V         ; QSF Assignment ;
; I/O Standard            ; register_file  ;              ; SW[3]            ; 2.5 V         ; QSF Assignment ;
; I/O Standard            ; register_file  ;              ; SW[4]            ; 2.5 V         ; QSF Assignment ;
; I/O Standard            ; register_file  ;              ; SW[5]            ; 2.5 V         ; QSF Assignment ;
; I/O Standard            ; register_file  ;              ; SW[6]            ; 2.5 V         ; QSF Assignment ;
; I/O Standard            ; register_file  ;              ; SW[7]            ; 2.5 V         ; QSF Assignment ;
; I/O Standard            ; register_file  ;              ; SW[8]            ; 2.5 V         ; QSF Assignment ;
; I/O Standard            ; register_file  ;              ; SW[9]            ; 2.5 V         ; QSF Assignment ;
; I/O Standard            ; register_file  ;              ; TD_CLK27         ; 3.3-V LVTTL   ; QSF Assignment ;
; I/O Standard            ; register_file  ;              ; TD_DATA[0]       ; 3.3-V LVTTL   ; QSF Assignment ;
; I/O Standard            ; register_file  ;              ; TD_DATA[1]       ; 3.3-V LVTTL   ; QSF Assignment ;
; I/O Standard            ; register_file  ;              ; TD_DATA[2]       ; 3.3-V LVTTL   ; QSF Assignment ;
; I/O Standard            ; register_file  ;              ; TD_DATA[3]       ; 3.3-V LVTTL   ; QSF Assignment ;
; I/O Standard            ; register_file  ;              ; TD_DATA[4]       ; 3.3-V LVTTL   ; QSF Assignment ;
; I/O Standard            ; register_file  ;              ; TD_DATA[5]       ; 3.3-V LVTTL   ; QSF Assignment ;
; I/O Standard            ; register_file  ;              ; TD_DATA[6]       ; 3.3-V LVTTL   ; QSF Assignment ;
; I/O Standard            ; register_file  ;              ; TD_DATA[7]       ; 3.3-V LVTTL   ; QSF Assignment ;
; I/O Standard            ; register_file  ;              ; TD_HS            ; 3.3-V LVTTL   ; QSF Assignment ;
; I/O Standard            ; register_file  ;              ; TD_RESET_N       ; 3.3-V LVTTL   ; QSF Assignment ;
; I/O Standard            ; register_file  ;              ; TD_VS            ; 3.3-V LVTTL   ; QSF Assignment ;
; I/O Standard            ; register_file  ;              ; UART_CTS         ; 3.3-V LVTTL   ; QSF Assignment ;
; I/O Standard            ; register_file  ;              ; UART_RTS         ; 3.3-V LVTTL   ; QSF Assignment ;
; I/O Standard            ; register_file  ;              ; UART_RXD         ; 3.3-V LVTTL   ; QSF Assignment ;
; I/O Standard            ; register_file  ;              ; UART_TXD         ; 3.3-V LVTTL   ; QSF Assignment ;
; I/O Standard            ; register_file  ;              ; VGA_BLANK_N      ; 3.3-V LVTTL   ; QSF Assignment ;
; I/O Standard            ; register_file  ;              ; VGA_B[0]         ; 3.3-V LVTTL   ; QSF Assignment ;
; I/O Standard            ; register_file  ;              ; VGA_B[1]         ; 3.3-V LVTTL   ; QSF Assignment ;
; I/O Standard            ; register_file  ;              ; VGA_B[2]         ; 3.3-V LVTTL   ; QSF Assignment ;
; I/O Standard            ; register_file  ;              ; VGA_B[3]         ; 3.3-V LVTTL   ; QSF Assignment ;
; I/O Standard            ; register_file  ;              ; VGA_B[4]         ; 3.3-V LVTTL   ; QSF Assignment ;
; I/O Standard            ; register_file  ;              ; VGA_B[5]         ; 3.3-V LVTTL   ; QSF Assignment ;
; I/O Standard            ; register_file  ;              ; VGA_B[6]         ; 3.3-V LVTTL   ; QSF Assignment ;
; I/O Standard            ; register_file  ;              ; VGA_B[7]         ; 3.3-V LVTTL   ; QSF Assignment ;
; I/O Standard            ; register_file  ;              ; VGA_CLK          ; 3.3-V LVTTL   ; QSF Assignment ;
; I/O Standard            ; register_file  ;              ; VGA_G[0]         ; 3.3-V LVTTL   ; QSF Assignment ;
; I/O Standard            ; register_file  ;              ; VGA_G[1]         ; 3.3-V LVTTL   ; QSF Assignment ;
; I/O Standard            ; register_file  ;              ; VGA_G[2]         ; 3.3-V LVTTL   ; QSF Assignment ;
; I/O Standard            ; register_file  ;              ; VGA_G[3]         ; 3.3-V LVTTL   ; QSF Assignment ;
; I/O Standard            ; register_file  ;              ; VGA_G[4]         ; 3.3-V LVTTL   ; QSF Assignment ;
; I/O Standard            ; register_file  ;              ; VGA_G[5]         ; 3.3-V LVTTL   ; QSF Assignment ;
; I/O Standard            ; register_file  ;              ; VGA_G[6]         ; 3.3-V LVTTL   ; QSF Assignment ;
; I/O Standard            ; register_file  ;              ; VGA_G[7]         ; 3.3-V LVTTL   ; QSF Assignment ;
; I/O Standard            ; register_file  ;              ; VGA_HS           ; 3.3-V LVTTL   ; QSF Assignment ;
; I/O Standard            ; register_file  ;              ; VGA_R[0]         ; 3.3-V LVTTL   ; QSF Assignment ;
; I/O Standard            ; register_file  ;              ; VGA_R[1]         ; 3.3-V LVTTL   ; QSF Assignment ;
; I/O Standard            ; register_file  ;              ; VGA_R[2]         ; 3.3-V LVTTL   ; QSF Assignment ;
; I/O Standard            ; register_file  ;              ; VGA_R[3]         ; 3.3-V LVTTL   ; QSF Assignment ;
; I/O Standard            ; register_file  ;              ; VGA_R[4]         ; 3.3-V LVTTL   ; QSF Assignment ;
; I/O Standard            ; register_file  ;              ; VGA_R[5]         ; 3.3-V LVTTL   ; QSF Assignment ;
; I/O Standard            ; register_file  ;              ; VGA_R[6]         ; 3.3-V LVTTL   ; QSF Assignment ;
; I/O Standard            ; register_file  ;              ; VGA_R[7]         ; 3.3-V LVTTL   ; QSF Assignment ;
; I/O Standard            ; register_file  ;              ; VGA_SYNC_N       ; 3.3-V LVTTL   ; QSF Assignment ;
; I/O Standard            ; register_file  ;              ; VGA_VS           ; 3.3-V LVTTL   ; QSF Assignment ;
+-------------------------+----------------+--------------+------------------+---------------+----------------+


+---------------------------------------------------------------------------------------------------+
; Incremental Compilation Preservation Summary                                                      ;
+---------------------+---------------------+----------------------------+--------------------------+
; Type                ; Total [A + B]       ; From Design Partitions [A] ; From Rapid Recompile [B] ;
+---------------------+---------------------+----------------------------+--------------------------+
; Placement (by node) ;                     ;                            ;                          ;
;     -- Requested    ; 0.00 % ( 0 / 2614 ) ; 0.00 % ( 0 / 2614 )        ; 0.00 % ( 0 / 2614 )      ;
;     -- Achieved     ; 0.00 % ( 0 / 2614 ) ; 0.00 % ( 0 / 2614 )        ; 0.00 % ( 0 / 2614 )      ;
;                     ;                     ;                            ;                          ;
; Routing (by net)    ;                     ;                            ;                          ;
;     -- Requested    ; 0.00 % ( 0 / 0 )    ; 0.00 % ( 0 / 0 )           ; 0.00 % ( 0 / 0 )         ;
;     -- Achieved     ; 0.00 % ( 0 / 0 )    ; 0.00 % ( 0 / 0 )           ; 0.00 % ( 0 / 0 )         ;
+---------------------+---------------------+----------------------------+--------------------------+


+----------------------------------------------------------------------------------------------------------------------------------------------------------------------------------------+
; Incremental Compilation Partition Settings                                                                                                                                             ;
+--------------------------------+----------------+-------------------+-------------------------+------------------------+------------------------------+--------------------------------+
; Partition Name                 ; Partition Type ; Netlist Type Used ; Preservation Level Used ; Netlist Type Requested ; Preservation Level Requested ; Contents                       ;
+--------------------------------+----------------+-------------------+-------------------------+------------------------+------------------------------+--------------------------------+
; Top                            ; User-created   ; Source File       ; N/A                     ; Source File            ; N/A                          ;                                ;
; hard_block:auto_generated_inst ; Auto-generated ; Source File       ; N/A                     ; Source File            ; N/A                          ; hard_block:auto_generated_inst ;
+--------------------------------+----------------+-------------------+-------------------------+------------------------+------------------------------+--------------------------------+


+------------------------------------------------------------------------------------------------------------------------------------+
; Incremental Compilation Placement Preservation                                                                                     ;
+--------------------------------+-----------------------+-------------------------+-------------------+---------------------+-------+
; Partition Name                 ; Preservation Achieved ; Preservation Level Used ; Netlist Type Used ; Preservation Method ; Notes ;
+--------------------------------+-----------------------+-------------------------+-------------------+---------------------+-------+
; Top                            ; 0.00 % ( 0 / 2606 )   ; N/A                     ; Source File       ; N/A                 ;       ;
; hard_block:auto_generated_inst ; 0.00 % ( 0 / 8 )      ; N/A                     ; Source File       ; N/A                 ;       ;
+--------------------------------+-----------------------+-------------------------+-------------------+---------------------+-------+


+--------------+
; Pin-Out File ;
+--------------+
The pin-out file can be found in /home/ecegridfs/a/437mg063/ece437/processors/._register_file/register_file.pin.


+-----------------------------------------------------------------------+
; Fitter Resource Usage Summary                                         ;
+---------------------------------------------+-------------------------+
; Resource                                    ; Usage                   ;
+---------------------------------------------+-------------------------+
; Total logic elements                        ; 1,384 / 114,480 ( 1 % ) ;
;     -- Combinational with no register       ; 424                     ;
;     -- Register only                        ; 1                       ;
;     -- Combinational with a register        ; 959                     ;
;                                             ;                         ;
; Logic element usage by number of LUT inputs ;                         ;
;     -- 4 input functions                    ; 1298                    ;
;     -- 3 input functions                    ; 85                      ;
;     -- <=2 input functions                  ; 0                       ;
;     -- Register only                        ; 1                       ;
;                                             ;                         ;
; Logic elements by mode                      ;                         ;
;     -- normal mode                          ; 1383                    ;
;     -- arithmetic mode                      ; 0                       ;
;                                             ;                         ;
; Total registers*                            ; 992 / 117,053 ( < 1 % ) ;
;     -- Dedicated logic registers            ; 960 / 114,480 ( < 1 % ) ;
;     -- I/O registers                        ; 32 / 2,573 ( 1 % )      ;
;                                             ;                         ;
; Total LABs:  partially or completely used   ; 105 / 7,155 ( 1 % )     ;
; Virtual pins                                ; 0                       ;
; I/O pins                                    ; 114 / 529 ( 22 % )      ;
;     -- Clock pins                           ; 2 / 7 ( 29 % )          ;
;     -- Dedicated input pins                 ; 0 / 9 ( 0 % )           ;
;                                             ;                         ;
; M9Ks                                        ; 0 / 432 ( 0 % )         ;
; Total block memory bits                     ; 0 / 3,981,312 ( 0 % )   ;
; Total block memory implementation bits      ; 0 / 3,981,312 ( 0 % )   ;
; Embedded Multiplier 9-bit elements          ; 0 / 532 ( 0 % )         ;
; PLLs                                        ; 0 / 4 ( 0 % )           ;
; Global signals                              ; 2                       ;
;     -- Global clocks                        ; 2 / 20 ( 10 % )         ;
; JTAGs                                       ; 0 / 1 ( 0 % )           ;
; CRC blocks                                  ; 0 / 1 ( 0 % )           ;
; ASMI blocks                                 ; 0 / 1 ( 0 % )           ;
; Oscillator blocks                           ; 0 / 1 ( 0 % )           ;
; Impedance control blocks                    ; 0 / 4 ( 0 % )           ;
; Average interconnect usage (total/H/V)      ; 0.9% / 0.9% / 1.1%      ;
; Peak interconnect usage (total/H/V)         ; 25.0% / 23.5% / 27.2%   ;
; Maximum fan-out                             ; 992                     ;
; Highest non-global fan-out                  ; 256                     ;
; Total fan-out                               ; 9599                    ;
; Average fan-out                             ; 3.67                    ;
+---------------------------------------------+-------------------------+
*  Register count does not include registers inside RAM blocks or DSP blocks.



+-------------------------------------------------------------------------------------------------------+
; Fitter Partition Statistics                                                                           ;
+---------------------------------------------+------------------------+--------------------------------+
; Statistic                                   ; Top                    ; hard_block:auto_generated_inst ;
+---------------------------------------------+------------------------+--------------------------------+
; Difficulty Clustering Region                ; Low                    ; Low                            ;
;                                             ;                        ;                                ;
; Total logic elements                        ; 1384 / 114480 ( 1 % )  ; 0 / 114480 ( 0 % )             ;
;     -- Combinational with no register       ; 424                    ; 0                              ;
;     -- Register only                        ; 1                      ; 0                              ;
;     -- Combinational with a register        ; 959                    ; 0                              ;
;                                             ;                        ;                                ;
; Logic element usage by number of LUT inputs ;                        ;                                ;
;     -- 4 input functions                    ; 1298                   ; 0                              ;
;     -- 3 input functions                    ; 85                     ; 0                              ;
;     -- <=2 input functions                  ; 0                      ; 0                              ;
;     -- Register only                        ; 1                      ; 0                              ;
;                                             ;                        ;                                ;
; Logic elements by mode                      ;                        ;                                ;
;     -- normal mode                          ; 1383                   ; 0                              ;
;     -- arithmetic mode                      ; 0                      ; 0                              ;
;                                             ;                        ;                                ;
; Total registers                             ; 992                    ; 0                              ;
;     -- Dedicated logic registers            ; 960 / 114480 ( < 1 % ) ; 0 / 114480 ( 0 % )             ;
;     -- I/O registers                        ; 64                     ; 0                              ;
;                                             ;                        ;                                ;
; Total LABs:  partially or completely used   ; 105 / 7155 ( 1 % )     ; 0 / 7155 ( 0 % )               ;
;                                             ;                        ;                                ;
; Virtual pins                                ; 0                      ; 0                              ;
; I/O pins                                    ; 114                    ; 0                              ;
; Embedded Multiplier 9-bit elements          ; 0 / 532 ( 0 % )        ; 0 / 532 ( 0 % )                ;
; Total memory bits                           ; 0                      ; 0                              ;
; Total RAM block bits                        ; 0                      ; 0                              ;
; Clock control block                         ; 2 / 24 ( 8 % )         ; 0 / 24 ( 0 % )                 ;
;                                             ;                        ;                                ;
; Connections                                 ;                        ;                                ;
;     -- Input Connections                    ; 0                      ; 0                              ;
;     -- Registered Input Connections         ; 0                      ; 0                              ;
;     -- Output Connections                   ; 0                      ; 0                              ;
;     -- Registered Output Connections        ; 0                      ; 0                              ;
;                                             ;                        ;                                ;
; Internal Connections                        ;                        ;                                ;
;     -- Total Connections                    ; 9595                   ; 4                              ;
;     -- Registered Connections               ; 1984                   ; 0                              ;
;                                             ;                        ;                                ;
; External Connections                        ;                        ;                                ;
;     -- Top                                  ; 0                      ; 0                              ;
;     -- hard_block:auto_generated_inst       ; 0                      ; 0                              ;
;                                             ;                        ;                                ;
; Partition Interface                         ;                        ;                                ;
;     -- Input Ports                          ; 50                     ; 0                              ;
;     -- Output Ports                         ; 64                     ; 0                              ;
;     -- Bidir Ports                          ; 0                      ; 0                              ;
;                                             ;                        ;                                ;
; Registered Ports                            ;                        ;                                ;
;     -- Registered Input Ports               ; 0                      ; 0                              ;
;     -- Registered Output Ports              ; 0                      ; 0                              ;
;                                             ;                        ;                                ;
; Port Connectivity                           ;                        ;                                ;
;     -- Input Ports driven by GND            ; 0                      ; 0                              ;
;     -- Output Ports driven by GND           ; 0                      ; 0                              ;
;     -- Input Ports driven by VCC            ; 0                      ; 0                              ;
;     -- Output Ports driven by VCC           ; 0                      ; 0                              ;
;     -- Input Ports with no Source           ; 0                      ; 0                              ;
;     -- Output Ports with no Source          ; 0                      ; 0                              ;
;     -- Input Ports with no Fanout           ; 0                      ; 0                              ;
;     -- Output Ports with no Fanout          ; 0                      ; 0                              ;
+---------------------------------------------+------------------------+--------------------------------+


+------------------------------------------------------------------------------------------------------------------------------------------------------------------------------------------------------------------------------------------------------------------------------------------------+
; Input Pins                                                                                                                                                                                                                                                                                     ;
+---------------+-------+----------+--------------+--------------+--------------+-----------------------+--------------------+--------+----------------+---------------+-----------------+----------+--------------+--------------+---------------------------+----------------------+-----------+
; Name          ; Pin # ; I/O Bank ; X coordinate ; Y coordinate ; Z coordinate ; Combinational Fan-Out ; Registered Fan-Out ; Global ; Input Register ; Power Up High ; PCI I/O Enabled ; Bus Hold ; Weak Pull Up ; I/O Standard ; Termination Control Block ; Location assigned by ; Slew Rate ;
+---------------+-------+----------+--------------+--------------+--------------+-----------------------+--------------------+--------+----------------+---------------+-----------------+----------+--------------+--------------+---------------------------+----------------------+-----------+
; clk           ; J1    ; 1        ; 0            ; 36           ; 7            ; 992                   ; 0                  ; yes    ; no             ; no            ; yes             ; no       ; Off          ; 2.5 V        ; --                        ; Fitter               ; no        ;
; nrst          ; Y2    ; 2        ; 0            ; 36           ; 14           ; 992                   ; 0                  ; yes    ; no             ; no            ; yes             ; no       ; Off          ; 2.5 V        ; --                        ; Fitter               ; no        ;
; rfif.WEN      ; J19   ; 7        ; 72           ; 73           ; 7            ; 9                     ; 0                  ; no     ; no             ; no            ; yes             ; no       ; Off          ; 2.5 V        ; --                        ; Fitter               ; no        ;
; rfif.rsel1[0] ; P21   ; 5        ; 115          ; 36           ; 0            ; 256                   ; 0                  ; no     ; no             ; no            ; yes             ; no       ; Off          ; 2.5 V        ; --                        ; Fitter               ; no        ;
; rfif.rsel1[1] ; R21   ; 5        ; 115          ; 36           ; 7            ; 256                   ; 0                  ; no     ; no             ; no            ; yes             ; no       ; Off          ; 2.5 V        ; --                        ; Fitter               ; no        ;
; rfif.rsel1[2] ; AC11  ; 3        ; 49           ; 0            ; 7            ; 240                   ; 0                  ; no     ; no             ; no            ; yes             ; no       ; Off          ; 2.5 V        ; --                        ; Fitter               ; no        ;
; rfif.rsel1[3] ; V23   ; 5        ; 115          ; 24           ; 0            ; 240                   ; 0                  ; no     ; no             ; no            ; yes             ; no       ; Off          ; 2.5 V        ; --                        ; Fitter               ; no        ;
; rfif.rsel1[4] ; AB12  ; 3        ; 45           ; 0            ; 14           ; 32                    ; 0                  ; no     ; no             ; no            ; yes             ; no       ; Off          ; 2.5 V        ; --                        ; Fitter               ; no        ;
; rfif.rsel2[0] ; R26   ; 5        ; 115          ; 33           ; 7            ; 256                   ; 0                  ; no     ; no             ; no            ; yes             ; no       ; Off          ; 2.5 V        ; --                        ; Fitter               ; no        ;
; rfif.rsel2[1] ; U22   ; 5        ; 115          ; 26           ; 14           ; 256                   ; 0                  ; no     ; no             ; no            ; yes             ; no       ; Off          ; 2.5 V        ; --                        ; Fitter               ; no        ;
; rfif.rsel2[2] ; AA12  ; 3        ; 52           ; 0            ; 14           ; 240                   ; 0                  ; no     ; no             ; no            ; yes             ; no       ; Off          ; 2.5 V        ; --                        ; Fitter               ; no        ;
; rfif.rsel2[3] ; Y12   ; 3        ; 52           ; 0            ; 21           ; 240                   ; 0                  ; no     ; no             ; no            ; yes             ; no       ; Off          ; 2.5 V        ; --                        ; Fitter               ; no        ;
; rfif.rsel2[4] ; AH21  ; 4        ; 74           ; 0            ; 0            ; 32                    ; 0                  ; no     ; no             ; no            ; yes             ; no       ; Off          ; 2.5 V        ; --                        ; Fitter               ; no        ;
; rfif.wdat[0]  ; AB15  ; 4        ; 67           ; 0            ; 14           ; 30                    ; 2                  ; no     ; yes            ; no            ; yes             ; no       ; Off          ; 2.5 V        ; --                        ; Fitter               ; no        ;
; rfif.wdat[10] ; AG21  ; 4        ; 74           ; 0            ; 7            ; 30                    ; 2                  ; no     ; yes            ; no            ; yes             ; no       ; Off          ; 2.5 V        ; --                        ; Fitter               ; no        ;
; rfif.wdat[11] ; AH18  ; 4        ; 69           ; 0            ; 0            ; 30                    ; 2                  ; no     ; yes            ; no            ; yes             ; no       ; Off          ; 2.5 V        ; --                        ; Fitter               ; no        ;
; rfif.wdat[12] ; AE19  ; 4        ; 83           ; 0            ; 21           ; 30                    ; 2                  ; no     ; yes            ; no            ; yes             ; no       ; Off          ; 2.5 V        ; --                        ; Fitter               ; no        ;
; rfif.wdat[13] ; AG18  ; 4        ; 69           ; 0            ; 7            ; 30                    ; 2                  ; no     ; yes            ; no            ; yes             ; no       ; Off          ; 2.5 V        ; --                        ; Fitter               ; no        ;
; rfif.wdat[14] ; AF17  ; 4        ; 67           ; 0            ; 0            ; 30                    ; 2                  ; no     ; yes            ; no            ; yes             ; no       ; Off          ; 2.5 V        ; --                        ; Fitter               ; no        ;
; rfif.wdat[15] ; AE18  ; 4        ; 79           ; 0            ; 21           ; 30                    ; 2                  ; no     ; yes            ; no            ; yes             ; no       ; Off          ; 2.5 V        ; --                        ; Fitter               ; no        ;
; rfif.wdat[16] ; AD18  ; 4        ; 85           ; 0            ; 7            ; 30                    ; 2                  ; no     ; yes            ; no            ; yes             ; no       ; Off          ; 2.5 V        ; --                        ; Fitter               ; no        ;
; rfif.wdat[17] ; AE15  ; 4        ; 60           ; 0            ; 7            ; 30                    ; 2                  ; no     ; yes            ; no            ; yes             ; no       ; Off          ; 2.5 V        ; --                        ; Fitter               ; no        ;
; rfif.wdat[18] ; AA16  ; 4        ; 65           ; 0            ; 7            ; 30                    ; 2                  ; no     ; yes            ; no            ; yes             ; no       ; Off          ; 2.5 V        ; --                        ; Fitter               ; no        ;
; rfif.wdat[19] ; AC15  ; 4        ; 60           ; 0            ; 21           ; 30                    ; 2                  ; no     ; yes            ; no            ; yes             ; no       ; Off          ; 2.5 V        ; --                        ; Fitter               ; no        ;
; rfif.wdat[1]  ; AE16  ; 4        ; 65           ; 0            ; 21           ; 30                    ; 2                  ; no     ; yes            ; no            ; yes             ; no       ; Off          ; 2.5 V        ; --                        ; Fitter               ; no        ;
; rfif.wdat[20] ; AF20  ; 4        ; 85           ; 0            ; 14           ; 30                    ; 2                  ; no     ; yes            ; no            ; yes             ; no       ; Off          ; 2.5 V        ; --                        ; Fitter               ; no        ;
; rfif.wdat[21] ; AH22  ; 4        ; 79           ; 0            ; 0            ; 30                    ; 2                  ; no     ; yes            ; no            ; yes             ; no       ; Off          ; 2.5 V        ; --                        ; Fitter               ; no        ;
; rfif.wdat[22] ; AE21  ; 4        ; 85           ; 0            ; 0            ; 30                    ; 2                  ; no     ; yes            ; no            ; yes             ; no       ; Off          ; 2.5 V        ; --                        ; Fitter               ; no        ;
; rfif.wdat[23] ; AG22  ; 4        ; 79           ; 0            ; 7            ; 30                    ; 2                  ; no     ; yes            ; no            ; yes             ; no       ; Off          ; 2.5 V        ; --                        ; Fitter               ; no        ;
; rfif.wdat[24] ; W21   ; 5        ; 115          ; 25           ; 21           ; 30                    ; 2                  ; no     ; yes            ; no            ; yes             ; no       ; Off          ; 2.5 V        ; --                        ; Fitter               ; no        ;
; rfif.wdat[25] ; U27   ; 5        ; 115          ; 29           ; 7            ; 30                    ; 2                  ; no     ; yes            ; no            ; yes             ; no       ; Off          ; 2.5 V        ; --                        ; Fitter               ; no        ;
; rfif.wdat[26] ; AF19  ; 4        ; 83           ; 0            ; 14           ; 30                    ; 2                  ; no     ; yes            ; no            ; yes             ; no       ; Off          ; 2.5 V        ; --                        ; Fitter               ; no        ;
; rfif.wdat[27] ; AH23  ; 4        ; 81           ; 0            ; 14           ; 30                    ; 2                  ; no     ; yes            ; no            ; yes             ; no       ; Off          ; 2.5 V        ; --                        ; Fitter               ; no        ;
; rfif.wdat[28] ; AF24  ; 4        ; 83           ; 0            ; 7            ; 30                    ; 2                  ; no     ; yes            ; no            ; yes             ; no       ; Off          ; 2.5 V        ; --                        ; Fitter               ; no        ;
; rfif.wdat[29] ; AF18  ; 4        ; 79           ; 0            ; 14           ; 30                    ; 2                  ; no     ; yes            ; no            ; yes             ; no       ; Off          ; 2.5 V        ; --                        ; Fitter               ; no        ;
; rfif.wdat[2]  ; AA15  ; 4        ; 67           ; 0            ; 21           ; 30                    ; 2                  ; no     ; yes            ; no            ; yes             ; no       ; Off          ; 2.5 V        ; --                        ; Fitter               ; no        ;
; rfif.wdat[30] ; V21   ; 5        ; 115          ; 25           ; 14           ; 30                    ; 2                  ; no     ; yes            ; no            ; yes             ; no       ; Off          ; 2.5 V        ; --                        ; Fitter               ; no        ;
; rfif.wdat[31] ; AG23  ; 4        ; 81           ; 0            ; 21           ; 30                    ; 2                  ; no     ; yes            ; no            ; yes             ; no       ; Off          ; 2.5 V        ; --                        ; Fitter               ; no        ;
; rfif.wdat[3]  ; AF16  ; 4        ; 65           ; 0            ; 14           ; 30                    ; 2                  ; no     ; yes            ; no            ; yes             ; no       ; Off          ; 2.5 V        ; --                        ; Fitter               ; no        ;
; rfif.wdat[4]  ; AE17  ; 4        ; 67           ; 0            ; 7            ; 30                    ; 2                  ; no     ; yes            ; no            ; yes             ; no       ; Off          ; 2.5 V        ; --                        ; Fitter               ; no        ;
; rfif.wdat[5]  ; AF15  ; 4        ; 60           ; 0            ; 0            ; 30                    ; 2                  ; no     ; yes            ; no            ; yes             ; no       ; Off          ; 2.5 V        ; --                        ; Fitter               ; no        ;
; rfif.wdat[6]  ; Y22   ; 5        ; 115          ; 30           ; 7            ; 30                    ; 2                  ; no     ; yes            ; no            ; yes             ; no       ; Off          ; 2.5 V        ; --                        ; Fitter               ; no        ;
; rfif.wdat[7]  ; AD15  ; 4        ; 60           ; 0            ; 14           ; 30                    ; 2                  ; no     ; yes            ; no            ; yes             ; no       ; Off          ; 2.5 V        ; --                        ; Fitter               ; no        ;
; rfif.wdat[8]  ; AB16  ; 4        ; 65           ; 0            ; 0            ; 30                    ; 2                  ; no     ; yes            ; no            ; yes             ; no       ; Off          ; 2.5 V        ; --                        ; Fitter               ; no        ;
; rfif.wdat[9]  ; U21   ; 5        ; 115          ; 29           ; 0            ; 30                    ; 2                  ; no     ; yes            ; no            ; yes             ; no       ; Off          ; 2.5 V        ; --                        ; Fitter               ; no        ;
; rfif.wsel[0]  ; J17   ; 7        ; 69           ; 73           ; 0            ; 11                    ; 0                  ; no     ; no             ; no            ; yes             ; no       ; Off          ; 2.5 V        ; --                        ; Fitter               ; no        ;
; rfif.wsel[1]  ; G18   ; 7        ; 69           ; 73           ; 21           ; 8                     ; 0                  ; no     ; no             ; no            ; yes             ; no       ; Off          ; 2.5 V        ; --                        ; Fitter               ; no        ;
; rfif.wsel[2]  ; U24   ; 5        ; 115          ; 28           ; 7            ; 21                    ; 0                  ; no     ; no             ; no            ; yes             ; no       ; Off          ; 2.5 V        ; --                        ; Fitter               ; no        ;
; rfif.wsel[3]  ; G19   ; 7        ; 69           ; 73           ; 14           ; 24                    ; 0                  ; no     ; no             ; no            ; yes             ; no       ; Off          ; 2.5 V        ; --                        ; Fitter               ; no        ;
; rfif.wsel[4]  ; T22   ; 5        ; 115          ; 32           ; 7            ; 31                    ; 0                  ; no     ; no             ; no            ; yes             ; no       ; Off          ; 2.5 V        ; --                        ; Fitter               ; no        ;
+---------------+-------+----------+--------------+--------------+--------------+-----------------------+--------------------+--------+----------------+---------------+-----------------+----------+--------------+--------------+---------------------------+----------------------+-----------+


+-----------------------------------------------------------------------------------------------------------------------------------------------------------------------------------------------------------------------------------------------------------------------------------------------------------------------------------------------------------------------------------------------------------------------------------------------------------------+
; Output Pins                                                                                                                                                                                                                                                                                                                                                                                                                                                     ;
+----------------+-------+----------+--------------+--------------+--------------+-----------------+------------------------+---------------+-----------+-----------------+------------+---------------+----------+--------------+--------------+------------------+-----------------------------------+---------------------------+----------------------------+-----------------------------+----------------------+----------------------+---------------------+
; Name           ; Pin # ; I/O Bank ; X coordinate ; Y coordinate ; Z coordinate ; Output Register ; Output Enable Register ; Power Up High ; Slew Rate ; PCI I/O Enabled ; Open Drain ; TRI Primitive ; Bus Hold ; Weak Pull Up ; I/O Standard ; Current Strength ; Termination                       ; Termination Control Block ; Output Buffer Pre-emphasis ; Voltage Output Differential ; Location assigned by ; Output Enable Source ; Output Enable Group ;
+----------------+-------+----------+--------------+--------------+--------------+-----------------+------------------------+---------------+-----------+-----------------+------------+---------------+----------+--------------+--------------+------------------+-----------------------------------+---------------------------+----------------------------+-----------------------------+----------------------+----------------------+---------------------+
; rfif.rdat1[0]  ; AH12  ; 3        ; 54           ; 0            ; 0            ; no              ; no                     ; no            ; 2         ; no              ; no         ; no            ; no       ; Off          ; 2.5 V        ; Default          ; Series 50 Ohm without Calibration ; --                        ; no                         ; no                          ; Fitter               ; -                    ; -                   ;
; rfif.rdat1[10] ; AG12  ; 3        ; 54           ; 0            ; 7            ; no              ; no                     ; no            ; 2         ; no              ; no         ; no            ; no       ; Off          ; 2.5 V        ; Default          ; Series 50 Ohm without Calibration ; --                        ; no                         ; no                          ; Fitter               ; -                    ; -                   ;
; rfif.rdat1[11] ; AD19  ; 4        ; 94           ; 0            ; 0            ; no              ; no                     ; no            ; 2         ; no              ; no         ; no            ; no       ; Off          ; 2.5 V        ; Default          ; Series 50 Ohm without Calibration ; --                        ; no                         ; no                          ; Fitter               ; -                    ; -                   ;
; rfif.rdat1[12] ; U28   ; 5        ; 115          ; 28           ; 0            ; no              ; no                     ; no            ; 2         ; no              ; no         ; no            ; no       ; Off          ; 2.5 V        ; Default          ; Series 50 Ohm without Calibration ; --                        ; no                         ; no                          ; Fitter               ; -                    ; -                   ;
; rfif.rdat1[13] ; Y17   ; 4        ; 96           ; 0            ; 21           ; no              ; no                     ; no            ; 2         ; no              ; no         ; no            ; no       ; Off          ; 2.5 V        ; Default          ; Series 50 Ohm without Calibration ; --                        ; no                         ; no                          ; Fitter               ; -                    ; -                   ;
; rfif.rdat1[14] ; V22   ; 5        ; 115          ; 26           ; 21           ; no              ; no                     ; no            ; 2         ; no              ; no         ; no            ; no       ; Off          ; 2.5 V        ; Default          ; Series 50 Ohm without Calibration ; --                        ; no                         ; no                          ; Fitter               ; -                    ; -                   ;
; rfif.rdat1[15] ; AE25  ; 4        ; 89           ; 0            ; 7            ; no              ; no                     ; no            ; 2         ; no              ; no         ; no            ; no       ; Off          ; 2.5 V        ; Default          ; Series 50 Ohm without Calibration ; --                        ; no                         ; no                          ; Fitter               ; -                    ; -                   ;
; rfif.rdat1[16] ; A17   ; 7        ; 60           ; 73           ; 0            ; no              ; no                     ; no            ; 2         ; no              ; no         ; no            ; no       ; Off          ; 2.5 V        ; Default          ; Series 50 Ohm without Calibration ; --                        ; no                         ; no                          ; Fitter               ; -                    ; -                   ;
; rfif.rdat1[17] ; B17   ; 7        ; 60           ; 73           ; 7            ; no              ; no                     ; no            ; 2         ; no              ; no         ; no            ; no       ; Off          ; 2.5 V        ; Default          ; Series 50 Ohm without Calibration ; --                        ; no                         ; no                          ; Fitter               ; -                    ; -                   ;
; rfif.rdat1[18] ; C16   ; 7        ; 62           ; 73           ; 14           ; no              ; no                     ; no            ; 2         ; no              ; no         ; no            ; no       ; Off          ; 2.5 V        ; Default          ; Series 50 Ohm without Calibration ; --                        ; no                         ; no                          ; Fitter               ; -                    ; -                   ;
; rfif.rdat1[19] ; AC12  ; 3        ; 45           ; 0            ; 21           ; no              ; no                     ; no            ; 2         ; no              ; no         ; no            ; no       ; Off          ; 2.5 V        ; Default          ; Series 50 Ohm without Calibration ; --                        ; no                         ; no                          ; Fitter               ; -                    ; -                   ;
; rfif.rdat1[1]  ; AD12  ; 3        ; 47           ; 0            ; 0            ; no              ; no                     ; no            ; 2         ; no              ; no         ; no            ; no       ; Off          ; 2.5 V        ; Default          ; Series 50 Ohm without Calibration ; --                        ; no                         ; no                          ; Fitter               ; -                    ; -                   ;
; rfif.rdat1[20] ; AF21  ; 4        ; 87           ; 0            ; 21           ; no              ; no                     ; no            ; 2         ; no              ; no         ; no            ; no       ; Off          ; 2.5 V        ; Default          ; Series 50 Ohm without Calibration ; --                        ; no                         ; no                          ; Fitter               ; -                    ; -                   ;
; rfif.rdat1[21] ; AE22  ; 4        ; 96           ; 0            ; 7            ; no              ; no                     ; no            ; 2         ; no              ; no         ; no            ; no       ; Off          ; 2.5 V        ; Default          ; Series 50 Ohm without Calibration ; --                        ; no                         ; no                          ; Fitter               ; -                    ; -                   ;
; rfif.rdat1[22] ; U25   ; 5        ; 115          ; 27           ; 0            ; no              ; no                     ; no            ; 2         ; no              ; no         ; no            ; no       ; Off          ; 2.5 V        ; Default          ; Series 50 Ohm without Calibration ; --                        ; no                         ; no                          ; Fitter               ; -                    ; -                   ;
; rfif.rdat1[23] ; AA17  ; 4        ; 89           ; 0            ; 21           ; no              ; no                     ; no            ; 2         ; no              ; no         ; no            ; no       ; Off          ; 2.5 V        ; Default          ; Series 50 Ohm without Calibration ; --                        ; no                         ; no                          ; Fitter               ; -                    ; -                   ;
; rfif.rdat1[24] ; AC18  ; 4        ; 87           ; 0            ; 14           ; no              ; no                     ; no            ; 2         ; no              ; no         ; no            ; no       ; Off          ; 2.5 V        ; Default          ; Series 50 Ohm without Calibration ; --                        ; no                         ; no                          ; Fitter               ; -                    ; -                   ;
; rfif.rdat1[25] ; T26   ; 5        ; 115          ; 31           ; 7            ; no              ; no                     ; no            ; 2         ; no              ; no         ; no            ; no       ; Off          ; 2.5 V        ; Default          ; Series 50 Ohm without Calibration ; --                        ; no                         ; no                          ; Fitter               ; -                    ; -                   ;
; rfif.rdat1[26] ; G22   ; 7        ; 72           ; 73           ; 21           ; no              ; no                     ; no            ; 2         ; no              ; no         ; no            ; no       ; Off          ; 2.5 V        ; Default          ; Series 50 Ohm without Calibration ; --                        ; no                         ; no                          ; Fitter               ; -                    ; -                   ;
; rfif.rdat1[27] ; G16   ; 7        ; 67           ; 73           ; 0            ; no              ; no                     ; no            ; 2         ; no              ; no         ; no            ; no       ; Off          ; 2.5 V        ; Default          ; Series 50 Ohm without Calibration ; --                        ; no                         ; no                          ; Fitter               ; -                    ; -                   ;
; rfif.rdat1[28] ; AB10  ; 3        ; 38           ; 0            ; 7            ; no              ; no                     ; no            ; 2         ; no              ; no         ; no            ; no       ; Off          ; 2.5 V        ; Default          ; Series 50 Ohm without Calibration ; --                        ; no                         ; no                          ; Fitter               ; -                    ; -                   ;
; rfif.rdat1[29] ; Y16   ; 4        ; 96           ; 0            ; 14           ; no              ; no                     ; no            ; 2         ; no              ; no         ; no            ; no       ; Off          ; 2.5 V        ; Default          ; Series 50 Ohm without Calibration ; --                        ; no                         ; no                          ; Fitter               ; -                    ; -                   ;
; rfif.rdat1[2]  ; U1    ; 2        ; 0            ; 30           ; 7            ; no              ; no                     ; no            ; 2         ; no              ; no         ; no            ; no       ; Off          ; 2.5 V        ; Default          ; Series 50 Ohm without Calibration ; --                        ; no                         ; no                          ; Fitter               ; -                    ; -                   ;
; rfif.rdat1[30] ; AC17  ; 4        ; 74           ; 0            ; 21           ; no              ; no                     ; no            ; 2         ; no              ; no         ; no            ; no       ; Off          ; 2.5 V        ; Default          ; Series 50 Ohm without Calibration ; --                        ; no                         ; no                          ; Fitter               ; -                    ; -                   ;
; rfif.rdat1[31] ; AG25  ; 4        ; 91           ; 0            ; 21           ; no              ; no                     ; no            ; 2         ; no              ; no         ; no            ; no       ; Off          ; 2.5 V        ; Default          ; Series 50 Ohm without Calibration ; --                        ; no                         ; no                          ; Fitter               ; -                    ; -                   ;
; rfif.rdat1[3]  ; AH17  ; 4        ; 62           ; 0            ; 14           ; no              ; no                     ; no            ; 2         ; no              ; no         ; no            ; no       ; Off          ; 2.5 V        ; Default          ; Series 50 Ohm without Calibration ; --                        ; no                         ; no                          ; Fitter               ; -                    ; -                   ;
; rfif.rdat1[4]  ; Y15   ; 3        ; 56           ; 0            ; 0            ; no              ; no                     ; no            ; 2         ; no              ; no         ; no            ; no       ; Off          ; 2.5 V        ; Default          ; Series 50 Ohm without Calibration ; --                        ; no                         ; no                          ; Fitter               ; -                    ; -                   ;
; rfif.rdat1[5]  ; H15   ; 7        ; 60           ; 73           ; 14           ; no              ; no                     ; no            ; 2         ; no              ; no         ; no            ; no       ; Off          ; 2.5 V        ; Default          ; Series 50 Ohm without Calibration ; --                        ; no                         ; no                          ; Fitter               ; -                    ; -                   ;
; rfif.rdat1[6]  ; AE14  ; 3        ; 49           ; 0            ; 21           ; no              ; no                     ; no            ; 2         ; no              ; no         ; no            ; no       ; Off          ; 2.5 V        ; Default          ; Series 50 Ohm without Calibration ; --                        ; no                         ; no                          ; Fitter               ; -                    ; -                   ;
; rfif.rdat1[7]  ; AB13  ; 3        ; 47           ; 0            ; 7            ; no              ; no                     ; no            ; 2         ; no              ; no         ; no            ; no       ; Off          ; 2.5 V        ; Default          ; Series 50 Ohm without Calibration ; --                        ; no                         ; no                          ; Fitter               ; -                    ; -                   ;
; rfif.rdat1[8]  ; Y14   ; 3        ; 56           ; 0            ; 7            ; no              ; no                     ; no            ; 2         ; no              ; no         ; no            ; no       ; Off          ; 2.5 V        ; Default          ; Series 50 Ohm without Calibration ; --                        ; no                         ; no                          ; Fitter               ; -                    ; -                   ;
; rfif.rdat1[9]  ; AB14  ; 3        ; 54           ; 0            ; 14           ; no              ; no                     ; no            ; 2         ; no              ; no         ; no            ; no       ; Off          ; 2.5 V        ; Default          ; Series 50 Ohm without Calibration ; --                        ; no                         ; no                          ; Fitter               ; -                    ; -                   ;
; rfif.rdat2[0]  ; AA14  ; 3        ; 54           ; 0            ; 21           ; no              ; no                     ; no            ; 2         ; no              ; no         ; no            ; no       ; Off          ; 2.5 V        ; Default          ; Series 50 Ohm without Calibration ; --                        ; no                         ; no                          ; Fitter               ; -                    ; -                   ;
; rfif.rdat2[10] ; D16   ; 7        ; 62           ; 73           ; 21           ; no              ; no                     ; no            ; 2         ; no              ; no         ; no            ; no       ; Off          ; 2.5 V        ; Default          ; Series 50 Ohm without Calibration ; --                        ; no                         ; no                          ; Fitter               ; -                    ; -                   ;
; rfif.rdat2[11] ; R25   ; 5        ; 115          ; 33           ; 0            ; no              ; no                     ; no            ; 2         ; no              ; no         ; no            ; no       ; Off          ; 2.5 V        ; Default          ; Series 50 Ohm without Calibration ; --                        ; no                         ; no                          ; Fitter               ; -                    ; -                   ;
; rfif.rdat2[12] ; F17   ; 7        ; 67           ; 73           ; 14           ; no              ; no                     ; no            ; 2         ; no              ; no         ; no            ; no       ; Off          ; 2.5 V        ; Default          ; Series 50 Ohm without Calibration ; --                        ; no                         ; no                          ; Fitter               ; -                    ; -                   ;
; rfif.rdat2[13] ; J16   ; 7        ; 65           ; 73           ; 14           ; no              ; no                     ; no            ; 2         ; no              ; no         ; no            ; no       ; Off          ; 2.5 V        ; Default          ; Series 50 Ohm without Calibration ; --                        ; no                         ; no                          ; Fitter               ; -                    ; -                   ;
; rfif.rdat2[14] ; G15   ; 7        ; 65           ; 73           ; 7            ; no              ; no                     ; no            ; 2         ; no              ; no         ; no            ; no       ; Off          ; 2.5 V        ; Default          ; Series 50 Ohm without Calibration ; --                        ; no                         ; no                          ; Fitter               ; -                    ; -                   ;
; rfif.rdat2[15] ; AG19  ; 4        ; 72           ; 0            ; 7            ; no              ; no                     ; no            ; 2         ; no              ; no         ; no            ; no       ; Off          ; 2.5 V        ; Default          ; Series 50 Ohm without Calibration ; --                        ; no                         ; no                          ; Fitter               ; -                    ; -                   ;
; rfif.rdat2[16] ; AD17  ; 4        ; 74           ; 0            ; 14           ; no              ; no                     ; no            ; 2         ; no              ; no         ; no            ; no       ; Off          ; 2.5 V        ; Default          ; Series 50 Ohm without Calibration ; --                        ; no                         ; no                          ; Fitter               ; -                    ; -                   ;
; rfif.rdat2[17] ; H17   ; 7        ; 67           ; 73           ; 7            ; no              ; no                     ; no            ; 2         ; no              ; no         ; no            ; no       ; Off          ; 2.5 V        ; Default          ; Series 50 Ohm without Calibration ; --                        ; no                         ; no                          ; Fitter               ; -                    ; -                   ;
; rfif.rdat2[18] ; J15   ; 7        ; 60           ; 73           ; 21           ; no              ; no                     ; no            ; 2         ; no              ; no         ; no            ; no       ; Off          ; 2.5 V        ; Default          ; Series 50 Ohm without Calibration ; --                        ; no                         ; no                          ; Fitter               ; -                    ; -                   ;
; rfif.rdat2[19] ; AD14  ; 3        ; 56           ; 0            ; 14           ; no              ; no                     ; no            ; 2         ; no              ; no         ; no            ; no       ; Off          ; 2.5 V        ; Default          ; Series 50 Ohm without Calibration ; --                        ; no                         ; no                          ; Fitter               ; -                    ; -                   ;
; rfif.rdat2[1]  ; AC14  ; 3        ; 56           ; 0            ; 21           ; no              ; no                     ; no            ; 2         ; no              ; no         ; no            ; no       ; Off          ; 2.5 V        ; Default          ; Series 50 Ohm without Calibration ; --                        ; no                         ; no                          ; Fitter               ; -                    ; -                   ;
; rfif.rdat2[20] ; T21   ; 5        ; 115          ; 32           ; 0            ; no              ; no                     ; no            ; 2         ; no              ; no         ; no            ; no       ; Off          ; 2.5 V        ; Default          ; Series 50 Ohm without Calibration ; --                        ; no                         ; no                          ; Fitter               ; -                    ; -                   ;
; rfif.rdat2[21] ; AH19  ; 4        ; 72           ; 0            ; 0            ; no              ; no                     ; no            ; 2         ; no              ; no         ; no            ; no       ; Off          ; 2.5 V        ; Default          ; Series 50 Ohm without Calibration ; --                        ; no                         ; no                          ; Fitter               ; -                    ; -                   ;
; rfif.rdat2[22] ; E17   ; 7        ; 67           ; 73           ; 21           ; no              ; no                     ; no            ; 2         ; no              ; no         ; no            ; no       ; Off          ; 2.5 V        ; Default          ; Series 50 Ohm without Calibration ; --                        ; no                         ; no                          ; Fitter               ; -                    ; -                   ;
; rfif.rdat2[23] ; AF25  ; 4        ; 83           ; 0            ; 0            ; no              ; no                     ; no            ; 2         ; no              ; no         ; no            ; no       ; Off          ; 2.5 V        ; Default          ; Series 50 Ohm without Calibration ; --                        ; no                         ; no                          ; Fitter               ; -                    ; -                   ;
; rfif.rdat2[24] ; W22   ; 5        ; 115          ; 30           ; 0            ; no              ; no                     ; no            ; 2         ; no              ; no         ; no            ; no       ; Off          ; 2.5 V        ; Default          ; Series 50 Ohm without Calibration ; --                        ; no                         ; no                          ; Fitter               ; -                    ; -                   ;
; rfif.rdat2[25] ; U26   ; 5        ; 115          ; 27           ; 7            ; no              ; no                     ; no            ; 2         ; no              ; no         ; no            ; no       ; Off          ; 2.5 V        ; Default          ; Series 50 Ohm without Calibration ; --                        ; no                         ; no                          ; Fitter               ; -                    ; -                   ;
; rfif.rdat2[26] ; AB17  ; 4        ; 89           ; 0            ; 14           ; no              ; no                     ; no            ; 2         ; no              ; no         ; no            ; no       ; Off          ; 2.5 V        ; Default          ; Series 50 Ohm without Calibration ; --                        ; no                         ; no                          ; Fitter               ; -                    ; -                   ;
; rfif.rdat2[27] ; AF26  ; 4        ; 89           ; 0            ; 0            ; no              ; no                     ; no            ; 2         ; no              ; no         ; no            ; no       ; Off          ; 2.5 V        ; Default          ; Series 50 Ohm without Calibration ; --                        ; no                         ; no                          ; Fitter               ; -                    ; -                   ;
; rfif.rdat2[28] ; AE20  ; 4        ; 85           ; 0            ; 21           ; no              ; no                     ; no            ; 2         ; no              ; no         ; no            ; no       ; Off          ; 2.5 V        ; Default          ; Series 50 Ohm without Calibration ; --                        ; no                         ; no                          ; Fitter               ; -                    ; -                   ;
; rfif.rdat2[29] ; T25   ; 5        ; 115          ; 31           ; 0            ; no              ; no                     ; no            ; 2         ; no              ; no         ; no            ; no       ; Off          ; 2.5 V        ; Default          ; Series 50 Ohm without Calibration ; --                        ; no                         ; no                          ; Fitter               ; -                    ; -                   ;
; rfif.rdat2[2]  ; V24   ; 5        ; 115          ; 24           ; 7            ; no              ; no                     ; no            ; 2         ; no              ; no         ; no            ; no       ; Off          ; 2.5 V        ; Default          ; Series 50 Ohm without Calibration ; --                        ; no                         ; no                          ; Fitter               ; -                    ; -                   ;
; rfif.rdat2[30] ; AE13  ; 3        ; 42           ; 0            ; 21           ; no              ; no                     ; no            ; 2         ; no              ; no         ; no            ; no       ; Off          ; 2.5 V        ; Default          ; Series 50 Ohm without Calibration ; --                        ; no                         ; no                          ; Fitter               ; -                    ; -                   ;
; rfif.rdat2[31] ; AH25  ; 4        ; 91           ; 0            ; 14           ; no              ; no                     ; no            ; 2         ; no              ; no         ; no            ; no       ; Off          ; 2.5 V        ; Default          ; Series 50 Ohm without Calibration ; --                        ; no                         ; no                          ; Fitter               ; -                    ; -                   ;
; rfif.rdat2[3]  ; AG17  ; 4        ; 62           ; 0            ; 21           ; no              ; no                     ; no            ; 2         ; no              ; no         ; no            ; no       ; Off          ; 2.5 V        ; Default          ; Series 50 Ohm without Calibration ; --                        ; no                         ; no                          ; Fitter               ; -                    ; -                   ;
; rfif.rdat2[4]  ; E15   ; 7        ; 58           ; 73           ; 7            ; no              ; no                     ; no            ; 2         ; no              ; no         ; no            ; no       ; Off          ; 2.5 V        ; Default          ; Series 50 Ohm without Calibration ; --                        ; no                         ; no                          ; Fitter               ; -                    ; -                   ;
; rfif.rdat2[5]  ; F15   ; 7        ; 58           ; 73           ; 0            ; no              ; no                     ; no            ; 2         ; no              ; no         ; no            ; no       ; Off          ; 2.5 V        ; Default          ; Series 50 Ohm without Calibration ; --                        ; no                         ; no                          ; Fitter               ; -                    ; -                   ;
; rfif.rdat2[6]  ; AF14  ; 3        ; 49           ; 0            ; 14           ; no              ; no                     ; no            ; 2         ; no              ; no         ; no            ; no       ; Off          ; 2.5 V        ; Default          ; Series 50 Ohm without Calibration ; --                        ; no                         ; no                          ; Fitter               ; -                    ; -                   ;
; rfif.rdat2[7]  ; Y13   ; 3        ; 52           ; 0            ; 7            ; no              ; no                     ; no            ; 2         ; no              ; no         ; no            ; no       ; Off          ; 2.5 V        ; Default          ; Series 50 Ohm without Calibration ; --                        ; no                         ; no                          ; Fitter               ; -                    ; -                   ;
; rfif.rdat2[8]  ; AA13  ; 3        ; 52           ; 0            ; 0            ; no              ; no                     ; no            ; 2         ; no              ; no         ; no            ; no       ; Off          ; 2.5 V        ; Default          ; Series 50 Ohm without Calibration ; --                        ; no                         ; no                          ; Fitter               ; -                    ; -                   ;
; rfif.rdat2[9]  ; AD11  ; 3        ; 49           ; 0            ; 0            ; no              ; no                     ; no            ; 2         ; no              ; no         ; no            ; no       ; Off          ; 2.5 V        ; Default          ; Series 50 Ohm without Calibration ; --                        ; no                         ; no                          ; Fitter               ; -                    ; -                   ;
+----------------+-------+----------+--------------+--------------+--------------+-----------------+------------------------+---------------+-----------+-----------------+------------+---------------+----------+--------------+--------------+------------------+-----------------------------------+---------------------------+----------------------------+-----------------------------+----------------------+----------------------+---------------------+


+------------------------------------------------------------------------------------------------------------------------------------+
; Dual Purpose and Dedicated Pins                                                                                                    ;
+----------+----------------------------------------+--------------------------+-------------------------+---------------------------+
; Location ; Pin Name                               ; Reserved As              ; User Signal Name        ; Pin Type                  ;
+----------+----------------------------------------+--------------------------+-------------------------+---------------------------+
; F4       ; DIFFIO_L5n, DATA1, ASDO                ; As input tri-stated      ; ~ALTERA_ASDO_DATA1~     ; Dual Purpose Pin          ;
; E2       ; DIFFIO_L8p, FLASH_nCE, nCSO            ; As input tri-stated      ; ~ALTERA_FLASH_nCE_nCSO~ ; Dual Purpose Pin          ;
; M6       ; nSTATUS                                ; -                        ; -                       ; Dedicated Programming Pin ;
; P3       ; DCLK                                   ; As output driving ground ; ~ALTERA_DCLK~           ; Dual Purpose Pin          ;
; N7       ; DATA0                                  ; As input tri-stated      ; ~ALTERA_DATA0~          ; Dual Purpose Pin          ;
; P4       ; nCONFIG                                ; -                        ; -                       ; Dedicated Programming Pin ;
; R8       ; nCE                                    ; -                        ; -                       ; Dedicated Programming Pin ;
; T22      ; DIFFIO_R29n, DEV_OE                    ; Use as regular IO        ; rfif.wsel[4]            ; Dual Purpose Pin          ;
; T21      ; DIFFIO_R29p, DEV_CLRn                  ; Use as regular IO        ; rfif.rdat2[20]          ; Dual Purpose Pin          ;
; P24      ; CONF_DONE                              ; -                        ; -                       ; Dedicated Programming Pin ;
; N22      ; MSEL0                                  ; -                        ; -                       ; Dedicated Programming Pin ;
; P23      ; MSEL1                                  ; -                        ; -                       ; Dedicated Programming Pin ;
; M22      ; MSEL2                                  ; -                        ; -                       ; Dedicated Programming Pin ;
; P22      ; MSEL3                                  ; -                        ; -                       ; Dedicated Programming Pin ;
; C16      ; DIFFIO_T36n, PADD9                     ; Use as regular IO        ; rfif.rdat1[18]          ; Dual Purpose Pin          ;
; D16      ; DIFFIO_T36p, PADD10                    ; Use as regular IO        ; rfif.rdat2[10]          ; Dual Purpose Pin          ;
; A17      ; DIFFIO_T35n, PADD11                    ; Use as regular IO        ; rfif.rdat1[16]          ; Dual Purpose Pin          ;
; B17      ; DIFFIO_T35p, PADD12, DQS4T/CQ5T,DPCLK9 ; Use as regular IO        ; rfif.rdat1[17]          ; Dual Purpose Pin          ;
+----------+----------------------------------------+--------------------------+-------------------------+---------------------------+


+------------------------------------------------------------+
; I/O Bank Usage                                             ;
+----------+------------------+---------------+--------------+
; I/O Bank ; Usage            ; VCCIO Voltage ; VREF Voltage ;
+----------+------------------+---------------+--------------+
; 1        ; 5 / 56 ( 9 % )   ; 2.5V          ; --           ;
; 2        ; 2 / 63 ( 3 % )   ; 2.5V          ; --           ;
; 3        ; 22 / 73 ( 30 % ) ; 2.5V          ; --           ;
; 4        ; 48 / 71 ( 68 % ) ; 2.5V          ; --           ;
; 5        ; 22 / 65 ( 34 % ) ; 2.5V          ; --           ;
; 6        ; 0 / 58 ( 0 % )   ; 2.5V          ; --           ;
; 7        ; 19 / 72 ( 26 % ) ; 2.5V          ; --           ;
; 8        ; 0 / 71 ( 0 % )   ; 2.5V          ; --           ;
+----------+------------------+---------------+--------------+


+-----------------------------------------------------------------------------------------------------------------------------------------------------------------------------------------+
; All Package Pins                                                                                                                                                                        ;
+----------+------------+----------+-----------------------------------------------------------+--------+--------------+---------+------------+-----------------+----------+--------------+
; Location ; Pad Number ; I/O Bank ; Pin Name/Usage                                            ; Dir.   ; I/O Standard ; Voltage ; I/O Type   ; User Assignment ; Bus Hold ; Weak Pull Up ;
+----------+------------+----------+-----------------------------------------------------------+--------+--------------+---------+------------+-----------------+----------+--------------+
; A2       ;            ; 8        ; VCCIO8                                                    ; power  ;              ; 2.5V    ; --         ;                 ; --       ; --           ;
; A3       ; 535        ; 8        ; RESERVED_INPUT_WITH_WEAK_PULLUP                           ;        ;              ;         ; Column I/O ;                 ; no       ; On           ;
; A4       ; 532        ; 8        ; RESERVED_INPUT_WITH_WEAK_PULLUP                           ;        ;              ;         ; Column I/O ;                 ; no       ; On           ;
; A5       ;            ; 8        ; VCCIO8                                                    ; power  ;              ; 2.5V    ; --         ;                 ; --       ; --           ;
; A6       ; 504        ; 8        ; RESERVED_INPUT_WITH_WEAK_PULLUP                           ;        ;              ;         ; Column I/O ;                 ; no       ; On           ;
; A7       ; 501        ; 8        ; RESERVED_INPUT_WITH_WEAK_PULLUP                           ;        ;              ;         ; Column I/O ;                 ; no       ; On           ;
; A8       ; 517        ; 8        ; RESERVED_INPUT_WITH_WEAK_PULLUP                           ;        ;              ;         ; Column I/O ;                 ; no       ; On           ;
; A9       ;            ; 8        ; VCCIO8                                                    ; power  ;              ; 2.5V    ; --         ;                 ; --       ; --           ;
; A10      ; 491        ; 8        ; RESERVED_INPUT_WITH_WEAK_PULLUP                           ;        ;              ;         ; Column I/O ;                 ; no       ; On           ;
; A11      ; 487        ; 8        ; RESERVED_INPUT_WITH_WEAK_PULLUP                           ;        ;              ;         ; Column I/O ;                 ; no       ; On           ;
; A12      ; 482        ; 8        ; RESERVED_INPUT_WITH_WEAK_PULLUP                           ;        ;              ;         ; Column I/O ;                 ; no       ; On           ;
; A13      ;            ; 8        ; VCCIO8                                                    ; power  ;              ; 2.5V    ; --         ;                 ; --       ; --           ;
; A14      ; 472        ; 8        ; GND+                                                      ;        ;              ;         ; Column I/O ;                 ; --       ; --           ;
; A15      ; 470        ; 7        ; GND+                                                      ;        ;              ;         ; Column I/O ;                 ; --       ; --           ;
; A16      ;            ; 7        ; VCCIO7                                                    ; power  ;              ; 2.5V    ; --         ;                 ; --       ; --           ;
; A17      ; 462        ; 7        ; rfif.rdat1[16]                                            ; output ; 2.5 V        ;         ; Column I/O ; N               ; no       ; Off          ;
; A18      ; 442        ; 7        ; RESERVED_INPUT_WITH_WEAK_PULLUP                           ;        ;              ;         ; Column I/O ;                 ; no       ; On           ;
; A19      ; 440        ; 7        ; RESERVED_INPUT_WITH_WEAK_PULLUP                           ;        ;              ;         ; Column I/O ;                 ; no       ; On           ;
; A20      ;            ; 7        ; VCCIO7                                                    ; power  ;              ; 2.5V    ; --         ;                 ; --       ; --           ;
; A21      ; 425        ; 7        ; RESERVED_INPUT_WITH_WEAK_PULLUP                           ;        ;              ;         ; Column I/O ;                 ; no       ; On           ;
; A22      ; 423        ; 7        ; RESERVED_INPUT_WITH_WEAK_PULLUP                           ;        ;              ;         ; Column I/O ;                 ; no       ; On           ;
; A23      ; 412        ; 7        ; RESERVED_INPUT_WITH_WEAK_PULLUP                           ;        ;              ;         ; Column I/O ;                 ; no       ; On           ;
; A24      ;            ; 7        ; VCCIO7                                                    ; power  ;              ; 2.5V    ; --         ;                 ; --       ; --           ;
; A25      ; 405        ; 7        ; RESERVED_INPUT_WITH_WEAK_PULLUP                           ;        ;              ;         ; Column I/O ;                 ; no       ; On           ;
; A26      ; 404        ; 7        ; RESERVED_INPUT_WITH_WEAK_PULLUP                           ;        ;              ;         ; Column I/O ;                 ; no       ; On           ;
; A27      ;            ; 7        ; VCCIO7                                                    ; power  ;              ; 2.5V    ; --         ;                 ; --       ; --           ;
; AA1      ;            ; 2        ; VCCIO2                                                    ; power  ;              ; 2.5V    ; --         ;                 ; --       ; --           ;
; AA2      ;            ;          ; GND                                                       ; gnd    ;              ;         ; --         ;                 ; --       ; --           ;
; AA3      ; 102        ; 2        ; RESERVED_INPUT_WITH_WEAK_PULLUP                           ;        ;              ;         ; Row I/O    ;                 ; no       ; On           ;
; AA4      ; 101        ; 2        ; RESERVED_INPUT_WITH_WEAK_PULLUP                           ;        ;              ;         ; Row I/O    ;                 ; no       ; On           ;
; AA5      ; 119        ; 2        ; RESERVED_INPUT_WITH_WEAK_PULLUP                           ;        ;              ;         ; Row I/O    ;                 ; no       ; On           ;
; AA6      ; 118        ; 2        ; RESERVED_INPUT_WITH_WEAK_PULLUP                           ;        ;              ;         ; Row I/O    ;                 ; no       ; On           ;
; AA7      ; 120        ; 2        ; RESERVED_INPUT_WITH_WEAK_PULLUP                           ;        ;              ;         ; Row I/O    ;                 ; no       ; On           ;
; AA8      ; 154        ; 3        ; RESERVED_INPUT_WITH_WEAK_PULLUP                           ;        ;              ;         ; Column I/O ;                 ; no       ; On           ;
; AA9      ;            ;          ; GNDA1                                                     ; gnd    ;              ;         ; --         ;                 ; --       ; --           ;
; AA10     ; 155        ; 3        ; RESERVED_INPUT_WITH_WEAK_PULLUP                           ;        ;              ;         ; Column I/O ;                 ; no       ; On           ;
; AA11     ;            ; 3        ; VCCIO3                                                    ; power  ;              ; 2.5V    ; --         ;                 ; --       ; --           ;
; AA12     ; 188        ; 3        ; rfif.rsel2[2]                                             ; input  ; 2.5 V        ;         ; Column I/O ; N               ; no       ; Off          ;
; AA13     ; 190        ; 3        ; rfif.rdat2[8]                                             ; output ; 2.5 V        ;         ; Column I/O ; N               ; no       ; Off          ;
; AA14     ; 191        ; 3        ; rfif.rdat2[0]                                             ; output ; 2.5 V        ;         ; Column I/O ; N               ; no       ; Off          ;
; AA15     ; 213        ; 4        ; rfif.wdat[2]                                              ; input  ; 2.5 V        ;         ; Column I/O ; N               ; no       ; Off          ;
; AA16     ; 211        ; 4        ; rfif.wdat[18]                                             ; input  ; 2.5 V        ;         ; Column I/O ; N               ; no       ; Off          ;
; AA17     ; 241        ; 4        ; rfif.rdat1[23]                                            ; output ; 2.5 V        ;         ; Column I/O ; N               ; no       ; Off          ;
; AA18     ;            ; 4        ; VCCIO4                                                    ; power  ;              ; 2.5V    ; --         ;                 ; --       ; --           ;
; AA19     ; 264        ; 4        ; RESERVED_INPUT_WITH_WEAK_PULLUP                           ;        ;              ;         ; Column I/O ;                 ; no       ; On           ;
; AA20     ;            ;          ; GNDA4                                                     ; gnd    ;              ;         ; --         ;                 ; --       ; --           ;
; AA21     ; 269        ; 4        ; RESERVED_INPUT_WITH_WEAK_PULLUP                           ;        ;              ;         ; Column I/O ;                 ; no       ; On           ;
; AA22     ; 275        ; 5        ; RESERVED_INPUT_WITH_WEAK_PULLUP                           ;        ;              ;         ; Row I/O    ;                 ; no       ; On           ;
; AA23     ; 280        ; 5        ; RESERVED_INPUT_WITH_WEAK_PULLUP                           ;        ;              ;         ; Row I/O    ;                 ; no       ; On           ;
; AA24     ; 279        ; 5        ; RESERVED_INPUT_WITH_WEAK_PULLUP                           ;        ;              ;         ; Row I/O    ;                 ; --       ; --           ;
; AA25     ; 294        ; 5        ; RESERVED_INPUT_WITH_WEAK_PULLUP                           ;        ;              ;         ; Row I/O    ;                 ; no       ; On           ;
; AA26     ; 293        ; 5        ; RESERVED_INPUT_WITH_WEAK_PULLUP                           ;        ;              ;         ; Row I/O    ;                 ; no       ; On           ;
; AA27     ;            ;          ; GND                                                       ; gnd    ;              ;         ; --         ;                 ; --       ; --           ;
; AA28     ;            ; 5        ; VCCIO5                                                    ; power  ;              ; 2.5V    ; --         ;                 ; --       ; --           ;
; AB1      ; 86         ; 2        ; RESERVED_INPUT_WITH_WEAK_PULLUP                           ;        ;              ;         ; Row I/O    ;                 ; no       ; On           ;
; AB2      ; 85         ; 2        ; RESERVED_INPUT_WITH_WEAK_PULLUP                           ;        ;              ;         ; Row I/O    ;                 ; no       ; On           ;
; AB3      ; 99         ; 2        ; RESERVED_INPUT_WITH_WEAK_PULLUP                           ;        ;              ;         ; Row I/O    ;                 ; no       ; On           ;
; AB4      ; 121        ; 2        ; RESERVED_INPUT_WITH_WEAK_PULLUP                           ;        ;              ;         ; Row I/O    ;                 ; --       ; --           ;
; AB5      ; 127        ; 2        ; RESERVED_INPUT_WITH_WEAK_PULLUP                           ;        ;              ;         ; Row I/O    ;                 ; no       ; On           ;
; AB6      ; 126        ; 2        ; RESERVED_INPUT_WITH_WEAK_PULLUP                           ;        ;              ;         ; Row I/O    ;                 ; no       ; On           ;
; AB7      ; 152        ; 3        ; RESERVED_INPUT_WITH_WEAK_PULLUP                           ;        ;              ;         ; Column I/O ;                 ; no       ; On           ;
; AB8      ; 148        ; 3        ; RESERVED_INPUT_WITH_WEAK_PULLUP                           ;        ;              ;         ; Column I/O ;                 ; no       ; On           ;
; AB9      ; 147        ; 3        ; RESERVED_INPUT_WITH_WEAK_PULLUP                           ;        ;              ;         ; Column I/O ;                 ; no       ; On           ;
; AB10     ; 173        ; 3        ; rfif.rdat1[28]                                            ; output ; 2.5 V        ;         ; Column I/O ; N               ; no       ; Off          ;
; AB11     ; 164        ; 3        ; RESERVED_INPUT_WITH_WEAK_PULLUP                           ;        ;              ;         ; Column I/O ;                 ; --       ; --           ;
; AB12     ; 180        ; 3        ; rfif.rsel1[4]                                             ; input  ; 2.5 V        ;         ; Column I/O ; N               ; no       ; Off          ;
; AB13     ; 181        ; 3        ; rfif.rdat1[7]                                             ; output ; 2.5 V        ;         ; Column I/O ; N               ; no       ; Off          ;
; AB14     ; 192        ; 3        ; rfif.rdat1[9]                                             ; output ; 2.5 V        ;         ; Column I/O ; N               ; no       ; Off          ;
; AB15     ; 214        ; 4        ; rfif.wdat[0]                                              ; input  ; 2.5 V        ;         ; Column I/O ; N               ; no       ; Off          ;
; AB16     ; 212        ; 4        ; rfif.wdat[8]                                              ; input  ; 2.5 V        ;         ; Column I/O ; N               ; no       ; Off          ;
; AB17     ; 242        ; 4        ; rfif.rdat2[26]                                            ; output ; 2.5 V        ;         ; Column I/O ; N               ; no       ; Off          ;
; AB18     ; 254        ; 4        ; RESERVED_INPUT_WITH_WEAK_PULLUP                           ;        ;              ;         ; Column I/O ;                 ; no       ; On           ;
; AB19     ; 253        ; 4        ; RESERVED_INPUT_WITH_WEAK_PULLUP                           ;        ;              ;         ; Column I/O ;                 ; no       ; On           ;
; AB20     ; 257        ; 4        ; RESERVED_INPUT_WITH_WEAK_PULLUP                           ;        ;              ;         ; Column I/O ;                 ; --       ; --           ;
; AB21     ; 266        ; 4        ; RESERVED_INPUT_WITH_WEAK_PULLUP                           ;        ;              ;         ; Column I/O ;                 ; no       ; On           ;
; AB22     ; 265        ; 4        ; RESERVED_INPUT_WITH_WEAK_PULLUP                           ;        ;              ;         ; Column I/O ;                 ; no       ; On           ;
; AB23     ; 276        ; 5        ; RESERVED_INPUT_WITH_WEAK_PULLUP                           ;        ;              ;         ; Row I/O    ;                 ; no       ; On           ;
; AB24     ; 274        ; 5        ; RESERVED_INPUT_WITH_WEAK_PULLUP                           ;        ;              ;         ; Row I/O    ;                 ; no       ; On           ;
; AB25     ; 292        ; 5        ; RESERVED_INPUT_WITH_WEAK_PULLUP                           ;        ;              ;         ; Row I/O    ;                 ; no       ; On           ;
; AB26     ; 291        ; 5        ; RESERVED_INPUT_WITH_WEAK_PULLUP                           ;        ;              ;         ; Row I/O    ;                 ; no       ; On           ;
; AB27     ; 296        ; 5        ; RESERVED_INPUT_WITH_WEAK_PULLUP                           ;        ;              ;         ; Row I/O    ;                 ; no       ; On           ;
; AB28     ; 295        ; 5        ; RESERVED_INPUT_WITH_WEAK_PULLUP                           ;        ;              ;         ; Row I/O    ;                 ; no       ; On           ;
; AC1      ; 94         ; 2        ; RESERVED_INPUT_WITH_WEAK_PULLUP                           ;        ;              ;         ; Row I/O    ;                 ; no       ; On           ;
; AC2      ; 93         ; 2        ; RESERVED_INPUT_WITH_WEAK_PULLUP                           ;        ;              ;         ; Row I/O    ;                 ; no       ; On           ;
; AC3      ; 95         ; 2        ; RESERVED_INPUT_WITH_WEAK_PULLUP                           ;        ;              ;         ; Row I/O    ;                 ; no       ; On           ;
; AC4      ; 125        ; 2        ; RESERVED_INPUT_WITH_WEAK_PULLUP                           ;        ;              ;         ; Row I/O    ;                 ; no       ; On           ;
; AC5      ; 124        ; 2        ; RESERVED_INPUT_WITH_WEAK_PULLUP                           ;        ;              ;         ; Row I/O    ;                 ; no       ; On           ;
; AC6      ;            ;          ; GND                                                       ; gnd    ;              ;         ; --         ;                 ; --       ; --           ;
; AC7      ; 144        ; 3        ; RESERVED_INPUT_WITH_WEAK_PULLUP                           ;        ;              ;         ; Column I/O ;                 ; no       ; On           ;
; AC8      ; 153        ; 3        ; RESERVED_INPUT_WITH_WEAK_PULLUP                           ;        ;              ;         ; Column I/O ;                 ; no       ; On           ;
; AC9      ;            ;          ; GND                                                       ; gnd    ;              ;         ; --         ;                 ; --       ; --           ;
; AC10     ; 174        ; 3        ; RESERVED_INPUT_WITH_WEAK_PULLUP                           ;        ;              ;         ; Column I/O ;                 ; no       ; On           ;
; AC11     ; 185        ; 3        ; rfif.rsel1[2]                                             ; input  ; 2.5 V        ;         ; Column I/O ; N               ; no       ; Off          ;
; AC12     ; 179        ; 3        ; rfif.rdat1[19]                                            ; output ; 2.5 V        ;         ; Column I/O ; N               ; no       ; Off          ;
; AC13     ;            ;          ; GND                                                       ; gnd    ;              ;         ; --         ;                 ; --       ; --           ;
; AC14     ; 195        ; 3        ; rfif.rdat2[1]                                             ; output ; 2.5 V        ;         ; Column I/O ; N               ; no       ; Off          ;
; AC15     ; 203        ; 4        ; rfif.wdat[19]                                             ; input  ; 2.5 V        ;         ; Column I/O ; N               ; no       ; Off          ;
; AC16     ;            ;          ; GND                                                       ; gnd    ;              ;         ; --         ;                 ; --       ; --           ;
; AC17     ; 221        ; 4        ; rfif.rdat1[30]                                            ; output ; 2.5 V        ;         ; Column I/O ; N               ; no       ; Off          ;
; AC18     ; 240        ; 4        ; rfif.rdat1[24]                                            ; output ; 2.5 V        ;         ; Column I/O ; N               ; no       ; Off          ;
; AC19     ; 247        ; 4        ; RESERVED_INPUT_WITH_WEAK_PULLUP                           ;        ;              ;         ; Column I/O ;                 ; no       ; On           ;
; AC20     ;            ;          ; GND                                                       ; gnd    ;              ;         ; --         ;                 ; --       ; --           ;
; AC21     ; 258        ; 4        ; RESERVED_INPUT_WITH_WEAK_PULLUP                           ;        ;              ;         ; Column I/O ;                 ; no       ; On           ;
; AC22     ; 267        ; 4        ; RESERVED_INPUT_WITH_WEAK_PULLUP                           ;        ;              ;         ; Column I/O ;                 ; no       ; On           ;
; AC23     ;            ;          ; GND                                                       ; gnd    ;              ;         ; --         ;                 ; --       ; --           ;
; AC24     ; 273        ; 5        ; RESERVED_INPUT_WITH_WEAK_PULLUP                           ;        ;              ;         ; Row I/O    ;                 ; no       ; On           ;
; AC25     ; 272        ; 5        ; RESERVED_INPUT_WITH_WEAK_PULLUP                           ;        ;              ;         ; Row I/O    ;                 ; no       ; On           ;
; AC26     ; 282        ; 5        ; RESERVED_INPUT_WITH_WEAK_PULLUP                           ;        ;              ;         ; Row I/O    ;                 ; no       ; On           ;
; AC27     ; 290        ; 5        ; RESERVED_INPUT_WITH_WEAK_PULLUP                           ;        ;              ;         ; Row I/O    ;                 ; no       ; On           ;
; AC28     ; 289        ; 5        ; RESERVED_INPUT_WITH_WEAK_PULLUP                           ;        ;              ;         ; Row I/O    ;                 ; no       ; On           ;
; AD1      ; 98         ; 2        ; RESERVED_INPUT_WITH_WEAK_PULLUP                           ;        ;              ;         ; Row I/O    ;                 ; no       ; On           ;
; AD2      ; 97         ; 2        ; RESERVED_INPUT_WITH_WEAK_PULLUP                           ;        ;              ;         ; Row I/O    ;                 ; no       ; On           ;
; AD3      ; 96         ; 2        ; RESERVED_INPUT_WITH_WEAK_PULLUP                           ;        ;              ;         ; Row I/O    ;                 ; no       ; On           ;
; AD4      ; 130        ; 3        ; RESERVED_INPUT_WITH_WEAK_PULLUP                           ;        ;              ;         ; Column I/O ;                 ; no       ; On           ;
; AD5      ; 128        ; 3        ; RESERVED_INPUT_WITH_WEAK_PULLUP                           ;        ;              ;         ; Column I/O ;                 ; no       ; On           ;
; AD6      ;            ; 3        ; VCCIO3                                                    ; power  ;              ; 2.5V    ; --         ;                 ; --       ; --           ;
; AD7      ; 134        ; 3        ; RESERVED_INPUT_WITH_WEAK_PULLUP                           ;        ;              ;         ; Column I/O ;                 ; no       ; On           ;
; AD8      ; 143        ; 3        ; RESERVED_INPUT_WITH_WEAK_PULLUP                           ;        ;              ;         ; Column I/O ;                 ; no       ; On           ;
; AD9      ;            ; 3        ; VCCIO3                                                    ; power  ;              ; 2.5V    ; --         ;                 ; --       ; --           ;
; AD10     ; 149        ; 3        ; RESERVED_INPUT_WITH_WEAK_PULLUP                           ;        ;              ;         ; Column I/O ;                 ; no       ; On           ;
; AD11     ; 186        ; 3        ; rfif.rdat2[9]                                             ; output ; 2.5 V        ;         ; Column I/O ; N               ; no       ; Off          ;
; AD12     ; 182        ; 3        ; rfif.rdat1[1]                                             ; output ; 2.5 V        ;         ; Column I/O ; N               ; no       ; Off          ;
; AD13     ;            ; 3        ; VCCIO3                                                    ; power  ;              ; 2.5V    ; --         ;                 ; --       ; --           ;
; AD14     ; 196        ; 3        ; rfif.rdat2[19]                                            ; output ; 2.5 V        ;         ; Column I/O ; N               ; no       ; Off          ;
; AD15     ; 204        ; 4        ; rfif.wdat[7]                                              ; input  ; 2.5 V        ;         ; Column I/O ; N               ; no       ; Off          ;
; AD16     ;            ; 4        ; VCCIO4                                                    ; power  ;              ; 2.5V    ; --         ;                 ; --       ; --           ;
; AD17     ; 222        ; 4        ; rfif.rdat2[16]                                            ; output ; 2.5 V        ;         ; Column I/O ; N               ; no       ; Off          ;
; AD18     ; 237        ; 4        ; rfif.wdat[16]                                             ; input  ; 2.5 V        ;         ; Column I/O ; N               ; no       ; Off          ;
; AD19     ; 248        ; 4        ; rfif.rdat1[11]                                            ; output ; 2.5 V        ;         ; Column I/O ; N               ; no       ; Off          ;
; AD20     ;            ; 4        ; VCCIO4                                                    ; power  ;              ; 2.5V    ; --         ;                 ; --       ; --           ;
; AD21     ; 259        ; 4        ; RESERVED_INPUT_WITH_WEAK_PULLUP                           ;        ;              ;         ; Column I/O ;                 ; no       ; On           ;
; AD22     ; 268        ; 4        ; RESERVED_INPUT_WITH_WEAK_PULLUP                           ;        ;              ;         ; Column I/O ;                 ; no       ; On           ;
; AD23     ;            ; 4        ; VCCIO4                                                    ; power  ;              ; 2.5V    ; --         ;                 ; --       ; --           ;
; AD24     ; 260        ; 4        ; RESERVED_INPUT_WITH_WEAK_PULLUP                           ;        ;              ;         ; Column I/O ;                 ; no       ; On           ;
; AD25     ; 255        ; 4        ; RESERVED_INPUT_WITH_WEAK_PULLUP                           ;        ;              ;         ; Column I/O ;                 ; no       ; On           ;
; AD26     ; 281        ; 5        ; RESERVED_INPUT_WITH_WEAK_PULLUP                           ;        ;              ;         ; Row I/O    ;                 ; no       ; On           ;
; AD27     ; 286        ; 5        ; RESERVED_INPUT_WITH_WEAK_PULLUP                           ;        ;              ;         ; Row I/O    ;                 ; no       ; On           ;
; AD28     ; 285        ; 5        ; RESERVED_INPUT_WITH_WEAK_PULLUP                           ;        ;              ;         ; Row I/O    ;                 ; no       ; On           ;
; AE1      ; 106        ; 2        ; RESERVED_INPUT_WITH_WEAK_PULLUP                           ;        ;              ;         ; Row I/O    ;                 ; no       ; On           ;
; AE2      ; 105        ; 2        ; RESERVED_INPUT_WITH_WEAK_PULLUP                           ;        ;              ;         ; Row I/O    ;                 ; no       ; On           ;
; AE3      ; 122        ; 2        ; RESERVED_INPUT_WITH_WEAK_PULLUP                           ;        ;              ;         ; Row I/O    ;                 ; no       ; On           ;
; AE4      ; 132        ; 3        ; RESERVED_INPUT_WITH_WEAK_PULLUP                           ;        ;              ;         ; Column I/O ;                 ; no       ; On           ;
; AE5      ; 135        ; 3        ; RESERVED_INPUT_WITH_WEAK_PULLUP                           ;        ;              ;         ; Column I/O ;                 ; no       ; On           ;
; AE6      ; 129        ; 3        ; RESERVED_INPUT_WITH_WEAK_PULLUP                           ;        ;              ;         ; Column I/O ;                 ; no       ; On           ;
; AE7      ; 158        ; 3        ; RESERVED_INPUT_WITH_WEAK_PULLUP                           ;        ;              ;         ; Column I/O ;                 ; no       ; On           ;
; AE8      ; 161        ; 3        ; RESERVED_INPUT_WITH_WEAK_PULLUP                           ;        ;              ;         ; Column I/O ;                 ; no       ; On           ;
; AE9      ; 163        ; 3        ; RESERVED_INPUT_WITH_WEAK_PULLUP                           ;        ;              ;         ; Column I/O ;                 ; no       ; On           ;
; AE10     ; 165        ; 3        ; RESERVED_INPUT_WITH_WEAK_PULLUP                           ;        ;              ;         ; Column I/O ;                 ; no       ; On           ;
; AE11     ; 171        ; 3        ; RESERVED_INPUT_WITH_WEAK_PULLUP                           ;        ;              ;         ; Column I/O ;                 ; no       ; On           ;
; AE12     ; 169        ; 3        ; RESERVED_INPUT_WITH_WEAK_PULLUP                           ;        ;              ;         ; Column I/O ;                 ; no       ; On           ;
; AE13     ; 177        ; 3        ; rfif.rdat2[30]                                            ; output ; 2.5 V        ;         ; Column I/O ; N               ; no       ; Off          ;
; AE14     ; 183        ; 3        ; rfif.rdat1[6]                                             ; output ; 2.5 V        ;         ; Column I/O ; N               ; no       ; Off          ;
; AE15     ; 205        ; 4        ; rfif.wdat[17]                                             ; input  ; 2.5 V        ;         ; Column I/O ; N               ; no       ; Off          ;
; AE16     ; 209        ; 4        ; rfif.wdat[1]                                              ; input  ; 2.5 V        ;         ; Column I/O ; N               ; no       ; Off          ;
; AE17     ; 215        ; 4        ; rfif.wdat[4]                                              ; input  ; 2.5 V        ;         ; Column I/O ; N               ; no       ; Off          ;
; AE18     ; 225        ; 4        ; rfif.wdat[15]                                             ; input  ; 2.5 V        ;         ; Column I/O ; N               ; no       ; Off          ;
; AE19     ; 231        ; 4        ; rfif.wdat[12]                                             ; input  ; 2.5 V        ;         ; Column I/O ; N               ; no       ; Off          ;
; AE20     ; 235        ; 4        ; rfif.rdat2[28]                                            ; output ; 2.5 V        ;         ; Column I/O ; N               ; no       ; Off          ;
; AE21     ; 238        ; 4        ; rfif.wdat[22]                                             ; input  ; 2.5 V        ;         ; Column I/O ; N               ; no       ; Off          ;
; AE22     ; 251        ; 4        ; rfif.rdat1[21]                                            ; output ; 2.5 V        ;         ; Column I/O ; N               ; no       ; Off          ;
; AE23     ; 261        ; 4        ; RESERVED_INPUT_WITH_WEAK_PULLUP                           ;        ;              ;         ; Column I/O ;                 ; no       ; On           ;
; AE24     ; 256        ; 4        ; RESERVED_INPUT_WITH_WEAK_PULLUP                           ;        ;              ;         ; Column I/O ;                 ; no       ; On           ;
; AE25     ; 243        ; 4        ; rfif.rdat1[15]                                            ; output ; 2.5 V        ;         ; Column I/O ; N               ; no       ; Off          ;
; AE26     ; 278        ; 5        ; RESERVED_INPUT_WITH_WEAK_PULLUP                           ;        ;              ;         ; Row I/O    ;                 ; no       ; On           ;
; AE27     ; 284        ; 5        ; RESERVED_INPUT_WITH_WEAK_PULLUP                           ;        ;              ;         ; Row I/O    ;                 ; no       ; On           ;
; AE28     ; 283        ; 5        ; RESERVED_INPUT_WITH_WEAK_PULLUP                           ;        ;              ;         ; Row I/O    ;                 ; no       ; On           ;
; AF1      ;            ;          ; GND                                                       ; gnd    ;              ;         ; --         ;                 ; --       ; --           ;
; AF2      ; 123        ; 2        ; RESERVED_INPUT_WITH_WEAK_PULLUP                           ;        ;              ;         ; Row I/O    ;                 ; no       ; On           ;
; AF3      ; 138        ; 3        ; RESERVED_INPUT_WITH_WEAK_PULLUP                           ;        ;              ;         ; Column I/O ;                 ; no       ; On           ;
; AF4      ; 131        ; 3        ; RESERVED_INPUT_WITH_WEAK_PULLUP                           ;        ;              ;         ; Column I/O ;                 ; no       ; On           ;
; AF5      ; 136        ; 3        ; RESERVED_INPUT_WITH_WEAK_PULLUP                           ;        ;              ;         ; Column I/O ;                 ; no       ; On           ;
; AF6      ; 139        ; 3        ; RESERVED_INPUT_WITH_WEAK_PULLUP                           ;        ;              ;         ; Column I/O ;                 ; no       ; On           ;
; AF7      ; 159        ; 3        ; RESERVED_INPUT_WITH_WEAK_PULLUP                           ;        ;              ;         ; Column I/O ;                 ; no       ; On           ;
; AF8      ; 162        ; 3        ; RESERVED_INPUT_WITH_WEAK_PULLUP                           ;        ;              ;         ; Column I/O ;                 ; no       ; On           ;
; AF9      ; 160        ; 3        ; RESERVED_INPUT_WITH_WEAK_PULLUP                           ;        ;              ;         ; Column I/O ;                 ; no       ; On           ;
; AF10     ; 166        ; 3        ; RESERVED_INPUT_WITH_WEAK_PULLUP                           ;        ;              ;         ; Column I/O ;                 ; no       ; On           ;
; AF11     ; 172        ; 3        ; RESERVED_INPUT_WITH_WEAK_PULLUP                           ;        ;              ;         ; Column I/O ;                 ; no       ; On           ;
; AF12     ; 170        ; 3        ; RESERVED_INPUT_WITH_WEAK_PULLUP                           ;        ;              ;         ; Column I/O ;                 ; no       ; On           ;
; AF13     ; 178        ; 3        ; RESERVED_INPUT_WITH_WEAK_PULLUP                           ;        ;              ;         ; Column I/O ;                 ; no       ; On           ;
; AF14     ; 184        ; 3        ; rfif.rdat2[6]                                             ; output ; 2.5 V        ;         ; Column I/O ; N               ; no       ; Off          ;
; AF15     ; 206        ; 4        ; rfif.wdat[5]                                              ; input  ; 2.5 V        ;         ; Column I/O ; N               ; no       ; Off          ;
; AF16     ; 210        ; 4        ; rfif.wdat[3]                                              ; input  ; 2.5 V        ;         ; Column I/O ; N               ; no       ; Off          ;
; AF17     ; 216        ; 4        ; rfif.wdat[14]                                             ; input  ; 2.5 V        ;         ; Column I/O ; N               ; no       ; Off          ;
; AF18     ; 226        ; 4        ; rfif.wdat[29]                                             ; input  ; 2.5 V        ;         ; Column I/O ; N               ; no       ; Off          ;
; AF19     ; 232        ; 4        ; rfif.wdat[26]                                             ; input  ; 2.5 V        ;         ; Column I/O ; N               ; no       ; Off          ;
; AF20     ; 236        ; 4        ; rfif.wdat[20]                                             ; input  ; 2.5 V        ;         ; Column I/O ; N               ; no       ; Off          ;
; AF21     ; 239        ; 4        ; rfif.rdat1[20]                                            ; output ; 2.5 V        ;         ; Column I/O ; N               ; no       ; Off          ;
; AF22     ; 252        ; 4        ; RESERVED_INPUT_WITH_WEAK_PULLUP                           ;        ;              ;         ; Column I/O ;                 ; no       ; On           ;
; AF23     ; 262        ; 4        ; RESERVED_INPUT_WITH_WEAK_PULLUP                           ;        ;              ;         ; Column I/O ;                 ; no       ; On           ;
; AF24     ; 233        ; 4        ; rfif.wdat[28]                                             ; input  ; 2.5 V        ;         ; Column I/O ; N               ; no       ; Off          ;
; AF25     ; 234        ; 4        ; rfif.rdat2[23]                                            ; output ; 2.5 V        ;         ; Column I/O ; N               ; no       ; Off          ;
; AF26     ; 244        ; 4        ; rfif.rdat2[27]                                            ; output ; 2.5 V        ;         ; Column I/O ; N               ; no       ; Off          ;
; AF27     ; 277        ; 5        ; RESERVED_INPUT_WITH_WEAK_PULLUP                           ;        ;              ;         ; Row I/O    ;                 ; no       ; On           ;
; AF28     ;            ;          ; GND                                                       ; gnd    ;              ;         ; --         ;                 ; --       ; --           ;
; AG1      ;            ; 2        ; VCCIO2                                                    ; power  ;              ; 2.5V    ; --         ;                 ; --       ; --           ;
; AG2      ;            ;          ; GND                                                       ; gnd    ;              ;         ; --         ;                 ; --       ; --           ;
; AG3      ; 133        ; 3        ; RESERVED_INPUT_WITH_WEAK_PULLUP                           ;        ;              ;         ; Column I/O ;                 ; no       ; On           ;
; AG4      ; 141        ; 3        ; RESERVED_INPUT_WITH_WEAK_PULLUP                           ;        ;              ;         ; Column I/O ;                 ; no       ; On           ;
; AG5      ;            ;          ; GND                                                       ; gnd    ;              ;         ; --         ;                 ; --       ; --           ;
; AG6      ; 145        ; 3        ; RESERVED_INPUT_WITH_WEAK_PULLUP                           ;        ;              ;         ; Column I/O ;                 ; no       ; On           ;
; AG7      ; 150        ; 3        ; RESERVED_INPUT_WITH_WEAK_PULLUP                           ;        ;              ;         ; Column I/O ;                 ; no       ; On           ;
; AG8      ; 156        ; 3        ; RESERVED_INPUT_WITH_WEAK_PULLUP                           ;        ;              ;         ; Column I/O ;                 ; no       ; On           ;
; AG9      ;            ;          ; GND                                                       ; gnd    ;              ;         ; --         ;                 ; --       ; --           ;
; AG10     ; 167        ; 3        ; RESERVED_INPUT_WITH_WEAK_PULLUP                           ;        ;              ;         ; Column I/O ;                 ; no       ; On           ;
; AG11     ; 175        ; 3        ; RESERVED_INPUT_WITH_WEAK_PULLUP                           ;        ;              ;         ; Column I/O ;                 ; no       ; On           ;
; AG12     ; 193        ; 3        ; rfif.rdat1[10]                                            ; output ; 2.5 V        ;         ; Column I/O ; N               ; no       ; Off          ;
; AG13     ;            ;          ; GND                                                       ; gnd    ;              ;         ; --         ;                 ; --       ; --           ;
; AG14     ; 199        ; 3        ; GND+                                                      ;        ;              ;         ; Column I/O ;                 ; --       ; --           ;
; AG15     ; 201        ; 4        ; GND+                                                      ;        ;              ;         ; Column I/O ;                 ; --       ; --           ;
; AG16     ;            ;          ; GND                                                       ; gnd    ;              ;         ; --         ;                 ; --       ; --           ;
; AG17     ; 207        ; 4        ; rfif.rdat2[3]                                             ; output ; 2.5 V        ;         ; Column I/O ; N               ; no       ; Off          ;
; AG18     ; 217        ; 4        ; rfif.wdat[13]                                             ; input  ; 2.5 V        ;         ; Column I/O ; N               ; no       ; Off          ;
; AG19     ; 219        ; 4        ; rfif.rdat2[15]                                            ; output ; 2.5 V        ;         ; Column I/O ; N               ; no       ; Off          ;
; AG20     ;            ;          ; GND                                                       ; gnd    ;              ;         ; --         ;                 ; --       ; --           ;
; AG21     ; 223        ; 4        ; rfif.wdat[10]                                             ; input  ; 2.5 V        ;         ; Column I/O ; N               ; no       ; Off          ;
; AG22     ; 227        ; 4        ; rfif.wdat[23]                                             ; input  ; 2.5 V        ;         ; Column I/O ; N               ; no       ; Off          ;
; AG23     ; 229        ; 4        ; rfif.wdat[31]                                             ; input  ; 2.5 V        ;         ; Column I/O ; N               ; no       ; Off          ;
; AG24     ;            ;          ; GND                                                       ; gnd    ;              ;         ; --         ;                 ; --       ; --           ;
; AG25     ; 245        ; 4        ; rfif.rdat1[31]                                            ; output ; 2.5 V        ;         ; Column I/O ; N               ; no       ; Off          ;
; AG26     ; 270        ; 4        ; RESERVED_INPUT_WITH_WEAK_PULLUP                           ;        ;              ;         ; Column I/O ;                 ; no       ; On           ;
; AG27     ;            ;          ; GND                                                       ; gnd    ;              ;         ; --         ;                 ; --       ; --           ;
; AG28     ;            ; 5        ; VCCIO5                                                    ; power  ;              ; 2.5V    ; --         ;                 ; --       ; --           ;
; AH2      ;            ; 3        ; VCCIO3                                                    ; power  ;              ; 2.5V    ; --         ;                 ; --       ; --           ;
; AH3      ; 137        ; 3        ; RESERVED_INPUT_WITH_WEAK_PULLUP                           ;        ;              ;         ; Column I/O ;                 ; no       ; On           ;
; AH4      ; 142        ; 3        ; RESERVED_INPUT_WITH_WEAK_PULLUP                           ;        ;              ;         ; Column I/O ;                 ; no       ; On           ;
; AH5      ;            ; 3        ; VCCIO3                                                    ; power  ;              ; 2.5V    ; --         ;                 ; --       ; --           ;
; AH6      ; 146        ; 3        ; RESERVED_INPUT_WITH_WEAK_PULLUP                           ;        ;              ;         ; Column I/O ;                 ; no       ; On           ;
; AH7      ; 151        ; 3        ; RESERVED_INPUT_WITH_WEAK_PULLUP                           ;        ;              ;         ; Column I/O ;                 ; no       ; On           ;
; AH8      ; 157        ; 3        ; RESERVED_INPUT_WITH_WEAK_PULLUP                           ;        ;              ;         ; Column I/O ;                 ; no       ; On           ;
; AH9      ;            ; 3        ; VCCIO3                                                    ; power  ;              ; 2.5V    ; --         ;                 ; --       ; --           ;
; AH10     ; 168        ; 3        ; RESERVED_INPUT_WITH_WEAK_PULLUP                           ;        ;              ;         ; Column I/O ;                 ; no       ; On           ;
; AH11     ; 176        ; 3        ; RESERVED_INPUT_WITH_WEAK_PULLUP                           ;        ;              ;         ; Column I/O ;                 ; no       ; On           ;
; AH12     ; 194        ; 3        ; rfif.rdat1[0]                                             ; output ; 2.5 V        ;         ; Column I/O ; N               ; no       ; Off          ;
; AH13     ;            ; 3        ; VCCIO3                                                    ; power  ;              ; 2.5V    ; --         ;                 ; --       ; --           ;
; AH14     ; 200        ; 3        ; GND+                                                      ;        ;              ;         ; Column I/O ;                 ; --       ; --           ;
; AH15     ; 202        ; 4        ; GND+                                                      ;        ;              ;         ; Column I/O ;                 ; --       ; --           ;
; AH16     ;            ; 4        ; VCCIO4                                                    ; power  ;              ; 2.5V    ; --         ;                 ; --       ; --           ;
; AH17     ; 208        ; 4        ; rfif.rdat1[3]                                             ; output ; 2.5 V        ;         ; Column I/O ; N               ; no       ; Off          ;
; AH18     ; 218        ; 4        ; rfif.wdat[11]                                             ; input  ; 2.5 V        ;         ; Column I/O ; N               ; no       ; Off          ;
; AH19     ; 220        ; 4        ; rfif.rdat2[21]                                            ; output ; 2.5 V        ;         ; Column I/O ; N               ; no       ; Off          ;
; AH20     ;            ; 4        ; VCCIO4                                                    ; power  ;              ; 2.5V    ; --         ;                 ; --       ; --           ;
; AH21     ; 224        ; 4        ; rfif.rsel2[4]                                             ; input  ; 2.5 V        ;         ; Column I/O ; N               ; no       ; Off          ;
; AH22     ; 228        ; 4        ; rfif.wdat[21]                                             ; input  ; 2.5 V        ;         ; Column I/O ; N               ; no       ; Off          ;
; AH23     ; 230        ; 4        ; rfif.wdat[27]                                             ; input  ; 2.5 V        ;         ; Column I/O ; N               ; no       ; Off          ;
; AH24     ;            ; 4        ; VCCIO4                                                    ; power  ;              ; 2.5V    ; --         ;                 ; --       ; --           ;
; AH25     ; 246        ; 4        ; rfif.rdat2[31]                                            ; output ; 2.5 V        ;         ; Column I/O ; N               ; no       ; Off          ;
; AH26     ; 271        ; 4        ; RESERVED_INPUT_WITH_WEAK_PULLUP                           ;        ;              ;         ; Column I/O ;                 ; no       ; On           ;
; AH27     ;            ; 4        ; VCCIO4                                                    ; power  ;              ; 2.5V    ; --         ;                 ; --       ; --           ;
; B1       ;            ; 1        ; VCCIO1                                                    ; power  ;              ; 2.5V    ; --         ;                 ; --       ; --           ;
; B2       ;            ;          ; GND                                                       ; gnd    ;              ;         ; --         ;                 ; --       ; --           ;
; B3       ; 534        ; 8        ; RESERVED_INPUT_WITH_WEAK_PULLUP                           ;        ;              ;         ; Column I/O ;                 ; no       ; On           ;
; B4       ; 533        ; 8        ; RESERVED_INPUT_WITH_WEAK_PULLUP                           ;        ;              ;         ; Column I/O ;                 ; no       ; On           ;
; B5       ;            ;          ; GND                                                       ; gnd    ;              ;         ; --         ;                 ; --       ; --           ;
; B6       ; 505        ; 8        ; RESERVED_INPUT_WITH_WEAK_PULLUP                           ;        ;              ;         ; Column I/O ;                 ; no       ; On           ;
; B7       ; 502        ; 8        ; RESERVED_INPUT_WITH_WEAK_PULLUP                           ;        ;              ;         ; Column I/O ;                 ; no       ; On           ;
; B8       ; 518        ; 8        ; RESERVED_INPUT_WITH_WEAK_PULLUP                           ;        ;              ;         ; Column I/O ;                 ; no       ; On           ;
; B9       ;            ;          ; GND                                                       ; gnd    ;              ;         ; --         ;                 ; --       ; --           ;
; B10      ; 492        ; 8        ; RESERVED_INPUT_WITH_WEAK_PULLUP                           ;        ;              ;         ; Column I/O ;                 ; no       ; On           ;
; B11      ; 488        ; 8        ; RESERVED_INPUT_WITH_WEAK_PULLUP                           ;        ;              ;         ; Column I/O ;                 ; no       ; On           ;
; B12      ;            ;          ; GND                                                       ; gnd    ;              ;         ; --         ;                 ; --       ; --           ;
; B13      ;            ;          ; GND                                                       ; gnd    ;              ;         ; --         ;                 ; --       ; --           ;
; B14      ; 473        ; 8        ; GND+                                                      ;        ;              ;         ; Column I/O ;                 ; --       ; --           ;
; B15      ; 471        ; 7        ; GND+                                                      ;        ;              ;         ; Column I/O ;                 ; --       ; --           ;
; B16      ;            ;          ; GND                                                       ; gnd    ;              ;         ; --         ;                 ; --       ; --           ;
; B17      ; 463        ; 7        ; rfif.rdat1[17]                                            ; output ; 2.5 V        ;         ; Column I/O ; N               ; no       ; Off          ;
; B18      ; 443        ; 7        ; RESERVED_INPUT_WITH_WEAK_PULLUP                           ;        ;              ;         ; Column I/O ;                 ; no       ; On           ;
; B19      ; 441        ; 7        ; RESERVED_INPUT_WITH_WEAK_PULLUP                           ;        ;              ;         ; Column I/O ;                 ; no       ; On           ;
; B20      ;            ;          ; GND                                                       ; gnd    ;              ;         ; --         ;                 ; --       ; --           ;
; B21      ; 426        ; 7        ; RESERVED_INPUT_WITH_WEAK_PULLUP                           ;        ;              ;         ; Column I/O ;                 ; no       ; On           ;
; B22      ; 424        ; 7        ; RESERVED_INPUT_WITH_WEAK_PULLUP                           ;        ;              ;         ; Column I/O ;                 ; no       ; On           ;
; B23      ; 413        ; 7        ; RESERVED_INPUT_WITH_WEAK_PULLUP                           ;        ;              ;         ; Column I/O ;                 ; no       ; On           ;
; B24      ;            ;          ; GND                                                       ; gnd    ;              ;         ; --         ;                 ; --       ; --           ;
; B25      ; 406        ; 7        ; RESERVED_INPUT_WITH_WEAK_PULLUP                           ;        ;              ;         ; Column I/O ;                 ; no       ; On           ;
; B26      ; 401        ; 7        ; RESERVED_INPUT_WITH_WEAK_PULLUP                           ;        ;              ;         ; Column I/O ;                 ; no       ; On           ;
; B27      ;            ;          ; GND                                                       ; gnd    ;              ;         ; --         ;                 ; --       ; --           ;
; B28      ;            ; 6        ; VCCIO6                                                    ; power  ;              ; 2.5V    ; --         ;                 ; --       ; --           ;
; C1       ;            ;          ; GND                                                       ; gnd    ;              ;         ; --         ;                 ; --       ; --           ;
; C2       ; 1          ; 1        ; RESERVED_INPUT_WITH_WEAK_PULLUP                           ;        ;              ;         ; Row I/O    ;                 ; no       ; On           ;
; C3       ; 543        ; 8        ; RESERVED_INPUT_WITH_WEAK_PULLUP                           ;        ;              ;         ; Column I/O ;                 ; no       ; On           ;
; C4       ; 539        ; 8        ; RESERVED_INPUT_WITH_WEAK_PULLUP                           ;        ;              ;         ; Column I/O ;                 ; no       ; On           ;
; C5       ; 538        ; 8        ; RESERVED_INPUT_WITH_WEAK_PULLUP                           ;        ;              ;         ; Column I/O ;                 ; no       ; On           ;
; C6       ; 536        ; 8        ; RESERVED_INPUT_WITH_WEAK_PULLUP                           ;        ;              ;         ; Column I/O ;                 ; no       ; On           ;
; C7       ; 521        ; 8        ; RESERVED_INPUT_WITH_WEAK_PULLUP                           ;        ;              ;         ; Column I/O ;                 ; no       ; On           ;
; C8       ; 519        ; 8        ; RESERVED_INPUT_WITH_WEAK_PULLUP                           ;        ;              ;         ; Column I/O ;                 ; no       ; On           ;
; C9       ; 510        ; 8        ; RESERVED_INPUT_WITH_WEAK_PULLUP                           ;        ;              ;         ; Column I/O ;                 ; no       ; On           ;
; C10      ; 495        ; 8        ; RESERVED_INPUT_WITH_WEAK_PULLUP                           ;        ;              ;         ; Column I/O ;                 ; no       ; On           ;
; C11      ; 508        ; 8        ; RESERVED_INPUT_WITH_WEAK_PULLUP                           ;        ;              ;         ; Column I/O ;                 ; no       ; On           ;
; C12      ; 478        ; 8        ; RESERVED_INPUT_WITH_WEAK_PULLUP                           ;        ;              ;         ; Column I/O ;                 ; no       ; On           ;
; C13      ; 474        ; 8        ; RESERVED_INPUT_WITH_WEAK_PULLUP                           ;        ;              ;         ; Column I/O ;                 ; no       ; On           ;
; C14      ; 476        ; 8        ; RESERVED_INPUT_WITH_WEAK_PULLUP                           ;        ;              ;         ; Column I/O ;                 ; no       ; On           ;
; C15      ; 468        ; 7        ; RESERVED_INPUT_WITH_WEAK_PULLUP                           ;        ;              ;         ; Column I/O ;                 ; no       ; On           ;
; C16      ; 460        ; 7        ; rfif.rdat1[18]                                            ; output ; 2.5 V        ;         ; Column I/O ; N               ; no       ; Off          ;
; C17      ; 438        ; 7        ; RESERVED_INPUT_WITH_WEAK_PULLUP                           ;        ;              ;         ; Column I/O ;                 ; no       ; On           ;
; C18      ; 429        ; 7        ; RESERVED_INPUT_WITH_WEAK_PULLUP                           ;        ;              ;         ; Column I/O ;                 ; no       ; On           ;
; C19      ; 435        ; 7        ; RESERVED_INPUT_WITH_WEAK_PULLUP                           ;        ;              ;         ; Column I/O ;                 ; no       ; On           ;
; C20      ; 431        ; 7        ; RESERVED_INPUT_WITH_WEAK_PULLUP                           ;        ;              ;         ; Column I/O ;                 ; no       ; On           ;
; C21      ; 422        ; 7        ; RESERVED_INPUT_WITH_WEAK_PULLUP                           ;        ;              ;         ; Column I/O ;                 ; no       ; On           ;
; C22      ; 418        ; 7        ; RESERVED_INPUT_WITH_WEAK_PULLUP                           ;        ;              ;         ; Column I/O ;                 ; no       ; On           ;
; C23      ; 415        ; 7        ; RESERVED_INPUT_WITH_WEAK_PULLUP                           ;        ;              ;         ; Column I/O ;                 ; no       ; On           ;
; C24      ; 416        ; 7        ; RESERVED_INPUT_WITH_WEAK_PULLUP                           ;        ;              ;         ; Column I/O ;                 ; no       ; On           ;
; C25      ; 411        ; 7        ; RESERVED_INPUT_WITH_WEAK_PULLUP                           ;        ;              ;         ; Column I/O ;                 ; no       ; On           ;
; C26      ; 400        ; 7        ; RESERVED_INPUT_WITH_WEAK_PULLUP                           ;        ;              ;         ; Column I/O ;                 ; no       ; On           ;
; C27      ; 382        ; 6        ; RESERVED_INPUT_WITH_WEAK_PULLUP                           ;        ;              ;         ; Row I/O    ;                 ; no       ; On           ;
; C28      ;            ;          ; GND                                                       ; gnd    ;              ;         ; --         ;                 ; --       ; --           ;
; D1       ; 3          ; 1        ; RESERVED_INPUT_WITH_WEAK_PULLUP                           ;        ;              ;         ; Row I/O    ;                 ; no       ; On           ;
; D2       ; 2          ; 1        ; RESERVED_INPUT_WITH_WEAK_PULLUP                           ;        ;              ;         ; Row I/O    ;                 ; no       ; On           ;
; D3       ;            ;          ; GND                                                       ; gnd    ;              ;         ; --         ;                 ; --       ; --           ;
; D4       ; 540        ; 8        ; RESERVED_INPUT_WITH_WEAK_PULLUP                           ;        ;              ;         ; Column I/O ;                 ; no       ; On           ;
; D5       ; 537        ; 8        ; RESERVED_INPUT_WITH_WEAK_PULLUP                           ;        ;              ;         ; Column I/O ;                 ; no       ; On           ;
; D6       ; 524        ; 8        ; RESERVED_INPUT_WITH_WEAK_PULLUP                           ;        ;              ;         ; Column I/O ;                 ; no       ; On           ;
; D7       ; 522        ; 8        ; RESERVED_INPUT_WITH_WEAK_PULLUP                           ;        ;              ;         ; Column I/O ;                 ; no       ; On           ;
; D8       ; 520        ; 8        ; RESERVED_INPUT_WITH_WEAK_PULLUP                           ;        ;              ;         ; Column I/O ;                 ; no       ; On           ;
; D9       ; 511        ; 8        ; RESERVED_INPUT_WITH_WEAK_PULLUP                           ;        ;              ;         ; Column I/O ;                 ; no       ; On           ;
; D10      ; 496        ; 8        ; RESERVED_INPUT_WITH_WEAK_PULLUP                           ;        ;              ;         ; Column I/O ;                 ; no       ; On           ;
; D11      ; 509        ; 8        ; RESERVED_INPUT_WITH_WEAK_PULLUP                           ;        ;              ;         ; Column I/O ;                 ; no       ; On           ;
; D12      ; 479        ; 8        ; RESERVED_INPUT_WITH_WEAK_PULLUP                           ;        ;              ;         ; Column I/O ;                 ; no       ; On           ;
; D13      ; 475        ; 8        ; RESERVED_INPUT_WITH_WEAK_PULLUP                           ;        ;              ;         ; Column I/O ;                 ; no       ; On           ;
; D14      ; 477        ; 8        ; RESERVED_INPUT_WITH_WEAK_PULLUP                           ;        ;              ;         ; Column I/O ;                 ; no       ; On           ;
; D15      ; 469        ; 7        ; RESERVED_INPUT_WITH_WEAK_PULLUP                           ;        ;              ;         ; Column I/O ;                 ; no       ; On           ;
; D16      ; 461        ; 7        ; rfif.rdat2[10]                                            ; output ; 2.5 V        ;         ; Column I/O ; N               ; no       ; Off          ;
; D17      ; 439        ; 7        ; RESERVED_INPUT_WITH_WEAK_PULLUP                           ;        ;              ;         ; Column I/O ;                 ; no       ; On           ;
; D18      ; 430        ; 7        ; RESERVED_INPUT_WITH_WEAK_PULLUP                           ;        ;              ;         ; Column I/O ;                 ; no       ; On           ;
; D19      ; 436        ; 7        ; RESERVED_INPUT_WITH_WEAK_PULLUP                           ;        ;              ;         ; Column I/O ;                 ; no       ; On           ;
; D20      ; 432        ; 7        ; RESERVED_INPUT_WITH_WEAK_PULLUP                           ;        ;              ;         ; Column I/O ;                 ; no       ; On           ;
; D21      ; 419        ; 7        ; RESERVED_INPUT_WITH_WEAK_PULLUP                           ;        ;              ;         ; Column I/O ;                 ; no       ; On           ;
; D22      ; 402        ; 7        ; RESERVED_INPUT_WITH_WEAK_PULLUP                           ;        ;              ;         ; Column I/O ;                 ; no       ; On           ;
; D23      ; 414        ; 7        ; RESERVED_INPUT_WITH_WEAK_PULLUP                           ;        ;              ;         ; Column I/O ;                 ; no       ; On           ;
; D24      ; 417        ; 7        ; RESERVED_INPUT_WITH_WEAK_PULLUP                           ;        ;              ;         ; Column I/O ;                 ; no       ; On           ;
; D25      ; 410        ; 7        ; RESERVED_INPUT_WITH_WEAK_PULLUP                           ;        ;              ;         ; Column I/O ;                 ; no       ; On           ;
; D26      ; 383        ; 6        ; RESERVED_INPUT_WITH_WEAK_PULLUP                           ;        ;              ;         ; Row I/O    ;                 ; no       ; On           ;
; D27      ; 381        ; 6        ; RESERVED_INPUT_WITH_WEAK_PULLUP                           ;        ;              ;         ; Row I/O    ;                 ; no       ; On           ;
; D28      ; 380        ; 6        ; RESERVED_INPUT_WITH_WEAK_PULLUP                           ;        ;              ;         ; Row I/O    ;                 ; no       ; On           ;
; E1       ; 17         ; 1        ; RESERVED_INPUT_WITH_WEAK_PULLUP                           ;        ;              ;         ; Row I/O    ;                 ; no       ; On           ;
; E2       ; 16         ; 1        ; ~ALTERA_FLASH_nCE_nCSO~ / RESERVED_INPUT_WITH_WEAK_PULLUP ; input  ; 2.5 V        ;         ; Row I/O    ; N               ; no       ; On           ;
; E3       ; 7          ; 1        ; RESERVED_INPUT_WITH_WEAK_PULLUP                           ;        ;              ;         ; Row I/O    ;                 ; no       ; On           ;
; E4       ; 541        ; 8        ; RESERVED_INPUT_WITH_WEAK_PULLUP                           ;        ;              ;         ; Column I/O ;                 ; no       ; On           ;
; E5       ; 542        ; 8        ; RESERVED_INPUT_WITH_WEAK_PULLUP                           ;        ;              ;         ; Column I/O ;                 ; no       ; On           ;
; E6       ;            ; 8        ; VCCIO8                                                    ; power  ;              ; 2.5V    ; --         ;                 ; --       ; --           ;
; E7       ; 523        ; 8        ; RESERVED_INPUT_WITH_WEAK_PULLUP                           ;        ;              ;         ; Column I/O ;                 ; no       ; On           ;
; E8       ; 526        ; 8        ; RESERVED_INPUT_WITH_WEAK_PULLUP                           ;        ;              ;         ; Column I/O ;                 ; no       ; On           ;
; E9       ;            ; 8        ; VCCIO8                                                    ; power  ;              ; 2.5V    ; --         ;                 ; --       ; --           ;
; E10      ; 516        ; 8        ; RESERVED_INPUT_WITH_WEAK_PULLUP                           ;        ;              ;         ; Column I/O ;                 ; no       ; On           ;
; E11      ; 499        ; 8        ; RESERVED_INPUT_WITH_WEAK_PULLUP                           ;        ;              ;         ; Column I/O ;                 ; no       ; On           ;
; E12      ; 497        ; 8        ; RESERVED_INPUT_WITH_WEAK_PULLUP                           ;        ;              ;         ; Column I/O ;                 ; no       ; On           ;
; E13      ;            ; 8        ; VCCIO8                                                    ; power  ;              ; 2.5V    ; --         ;                 ; --       ; --           ;
; E14      ; 486        ; 8        ; RESERVED_INPUT_WITH_WEAK_PULLUP                           ;        ;              ;         ; Column I/O ;                 ; no       ; On           ;
; E15      ; 467        ; 7        ; rfif.rdat2[4]                                             ; output ; 2.5 V        ;         ; Column I/O ; N               ; no       ; Off          ;
; E16      ;            ; 7        ; VCCIO7                                                    ; power  ;              ; 2.5V    ; --         ;                 ; --       ; --           ;
; E17      ; 456        ; 7        ; rfif.rdat2[22]                                            ; output ; 2.5 V        ;         ; Column I/O ; N               ; no       ; Off          ;
; E18      ; 427        ; 7        ; RESERVED_INPUT_WITH_WEAK_PULLUP                           ;        ;              ;         ; Column I/O ;                 ; no       ; On           ;
; E19      ; 421        ; 7        ; RESERVED_INPUT_WITH_WEAK_PULLUP                           ;        ;              ;         ; Column I/O ;                 ; no       ; On           ;
; E20      ;            ; 7        ; VCCIO7                                                    ; power  ;              ; 2.5V    ; --         ;                 ; --       ; --           ;
; E21      ; 407        ; 7        ; RESERVED_INPUT_WITH_WEAK_PULLUP                           ;        ;              ;         ; Column I/O ;                 ; no       ; On           ;
; E22      ; 403        ; 7        ; RESERVED_INPUT_WITH_WEAK_PULLUP                           ;        ;              ;         ; Column I/O ;                 ; no       ; On           ;
; E23      ;            ; 7        ; VCCIO7                                                    ; power  ;              ; 2.5V    ; --         ;                 ; --       ; --           ;
; E24      ; 433        ; 7        ; RESERVED_INPUT_WITH_WEAK_PULLUP                           ;        ;              ;         ; Column I/O ;                 ; no       ; On           ;
; E25      ; 434        ; 7        ; RESERVED_INPUT_WITH_WEAK_PULLUP                           ;        ;              ;         ; Column I/O ;                 ; no       ; On           ;
; E26      ; 378        ; 6        ; RESERVED_INPUT_WITH_WEAK_PULLUP                           ;        ;              ;         ; Row I/O    ;                 ; no       ; On           ;
; E27      ; 375        ; 6        ; RESERVED_INPUT_WITH_WEAK_PULLUP                           ;        ;              ;         ; Row I/O    ;                 ; no       ; On           ;
; E28      ; 374        ; 6        ; RESERVED_INPUT_WITH_WEAK_PULLUP                           ;        ;              ;         ; Row I/O    ;                 ; no       ; On           ;
; F1       ; 19         ; 1        ; RESERVED_INPUT_WITH_WEAK_PULLUP                           ;        ;              ;         ; Row I/O    ;                 ; no       ; On           ;
; F2       ; 18         ; 1        ; RESERVED_INPUT_WITH_WEAK_PULLUP                           ;        ;              ;         ; Row I/O    ;                 ; no       ; On           ;
; F3       ; 8          ; 1        ; RESERVED_INPUT_WITH_WEAK_PULLUP                           ;        ;              ;         ; Row I/O    ;                 ; no       ; On           ;
; F4       ; 10         ; 1        ; ~ALTERA_ASDO_DATA1~ / RESERVED_INPUT_WITH_WEAK_PULLUP     ; input  ; 2.5 V        ;         ; Row I/O    ; N               ; no       ; On           ;
; F5       ; 9          ; 1        ; RESERVED_INPUT_WITH_WEAK_PULLUP                           ;        ;              ;         ; Row I/O    ;                 ; no       ; On           ;
; F6       ;            ;          ; GND                                                       ; gnd    ;              ;         ; --         ;                 ; --       ; --           ;
; F7       ; 531        ; 8        ; RESERVED_INPUT_WITH_WEAK_PULLUP                           ;        ;              ;         ; Column I/O ;                 ; no       ; On           ;
; F8       ; 527        ; 8        ; RESERVED_INPUT_WITH_WEAK_PULLUP                           ;        ;              ;         ; Column I/O ;                 ; no       ; On           ;
; F9       ;            ;          ; GND                                                       ; gnd    ;              ;         ; --         ;                 ; --       ; --           ;
; F10      ; 512        ; 8        ; RESERVED_INPUT_WITH_WEAK_PULLUP                           ;        ;              ;         ; Column I/O ;                 ; no       ; On           ;
; F11      ; 500        ; 8        ; RESERVED_INPUT_WITH_WEAK_PULLUP                           ;        ;              ;         ; Column I/O ;                 ; no       ; On           ;
; F12      ; 498        ; 8        ; RESERVED_INPUT_WITH_WEAK_PULLUP                           ;        ;              ;         ; Column I/O ;                 ; no       ; On           ;
; F13      ;            ;          ; GND                                                       ; gnd    ;              ;         ; --         ;                 ; --       ; --           ;
; F14      ; 485        ; 8        ; RESERVED_INPUT_WITH_WEAK_PULLUP                           ;        ;              ;         ; Column I/O ;                 ; no       ; On           ;
; F15      ; 466        ; 7        ; rfif.rdat2[5]                                             ; output ; 2.5 V        ;         ; Column I/O ; N               ; no       ; Off          ;
; F16      ;            ;          ; GND                                                       ; gnd    ;              ;         ; --         ;                 ; --       ; --           ;
; F17      ; 455        ; 7        ; rfif.rdat2[12]                                            ; output ; 2.5 V        ;         ; Column I/O ; N               ; no       ; Off          ;
; F18      ; 428        ; 7        ; RESERVED_INPUT_WITH_WEAK_PULLUP                           ;        ;              ;         ; Column I/O ;                 ; no       ; On           ;
; F19      ; 420        ; 7        ; RESERVED_INPUT_WITH_WEAK_PULLUP                           ;        ;              ;         ; Column I/O ;                 ; no       ; On           ;
; F20      ;            ;          ; GND                                                       ; gnd    ;              ;         ; --         ;                 ; --       ; --           ;
; F21      ; 408        ; 7        ; RESERVED_INPUT_WITH_WEAK_PULLUP                           ;        ;              ;         ; Column I/O ;                 ; no       ; On           ;
; F22      ; 409        ; 7        ; RESERVED_INPUT_WITH_WEAK_PULLUP                           ;        ;              ;         ; Column I/O ;                 ; --       ; --           ;
; F23      ;            ;          ; GND                                                       ; gnd    ;              ;         ; --         ;                 ; --       ; --           ;
; F24      ; 396        ; 6        ; RESERVED_INPUT_WITH_WEAK_PULLUP                           ;        ;              ;         ; Row I/O    ;                 ; no       ; On           ;
; F25      ; 395        ; 6        ; RESERVED_INPUT_WITH_WEAK_PULLUP                           ;        ;              ;         ; Row I/O    ;                 ; no       ; On           ;
; F26      ; 379        ; 6        ; RESERVED_INPUT_WITH_WEAK_PULLUP                           ;        ;              ;         ; Row I/O    ;                 ; no       ; On           ;
; F27      ; 373        ; 6        ; RESERVED_INPUT_WITH_WEAK_PULLUP                           ;        ;              ;         ; Row I/O    ;                 ; no       ; On           ;
; F28      ; 372        ; 6        ; RESERVED_INPUT_WITH_WEAK_PULLUP                           ;        ;              ;         ; Row I/O    ;                 ; no       ; On           ;
; G1       ; 26         ; 1        ; RESERVED_INPUT_WITH_WEAK_PULLUP                           ;        ;              ;         ; Row I/O    ;                 ; no       ; On           ;
; G2       ; 25         ; 1        ; RESERVED_INPUT_WITH_WEAK_PULLUP                           ;        ;              ;         ; Row I/O    ;                 ; no       ; On           ;
; G3       ; 13         ; 1        ; RESERVED_INPUT_WITH_WEAK_PULLUP                           ;        ;              ;         ; Row I/O    ;                 ; no       ; On           ;
; G4       ; 12         ; 1        ; RESERVED_INPUT_WITH_WEAK_PULLUP                           ;        ;              ;         ; Row I/O    ;                 ; no       ; On           ;
; G5       ; 6          ; 1        ; RESERVED_INPUT_WITH_WEAK_PULLUP                           ;        ;              ;         ; Row I/O    ;                 ; no       ; On           ;
; G6       ; 5          ; 1        ; RESERVED_INPUT_WITH_WEAK_PULLUP                           ;        ;              ;         ; Row I/O    ;                 ; no       ; On           ;
; G7       ; 530        ; 8        ; RESERVED_INPUT_WITH_WEAK_PULLUP                           ;        ;              ;         ; Column I/O ;                 ; no       ; On           ;
; G8       ; 528        ; 8        ; RESERVED_INPUT_WITH_WEAK_PULLUP                           ;        ;              ;         ; Column I/O ;                 ; no       ; On           ;
; G9       ; 525        ; 8        ; RESERVED_INPUT_WITH_WEAK_PULLUP                           ;        ;              ;         ; Column I/O ;                 ; --       ; --           ;
; G10      ; 513        ; 8        ; RESERVED_INPUT_WITH_WEAK_PULLUP                           ;        ;              ;         ; Column I/O ;                 ; no       ; On           ;
; G11      ; 506        ; 8        ; RESERVED_INPUT_WITH_WEAK_PULLUP                           ;        ;              ;         ; Column I/O ;                 ; no       ; On           ;
; G12      ; 503        ; 8        ; RESERVED_INPUT_WITH_WEAK_PULLUP                           ;        ;              ;         ; Column I/O ;                 ; --       ; --           ;
; G13      ; 493        ; 8        ; RESERVED_INPUT_WITH_WEAK_PULLUP                           ;        ;              ;         ; Column I/O ;                 ; no       ; On           ;
; G14      ; 484        ; 8        ; RESERVED_INPUT_WITH_WEAK_PULLUP                           ;        ;              ;         ; Column I/O ;                 ; --       ; --           ;
; G15      ; 457        ; 7        ; rfif.rdat2[14]                                            ; output ; 2.5 V        ;         ; Column I/O ; N               ; no       ; Off          ;
; G16      ; 453        ; 7        ; rfif.rdat1[27]                                            ; output ; 2.5 V        ;         ; Column I/O ; N               ; no       ; Off          ;
; G17      ; 437        ; 7        ; RESERVED_INPUT_WITH_WEAK_PULLUP                           ;        ;              ;         ; Column I/O ;                 ; --       ; --           ;
; G18      ; 452        ; 7        ; rfif.wsel[1]                                              ; input  ; 2.5 V        ;         ; Column I/O ; N               ; no       ; Off          ;
; G19      ; 451        ; 7        ; rfif.wsel[3]                                              ; input  ; 2.5 V        ;         ; Column I/O ; N               ; no       ; Off          ;
; G20      ; 444        ; 7        ; RESERVED_INPUT_WITH_WEAK_PULLUP                           ;        ;              ;         ; Column I/O ;                 ; no       ; On           ;
; G21      ; 445        ; 7        ; RESERVED_INPUT_WITH_WEAK_PULLUP                           ;        ;              ;         ; Column I/O ;                 ; no       ; On           ;
; G22      ; 449        ; 7        ; rfif.rdat1[26]                                            ; output ; 2.5 V        ;         ; Column I/O ; N               ; no       ; Off          ;
; G23      ; 398        ; 6        ; RESERVED_INPUT_WITH_WEAK_PULLUP                           ;        ;              ;         ; Row I/O    ;                 ; no       ; On           ;
; G24      ; 397        ; 6        ; RESERVED_INPUT_WITH_WEAK_PULLUP                           ;        ;              ;         ; Row I/O    ;                 ; no       ; On           ;
; G25      ; 393        ; 6        ; RESERVED_INPUT_WITH_WEAK_PULLUP                           ;        ;              ;         ; Row I/O    ;                 ; no       ; On           ;
; G26      ; 392        ; 6        ; RESERVED_INPUT_WITH_WEAK_PULLUP                           ;        ;              ;         ; Row I/O    ;                 ; no       ; On           ;
; G27      ; 367        ; 6        ; RESERVED_INPUT_WITH_WEAK_PULLUP                           ;        ;              ;         ; Row I/O    ;                 ; no       ; On           ;
; G28      ; 366        ; 6        ; RESERVED_INPUT_WITH_WEAK_PULLUP                           ;        ;              ;         ; Row I/O    ;                 ; no       ; On           ;
; H1       ;            ; 1        ; VCCIO1                                                    ; power  ;              ; 2.5V    ; --         ;                 ; --       ; --           ;
; H2       ;            ;          ; GND                                                       ; gnd    ;              ;         ; --         ;                 ; --       ; --           ;
; H3       ; 15         ; 1        ; RESERVED_INPUT_WITH_WEAK_PULLUP                           ;        ;              ;         ; Row I/O    ;                 ; no       ; On           ;
; H4       ; 14         ; 1        ; RESERVED_INPUT_WITH_WEAK_PULLUP                           ;        ;              ;         ; Row I/O    ;                 ; no       ; On           ;
; H5       ; 20         ; 1        ; RESERVED_INPUT_WITH_WEAK_PULLUP                           ;        ;              ;         ; Row I/O    ;                 ; no       ; On           ;
; H6       ; 11         ; 1        ; RESERVED_INPUT_WITH_WEAK_PULLUP                           ;        ;              ;         ; Row I/O    ;                 ; no       ; On           ;
; H7       ; 4          ; 1        ; RESERVED_INPUT_WITH_WEAK_PULLUP                           ;        ;              ;         ; Row I/O    ;                 ; --       ; --           ;
; H8       ; 529        ; 8        ; RESERVED_INPUT_WITH_WEAK_PULLUP                           ;        ;              ;         ; Column I/O ;                 ; no       ; On           ;
; H9       ;            ;          ; GNDA3                                                     ; gnd    ;              ;         ; --         ;                 ; --       ; --           ;
; H10      ; 514        ; 8        ; RESERVED_INPUT_WITH_WEAK_PULLUP                           ;        ;              ;         ; Column I/O ;                 ; no       ; On           ;
; H11      ;            ; 8        ; VCCIO8                                                    ; power  ;              ; 2.5V    ; --         ;                 ; --       ; --           ;
; H12      ; 507        ; 8        ; RESERVED_INPUT_WITH_WEAK_PULLUP                           ;        ;              ;         ; Column I/O ;                 ; no       ; On           ;
; H13      ; 494        ; 8        ; RESERVED_INPUT_WITH_WEAK_PULLUP                           ;        ;              ;         ; Column I/O ;                 ; no       ; On           ;
; H14      ; 480        ; 8        ; RESERVED_INPUT_WITH_WEAK_PULLUP                           ;        ;              ;         ; Column I/O ;                 ; no       ; On           ;
; H15      ; 464        ; 7        ; rfif.rdat1[5]                                             ; output ; 2.5 V        ;         ; Column I/O ; N               ; no       ; Off          ;
; H16      ; 459        ; 7        ; RESERVED_INPUT_WITH_WEAK_PULLUP                           ;        ;              ;         ; Column I/O ;                 ; no       ; On           ;
; H17      ; 454        ; 7        ; rfif.rdat2[17]                                            ; output ; 2.5 V        ;         ; Column I/O ; N               ; no       ; Off          ;
; H18      ;            ; 7        ; VCCIO7                                                    ; power  ;              ; 2.5V    ; --         ;                 ; --       ; --           ;
; H19      ; 446        ; 7        ; RESERVED_INPUT_WITH_WEAK_PULLUP                           ;        ;              ;         ; Column I/O ;                 ; no       ; On           ;
; H20      ;            ;          ; GNDA2                                                     ; gnd    ;              ;         ; --         ;                 ; --       ; --           ;
; H21      ; 448        ; 7        ; RESERVED_INPUT_WITH_WEAK_PULLUP                           ;        ;              ;         ; Column I/O ;                 ; no       ; On           ;
; H22      ; 399        ; 6        ; RESERVED_INPUT_WITH_WEAK_PULLUP                           ;        ;              ;         ; Row I/O    ;                 ; no       ; On           ;
; H23      ; 391        ; 6        ; RESERVED_INPUT_WITH_WEAK_PULLUP                           ;        ;              ;         ; Row I/O    ;                 ; no       ; On           ;
; H24      ; 390        ; 6        ; RESERVED_INPUT_WITH_WEAK_PULLUP                           ;        ;              ;         ; Row I/O    ;                 ; no       ; On           ;
; H25      ; 377        ; 6        ; RESERVED_INPUT_WITH_WEAK_PULLUP                           ;        ;              ;         ; Row I/O    ;                 ; no       ; On           ;
; H26      ; 376        ; 6        ; RESERVED_INPUT_WITH_WEAK_PULLUP                           ;        ;              ;         ; Row I/O    ;                 ; no       ; On           ;
; H27      ;            ;          ; GND                                                       ; gnd    ;              ;         ; --         ;                 ; --       ; --           ;
; H28      ;            ; 6        ; VCCIO6                                                    ; power  ;              ; 2.5V    ; --         ;                 ; --       ; --           ;
; J1       ; 64         ; 1        ; clk                                                       ; input  ; 2.5 V        ;         ; Row I/O    ; N               ; no       ; Off          ;
; J2       ;            ;          ; GND                                                       ; gnd    ;              ;         ; --         ;                 ; --       ; --           ;
; J3       ; 23         ; 1        ; RESERVED_INPUT_WITH_WEAK_PULLUP                           ;        ;              ;         ; Row I/O    ;                 ; no       ; On           ;
; J4       ; 22         ; 1        ; RESERVED_INPUT_WITH_WEAK_PULLUP                           ;        ;              ;         ; Row I/O    ;                 ; no       ; On           ;
; J5       ; 36         ; 1        ; RESERVED_INPUT_WITH_WEAK_PULLUP                           ;        ;              ;         ; Row I/O    ;                 ; no       ; On           ;
; J6       ; 35         ; 1        ; RESERVED_INPUT_WITH_WEAK_PULLUP                           ;        ;              ;         ; Row I/O    ;                 ; no       ; On           ;
; J7       ; 37         ; 1        ; RESERVED_INPUT_WITH_WEAK_PULLUP                           ;        ;              ;         ; Row I/O    ;                 ; no       ; On           ;
; J8       ;            ; --       ; VCCA3                                                     ; power  ;              ; 2.5V    ; --         ;                 ; --       ; --           ;
; J9       ;            ;          ; VCCD_PLL3                                                 ; power  ;              ; 1.2V    ; --         ;                 ; --       ; --           ;
; J10      ; 515        ; 8        ; RESERVED_INPUT_WITH_WEAK_PULLUP                           ;        ;              ;         ; Column I/O ;                 ; no       ; On           ;
; J11      ;            ;          ; GND                                                       ; gnd    ;              ;         ; --         ;                 ; --       ; --           ;
; J12      ; 490        ; 8        ; RESERVED_INPUT_WITH_WEAK_PULLUP                           ;        ;              ;         ; Column I/O ;                 ; no       ; On           ;
; J13      ; 489        ; 8        ; RESERVED_INPUT_WITH_WEAK_PULLUP                           ;        ;              ;         ; Column I/O ;                 ; no       ; On           ;
; J14      ; 481        ; 8        ; RESERVED_INPUT_WITH_WEAK_PULLUP                           ;        ;              ;         ; Column I/O ;                 ; no       ; On           ;
; J15      ; 465        ; 7        ; rfif.rdat2[18]                                            ; output ; 2.5 V        ;         ; Column I/O ; N               ; no       ; Off          ;
; J16      ; 458        ; 7        ; rfif.rdat2[13]                                            ; output ; 2.5 V        ;         ; Column I/O ; N               ; no       ; Off          ;
; J17      ; 450        ; 7        ; rfif.wsel[0]                                              ; input  ; 2.5 V        ;         ; Column I/O ; N               ; no       ; Off          ;
; J18      ;            ;          ; GND                                                       ; gnd    ;              ;         ; --         ;                 ; --       ; --           ;
; J19      ; 447        ; 7        ; rfif.WEN                                                  ; input  ; 2.5 V        ;         ; Column I/O ; N               ; no       ; Off          ;
; J20      ;            ;          ; VCCD_PLL2                                                 ; power  ;              ; 1.2V    ; --         ;                 ; --       ; --           ;
; J21      ;            ; --       ; VCCA2                                                     ; power  ;              ; 2.5V    ; --         ;                 ; --       ; --           ;
; J22      ; 394        ; 6        ; RESERVED_INPUT_WITH_WEAK_PULLUP                           ;        ;              ;         ; Row I/O    ;                 ; --       ; --           ;
; J23      ; 387        ; 6        ; RESERVED_INPUT_WITH_WEAK_PULLUP                           ;        ;              ;         ; Row I/O    ;                 ; no       ; On           ;
; J24      ; 386        ; 6        ; RESERVED_INPUT_WITH_WEAK_PULLUP                           ;        ;              ;         ; Row I/O    ;                 ; no       ; On           ;
; J25      ; 365        ; 6        ; RESERVED_INPUT_WITH_WEAK_PULLUP                           ;        ;              ;         ; Row I/O    ;                 ; no       ; On           ;
; J26      ; 364        ; 6        ; RESERVED_INPUT_WITH_WEAK_PULLUP                           ;        ;              ;         ; Row I/O    ;                 ; no       ; On           ;
; J27      ; 338        ; 6        ; GND+                                                      ;        ;              ;         ; Row I/O    ;                 ; --       ; --           ;
; J28      ; 337        ; 6        ; GND+                                                      ;        ;              ;         ; Row I/O    ;                 ; --       ; --           ;
; K1       ; 28         ; 1        ; RESERVED_INPUT_WITH_WEAK_PULLUP                           ;        ;              ;         ; Row I/O    ;                 ; no       ; On           ;
; K2       ; 27         ; 1        ; RESERVED_INPUT_WITH_WEAK_PULLUP                           ;        ;              ;         ; Row I/O    ;                 ; no       ; On           ;
; K3       ; 30         ; 1        ; RESERVED_INPUT_WITH_WEAK_PULLUP                           ;        ;              ;         ; Row I/O    ;                 ; no       ; On           ;
; K4       ; 29         ; 1        ; RESERVED_INPUT_WITH_WEAK_PULLUP                           ;        ;              ;         ; Row I/O    ;                 ; no       ; On           ;
; K5       ;            ; 1        ; VCCIO1                                                    ; power  ;              ; 2.5V    ; --         ;                 ; --       ; --           ;
; K6       ;            ;          ; GND                                                       ; gnd    ;              ;         ; --         ;                 ; --       ; --           ;
; K7       ; 38         ; 1        ; RESERVED_INPUT_WITH_WEAK_PULLUP                           ;        ;              ;         ; Row I/O    ;                 ; no       ; On           ;
; K8       ; 39         ; 1        ; RESERVED_INPUT_WITH_WEAK_PULLUP                           ;        ;              ;         ; Row I/O    ;                 ; no       ; On           ;
; K9       ;            ;          ; VCCINT                                                    ; power  ;              ; 1.2V    ; --         ;                 ; --       ; --           ;
; K10      ;            ;          ; GND                                                       ; gnd    ;              ;         ; --         ;                 ; --       ; --           ;
; K11      ;            ;          ; VCCINT                                                    ; power  ;              ; 1.2V    ; --         ;                 ; --       ; --           ;
; K12      ;            ;          ; GND                                                       ; gnd    ;              ;         ; --         ;                 ; --       ; --           ;
; K13      ;            ;          ; VCCINT                                                    ; power  ;              ; 1.2V    ; --         ;                 ; --       ; --           ;
; K14      ;            ;          ; GND                                                       ; gnd    ;              ;         ; --         ;                 ; --       ; --           ;
; K15      ;            ;          ; VCCINT                                                    ; power  ;              ; 1.2V    ; --         ;                 ; --       ; --           ;
; K16      ;            ;          ; GND                                                       ; gnd    ;              ;         ; --         ;                 ; --       ; --           ;
; K17      ;            ;          ; VCCINT                                                    ; power  ;              ; 1.2V    ; --         ;                 ; --       ; --           ;
; K18      ;            ;          ; GND                                                       ; gnd    ;              ;         ; --         ;                 ; --       ; --           ;
; K19      ;            ;          ; VCCINT                                                    ; power  ;              ; 1.2V    ; --         ;                 ; --       ; --           ;
; K20      ;            ;          ; GND                                                       ; gnd    ;              ;         ; --         ;                 ; --       ; --           ;
; K21      ; 389        ; 6        ; RESERVED_INPUT_WITH_WEAK_PULLUP                           ;        ;              ;         ; Row I/O    ;                 ; no       ; On           ;
; K22      ; 388        ; 6        ; RESERVED_INPUT_WITH_WEAK_PULLUP                           ;        ;              ;         ; Row I/O    ;                 ; no       ; On           ;
; K23      ;            ;          ; GND                                                       ; gnd    ;              ;         ; --         ;                 ; --       ; --           ;
; K24      ;            ; 6        ; VCCIO6                                                    ; power  ;              ; 2.5V    ; --         ;                 ; --       ; --           ;
; K25      ; 371        ; 6        ; RESERVED_INPUT_WITH_WEAK_PULLUP                           ;        ;              ;         ; Row I/O    ;                 ; no       ; On           ;
; K26      ; 370        ; 6        ; RESERVED_INPUT_WITH_WEAK_PULLUP                           ;        ;              ;         ; Row I/O    ;                 ; no       ; On           ;
; K27      ; 362        ; 6        ; RESERVED_INPUT_WITH_WEAK_PULLUP                           ;        ;              ;         ; Row I/O    ;                 ; no       ; On           ;
; K28      ; 361        ; 6        ; RESERVED_INPUT_WITH_WEAK_PULLUP                           ;        ;              ;         ; Row I/O    ;                 ; no       ; On           ;
; L1       ; 49         ; 1        ; RESERVED_INPUT_WITH_WEAK_PULLUP                           ;        ;              ;         ; Row I/O    ;                 ; no       ; On           ;
; L2       ; 48         ; 1        ; RESERVED_INPUT_WITH_WEAK_PULLUP                           ;        ;              ;         ; Row I/O    ;                 ; no       ; On           ;
; L3       ; 32         ; 1        ; RESERVED_INPUT_WITH_WEAK_PULLUP                           ;        ;              ;         ; Row I/O    ;                 ; no       ; On           ;
; L4       ; 31         ; 1        ; RESERVED_INPUT_WITH_WEAK_PULLUP                           ;        ;              ;         ; Row I/O    ;                 ; no       ; On           ;
; L5       ; 21         ; 1        ; RESERVED_INPUT_WITH_WEAK_PULLUP                           ;        ;              ;         ; Row I/O    ;                 ; --       ; --           ;
; L6       ; 43         ; 1        ; RESERVED_INPUT_WITH_WEAK_PULLUP                           ;        ;              ;         ; Row I/O    ;                 ; no       ; On           ;
; L7       ; 42         ; 1        ; RESERVED_INPUT_WITH_WEAK_PULLUP                           ;        ;              ;         ; Row I/O    ;                 ; no       ; On           ;
; L8       ; 40         ; 1        ; RESERVED_INPUT_WITH_WEAK_PULLUP                           ;        ;              ;         ; Row I/O    ;                 ; no       ; On           ;
; L9       ;            ;          ; GND                                                       ; gnd    ;              ;         ; --         ;                 ; --       ; --           ;
; L10      ;            ;          ; VCCINT                                                    ; power  ;              ; 1.2V    ; --         ;                 ; --       ; --           ;
; L11      ;            ;          ; GND                                                       ; gnd    ;              ;         ; --         ;                 ; --       ; --           ;
; L12      ;            ;          ; VCCINT                                                    ; power  ;              ; 1.2V    ; --         ;                 ; --       ; --           ;
; L13      ;            ;          ; GND                                                       ; gnd    ;              ;         ; --         ;                 ; --       ; --           ;
; L14      ;            ;          ; VCCINT                                                    ; power  ;              ; 1.2V    ; --         ;                 ; --       ; --           ;
; L15      ;            ;          ; GND                                                       ; gnd    ;              ;         ; --         ;                 ; --       ; --           ;
; L16      ;            ;          ; VCCINT                                                    ; power  ;              ; 1.2V    ; --         ;                 ; --       ; --           ;
; L17      ;            ;          ; GND                                                       ; gnd    ;              ;         ; --         ;                 ; --       ; --           ;
; L18      ;            ;          ; VCCINT                                                    ; power  ;              ; 1.2V    ; --         ;                 ; --       ; --           ;
; L19      ;            ;          ; GND                                                       ; gnd    ;              ;         ; --         ;                 ; --       ; --           ;
; L20      ;            ;          ; VCCINT                                                    ; power  ;              ; 1.2V    ; --         ;                 ; --       ; --           ;
; L21      ; 385        ; 6        ; RESERVED_INPUT_WITH_WEAK_PULLUP                           ;        ;              ;         ; Row I/O    ;                 ; no       ; On           ;
; L22      ; 384        ; 6        ; RESERVED_INPUT_WITH_WEAK_PULLUP                           ;        ;              ;         ; Row I/O    ;                 ; no       ; On           ;
; L23      ; 360        ; 6        ; RESERVED_INPUT_WITH_WEAK_PULLUP                           ;        ;              ;         ; Row I/O    ;                 ; no       ; On           ;
; L24      ; 359        ; 6        ; RESERVED_INPUT_WITH_WEAK_PULLUP                           ;        ;              ;         ; Row I/O    ;                 ; no       ; On           ;
; L25      ; 369        ; 6        ; RESERVED_INPUT_WITH_WEAK_PULLUP                           ;        ;              ;         ; Row I/O    ;                 ; no       ; On           ;
; L26      ; 363        ; 6        ; RESERVED_INPUT_WITH_WEAK_PULLUP                           ;        ;              ;         ; Row I/O    ;                 ; no       ; On           ;
; L27      ; 358        ; 6        ; RESERVED_INPUT_WITH_WEAK_PULLUP                           ;        ;              ;         ; Row I/O    ;                 ; no       ; On           ;
; L28      ; 357        ; 6        ; RESERVED_INPUT_WITH_WEAK_PULLUP                           ;        ;              ;         ; Row I/O    ;                 ; no       ; On           ;
; M1       ; 51         ; 1        ; RESERVED_INPUT_WITH_WEAK_PULLUP                           ;        ;              ;         ; Row I/O    ;                 ; no       ; On           ;
; M2       ; 50         ; 1        ; RESERVED_INPUT_WITH_WEAK_PULLUP                           ;        ;              ;         ; Row I/O    ;                 ; no       ; On           ;
; M3       ; 34         ; 1        ; RESERVED_INPUT_WITH_WEAK_PULLUP                           ;        ;              ;         ; Row I/O    ;                 ; no       ; On           ;
; M4       ; 33         ; 1        ; RESERVED_INPUT_WITH_WEAK_PULLUP                           ;        ;              ;         ; Row I/O    ;                 ; no       ; On           ;
; M5       ; 41         ; 1        ; RESERVED_INPUT_WITH_WEAK_PULLUP                           ;        ;              ;         ; Row I/O    ;                 ; --       ; --           ;
; M6       ; 24         ; 1        ; ^nSTATUS                                                  ;        ;              ;         ; --         ;                 ; --       ; --           ;
; M7       ; 47         ; 1        ; RESERVED_INPUT_WITH_WEAK_PULLUP                           ;        ;              ;         ; Row I/O    ;                 ; no       ; On           ;
; M8       ; 46         ; 1        ; RESERVED_INPUT_WITH_WEAK_PULLUP                           ;        ;              ;         ; Row I/O    ;                 ; no       ; On           ;
; M9       ;            ;          ; VCCINT                                                    ; power  ;              ; 1.2V    ; --         ;                 ; --       ; --           ;
; M10      ;            ;          ; GND                                                       ; gnd    ;              ;         ; --         ;                 ; --       ; --           ;
; M11      ;            ;          ; VCCINT                                                    ; power  ;              ; 1.2V    ; --         ;                 ; --       ; --           ;
; M12      ;            ;          ; GND                                                       ; gnd    ;              ;         ; --         ;                 ; --       ; --           ;
; M13      ;            ;          ; VCCINT                                                    ; power  ;              ; 1.2V    ; --         ;                 ; --       ; --           ;
; M14      ;            ;          ; GND                                                       ; gnd    ;              ;         ; --         ;                 ; --       ; --           ;
; M15      ;            ;          ; VCCINT                                                    ; power  ;              ; 1.2V    ; --         ;                 ; --       ; --           ;
; M16      ;            ;          ; GND                                                       ; gnd    ;              ;         ; --         ;                 ; --       ; --           ;
; M17      ;            ;          ; VCCINT                                                    ; power  ;              ; 1.2V    ; --         ;                 ; --       ; --           ;
; M18      ;            ;          ; GND                                                       ; gnd    ;              ;         ; --         ;                 ; --       ; --           ;
; M19      ;            ;          ; VCCINT                                                    ; power  ;              ; 1.2V    ; --         ;                 ; --       ; --           ;
; M20      ;            ;          ; GND                                                       ; gnd    ;              ;         ; --         ;                 ; --       ; --           ;
; M21      ; 368        ; 6        ; RESERVED_INPUT_WITH_WEAK_PULLUP                           ;        ;              ;         ; Row I/O    ;                 ; --       ; --           ;
; M22      ; 342        ; 6        ; ^MSEL2                                                    ;        ;              ;         ; --         ;                 ; --       ; --           ;
; M23      ; 344        ; 6        ; RESERVED_INPUT_WITH_WEAK_PULLUP                           ;        ;              ;         ; Row I/O    ;                 ; no       ; On           ;
; M24      ; 347        ; 6        ; RESERVED_INPUT_WITH_WEAK_PULLUP                           ;        ;              ;         ; Row I/O    ;                 ; no       ; On           ;
; M25      ; 356        ; 6        ; RESERVED_INPUT_WITH_WEAK_PULLUP                           ;        ;              ;         ; Row I/O    ;                 ; no       ; On           ;
; M26      ; 355        ; 6        ; RESERVED_INPUT_WITH_WEAK_PULLUP                           ;        ;              ;         ; Row I/O    ;                 ; no       ; On           ;
; M27      ; 354        ; 6        ; RESERVED_INPUT_WITH_WEAK_PULLUP                           ;        ;              ;         ; Row I/O    ;                 ; no       ; On           ;
; M28      ; 353        ; 6        ; RESERVED_INPUT_WITH_WEAK_PULLUP                           ;        ;              ;         ; Row I/O    ;                 ; no       ; On           ;
; N1       ;            ; 1        ; VCCIO1                                                    ; power  ;              ; 2.5V    ; --         ;                 ; --       ; --           ;
; N2       ;            ;          ; GND                                                       ; gnd    ;              ;         ; --         ;                 ; --       ; --           ;
; N3       ; 45         ; 1        ; RESERVED_INPUT_WITH_WEAK_PULLUP                           ;        ;              ;         ; Row I/O    ;                 ; no       ; On           ;
; N4       ; 44         ; 1        ; RESERVED_INPUT_WITH_WEAK_PULLUP                           ;        ;              ;         ; Row I/O    ;                 ; no       ; On           ;
; N5       ;            ; 1        ; VCCIO1                                                    ; power  ;              ; 2.5V    ; --         ;                 ; --       ; --           ;
; N6       ;            ;          ; GND                                                       ; gnd    ;              ;         ; --         ;                 ; --       ; --           ;
; N7       ; 56         ; 1        ; ~ALTERA_DATA0~ / RESERVED_INPUT_WITH_WEAK_PULLUP          ; input  ; 2.5 V        ;         ; Row I/O    ; N               ; no       ; On           ;
; N8       ; 54         ; 1        ; RESERVED_INPUT_WITH_WEAK_PULLUP                           ;        ;              ;         ; Row I/O    ;                 ; no       ; On           ;
; N9       ;            ;          ; GND                                                       ; gnd    ;              ;         ; --         ;                 ; --       ; --           ;
; N10      ;            ;          ; VCCINT                                                    ; power  ;              ; 1.2V    ; --         ;                 ; --       ; --           ;
; N11      ;            ;          ; GND                                                       ; gnd    ;              ;         ; --         ;                 ; --       ; --           ;
; N12      ;            ;          ; VCCINT                                                    ; power  ;              ; 1.2V    ; --         ;                 ; --       ; --           ;
; N13      ;            ;          ; GND                                                       ; gnd    ;              ;         ; --         ;                 ; --       ; --           ;
; N14      ;            ;          ; VCCINT                                                    ; power  ;              ; 1.2V    ; --         ;                 ; --       ; --           ;
; N15      ;            ;          ; GND                                                       ; gnd    ;              ;         ; --         ;                 ; --       ; --           ;
; N16      ;            ;          ; VCCINT                                                    ; power  ;              ; 1.2V    ; --         ;                 ; --       ; --           ;
; N17      ;            ;          ; GND                                                       ; gnd    ;              ;         ; --         ;                 ; --       ; --           ;
; N18      ;            ;          ; VCCINT                                                    ; power  ;              ; 1.2V    ; --         ;                 ; --       ; --           ;
; N19      ;            ;          ; GND                                                       ; gnd    ;              ;         ; --         ;                 ; --       ; --           ;
; N20      ;            ;          ; VCCINT                                                    ; power  ;              ; 1.2V    ; --         ;                 ; --       ; --           ;
; N21      ; 348        ; 6        ; RESERVED_INPUT_WITH_WEAK_PULLUP                           ;        ;              ;         ; Row I/O    ;                 ; --       ; --           ;
; N22      ; 340        ; 6        ; ^MSEL0                                                    ;        ;              ;         ; --         ;                 ; --       ; --           ;
; N23      ;            ;          ; GND                                                       ; gnd    ;              ;         ; --         ;                 ; --       ; --           ;
; N24      ;            ; 6        ; VCCIO6                                                    ; power  ;              ; 2.5V    ; --         ;                 ; --       ; --           ;
; N25      ; 352        ; 6        ; RESERVED_INPUT_WITH_WEAK_PULLUP                           ;        ;              ;         ; Row I/O    ;                 ; no       ; On           ;
; N26      ; 351        ; 6        ; RESERVED_INPUT_WITH_WEAK_PULLUP                           ;        ;              ;         ; Row I/O    ;                 ; no       ; On           ;
; N27      ;            ;          ; GND                                                       ; gnd    ;              ;         ; --         ;                 ; --       ; --           ;
; N28      ;            ; 6        ; VCCIO6                                                    ; power  ;              ; 2.5V    ; --         ;                 ; --       ; --           ;
; P1       ; 53         ; 1        ; RESERVED_INPUT_WITH_WEAK_PULLUP                           ;        ;              ;         ; Row I/O    ;                 ; no       ; On           ;
; P2       ; 52         ; 1        ; RESERVED_INPUT_WITH_WEAK_PULLUP                           ;        ;              ;         ; Row I/O    ;                 ; no       ; On           ;
; P3       ; 55         ; 1        ; ~ALTERA_DCLK~                                             ; output ; 2.5 V        ;         ; Row I/O    ; N               ; no       ; On           ;
; P4       ; 57         ; 1        ; ^nCONFIG                                                  ;        ;              ;         ; --         ;                 ; --       ; --           ;
; P5       ; 59         ; 1        ; #TCK                                                      ; input  ;              ;         ; --         ;                 ; --       ; --           ;
; P6       ; 61         ; 1        ; #TDO                                                      ; output ;              ;         ; --         ;                 ; --       ; --           ;
; P7       ; 58         ; 1        ; #TDI                                                      ; input  ;              ;         ; --         ;                 ; --       ; --           ;
; P8       ; 60         ; 1        ; #TMS                                                      ; input  ;              ;         ; --         ;                 ; --       ; --           ;
; P9       ;            ;          ; VCCINT                                                    ; power  ;              ; 1.2V    ; --         ;                 ; --       ; --           ;
; P10      ;            ;          ; GND                                                       ; gnd    ;              ;         ; --         ;                 ; --       ; --           ;
; P11      ;            ;          ; VCCINT                                                    ; power  ;              ; 1.2V    ; --         ;                 ; --       ; --           ;
; P12      ;            ;          ; GND                                                       ; gnd    ;              ;         ; --         ;                 ; --       ; --           ;
; P13      ;            ;          ; VCCINT                                                    ; power  ;              ; 1.2V    ; --         ;                 ; --       ; --           ;
; P14      ;            ;          ; GND                                                       ; gnd    ;              ;         ; --         ;                 ; --       ; --           ;
; P15      ;            ;          ; VCCINT                                                    ; power  ;              ; 1.2V    ; --         ;                 ; --       ; --           ;
; P16      ;            ;          ; GND                                                       ; gnd    ;              ;         ; --         ;                 ; --       ; --           ;
; P17      ;            ;          ; VCCINT                                                    ; power  ;              ; 1.2V    ; --         ;                 ; --       ; --           ;
; P18      ;            ;          ; GND                                                       ; gnd    ;              ;         ; --         ;                 ; --       ; --           ;
; P19      ;            ;          ; VCCINT                                                    ; power  ;              ; 1.2V    ; --         ;                 ; --       ; --           ;
; P20      ;            ;          ; GND                                                       ; gnd    ;              ;         ; --         ;                 ; --       ; --           ;
; P21      ; 334        ; 5        ; rfif.rsel1[0]                                             ; input  ; 2.5 V        ;         ; Row I/O    ; N               ; no       ; Off          ;
; P22      ; 343        ; 6        ; ^MSEL3                                                    ;        ;              ;         ; --         ;                 ; --       ; --           ;
; P23      ; 341        ; 6        ; ^MSEL1                                                    ;        ;              ;         ; --         ;                 ; --       ; --           ;
; P24      ; 339        ; 6        ; ^CONF_DONE                                                ;        ;              ;         ; --         ;                 ; --       ; --           ;
; P25      ; 346        ; 6        ; RESERVED_INPUT_WITH_WEAK_PULLUP                           ;        ;              ;         ; Row I/O    ;                 ; no       ; On           ;
; P26      ; 345        ; 6        ; RESERVED_INPUT_WITH_WEAK_PULLUP                           ;        ;              ;         ; Row I/O    ;                 ; no       ; On           ;
; P27      ; 350        ; 6        ; RESERVED_INPUT_WITH_WEAK_PULLUP                           ;        ;              ;         ; Row I/O    ;                 ; no       ; On           ;
; P28      ; 349        ; 6        ; RESERVED_INPUT_WITH_WEAK_PULLUP                           ;        ;              ;         ; Row I/O    ;                 ; no       ; On           ;
; R1       ; 68         ; 2        ; RESERVED_INPUT_WITH_WEAK_PULLUP                           ;        ;              ;         ; Row I/O    ;                 ; no       ; On           ;
; R2       ; 67         ; 2        ; RESERVED_INPUT_WITH_WEAK_PULLUP                           ;        ;              ;         ; Row I/O    ;                 ; no       ; On           ;
; R3       ; 73         ; 2        ; RESERVED_INPUT_WITH_WEAK_PULLUP                           ;        ;              ;         ; Row I/O    ;                 ; no       ; On           ;
; R4       ; 74         ; 2        ; RESERVED_INPUT_WITH_WEAK_PULLUP                           ;        ;              ;         ; Row I/O    ;                 ; no       ; On           ;
; R5       ; 77         ; 2        ; RESERVED_INPUT_WITH_WEAK_PULLUP                           ;        ;              ;         ; Row I/O    ;                 ; no       ; On           ;
; R6       ; 70         ; 2        ; RESERVED_INPUT_WITH_WEAK_PULLUP                           ;        ;              ;         ; Row I/O    ;                 ; no       ; On           ;
; R7       ; 69         ; 2        ; RESERVED_INPUT_WITH_WEAK_PULLUP                           ;        ;              ;         ; Row I/O    ;                 ; no       ; On           ;
; R8       ; 62         ; 1        ; ^nCE                                                      ;        ;              ;         ; --         ;                 ; --       ; --           ;
; R9       ;            ;          ; GND                                                       ; gnd    ;              ;         ; --         ;                 ; --       ; --           ;
; R10      ;            ;          ; VCCINT                                                    ; power  ;              ; 1.2V    ; --         ;                 ; --       ; --           ;
; R11      ;            ;          ; GND                                                       ; gnd    ;              ;         ; --         ;                 ; --       ; --           ;
; R12      ;            ;          ; VCCINT                                                    ; power  ;              ; 1.2V    ; --         ;                 ; --       ; --           ;
; R13      ;            ;          ; GND                                                       ; gnd    ;              ;         ; --         ;                 ; --       ; --           ;
; R14      ;            ;          ; VCCINT                                                    ; power  ;              ; 1.2V    ; --         ;                 ; --       ; --           ;
; R15      ;            ;          ; GND                                                       ; gnd    ;              ;         ; --         ;                 ; --       ; --           ;
; R16      ;            ;          ; VCCINT                                                    ; power  ;              ; 1.2V    ; --         ;                 ; --       ; --           ;
; R17      ;            ;          ; GND                                                       ; gnd    ;              ;         ; --         ;                 ; --       ; --           ;
; R18      ;            ;          ; VCCINT                                                    ; power  ;              ; 1.2V    ; --         ;                 ; --       ; --           ;
; R19      ;            ;          ; GND                                                       ; gnd    ;              ;         ; --         ;                 ; --       ; --           ;
; R20      ;            ;          ; VCCINT                                                    ; power  ;              ; 1.2V    ; --         ;                 ; --       ; --           ;
; R21      ; 333        ; 5        ; rfif.rsel1[1]                                             ; input  ; 2.5 V        ;         ; Row I/O    ; N               ; no       ; Off          ;
; R22      ; 332        ; 5        ; RESERVED_INPUT_WITH_WEAK_PULLUP                           ;        ;              ;         ; Row I/O    ;                 ; no       ; On           ;
; R23      ; 331        ; 5        ; RESERVED_INPUT_WITH_WEAK_PULLUP                           ;        ;              ;         ; Row I/O    ;                 ; no       ; On           ;
; R24      ; 330        ; 5        ; RESERVED_INPUT_WITH_WEAK_PULLUP                           ;        ;              ;         ; Row I/O    ;                 ; no       ; On           ;
; R25      ; 327        ; 5        ; rfif.rdat2[11]                                            ; output ; 2.5 V        ;         ; Row I/O    ; N               ; no       ; Off          ;
; R26      ; 326        ; 5        ; rfif.rsel2[0]                                             ; input  ; 2.5 V        ;         ; Row I/O    ; N               ; no       ; Off          ;
; R27      ; 329        ; 5        ; RESERVED_INPUT_WITH_WEAK_PULLUP                           ;        ;              ;         ; Row I/O    ;                 ; no       ; On           ;
; R28      ; 328        ; 5        ; RESERVED_INPUT_WITH_WEAK_PULLUP                           ;        ;              ;         ; Row I/O    ;                 ; no       ; On           ;
; T1       ;            ; 2        ; VCCIO2                                                    ; power  ;              ; 2.5V    ; --         ;                 ; --       ; --           ;
; T2       ;            ;          ; GND                                                       ; gnd    ;              ;         ; --         ;                 ; --       ; --           ;
; T3       ; 76         ; 2        ; RESERVED_INPUT_WITH_WEAK_PULLUP                           ;        ;              ;         ; Row I/O    ;                 ; no       ; On           ;
; T4       ; 75         ; 2        ; RESERVED_INPUT_WITH_WEAK_PULLUP                           ;        ;              ;         ; Row I/O    ;                 ; no       ; On           ;
; T5       ;            ; 2        ; VCCIO2                                                    ; power  ;              ; 2.5V    ; --         ;                 ; --       ; --           ;
; T6       ;            ;          ; GND                                                       ; gnd    ;              ;         ; --         ;                 ; --       ; --           ;
; T7       ; 78         ; 2        ; RESERVED_INPUT_WITH_WEAK_PULLUP                           ;        ;              ;         ; Row I/O    ;                 ; --       ; --           ;
; T8       ; 100        ; 2        ; RESERVED_INPUT_WITH_WEAK_PULLUP                           ;        ;              ;         ; Row I/O    ;                 ; --       ; --           ;
; T9       ;            ;          ; VCCINT                                                    ; power  ;              ; 1.2V    ; --         ;                 ; --       ; --           ;
; T10      ;            ;          ; GND                                                       ; gnd    ;              ;         ; --         ;                 ; --       ; --           ;
; T11      ;            ;          ; VCCINT                                                    ; power  ;              ; 1.2V    ; --         ;                 ; --       ; --           ;
; T12      ;            ;          ; GND                                                       ; gnd    ;              ;         ; --         ;                 ; --       ; --           ;
; T13      ;            ;          ; VCCINT                                                    ; power  ;              ; 1.2V    ; --         ;                 ; --       ; --           ;
; T14      ;            ;          ; GND                                                       ; gnd    ;              ;         ; --         ;                 ; --       ; --           ;
; T15      ;            ;          ; VCCINT                                                    ; power  ;              ; 1.2V    ; --         ;                 ; --       ; --           ;
; T16      ;            ;          ; GND                                                       ; gnd    ;              ;         ; --         ;                 ; --       ; --           ;
; T17      ;            ;          ; VCCINT                                                    ; power  ;              ; 1.2V    ; --         ;                 ; --       ; --           ;
; T18      ;            ;          ; GND                                                       ; gnd    ;              ;         ; --         ;                 ; --       ; --           ;
; T19      ;            ;          ; VCCINT                                                    ; power  ;              ; 1.2V    ; --         ;                 ; --       ; --           ;
; T20      ;            ;          ; GND                                                       ; gnd    ;              ;         ; --         ;                 ; --       ; --           ;
; T21      ; 325        ; 5        ; rfif.rdat2[20]                                            ; output ; 2.5 V        ;         ; Row I/O    ; N               ; no       ; Off          ;
; T22      ; 324        ; 5        ; rfif.wsel[4]                                              ; input  ; 2.5 V        ;         ; Row I/O    ; N               ; no       ; Off          ;
; T23      ;            ;          ; GND                                                       ; gnd    ;              ;         ; --         ;                 ; --       ; --           ;
; T24      ;            ; 5        ; VCCIO5                                                    ; power  ;              ; 2.5V    ; --         ;                 ; --       ; --           ;
; T25      ; 323        ; 5        ; rfif.rdat2[29]                                            ; output ; 2.5 V        ;         ; Row I/O    ; N               ; no       ; Off          ;
; T26      ; 322        ; 5        ; rfif.rdat1[25]                                            ; output ; 2.5 V        ;         ; Row I/O    ; N               ; no       ; Off          ;
; T27      ;            ;          ; GND                                                       ; gnd    ;              ;         ; --         ;                 ; --       ; --           ;
; T28      ;            ; 5        ; VCCIO5                                                    ; power  ;              ; 2.5V    ; --         ;                 ; --       ; --           ;
; U1       ; 80         ; 2        ; rfif.rdat1[2]                                             ; output ; 2.5 V        ;         ; Row I/O    ; N               ; no       ; Off          ;
; U2       ; 79         ; 2        ; RESERVED_INPUT_WITH_WEAK_PULLUP                           ;        ;              ;         ; Row I/O    ;                 ; no       ; On           ;
; U3       ; 71         ; 2        ; RESERVED_INPUT_WITH_WEAK_PULLUP                           ;        ;              ;         ; Row I/O    ;                 ; no       ; On           ;
; U4       ; 72         ; 2        ; RESERVED_INPUT_WITH_WEAK_PULLUP                           ;        ;              ;         ; Row I/O    ;                 ; no       ; On           ;
; U5       ; 90         ; 2        ; RESERVED_INPUT_WITH_WEAK_PULLUP                           ;        ;              ;         ; Row I/O    ;                 ; no       ; On           ;
; U6       ; 89         ; 2        ; RESERVED_INPUT_WITH_WEAK_PULLUP                           ;        ;              ;         ; Row I/O    ;                 ; no       ; On           ;
; U7       ; 103        ; 2        ; RESERVED_INPUT_WITH_WEAK_PULLUP                           ;        ;              ;         ; Row I/O    ;                 ; no       ; On           ;
; U8       ; 104        ; 2        ; RESERVED_INPUT_WITH_WEAK_PULLUP                           ;        ;              ;         ; Row I/O    ;                 ; no       ; On           ;
; U9       ;            ;          ; GND                                                       ; gnd    ;              ;         ; --         ;                 ; --       ; --           ;
; U10      ;            ;          ; VCCINT                                                    ; power  ;              ; 1.2V    ; --         ;                 ; --       ; --           ;
; U11      ;            ;          ; GND                                                       ; gnd    ;              ;         ; --         ;                 ; --       ; --           ;
; U12      ;            ;          ; VCCINT                                                    ; power  ;              ; 1.2V    ; --         ;                 ; --       ; --           ;
; U13      ;            ;          ; GND                                                       ; gnd    ;              ;         ; --         ;                 ; --       ; --           ;
; U14      ;            ;          ; VCCINT                                                    ; power  ;              ; 1.2V    ; --         ;                 ; --       ; --           ;
; U15      ;            ;          ; GND                                                       ; gnd    ;              ;         ; --         ;                 ; --       ; --           ;
; U16      ;            ;          ; VCCINT                                                    ; power  ;              ; 1.2V    ; --         ;                 ; --       ; --           ;
; U17      ;            ;          ; GND                                                       ; gnd    ;              ;         ; --         ;                 ; --       ; --           ;
; U18      ;            ;          ; VCCINT                                                    ; power  ;              ; 1.2V    ; --         ;                 ; --       ; --           ;
; U19      ;            ;          ; GND                                                       ; gnd    ;              ;         ; --         ;                 ; --       ; --           ;
; U20      ;            ;          ; VCCINT                                                    ; power  ;              ; 1.2V    ; --         ;                 ; --       ; --           ;
; U21      ; 319        ; 5        ; rfif.wdat[9]                                              ; input  ; 2.5 V        ;         ; Row I/O    ; N               ; no       ; Off          ;
; U22      ; 313        ; 5        ; rfif.rsel2[1]                                             ; input  ; 2.5 V        ;         ; Row I/O    ; N               ; no       ; Off          ;
; U23      ; 305        ; 5        ; RESERVED_INPUT_WITH_WEAK_PULLUP                           ;        ;              ;         ; Row I/O    ;                 ; --       ; --           ;
; U24      ; 316        ; 5        ; rfif.wsel[2]                                              ; input  ; 2.5 V        ;         ; Row I/O    ; N               ; no       ; Off          ;
; U25      ; 315        ; 5        ; rfif.rdat1[22]                                            ; output ; 2.5 V        ;         ; Row I/O    ; N               ; no       ; Off          ;
; U26      ; 314        ; 5        ; rfif.rdat2[25]                                            ; output ; 2.5 V        ;         ; Row I/O    ; N               ; no       ; Off          ;
; U27      ; 318        ; 5        ; rfif.wdat[25]                                             ; input  ; 2.5 V        ;         ; Row I/O    ; N               ; no       ; Off          ;
; U28      ; 317        ; 5        ; rfif.rdat1[12]                                            ; output ; 2.5 V        ;         ; Row I/O    ; N               ; no       ; Off          ;
; V1       ; 84         ; 2        ; RESERVED_INPUT_WITH_WEAK_PULLUP                           ;        ;              ;         ; Row I/O    ;                 ; no       ; On           ;
; V2       ; 83         ; 2        ; RESERVED_INPUT_WITH_WEAK_PULLUP                           ;        ;              ;         ; Row I/O    ;                 ; no       ; On           ;
; V3       ; 82         ; 2        ; RESERVED_INPUT_WITH_WEAK_PULLUP                           ;        ;              ;         ; Row I/O    ;                 ; no       ; On           ;
; V4       ; 81         ; 2        ; RESERVED_INPUT_WITH_WEAK_PULLUP                           ;        ;              ;         ; Row I/O    ;                 ; no       ; On           ;
; V5       ; 108        ; 2        ; RESERVED_INPUT_WITH_WEAK_PULLUP                           ;        ;              ;         ; Row I/O    ;                 ; no       ; On           ;
; V6       ; 107        ; 2        ; RESERVED_INPUT_WITH_WEAK_PULLUP                           ;        ;              ;         ; Row I/O    ;                 ; no       ; On           ;
; V7       ; 110        ; 2        ; RESERVED_INPUT_WITH_WEAK_PULLUP                           ;        ;              ;         ; Row I/O    ;                 ; no       ; On           ;
; V8       ; 109        ; 2        ; RESERVED_INPUT_WITH_WEAK_PULLUP                           ;        ;              ;         ; Row I/O    ;                 ; no       ; On           ;
; V9       ;            ;          ; VCCINT                                                    ; power  ;              ; 1.2V    ; --         ;                 ; --       ; --           ;
; V10      ;            ;          ; GND                                                       ; gnd    ;              ;         ; --         ;                 ; --       ; --           ;
; V11      ;            ;          ; VCCINT                                                    ; power  ;              ; 1.2V    ; --         ;                 ; --       ; --           ;
; V12      ;            ;          ; GND                                                       ; gnd    ;              ;         ; --         ;                 ; --       ; --           ;
; V13      ;            ;          ; VCCINT                                                    ; power  ;              ; 1.2V    ; --         ;                 ; --       ; --           ;
; V14      ;            ;          ; GND                                                       ; gnd    ;              ;         ; --         ;                 ; --       ; --           ;
; V15      ;            ;          ; VCCINT                                                    ; power  ;              ; 1.2V    ; --         ;                 ; --       ; --           ;
; V16      ;            ;          ; GND                                                       ; gnd    ;              ;         ; --         ;                 ; --       ; --           ;
; V17      ;            ;          ; VCCINT                                                    ; power  ;              ; 1.2V    ; --         ;                 ; --       ; --           ;
; V18      ;            ;          ; GND                                                       ; gnd    ;              ;         ; --         ;                 ; --       ; --           ;
; V19      ;            ;          ; VCCINT                                                    ; power  ;              ; 1.2V    ; --         ;                 ; --       ; --           ;
; V20      ;            ;          ; GND                                                       ; gnd    ;              ;         ; --         ;                 ; --       ; --           ;
; V21      ; 311        ; 5        ; rfif.wdat[30]                                             ; input  ; 2.5 V        ;         ; Row I/O    ; N               ; no       ; Off          ;
; V22      ; 312        ; 5        ; rfif.rdat1[14]                                            ; output ; 2.5 V        ;         ; Row I/O    ; N               ; no       ; Off          ;
; V23      ; 309        ; 5        ; rfif.rsel1[3]                                             ; input  ; 2.5 V        ;         ; Row I/O    ; N               ; no       ; Off          ;
; V24      ; 308        ; 5        ; rfif.rdat2[2]                                             ; output ; 2.5 V        ;         ; Row I/O    ; N               ; no       ; Off          ;
; V25      ; 307        ; 5        ; RESERVED_INPUT_WITH_WEAK_PULLUP                           ;        ;              ;         ; Row I/O    ;                 ; no       ; On           ;
; V26      ; 306        ; 5        ; RESERVED_INPUT_WITH_WEAK_PULLUP                           ;        ;              ;         ; Row I/O    ;                 ; no       ; On           ;
; V27      ; 304        ; 5        ; RESERVED_INPUT_WITH_WEAK_PULLUP                           ;        ;              ;         ; Row I/O    ;                 ; no       ; On           ;
; V28      ; 303        ; 5        ; RESERVED_INPUT_WITH_WEAK_PULLUP                           ;        ;              ;         ; Row I/O    ;                 ; no       ; On           ;
; W1       ; 88         ; 2        ; RESERVED_INPUT_WITH_WEAK_PULLUP                           ;        ;              ;         ; Row I/O    ;                 ; no       ; On           ;
; W2       ; 87         ; 2        ; RESERVED_INPUT_WITH_WEAK_PULLUP                           ;        ;              ;         ; Row I/O    ;                 ; no       ; On           ;
; W3       ; 112        ; 2        ; RESERVED_INPUT_WITH_WEAK_PULLUP                           ;        ;              ;         ; Row I/O    ;                 ; no       ; On           ;
; W4       ; 111        ; 2        ; RESERVED_INPUT_WITH_WEAK_PULLUP                           ;        ;              ;         ; Row I/O    ;                 ; no       ; On           ;
; W5       ;            ; 2        ; VCCIO2                                                    ; power  ;              ; 2.5V    ; --         ;                 ; --       ; --           ;
; W6       ;            ;          ; GND                                                       ; gnd    ;              ;         ; --         ;                 ; --       ; --           ;
; W7       ; 115        ; 2        ; RESERVED_INPUT_WITH_WEAK_PULLUP                           ;        ;              ;         ; Row I/O    ;                 ; no       ; On           ;
; W8       ; 116        ; 2        ; RESERVED_INPUT_WITH_WEAK_PULLUP                           ;        ;              ;         ; Row I/O    ;                 ; no       ; On           ;
; W9       ;            ;          ; GND                                                       ; gnd    ;              ;         ; --         ;                 ; --       ; --           ;
; W10      ;            ;          ; VCCINT                                                    ; power  ;              ; 1.2V    ; --         ;                 ; --       ; --           ;
; W11      ;            ;          ; GND                                                       ; gnd    ;              ;         ; --         ;                 ; --       ; --           ;
; W12      ;            ;          ; VCCINT                                                    ; power  ;              ; 1.2V    ; --         ;                 ; --       ; --           ;
; W13      ;            ;          ; GND                                                       ; gnd    ;              ;         ; --         ;                 ; --       ; --           ;
; W14      ;            ;          ; VCCINT                                                    ; power  ;              ; 1.2V    ; --         ;                 ; --       ; --           ;
; W15      ;            ;          ; GND                                                       ; gnd    ;              ;         ; --         ;                 ; --       ; --           ;
; W16      ;            ;          ; VCCINT                                                    ; power  ;              ; 1.2V    ; --         ;                 ; --       ; --           ;
; W17      ;            ;          ; GND                                                       ; gnd    ;              ;         ; --         ;                 ; --       ; --           ;
; W18      ;            ;          ; VCCINT                                                    ; power  ;              ; 1.2V    ; --         ;                 ; --       ; --           ;
; W19      ;            ;          ; GND                                                       ; gnd    ;              ;         ; --         ;                 ; --       ; --           ;
; W20      ;            ;          ; VCCINT                                                    ; power  ;              ; 1.2V    ; --         ;                 ; --       ; --           ;
; W21      ; 310        ; 5        ; rfif.wdat[24]                                             ; input  ; 2.5 V        ;         ; Row I/O    ; N               ; no       ; Off          ;
; W22      ; 321        ; 5        ; rfif.rdat2[24]                                            ; output ; 2.5 V        ;         ; Row I/O    ; N               ; no       ; Off          ;
; W23      ;            ;          ; GND                                                       ; gnd    ;              ;         ; --         ;                 ; --       ; --           ;
; W24      ;            ; 5        ; VCCIO5                                                    ; power  ;              ; 2.5V    ; --         ;                 ; --       ; --           ;
; W25      ; 300        ; 5        ; RESERVED_INPUT_WITH_WEAK_PULLUP                           ;        ;              ;         ; Row I/O    ;                 ; no       ; On           ;
; W26      ; 299        ; 5        ; RESERVED_INPUT_WITH_WEAK_PULLUP                           ;        ;              ;         ; Row I/O    ;                 ; no       ; On           ;
; W27      ; 301        ; 5        ; RESERVED_INPUT_WITH_WEAK_PULLUP                           ;        ;              ;         ; Row I/O    ;                 ; no       ; On           ;
; W28      ; 302        ; 5        ; RESERVED_INPUT_WITH_WEAK_PULLUP                           ;        ;              ;         ; Row I/O    ;                 ; no       ; On           ;
; Y1       ; 66         ; 2        ; GND+                                                      ;        ;              ;         ; Row I/O    ;                 ; --       ; --           ;
; Y2       ; 65         ; 2        ; nrst                                                      ; input  ; 2.5 V        ;         ; Row I/O    ; N               ; no       ; Off          ;
; Y3       ; 92         ; 2        ; RESERVED_INPUT_WITH_WEAK_PULLUP                           ;        ;              ;         ; Row I/O    ;                 ; no       ; On           ;
; Y4       ; 91         ; 2        ; RESERVED_INPUT_WITH_WEAK_PULLUP                           ;        ;              ;         ; Row I/O    ;                 ; no       ; On           ;
; Y5       ; 114        ; 2        ; RESERVED_INPUT_WITH_WEAK_PULLUP                           ;        ;              ;         ; Row I/O    ;                 ; no       ; On           ;
; Y6       ; 113        ; 2        ; RESERVED_INPUT_WITH_WEAK_PULLUP                           ;        ;              ;         ; Row I/O    ;                 ; no       ; On           ;
; Y7       ; 117        ; 2        ; RESERVED_INPUT_WITH_WEAK_PULLUP                           ;        ;              ;         ; Row I/O    ;                 ; no       ; On           ;
; Y8       ;            ; --       ; VCCA1                                                     ; power  ;              ; 2.5V    ; --         ;                 ; --       ; --           ;
; Y9       ;            ;          ; VCCD_PLL1                                                 ; power  ;              ; 1.2V    ; --         ;                 ; --       ; --           ;
; Y10      ; 140        ; 3        ; RESERVED_INPUT_WITH_WEAK_PULLUP                           ;        ;              ;         ; Column I/O ;                 ; --       ; --           ;
; Y11      ;            ;          ; GND                                                       ; gnd    ;              ;         ; --         ;                 ; --       ; --           ;
; Y12      ; 187        ; 3        ; rfif.rsel2[3]                                             ; input  ; 2.5 V        ;         ; Column I/O ; N               ; no       ; Off          ;
; Y13      ; 189        ; 3        ; rfif.rdat2[7]                                             ; output ; 2.5 V        ;         ; Column I/O ; N               ; no       ; Off          ;
; Y14      ; 197        ; 3        ; rfif.rdat1[8]                                             ; output ; 2.5 V        ;         ; Column I/O ; N               ; no       ; Off          ;
; Y15      ; 198        ; 3        ; rfif.rdat1[4]                                             ; output ; 2.5 V        ;         ; Column I/O ; N               ; no       ; Off          ;
; Y16      ; 250        ; 4        ; rfif.rdat1[29]                                            ; output ; 2.5 V        ;         ; Column I/O ; N               ; no       ; Off          ;
; Y17      ; 249        ; 4        ; rfif.rdat1[13]                                            ; output ; 2.5 V        ;         ; Column I/O ; N               ; no       ; Off          ;
; Y18      ;            ;          ; GND                                                       ; gnd    ;              ;         ; --         ;                 ; --       ; --           ;
; Y19      ; 263        ; 4        ; RESERVED_INPUT_WITH_WEAK_PULLUP                           ;        ;              ;         ; Column I/O ;                 ; no       ; On           ;
; Y20      ;            ;          ; VCCD_PLL4                                                 ; power  ;              ; 1.2V    ; --         ;                 ; --       ; --           ;
; Y21      ;            ; --       ; VCCA4                                                     ; power  ;              ; 2.5V    ; --         ;                 ; --       ; --           ;
; Y22      ; 320        ; 5        ; rfif.wdat[6]                                              ; input  ; 2.5 V        ;         ; Row I/O    ; N               ; no       ; Off          ;
; Y23      ; 288        ; 5        ; RESERVED_INPUT_WITH_WEAK_PULLUP                           ;        ;              ;         ; Row I/O    ;                 ; no       ; On           ;
; Y24      ; 287        ; 5        ; RESERVED_INPUT_WITH_WEAK_PULLUP                           ;        ;              ;         ; Row I/O    ;                 ; no       ; On           ;
; Y25      ; 298        ; 5        ; RESERVED_INPUT_WITH_WEAK_PULLUP                           ;        ;              ;         ; Row I/O    ;                 ; no       ; On           ;
; Y26      ; 297        ; 5        ; RESERVED_INPUT_WITH_WEAK_PULLUP                           ;        ;              ;         ; Row I/O    ;                 ; no       ; On           ;
; Y27      ; 336        ; 5        ; GND+                                                      ;        ;              ;         ; Row I/O    ;                 ; --       ; --           ;
; Y28      ; 335        ; 5        ; GND+                                                      ;        ;              ;         ; Row I/O    ;                 ; --       ; --           ;
+----------+------------+----------+-----------------------------------------------------------+--------+--------------+---------+------------+-----------------+----------+--------------+
Note: Pin directions (input, output or bidir) are based on device operating in user mode.


+------------------------------------------------+
; I/O Assignment Warnings                        ;
+----------------+-------------------------------+
; Pin Name       ; Reason                        ;
+----------------+-------------------------------+
; rfif.rdat2[0]  ; Incomplete set of assignments ;
; rfif.rdat2[1]  ; Incomplete set of assignments ;
; rfif.rdat2[2]  ; Incomplete set of assignments ;
; rfif.rdat2[3]  ; Incomplete set of assignments ;
; rfif.rdat2[4]  ; Incomplete set of assignments ;
; rfif.rdat2[5]  ; Incomplete set of assignments ;
; rfif.rdat2[6]  ; Incomplete set of assignments ;
; rfif.rdat2[7]  ; Incomplete set of assignments ;
; rfif.rdat2[8]  ; Incomplete set of assignments ;
; rfif.rdat2[9]  ; Incomplete set of assignments ;
; rfif.rdat2[10] ; Incomplete set of assignments ;
; rfif.rdat2[11] ; Incomplete set of assignments ;
; rfif.rdat2[12] ; Incomplete set of assignments ;
; rfif.rdat2[13] ; Incomplete set of assignments ;
; rfif.rdat2[14] ; Incomplete set of assignments ;
; rfif.rdat2[15] ; Incomplete set of assignments ;
; rfif.rdat2[16] ; Incomplete set of assignments ;
; rfif.rdat2[17] ; Incomplete set of assignments ;
; rfif.rdat2[18] ; Incomplete set of assignments ;
; rfif.rdat2[19] ; Incomplete set of assignments ;
; rfif.rdat2[20] ; Incomplete set of assignments ;
; rfif.rdat2[21] ; Incomplete set of assignments ;
; rfif.rdat2[22] ; Incomplete set of assignments ;
; rfif.rdat2[23] ; Incomplete set of assignments ;
; rfif.rdat2[24] ; Incomplete set of assignments ;
; rfif.rdat2[25] ; Incomplete set of assignments ;
; rfif.rdat2[26] ; Incomplete set of assignments ;
; rfif.rdat2[27] ; Incomplete set of assignments ;
; rfif.rdat2[28] ; Incomplete set of assignments ;
; rfif.rdat2[29] ; Incomplete set of assignments ;
; rfif.rdat2[30] ; Incomplete set of assignments ;
; rfif.rdat2[31] ; Incomplete set of assignments ;
; rfif.rdat1[0]  ; Incomplete set of assignments ;
; rfif.rdat1[1]  ; Incomplete set of assignments ;
; rfif.rdat1[2]  ; Incomplete set of assignments ;
; rfif.rdat1[3]  ; Incomplete set of assignments ;
; rfif.rdat1[4]  ; Incomplete set of assignments ;
; rfif.rdat1[5]  ; Incomplete set of assignments ;
; rfif.rdat1[6]  ; Incomplete set of assignments ;
; rfif.rdat1[7]  ; Incomplete set of assignments ;
; rfif.rdat1[8]  ; Incomplete set of assignments ;
; rfif.rdat1[9]  ; Incomplete set of assignments ;
; rfif.rdat1[10] ; Incomplete set of assignments ;
; rfif.rdat1[11] ; Incomplete set of assignments ;
; rfif.rdat1[12] ; Incomplete set of assignments ;
; rfif.rdat1[13] ; Incomplete set of assignments ;
; rfif.rdat1[14] ; Incomplete set of assignments ;
; rfif.rdat1[15] ; Incomplete set of assignments ;
; rfif.rdat1[16] ; Incomplete set of assignments ;
; rfif.rdat1[17] ; Incomplete set of assignments ;
; rfif.rdat1[18] ; Incomplete set of assignments ;
; rfif.rdat1[19] ; Incomplete set of assignments ;
; rfif.rdat1[20] ; Incomplete set of assignments ;
; rfif.rdat1[21] ; Incomplete set of assignments ;
; rfif.rdat1[22] ; Incomplete set of assignments ;
; rfif.rdat1[23] ; Incomplete set of assignments ;
; rfif.rdat1[24] ; Incomplete set of assignments ;
; rfif.rdat1[25] ; Incomplete set of assignments ;
; rfif.rdat1[26] ; Incomplete set of assignments ;
; rfif.rdat1[27] ; Incomplete set of assignments ;
; rfif.rdat1[28] ; Incomplete set of assignments ;
; rfif.rdat1[29] ; Incomplete set of assignments ;
; rfif.rdat1[30] ; Incomplete set of assignments ;
; rfif.rdat1[31] ; Incomplete set of assignments ;
; rfif.rsel2[3]  ; Incomplete set of assignments ;
; rfif.rsel2[2]  ; Incomplete set of assignments ;
; rfif.rsel2[0]  ; Incomplete set of assignments ;
; rfif.rsel2[1]  ; Incomplete set of assignments ;
; rfif.rsel2[4]  ; Incomplete set of assignments ;
; rfif.rsel1[3]  ; Incomplete set of assignments ;
; rfif.rsel1[2]  ; Incomplete set of assignments ;
; rfif.rsel1[0]  ; Incomplete set of assignments ;
; rfif.rsel1[1]  ; Incomplete set of assignments ;
; rfif.rsel1[4]  ; Incomplete set of assignments ;
; rfif.wdat[0]   ; Incomplete set of assignments ;
; clk            ; Incomplete set of assignments ;
; nrst           ; Incomplete set of assignments ;
; rfif.wsel[3]   ; Incomplete set of assignments ;
; rfif.wsel[4]   ; Incomplete set of assignments ;
; rfif.wsel[0]   ; Incomplete set of assignments ;
; rfif.WEN       ; Incomplete set of assignments ;
; rfif.wsel[1]   ; Incomplete set of assignments ;
; rfif.wsel[2]   ; Incomplete set of assignments ;
; rfif.wdat[1]   ; Incomplete set of assignments ;
; rfif.wdat[2]   ; Incomplete set of assignments ;
; rfif.wdat[3]   ; Incomplete set of assignments ;
; rfif.wdat[4]   ; Incomplete set of assignments ;
; rfif.wdat[5]   ; Incomplete set of assignments ;
; rfif.wdat[6]   ; Incomplete set of assignments ;
; rfif.wdat[7]   ; Incomplete set of assignments ;
; rfif.wdat[8]   ; Incomplete set of assignments ;
; rfif.wdat[9]   ; Incomplete set of assignments ;
; rfif.wdat[10]  ; Incomplete set of assignments ;
; rfif.wdat[11]  ; Incomplete set of assignments ;
; rfif.wdat[12]  ; Incomplete set of assignments ;
; rfif.wdat[13]  ; Incomplete set of assignments ;
; rfif.wdat[14]  ; Incomplete set of assignments ;
; rfif.wdat[15]  ; Incomplete set of assignments ;
; rfif.wdat[16]  ; Incomplete set of assignments ;
; rfif.wdat[17]  ; Incomplete set of assignments ;
; rfif.wdat[18]  ; Incomplete set of assignments ;
; rfif.wdat[19]  ; Incomplete set of assignments ;
; rfif.wdat[20]  ; Incomplete set of assignments ;
; rfif.wdat[21]  ; Incomplete set of assignments ;
; rfif.wdat[22]  ; Incomplete set of assignments ;
; rfif.wdat[23]  ; Incomplete set of assignments ;
; rfif.wdat[24]  ; Incomplete set of assignments ;
; rfif.wdat[25]  ; Incomplete set of assignments ;
; rfif.wdat[26]  ; Incomplete set of assignments ;
; rfif.wdat[27]  ; Incomplete set of assignments ;
; rfif.wdat[28]  ; Incomplete set of assignments ;
; rfif.wdat[29]  ; Incomplete set of assignments ;
; rfif.wdat[30]  ; Incomplete set of assignments ;
; rfif.wdat[31]  ; Incomplete set of assignments ;
; rfif.rdat2[0]  ; Missing location assignment   ;
; rfif.rdat2[1]  ; Missing location assignment   ;
; rfif.rdat2[2]  ; Missing location assignment   ;
; rfif.rdat2[3]  ; Missing location assignment   ;
; rfif.rdat2[4]  ; Missing location assignment   ;
; rfif.rdat2[5]  ; Missing location assignment   ;
; rfif.rdat2[6]  ; Missing location assignment   ;
; rfif.rdat2[7]  ; Missing location assignment   ;
; rfif.rdat2[8]  ; Missing location assignment   ;
; rfif.rdat2[9]  ; Missing location assignment   ;
; rfif.rdat2[10] ; Missing location assignment   ;
; rfif.rdat2[11] ; Missing location assignment   ;
; rfif.rdat2[12] ; Missing location assignment   ;
; rfif.rdat2[13] ; Missing location assignment   ;
; rfif.rdat2[14] ; Missing location assignment   ;
; rfif.rdat2[15] ; Missing location assignment   ;
; rfif.rdat2[16] ; Missing location assignment   ;
; rfif.rdat2[17] ; Missing location assignment   ;
; rfif.rdat2[18] ; Missing location assignment   ;
; rfif.rdat2[19] ; Missing location assignment   ;
; rfif.rdat2[20] ; Missing location assignment   ;
; rfif.rdat2[21] ; Missing location assignment   ;
; rfif.rdat2[22] ; Missing location assignment   ;
; rfif.rdat2[23] ; Missing location assignment   ;
; rfif.rdat2[24] ; Missing location assignment   ;
; rfif.rdat2[25] ; Missing location assignment   ;
; rfif.rdat2[26] ; Missing location assignment   ;
; rfif.rdat2[27] ; Missing location assignment   ;
; rfif.rdat2[28] ; Missing location assignment   ;
; rfif.rdat2[29] ; Missing location assignment   ;
; rfif.rdat2[30] ; Missing location assignment   ;
; rfif.rdat2[31] ; Missing location assignment   ;
; rfif.rdat1[0]  ; Missing location assignment   ;
; rfif.rdat1[1]  ; Missing location assignment   ;
; rfif.rdat1[2]  ; Missing location assignment   ;
; rfif.rdat1[3]  ; Missing location assignment   ;
; rfif.rdat1[4]  ; Missing location assignment   ;
; rfif.rdat1[5]  ; Missing location assignment   ;
; rfif.rdat1[6]  ; Missing location assignment   ;
; rfif.rdat1[7]  ; Missing location assignment   ;
; rfif.rdat1[8]  ; Missing location assignment   ;
; rfif.rdat1[9]  ; Missing location assignment   ;
; rfif.rdat1[10] ; Missing location assignment   ;
; rfif.rdat1[11] ; Missing location assignment   ;
; rfif.rdat1[12] ; Missing location assignment   ;
; rfif.rdat1[13] ; Missing location assignment   ;
; rfif.rdat1[14] ; Missing location assignment   ;
; rfif.rdat1[15] ; Missing location assignment   ;
; rfif.rdat1[16] ; Missing location assignment   ;
; rfif.rdat1[17] ; Missing location assignment   ;
; rfif.rdat1[18] ; Missing location assignment   ;
; rfif.rdat1[19] ; Missing location assignment   ;
; rfif.rdat1[20] ; Missing location assignment   ;
; rfif.rdat1[21] ; Missing location assignment   ;
; rfif.rdat1[22] ; Missing location assignment   ;
; rfif.rdat1[23] ; Missing location assignment   ;
; rfif.rdat1[24] ; Missing location assignment   ;
; rfif.rdat1[25] ; Missing location assignment   ;
; rfif.rdat1[26] ; Missing location assignment   ;
; rfif.rdat1[27] ; Missing location assignment   ;
; rfif.rdat1[28] ; Missing location assignment   ;
; rfif.rdat1[29] ; Missing location assignment   ;
; rfif.rdat1[30] ; Missing location assignment   ;
; rfif.rdat1[31] ; Missing location assignment   ;
; rfif.rsel2[3]  ; Missing location assignment   ;
; rfif.rsel2[2]  ; Missing location assignment   ;
; rfif.rsel2[0]  ; Missing location assignment   ;
; rfif.rsel2[1]  ; Missing location assignment   ;
; rfif.rsel2[4]  ; Missing location assignment   ;
; rfif.rsel1[3]  ; Missing location assignment   ;
; rfif.rsel1[2]  ; Missing location assignment   ;
; rfif.rsel1[0]  ; Missing location assignment   ;
; rfif.rsel1[1]  ; Missing location assignment   ;
; rfif.rsel1[4]  ; Missing location assignment   ;
; rfif.wdat[0]   ; Missing location assignment   ;
; clk            ; Missing location assignment   ;
; nrst           ; Missing location assignment   ;
; rfif.wsel[3]   ; Missing location assignment   ;
; rfif.wsel[4]   ; Missing location assignment   ;
; rfif.wsel[0]   ; Missing location assignment   ;
; rfif.WEN       ; Missing location assignment   ;
; rfif.wsel[1]   ; Missing location assignment   ;
; rfif.wsel[2]   ; Missing location assignment   ;
; rfif.wdat[1]   ; Missing location assignment   ;
; rfif.wdat[2]   ; Missing location assignment   ;
; rfif.wdat[3]   ; Missing location assignment   ;
; rfif.wdat[4]   ; Missing location assignment   ;
; rfif.wdat[5]   ; Missing location assignment   ;
; rfif.wdat[6]   ; Missing location assignment   ;
; rfif.wdat[7]   ; Missing location assignment   ;
; rfif.wdat[8]   ; Missing location assignment   ;
; rfif.wdat[9]   ; Missing location assignment   ;
; rfif.wdat[10]  ; Missing location assignment   ;
; rfif.wdat[11]  ; Missing location assignment   ;
; rfif.wdat[12]  ; Missing location assignment   ;
; rfif.wdat[13]  ; Missing location assignment   ;
; rfif.wdat[14]  ; Missing location assignment   ;
; rfif.wdat[15]  ; Missing location assignment   ;
; rfif.wdat[16]  ; Missing location assignment   ;
; rfif.wdat[17]  ; Missing location assignment   ;
; rfif.wdat[18]  ; Missing location assignment   ;
; rfif.wdat[19]  ; Missing location assignment   ;
; rfif.wdat[20]  ; Missing location assignment   ;
; rfif.wdat[21]  ; Missing location assignment   ;
; rfif.wdat[22]  ; Missing location assignment   ;
; rfif.wdat[23]  ; Missing location assignment   ;
; rfif.wdat[24]  ; Missing location assignment   ;
; rfif.wdat[25]  ; Missing location assignment   ;
; rfif.wdat[26]  ; Missing location assignment   ;
; rfif.wdat[27]  ; Missing location assignment   ;
; rfif.wdat[28]  ; Missing location assignment   ;
; rfif.wdat[29]  ; Missing location assignment   ;
; rfif.wdat[30]  ; Missing location assignment   ;
; rfif.wdat[31]  ; Missing location assignment   ;
+----------------+-------------------------------+


+---------------------------------------------------------------------------------------------------------------------------------------------------------------------------------------------------------------------------------------------------------------------------------+
; Fitter Resource Utilization by Entity                                                                                                                                                                                                                                           ;
+----------------------------+-------------+---------------------------+---------------+-------------+------+--------------+---------+-----------+------+--------------+--------------+-------------------+------------------+---------------------+---------------+--------------+
; Compilation Hierarchy Node ; Logic Cells ; Dedicated Logic Registers ; I/O Registers ; Memory Bits ; M9Ks ; DSP Elements ; DSP 9x9 ; DSP 18x18 ; Pins ; Virtual Pins ; LUT-Only LCs ; Register-Only LCs ; LUT/Register LCs ; Full Hierarchy Name ; Entity Name   ; Library Name ;
+----------------------------+-------------+---------------------------+---------------+-------------+------+--------------+---------+-----------+------+--------------+--------------+-------------------+------------------+---------------------+---------------+--------------+
; |register_file             ; 1384 (1384) ; 960 (960)                 ; 32 (32)       ; 0           ; 0    ; 0            ; 0       ; 0         ; 114  ; 0            ; 424 (424)    ; 1 (1)             ; 959 (959)        ; |register_file      ; register_file ; work         ;
+----------------------------+-------------+---------------------------+---------------+-------------+------+--------------+---------+-----------+------+--------------+--------------+-------------------+------------------+---------------------+---------------+--------------+
Note: For table entries with two numbers listed, the numbers in parentheses indicate the number of resources of the given type used by the specific entity alone. The numbers listed outside of parentheses indicate the total resources of the given type used by the specific entity and all of its sub-entities in the hierarchy.


+------------------------------------------------------------------------------------------------+
; Delay Chain Summary                                                                            ;
+----------------+----------+---------------+---------------+-----------------------+-----+------+
; Name           ; Pin Type ; Pad to Core 0 ; Pad to Core 1 ; Pad to Input Register ; TCO ; TCOE ;
+----------------+----------+---------------+---------------+-----------------------+-----+------+
; rfif.rdat2[0]  ; Output   ; --            ; --            ; --                    ; --  ; --   ;
; rfif.rdat2[1]  ; Output   ; --            ; --            ; --                    ; --  ; --   ;
; rfif.rdat2[2]  ; Output   ; --            ; --            ; --                    ; --  ; --   ;
; rfif.rdat2[3]  ; Output   ; --            ; --            ; --                    ; --  ; --   ;
; rfif.rdat2[4]  ; Output   ; --            ; --            ; --                    ; --  ; --   ;
; rfif.rdat2[5]  ; Output   ; --            ; --            ; --                    ; --  ; --   ;
; rfif.rdat2[6]  ; Output   ; --            ; --            ; --                    ; --  ; --   ;
; rfif.rdat2[7]  ; Output   ; --            ; --            ; --                    ; --  ; --   ;
; rfif.rdat2[8]  ; Output   ; --            ; --            ; --                    ; --  ; --   ;
; rfif.rdat2[9]  ; Output   ; --            ; --            ; --                    ; --  ; --   ;
; rfif.rdat2[10] ; Output   ; --            ; --            ; --                    ; --  ; --   ;
; rfif.rdat2[11] ; Output   ; --            ; --            ; --                    ; --  ; --   ;
; rfif.rdat2[12] ; Output   ; --            ; --            ; --                    ; --  ; --   ;
; rfif.rdat2[13] ; Output   ; --            ; --            ; --                    ; --  ; --   ;
; rfif.rdat2[14] ; Output   ; --            ; --            ; --                    ; --  ; --   ;
; rfif.rdat2[15] ; Output   ; --            ; --            ; --                    ; --  ; --   ;
; rfif.rdat2[16] ; Output   ; --            ; --            ; --                    ; --  ; --   ;
; rfif.rdat2[17] ; Output   ; --            ; --            ; --                    ; --  ; --   ;
; rfif.rdat2[18] ; Output   ; --            ; --            ; --                    ; --  ; --   ;
; rfif.rdat2[19] ; Output   ; --            ; --            ; --                    ; --  ; --   ;
; rfif.rdat2[20] ; Output   ; --            ; --            ; --                    ; --  ; --   ;
; rfif.rdat2[21] ; Output   ; --            ; --            ; --                    ; --  ; --   ;
; rfif.rdat2[22] ; Output   ; --            ; --            ; --                    ; --  ; --   ;
; rfif.rdat2[23] ; Output   ; --            ; --            ; --                    ; --  ; --   ;
; rfif.rdat2[24] ; Output   ; --            ; --            ; --                    ; --  ; --   ;
; rfif.rdat2[25] ; Output   ; --            ; --            ; --                    ; --  ; --   ;
; rfif.rdat2[26] ; Output   ; --            ; --            ; --                    ; --  ; --   ;
; rfif.rdat2[27] ; Output   ; --            ; --            ; --                    ; --  ; --   ;
; rfif.rdat2[28] ; Output   ; --            ; --            ; --                    ; --  ; --   ;
; rfif.rdat2[29] ; Output   ; --            ; --            ; --                    ; --  ; --   ;
; rfif.rdat2[30] ; Output   ; --            ; --            ; --                    ; --  ; --   ;
; rfif.rdat2[31] ; Output   ; --            ; --            ; --                    ; --  ; --   ;
; rfif.rdat1[0]  ; Output   ; --            ; --            ; --                    ; --  ; --   ;
; rfif.rdat1[1]  ; Output   ; --            ; --            ; --                    ; --  ; --   ;
; rfif.rdat1[2]  ; Output   ; --            ; --            ; --                    ; --  ; --   ;
; rfif.rdat1[3]  ; Output   ; --            ; --            ; --                    ; --  ; --   ;
; rfif.rdat1[4]  ; Output   ; --            ; --            ; --                    ; --  ; --   ;
; rfif.rdat1[5]  ; Output   ; --            ; --            ; --                    ; --  ; --   ;
; rfif.rdat1[6]  ; Output   ; --            ; --            ; --                    ; --  ; --   ;
; rfif.rdat1[7]  ; Output   ; --            ; --            ; --                    ; --  ; --   ;
; rfif.rdat1[8]  ; Output   ; --            ; --            ; --                    ; --  ; --   ;
; rfif.rdat1[9]  ; Output   ; --            ; --            ; --                    ; --  ; --   ;
; rfif.rdat1[10] ; Output   ; --            ; --            ; --                    ; --  ; --   ;
; rfif.rdat1[11] ; Output   ; --            ; --            ; --                    ; --  ; --   ;
; rfif.rdat1[12] ; Output   ; --            ; --            ; --                    ; --  ; --   ;
; rfif.rdat1[13] ; Output   ; --            ; --            ; --                    ; --  ; --   ;
; rfif.rdat1[14] ; Output   ; --            ; --            ; --                    ; --  ; --   ;
; rfif.rdat1[15] ; Output   ; --            ; --            ; --                    ; --  ; --   ;
; rfif.rdat1[16] ; Output   ; --            ; --            ; --                    ; --  ; --   ;
; rfif.rdat1[17] ; Output   ; --            ; --            ; --                    ; --  ; --   ;
; rfif.rdat1[18] ; Output   ; --            ; --            ; --                    ; --  ; --   ;
; rfif.rdat1[19] ; Output   ; --            ; --            ; --                    ; --  ; --   ;
; rfif.rdat1[20] ; Output   ; --            ; --            ; --                    ; --  ; --   ;
; rfif.rdat1[21] ; Output   ; --            ; --            ; --                    ; --  ; --   ;
; rfif.rdat1[22] ; Output   ; --            ; --            ; --                    ; --  ; --   ;
; rfif.rdat1[23] ; Output   ; --            ; --            ; --                    ; --  ; --   ;
; rfif.rdat1[24] ; Output   ; --            ; --            ; --                    ; --  ; --   ;
; rfif.rdat1[25] ; Output   ; --            ; --            ; --                    ; --  ; --   ;
; rfif.rdat1[26] ; Output   ; --            ; --            ; --                    ; --  ; --   ;
; rfif.rdat1[27] ; Output   ; --            ; --            ; --                    ; --  ; --   ;
; rfif.rdat1[28] ; Output   ; --            ; --            ; --                    ; --  ; --   ;
; rfif.rdat1[29] ; Output   ; --            ; --            ; --                    ; --  ; --   ;
; rfif.rdat1[30] ; Output   ; --            ; --            ; --                    ; --  ; --   ;
; rfif.rdat1[31] ; Output   ; --            ; --            ; --                    ; --  ; --   ;
; rfif.rsel2[3]  ; Input    ; --            ; (6) 1314 ps   ; --                    ; --  ; --   ;
; rfif.rsel2[2]  ; Input    ; (6) 1314 ps   ; --            ; --                    ; --  ; --   ;
; rfif.rsel2[0]  ; Input    ; --            ; (6) 1314 ps   ; --                    ; --  ; --   ;
; rfif.rsel2[1]  ; Input    ; (6) 1314 ps   ; --            ; --                    ; --  ; --   ;
; rfif.rsel2[4]  ; Input    ; (6) 1314 ps   ; --            ; --                    ; --  ; --   ;
; rfif.rsel1[3]  ; Input    ; (6) 1314 ps   ; --            ; --                    ; --  ; --   ;
; rfif.rsel1[2]  ; Input    ; --            ; (6) 1314 ps   ; --                    ; --  ; --   ;
; rfif.rsel1[0]  ; Input    ; (6) 1314 ps   ; --            ; --                    ; --  ; --   ;
; rfif.rsel1[1]  ; Input    ; --            ; (6) 1314 ps   ; --                    ; --  ; --   ;
; rfif.rsel1[4]  ; Input    ; (6) 1314 ps   ; --            ; --                    ; --  ; --   ;
; rfif.wdat[0]   ; Input    ; --            ; (0) 0 ps      ; (0) 0 ps              ; --  ; --   ;
; clk            ; Input    ; (0) 0 ps      ; --            ; --                    ; --  ; --   ;
; nrst           ; Input    ; (0) 0 ps      ; --            ; --                    ; --  ; --   ;
; rfif.wsel[3]   ; Input    ; (6) 1314 ps   ; --            ; --                    ; --  ; --   ;
; rfif.wsel[4]   ; Input    ; (6) 1314 ps   ; --            ; --                    ; --  ; --   ;
; rfif.wsel[0]   ; Input    ; (6) 1314 ps   ; --            ; --                    ; --  ; --   ;
; rfif.WEN       ; Input    ; (6) 1314 ps   ; --            ; --                    ; --  ; --   ;
; rfif.wsel[1]   ; Input    ; (6) 1314 ps   ; --            ; --                    ; --  ; --   ;
; rfif.wsel[2]   ; Input    ; --            ; (6) 1314 ps   ; --                    ; --  ; --   ;
; rfif.wdat[1]   ; Input    ; --            ; (0) 0 ps      ; (0) 0 ps              ; --  ; --   ;
; rfif.wdat[2]   ; Input    ; --            ; (0) 0 ps      ; (0) 0 ps              ; --  ; --   ;
; rfif.wdat[3]   ; Input    ; --            ; (0) 0 ps      ; (0) 0 ps              ; --  ; --   ;
; rfif.wdat[4]   ; Input    ; --            ; (0) 0 ps      ; (0) 0 ps              ; --  ; --   ;
; rfif.wdat[5]   ; Input    ; --            ; (0) 0 ps      ; (0) 0 ps              ; --  ; --   ;
; rfif.wdat[6]   ; Input    ; --            ; (0) 0 ps      ; (0) 0 ps              ; --  ; --   ;
; rfif.wdat[7]   ; Input    ; --            ; (0) 0 ps      ; (0) 0 ps              ; --  ; --   ;
; rfif.wdat[8]   ; Input    ; --            ; (0) 0 ps      ; (0) 0 ps              ; --  ; --   ;
; rfif.wdat[9]   ; Input    ; --            ; (0) 0 ps      ; (0) 0 ps              ; --  ; --   ;
; rfif.wdat[10]  ; Input    ; --            ; (0) 0 ps      ; (0) 0 ps              ; --  ; --   ;
; rfif.wdat[11]  ; Input    ; --            ; (0) 0 ps      ; (0) 0 ps              ; --  ; --   ;
; rfif.wdat[12]  ; Input    ; --            ; (0) 0 ps      ; (0) 0 ps              ; --  ; --   ;
; rfif.wdat[13]  ; Input    ; --            ; (0) 0 ps      ; (0) 0 ps              ; --  ; --   ;
; rfif.wdat[14]  ; Input    ; --            ; (0) 0 ps      ; (0) 0 ps              ; --  ; --   ;
; rfif.wdat[15]  ; Input    ; --            ; (0) 0 ps      ; (0) 0 ps              ; --  ; --   ;
; rfif.wdat[16]  ; Input    ; --            ; (0) 0 ps      ; (0) 0 ps              ; --  ; --   ;
; rfif.wdat[17]  ; Input    ; --            ; (0) 0 ps      ; (0) 0 ps              ; --  ; --   ;
; rfif.wdat[18]  ; Input    ; --            ; (0) 0 ps      ; (0) 0 ps              ; --  ; --   ;
; rfif.wdat[19]  ; Input    ; --            ; (0) 0 ps      ; (0) 0 ps              ; --  ; --   ;
; rfif.wdat[20]  ; Input    ; --            ; (0) 0 ps      ; (0) 0 ps              ; --  ; --   ;
; rfif.wdat[21]  ; Input    ; --            ; (0) 0 ps      ; (0) 0 ps              ; --  ; --   ;
; rfif.wdat[22]  ; Input    ; --            ; (0) 0 ps      ; (0) 0 ps              ; --  ; --   ;
; rfif.wdat[23]  ; Input    ; --            ; (0) 0 ps      ; (0) 0 ps              ; --  ; --   ;
; rfif.wdat[24]  ; Input    ; --            ; (0) 0 ps      ; (0) 0 ps              ; --  ; --   ;
; rfif.wdat[25]  ; Input    ; --            ; (0) 0 ps      ; (0) 0 ps              ; --  ; --   ;
; rfif.wdat[26]  ; Input    ; --            ; (0) 0 ps      ; (0) 0 ps              ; --  ; --   ;
; rfif.wdat[27]  ; Input    ; --            ; (0) 0 ps      ; (0) 0 ps              ; --  ; --   ;
; rfif.wdat[28]  ; Input    ; --            ; (0) 0 ps      ; (0) 0 ps              ; --  ; --   ;
; rfif.wdat[29]  ; Input    ; --            ; (0) 0 ps      ; (0) 0 ps              ; --  ; --   ;
; rfif.wdat[30]  ; Input    ; --            ; (0) 0 ps      ; (0) 0 ps              ; --  ; --   ;
; rfif.wdat[31]  ; Input    ; --            ; (0) 0 ps      ; (0) 0 ps              ; --  ; --   ;
+----------------+----------+---------------+---------------+-----------------------+-----+------+


+-------------------------------------------------------+
; Pad To Core Delay Chain Fanout                        ;
+-------------------------+-------------------+---------+
; Source Pin / Fanout     ; Pad To Core Index ; Setting ;
+-------------------------+-------------------+---------+
; rfif.rsel2[3]           ;                   ;         ;
;      - Mux63~0          ; 1                 ; 6       ;
;      - Mux63~1          ; 1                 ; 6       ;
;      - Mux63~2          ; 1                 ; 6       ;
;      - Mux63~4          ; 1                 ; 6       ;
;      - Mux63~7          ; 1                 ; 6       ;
;      - Mux63~8          ; 1                 ; 6       ;
;      - Mux63~16         ; 1                 ; 6       ;
;      - Mux63~19         ; 1                 ; 6       ;
;      - Mux62~0          ; 1                 ; 6       ;
;      - Mux62~2          ; 1                 ; 6       ;
;      - Mux62~3          ; 1                 ; 6       ;
;      - Mux62~4          ; 1                 ; 6       ;
;      - Mux62~5          ; 1                 ; 6       ;
;      - Mux62~7          ; 1                 ; 6       ;
;      - Mux62~16         ; 1                 ; 6       ;
;      - Mux61~0          ; 1                 ; 6       ;
;      - Mux61~1          ; 1                 ; 6       ;
;      - Mux61~2          ; 1                 ; 6       ;
;      - Mux61~4          ; 1                 ; 6       ;
;      - Mux61~7          ; 1                 ; 6       ;
;      - Mux61~8          ; 1                 ; 6       ;
;      - Mux61~16         ; 1                 ; 6       ;
;      - Mux61~19         ; 1                 ; 6       ;
;      - Mux60~0          ; 1                 ; 6       ;
;      - Mux60~2          ; 1                 ; 6       ;
;      - Mux60~3          ; 1                 ; 6       ;
;      - Mux60~4          ; 1                 ; 6       ;
;      - Mux60~5          ; 1                 ; 6       ;
;      - Mux60~7          ; 1                 ; 6       ;
;      - Mux60~16         ; 1                 ; 6       ;
;      - Mux59~0          ; 1                 ; 6       ;
;      - Mux59~1          ; 1                 ; 6       ;
;      - Mux59~2          ; 1                 ; 6       ;
;      - Mux59~4          ; 1                 ; 6       ;
;      - Mux59~7          ; 1                 ; 6       ;
;      - Mux59~8          ; 1                 ; 6       ;
;      - Mux59~16         ; 1                 ; 6       ;
;      - Mux59~19         ; 1                 ; 6       ;
;      - Mux58~0          ; 1                 ; 6       ;
;      - Mux58~2          ; 1                 ; 6       ;
;      - Mux58~3          ; 1                 ; 6       ;
;      - Mux58~4          ; 1                 ; 6       ;
;      - Mux58~5          ; 1                 ; 6       ;
;      - Mux58~7          ; 1                 ; 6       ;
;      - Mux58~16         ; 1                 ; 6       ;
;      - Mux57~0          ; 1                 ; 6       ;
;      - Mux57~1          ; 1                 ; 6       ;
;      - Mux57~2          ; 1                 ; 6       ;
;      - Mux57~4          ; 1                 ; 6       ;
;      - Mux57~7          ; 1                 ; 6       ;
;      - Mux57~8          ; 1                 ; 6       ;
;      - Mux57~16         ; 1                 ; 6       ;
;      - Mux57~19         ; 1                 ; 6       ;
;      - Mux56~0          ; 1                 ; 6       ;
;      - Mux56~2          ; 1                 ; 6       ;
;      - Mux56~3          ; 1                 ; 6       ;
;      - Mux56~4          ; 1                 ; 6       ;
;      - Mux56~5          ; 1                 ; 6       ;
;      - Mux56~7          ; 1                 ; 6       ;
;      - Mux56~16         ; 1                 ; 6       ;
;      - Mux55~0          ; 1                 ; 6       ;
;      - Mux55~1          ; 1                 ; 6       ;
;      - Mux55~2          ; 1                 ; 6       ;
;      - Mux55~4          ; 1                 ; 6       ;
;      - Mux55~7          ; 1                 ; 6       ;
;      - Mux55~8          ; 1                 ; 6       ;
;      - Mux55~16         ; 1                 ; 6       ;
;      - Mux55~19         ; 1                 ; 6       ;
;      - Mux54~0          ; 1                 ; 6       ;
;      - Mux54~2          ; 1                 ; 6       ;
;      - Mux54~3          ; 1                 ; 6       ;
;      - Mux54~4          ; 1                 ; 6       ;
;      - Mux54~5          ; 1                 ; 6       ;
;      - Mux54~7          ; 1                 ; 6       ;
;      - Mux54~16         ; 1                 ; 6       ;
;      - Mux53~0          ; 1                 ; 6       ;
;      - Mux53~1          ; 1                 ; 6       ;
;      - Mux53~2          ; 1                 ; 6       ;
;      - Mux53~4          ; 1                 ; 6       ;
;      - Mux53~7          ; 1                 ; 6       ;
;      - Mux53~8          ; 1                 ; 6       ;
;      - Mux53~16         ; 1                 ; 6       ;
;      - Mux53~19         ; 1                 ; 6       ;
;      - Mux52~0          ; 1                 ; 6       ;
;      - Mux52~2          ; 1                 ; 6       ;
;      - Mux52~3          ; 1                 ; 6       ;
;      - Mux52~4          ; 1                 ; 6       ;
;      - Mux52~5          ; 1                 ; 6       ;
;      - Mux52~7          ; 1                 ; 6       ;
;      - Mux52~16         ; 1                 ; 6       ;
;      - Mux51~0          ; 1                 ; 6       ;
;      - Mux51~1          ; 1                 ; 6       ;
;      - Mux51~2          ; 1                 ; 6       ;
;      - Mux51~4          ; 1                 ; 6       ;
;      - Mux51~7          ; 1                 ; 6       ;
;      - Mux51~8          ; 1                 ; 6       ;
;      - Mux51~16         ; 1                 ; 6       ;
;      - Mux51~19         ; 1                 ; 6       ;
;      - Mux50~0          ; 1                 ; 6       ;
;      - Mux50~2          ; 1                 ; 6       ;
;      - Mux50~3          ; 1                 ; 6       ;
;      - Mux50~4          ; 1                 ; 6       ;
;      - Mux50~5          ; 1                 ; 6       ;
;      - Mux50~7          ; 1                 ; 6       ;
;      - Mux50~16         ; 1                 ; 6       ;
;      - Mux49~0          ; 1                 ; 6       ;
;      - Mux49~1          ; 1                 ; 6       ;
;      - Mux49~2          ; 1                 ; 6       ;
;      - Mux49~4          ; 1                 ; 6       ;
;      - Mux49~7          ; 1                 ; 6       ;
;      - Mux49~8          ; 1                 ; 6       ;
;      - Mux49~16         ; 1                 ; 6       ;
;      - Mux49~19         ; 1                 ; 6       ;
;      - Mux48~0          ; 1                 ; 6       ;
;      - Mux48~2          ; 1                 ; 6       ;
;      - Mux48~3          ; 1                 ; 6       ;
;      - Mux48~4          ; 1                 ; 6       ;
;      - Mux48~5          ; 1                 ; 6       ;
;      - Mux48~7          ; 1                 ; 6       ;
;      - Mux48~16         ; 1                 ; 6       ;
;      - Mux47~0          ; 1                 ; 6       ;
;      - Mux47~1          ; 1                 ; 6       ;
;      - Mux47~2          ; 1                 ; 6       ;
;      - Mux47~4          ; 1                 ; 6       ;
;      - Mux47~7          ; 1                 ; 6       ;
;      - Mux47~8          ; 1                 ; 6       ;
;      - Mux47~16         ; 1                 ; 6       ;
;      - Mux47~19         ; 1                 ; 6       ;
;      - Mux46~0          ; 1                 ; 6       ;
;      - Mux46~2          ; 1                 ; 6       ;
;      - Mux46~3          ; 1                 ; 6       ;
;      - Mux46~4          ; 1                 ; 6       ;
;      - Mux46~5          ; 1                 ; 6       ;
;      - Mux46~7          ; 1                 ; 6       ;
;      - Mux46~16         ; 1                 ; 6       ;
;      - Mux45~0          ; 1                 ; 6       ;
;      - Mux45~1          ; 1                 ; 6       ;
;      - Mux45~2          ; 1                 ; 6       ;
;      - Mux45~4          ; 1                 ; 6       ;
;      - Mux45~7          ; 1                 ; 6       ;
;      - Mux45~8          ; 1                 ; 6       ;
;      - Mux45~16         ; 1                 ; 6       ;
;      - Mux45~19         ; 1                 ; 6       ;
;      - Mux44~0          ; 1                 ; 6       ;
;      - Mux44~2          ; 1                 ; 6       ;
;      - Mux44~3          ; 1                 ; 6       ;
;      - Mux44~4          ; 1                 ; 6       ;
;      - Mux44~5          ; 1                 ; 6       ;
;      - Mux44~7          ; 1                 ; 6       ;
;      - Mux44~16         ; 1                 ; 6       ;
;      - Mux43~0          ; 1                 ; 6       ;
;      - Mux43~1          ; 1                 ; 6       ;
;      - Mux43~2          ; 1                 ; 6       ;
;      - Mux43~4          ; 1                 ; 6       ;
;      - Mux43~7          ; 1                 ; 6       ;
;      - Mux43~8          ; 1                 ; 6       ;
;      - Mux43~16         ; 1                 ; 6       ;
;      - Mux43~19         ; 1                 ; 6       ;
;      - Mux42~0          ; 1                 ; 6       ;
;      - Mux42~2          ; 1                 ; 6       ;
;      - Mux42~3          ; 1                 ; 6       ;
;      - Mux42~4          ; 1                 ; 6       ;
;      - Mux42~5          ; 1                 ; 6       ;
;      - Mux42~7          ; 1                 ; 6       ;
;      - Mux42~16         ; 1                 ; 6       ;
;      - Mux41~0          ; 1                 ; 6       ;
;      - Mux41~1          ; 1                 ; 6       ;
;      - Mux41~2          ; 1                 ; 6       ;
;      - Mux41~4          ; 1                 ; 6       ;
;      - Mux41~7          ; 1                 ; 6       ;
;      - Mux41~8          ; 1                 ; 6       ;
;      - Mux41~16         ; 1                 ; 6       ;
;      - Mux41~19         ; 1                 ; 6       ;
;      - Mux40~0          ; 1                 ; 6       ;
;      - Mux40~2          ; 1                 ; 6       ;
;      - Mux40~3          ; 1                 ; 6       ;
;      - Mux40~4          ; 1                 ; 6       ;
;      - Mux40~5          ; 1                 ; 6       ;
;      - Mux40~7          ; 1                 ; 6       ;
;      - Mux40~16         ; 1                 ; 6       ;
;      - Mux39~0          ; 1                 ; 6       ;
;      - Mux39~1          ; 1                 ; 6       ;
;      - Mux39~2          ; 1                 ; 6       ;
;      - Mux39~4          ; 1                 ; 6       ;
;      - Mux39~7          ; 1                 ; 6       ;
;      - Mux39~8          ; 1                 ; 6       ;
;      - Mux39~16         ; 1                 ; 6       ;
;      - Mux39~19         ; 1                 ; 6       ;
;      - Mux38~0          ; 1                 ; 6       ;
;      - Mux38~2          ; 1                 ; 6       ;
;      - Mux38~3          ; 1                 ; 6       ;
;      - Mux38~4          ; 1                 ; 6       ;
;      - Mux38~5          ; 1                 ; 6       ;
;      - Mux38~7          ; 1                 ; 6       ;
;      - Mux38~16         ; 1                 ; 6       ;
;      - Mux37~0          ; 1                 ; 6       ;
;      - Mux37~1          ; 1                 ; 6       ;
;      - Mux37~2          ; 1                 ; 6       ;
;      - Mux37~4          ; 1                 ; 6       ;
;      - Mux37~7          ; 1                 ; 6       ;
;      - Mux37~8          ; 1                 ; 6       ;
;      - Mux37~16         ; 1                 ; 6       ;
;      - Mux37~19         ; 1                 ; 6       ;
;      - Mux36~0          ; 1                 ; 6       ;
;      - Mux36~2          ; 1                 ; 6       ;
;      - Mux36~3          ; 1                 ; 6       ;
;      - Mux36~4          ; 1                 ; 6       ;
;      - Mux36~5          ; 1                 ; 6       ;
;      - Mux36~7          ; 1                 ; 6       ;
;      - Mux36~16         ; 1                 ; 6       ;
;      - Mux35~0          ; 1                 ; 6       ;
;      - Mux35~1          ; 1                 ; 6       ;
;      - Mux35~2          ; 1                 ; 6       ;
;      - Mux35~4          ; 1                 ; 6       ;
;      - Mux35~7          ; 1                 ; 6       ;
;      - Mux35~8          ; 1                 ; 6       ;
;      - Mux35~16         ; 1                 ; 6       ;
;      - Mux35~19         ; 1                 ; 6       ;
;      - Mux34~0          ; 1                 ; 6       ;
;      - Mux34~2          ; 1                 ; 6       ;
;      - Mux34~3          ; 1                 ; 6       ;
;      - Mux34~4          ; 1                 ; 6       ;
;      - Mux34~5          ; 1                 ; 6       ;
;      - Mux34~7          ; 1                 ; 6       ;
;      - Mux34~16         ; 1                 ; 6       ;
;      - Mux33~0          ; 1                 ; 6       ;
;      - Mux33~1          ; 1                 ; 6       ;
;      - Mux33~2          ; 1                 ; 6       ;
;      - Mux33~4          ; 1                 ; 6       ;
;      - Mux33~7          ; 1                 ; 6       ;
;      - Mux33~8          ; 1                 ; 6       ;
;      - Mux33~16         ; 1                 ; 6       ;
;      - Mux33~19         ; 1                 ; 6       ;
;      - Mux32~0          ; 1                 ; 6       ;
;      - Mux32~2          ; 1                 ; 6       ;
;      - Mux32~3          ; 1                 ; 6       ;
;      - Mux32~4          ; 1                 ; 6       ;
;      - Mux32~5          ; 1                 ; 6       ;
;      - Mux32~7          ; 1                 ; 6       ;
;      - Mux32~16         ; 1                 ; 6       ;
; rfif.rsel2[2]           ;                   ;         ;
;      - Mux63~0          ; 0                 ; 6       ;
;      - Mux63~2          ; 0                 ; 6       ;
;      - Mux63~3          ; 0                 ; 6       ;
;      - Mux63~4          ; 0                 ; 6       ;
;      - Mux63~5          ; 0                 ; 6       ;
;      - Mux63~7          ; 0                 ; 6       ;
;      - Mux63~16         ; 0                 ; 6       ;
;      - Mux62~0          ; 0                 ; 6       ;
;      - Mux62~1          ; 0                 ; 6       ;
;      - Mux62~2          ; 0                 ; 6       ;
;      - Mux62~4          ; 0                 ; 6       ;
;      - Mux62~7          ; 0                 ; 6       ;
;      - Mux62~8          ; 0                 ; 6       ;
;      - Mux62~16         ; 0                 ; 6       ;
;      - Mux62~19         ; 0                 ; 6       ;
;      - Mux61~0          ; 0                 ; 6       ;
;      - Mux61~2          ; 0                 ; 6       ;
;      - Mux61~3          ; 0                 ; 6       ;
;      - Mux61~4          ; 0                 ; 6       ;
;      - Mux61~5          ; 0                 ; 6       ;
;      - Mux61~7          ; 0                 ; 6       ;
;      - Mux61~16         ; 0                 ; 6       ;
;      - Mux60~0          ; 0                 ; 6       ;
;      - Mux60~1          ; 0                 ; 6       ;
;      - Mux60~2          ; 0                 ; 6       ;
;      - Mux60~4          ; 0                 ; 6       ;
;      - Mux60~7          ; 0                 ; 6       ;
;      - Mux60~8          ; 0                 ; 6       ;
;      - Mux60~16         ; 0                 ; 6       ;
;      - Mux60~19         ; 0                 ; 6       ;
;      - Mux59~0          ; 0                 ; 6       ;
;      - Mux59~2          ; 0                 ; 6       ;
;      - Mux59~3          ; 0                 ; 6       ;
;      - Mux59~4          ; 0                 ; 6       ;
;      - Mux59~5          ; 0                 ; 6       ;
;      - Mux59~7          ; 0                 ; 6       ;
;      - Mux59~16         ; 0                 ; 6       ;
;      - Mux58~0          ; 0                 ; 6       ;
;      - Mux58~1          ; 0                 ; 6       ;
;      - Mux58~2          ; 0                 ; 6       ;
;      - Mux58~4          ; 0                 ; 6       ;
;      - Mux58~7          ; 0                 ; 6       ;
;      - Mux58~8          ; 0                 ; 6       ;
;      - Mux58~16         ; 0                 ; 6       ;
;      - Mux58~19         ; 0                 ; 6       ;
;      - Mux57~0          ; 0                 ; 6       ;
;      - Mux57~2          ; 0                 ; 6       ;
;      - Mux57~3          ; 0                 ; 6       ;
;      - Mux57~4          ; 0                 ; 6       ;
;      - Mux57~5          ; 0                 ; 6       ;
;      - Mux57~7          ; 0                 ; 6       ;
;      - Mux57~16         ; 0                 ; 6       ;
;      - Mux56~0          ; 0                 ; 6       ;
;      - Mux56~1          ; 0                 ; 6       ;
;      - Mux56~2          ; 0                 ; 6       ;
;      - Mux56~4          ; 0                 ; 6       ;
;      - Mux56~7          ; 0                 ; 6       ;
;      - Mux56~8          ; 0                 ; 6       ;
;      - Mux56~16         ; 0                 ; 6       ;
;      - Mux56~19         ; 0                 ; 6       ;
;      - Mux55~0          ; 0                 ; 6       ;
;      - Mux55~2          ; 0                 ; 6       ;
;      - Mux55~3          ; 0                 ; 6       ;
;      - Mux55~4          ; 0                 ; 6       ;
;      - Mux55~5          ; 0                 ; 6       ;
;      - Mux55~7          ; 0                 ; 6       ;
;      - Mux55~16         ; 0                 ; 6       ;
;      - Mux54~0          ; 0                 ; 6       ;
;      - Mux54~1          ; 0                 ; 6       ;
;      - Mux54~2          ; 0                 ; 6       ;
;      - Mux54~4          ; 0                 ; 6       ;
;      - Mux54~7          ; 0                 ; 6       ;
;      - Mux54~8          ; 0                 ; 6       ;
;      - Mux54~16         ; 0                 ; 6       ;
;      - Mux54~19         ; 0                 ; 6       ;
;      - Mux53~0          ; 0                 ; 6       ;
;      - Mux53~2          ; 0                 ; 6       ;
;      - Mux53~3          ; 0                 ; 6       ;
;      - Mux53~4          ; 0                 ; 6       ;
;      - Mux53~5          ; 0                 ; 6       ;
;      - Mux53~7          ; 0                 ; 6       ;
;      - Mux53~16         ; 0                 ; 6       ;
;      - Mux52~0          ; 0                 ; 6       ;
;      - Mux52~1          ; 0                 ; 6       ;
;      - Mux52~2          ; 0                 ; 6       ;
;      - Mux52~4          ; 0                 ; 6       ;
;      - Mux52~7          ; 0                 ; 6       ;
;      - Mux52~8          ; 0                 ; 6       ;
;      - Mux52~16         ; 0                 ; 6       ;
;      - Mux52~19         ; 0                 ; 6       ;
;      - Mux51~0          ; 0                 ; 6       ;
;      - Mux51~2          ; 0                 ; 6       ;
;      - Mux51~3          ; 0                 ; 6       ;
;      - Mux51~4          ; 0                 ; 6       ;
;      - Mux51~5          ; 0                 ; 6       ;
;      - Mux51~7          ; 0                 ; 6       ;
;      - Mux51~16         ; 0                 ; 6       ;
;      - Mux50~0          ; 0                 ; 6       ;
;      - Mux50~1          ; 0                 ; 6       ;
;      - Mux50~2          ; 0                 ; 6       ;
;      - Mux50~4          ; 0                 ; 6       ;
;      - Mux50~7          ; 0                 ; 6       ;
;      - Mux50~8          ; 0                 ; 6       ;
;      - Mux50~16         ; 0                 ; 6       ;
;      - Mux50~19         ; 0                 ; 6       ;
;      - Mux49~0          ; 0                 ; 6       ;
;      - Mux49~2          ; 0                 ; 6       ;
;      - Mux49~3          ; 0                 ; 6       ;
;      - Mux49~4          ; 0                 ; 6       ;
;      - Mux49~5          ; 0                 ; 6       ;
;      - Mux49~7          ; 0                 ; 6       ;
;      - Mux49~16         ; 0                 ; 6       ;
;      - Mux48~0          ; 0                 ; 6       ;
;      - Mux48~1          ; 0                 ; 6       ;
;      - Mux48~2          ; 0                 ; 6       ;
;      - Mux48~4          ; 0                 ; 6       ;
;      - Mux48~7          ; 0                 ; 6       ;
;      - Mux48~8          ; 0                 ; 6       ;
;      - Mux48~16         ; 0                 ; 6       ;
;      - Mux48~19         ; 0                 ; 6       ;
;      - Mux47~0          ; 0                 ; 6       ;
;      - Mux47~2          ; 0                 ; 6       ;
;      - Mux47~3          ; 0                 ; 6       ;
;      - Mux47~4          ; 0                 ; 6       ;
;      - Mux47~5          ; 0                 ; 6       ;
;      - Mux47~7          ; 0                 ; 6       ;
;      - Mux47~16         ; 0                 ; 6       ;
;      - Mux46~0          ; 0                 ; 6       ;
;      - Mux46~1          ; 0                 ; 6       ;
;      - Mux46~2          ; 0                 ; 6       ;
;      - Mux46~4          ; 0                 ; 6       ;
;      - Mux46~7          ; 0                 ; 6       ;
;      - Mux46~8          ; 0                 ; 6       ;
;      - Mux46~16         ; 0                 ; 6       ;
;      - Mux46~19         ; 0                 ; 6       ;
;      - Mux45~0          ; 0                 ; 6       ;
;      - Mux45~2          ; 0                 ; 6       ;
;      - Mux45~3          ; 0                 ; 6       ;
;      - Mux45~4          ; 0                 ; 6       ;
;      - Mux45~5          ; 0                 ; 6       ;
;      - Mux45~7          ; 0                 ; 6       ;
;      - Mux45~16         ; 0                 ; 6       ;
;      - Mux44~0          ; 0                 ; 6       ;
;      - Mux44~1          ; 0                 ; 6       ;
;      - Mux44~2          ; 0                 ; 6       ;
;      - Mux44~4          ; 0                 ; 6       ;
;      - Mux44~7          ; 0                 ; 6       ;
;      - Mux44~8          ; 0                 ; 6       ;
;      - Mux44~16         ; 0                 ; 6       ;
;      - Mux44~19         ; 0                 ; 6       ;
;      - Mux43~0          ; 0                 ; 6       ;
;      - Mux43~2          ; 0                 ; 6       ;
;      - Mux43~3          ; 0                 ; 6       ;
;      - Mux43~4          ; 0                 ; 6       ;
;      - Mux43~5          ; 0                 ; 6       ;
;      - Mux43~7          ; 0                 ; 6       ;
;      - Mux43~16         ; 0                 ; 6       ;
;      - Mux42~0          ; 0                 ; 6       ;
;      - Mux42~1          ; 0                 ; 6       ;
;      - Mux42~2          ; 0                 ; 6       ;
;      - Mux42~4          ; 0                 ; 6       ;
;      - Mux42~7          ; 0                 ; 6       ;
;      - Mux42~8          ; 0                 ; 6       ;
;      - Mux42~16         ; 0                 ; 6       ;
;      - Mux42~19         ; 0                 ; 6       ;
;      - Mux41~0          ; 0                 ; 6       ;
;      - Mux41~2          ; 0                 ; 6       ;
;      - Mux41~3          ; 0                 ; 6       ;
;      - Mux41~4          ; 0                 ; 6       ;
;      - Mux41~5          ; 0                 ; 6       ;
;      - Mux41~7          ; 0                 ; 6       ;
;      - Mux41~16         ; 0                 ; 6       ;
;      - Mux40~0          ; 0                 ; 6       ;
;      - Mux40~1          ; 0                 ; 6       ;
;      - Mux40~2          ; 0                 ; 6       ;
;      - Mux40~4          ; 0                 ; 6       ;
;      - Mux40~7          ; 0                 ; 6       ;
;      - Mux40~8          ; 0                 ; 6       ;
;      - Mux40~16         ; 0                 ; 6       ;
;      - Mux40~19         ; 0                 ; 6       ;
;      - Mux39~0          ; 0                 ; 6       ;
;      - Mux39~2          ; 0                 ; 6       ;
;      - Mux39~3          ; 0                 ; 6       ;
;      - Mux39~4          ; 0                 ; 6       ;
;      - Mux39~5          ; 0                 ; 6       ;
;      - Mux39~7          ; 0                 ; 6       ;
;      - Mux39~16         ; 0                 ; 6       ;
;      - Mux38~0          ; 0                 ; 6       ;
;      - Mux38~1          ; 0                 ; 6       ;
;      - Mux38~2          ; 0                 ; 6       ;
;      - Mux38~4          ; 0                 ; 6       ;
;      - Mux38~7          ; 0                 ; 6       ;
;      - Mux38~8          ; 0                 ; 6       ;
;      - Mux38~16         ; 0                 ; 6       ;
;      - Mux38~19         ; 0                 ; 6       ;
;      - Mux37~0          ; 0                 ; 6       ;
;      - Mux37~2          ; 0                 ; 6       ;
;      - Mux37~3          ; 0                 ; 6       ;
;      - Mux37~4          ; 0                 ; 6       ;
;      - Mux37~5          ; 0                 ; 6       ;
;      - Mux37~7          ; 0                 ; 6       ;
;      - Mux37~16         ; 0                 ; 6       ;
;      - Mux36~0          ; 0                 ; 6       ;
;      - Mux36~1          ; 0                 ; 6       ;
;      - Mux36~2          ; 0                 ; 6       ;
;      - Mux36~4          ; 0                 ; 6       ;
;      - Mux36~7          ; 0                 ; 6       ;
;      - Mux36~8          ; 0                 ; 6       ;
;      - Mux36~16         ; 0                 ; 6       ;
;      - Mux36~19         ; 0                 ; 6       ;
;      - Mux35~0          ; 0                 ; 6       ;
;      - Mux35~2          ; 0                 ; 6       ;
;      - Mux35~3          ; 0                 ; 6       ;
;      - Mux35~4          ; 0                 ; 6       ;
;      - Mux35~5          ; 0                 ; 6       ;
;      - Mux35~7          ; 0                 ; 6       ;
;      - Mux35~16         ; 0                 ; 6       ;
;      - Mux34~0          ; 0                 ; 6       ;
;      - Mux34~1          ; 0                 ; 6       ;
;      - Mux34~2          ; 0                 ; 6       ;
;      - Mux34~4          ; 0                 ; 6       ;
;      - Mux34~7          ; 0                 ; 6       ;
;      - Mux34~8          ; 0                 ; 6       ;
;      - Mux34~16         ; 0                 ; 6       ;
;      - Mux34~19         ; 0                 ; 6       ;
;      - Mux33~0          ; 0                 ; 6       ;
;      - Mux33~2          ; 0                 ; 6       ;
;      - Mux33~3          ; 0                 ; 6       ;
;      - Mux33~4          ; 0                 ; 6       ;
;      - Mux33~5          ; 0                 ; 6       ;
;      - Mux33~7          ; 0                 ; 6       ;
;      - Mux33~16         ; 0                 ; 6       ;
;      - Mux32~0          ; 0                 ; 6       ;
;      - Mux32~1          ; 0                 ; 6       ;
;      - Mux32~2          ; 0                 ; 6       ;
;      - Mux32~4          ; 0                 ; 6       ;
;      - Mux32~7          ; 0                 ; 6       ;
;      - Mux32~8          ; 0                 ; 6       ;
;      - Mux32~16         ; 0                 ; 6       ;
;      - Mux32~19         ; 0                 ; 6       ;
; rfif.rsel2[0]           ;                   ;         ;
;      - Mux63~6          ; 1                 ; 6       ;
;      - Mux63~9          ; 1                 ; 6       ;
;      - Mux63~10         ; 1                 ; 6       ;
;      - Mux63~11         ; 1                 ; 6       ;
;      - Mux63~12         ; 1                 ; 6       ;
;      - Mux63~14         ; 1                 ; 6       ;
;      - Mux63~15         ; 1                 ; 6       ;
;      - Mux63~17         ; 1                 ; 6       ;
;      - Mux62~6          ; 1                 ; 6       ;
;      - Mux62~9          ; 1                 ; 6       ;
;      - Mux62~10         ; 1                 ; 6       ;
;      - Mux62~12         ; 1                 ; 6       ;
;      - Mux62~13         ; 1                 ; 6       ;
;      - Mux62~14         ; 1                 ; 6       ;
;      - Mux62~15         ; 1                 ; 6       ;
;      - Mux62~17         ; 1                 ; 6       ;
;      - Mux61~6          ; 1                 ; 6       ;
;      - Mux61~9          ; 1                 ; 6       ;
;      - Mux61~10         ; 1                 ; 6       ;
;      - Mux61~11         ; 1                 ; 6       ;
;      - Mux61~12         ; 1                 ; 6       ;
;      - Mux61~14         ; 1                 ; 6       ;
;      - Mux61~15         ; 1                 ; 6       ;
;      - Mux61~17         ; 1                 ; 6       ;
;      - Mux60~6          ; 1                 ; 6       ;
;      - Mux60~9          ; 1                 ; 6       ;
;      - Mux60~10         ; 1                 ; 6       ;
;      - Mux60~12         ; 1                 ; 6       ;
;      - Mux60~13         ; 1                 ; 6       ;
;      - Mux60~14         ; 1                 ; 6       ;
;      - Mux60~15         ; 1                 ; 6       ;
;      - Mux60~17         ; 1                 ; 6       ;
;      - Mux59~6          ; 1                 ; 6       ;
;      - Mux59~9          ; 1                 ; 6       ;
;      - Mux59~10         ; 1                 ; 6       ;
;      - Mux59~11         ; 1                 ; 6       ;
;      - Mux59~12         ; 1                 ; 6       ;
;      - Mux59~14         ; 1                 ; 6       ;
;      - Mux59~15         ; 1                 ; 6       ;
;      - Mux59~17         ; 1                 ; 6       ;
;      - Mux58~6          ; 1                 ; 6       ;
;      - Mux58~9          ; 1                 ; 6       ;
;      - Mux58~10         ; 1                 ; 6       ;
;      - Mux58~12         ; 1                 ; 6       ;
;      - Mux58~13         ; 1                 ; 6       ;
;      - Mux58~14         ; 1                 ; 6       ;
;      - Mux58~15         ; 1                 ; 6       ;
;      - Mux58~17         ; 1                 ; 6       ;
;      - Mux57~6          ; 1                 ; 6       ;
;      - Mux57~9          ; 1                 ; 6       ;
;      - Mux57~10         ; 1                 ; 6       ;
;      - Mux57~11         ; 1                 ; 6       ;
;      - Mux57~12         ; 1                 ; 6       ;
;      - Mux57~14         ; 1                 ; 6       ;
;      - Mux57~15         ; 1                 ; 6       ;
;      - Mux57~17         ; 1                 ; 6       ;
;      - Mux56~6          ; 1                 ; 6       ;
;      - Mux56~9          ; 1                 ; 6       ;
;      - Mux56~10         ; 1                 ; 6       ;
;      - Mux56~12         ; 1                 ; 6       ;
;      - Mux56~13         ; 1                 ; 6       ;
;      - Mux56~14         ; 1                 ; 6       ;
;      - Mux56~15         ; 1                 ; 6       ;
;      - Mux56~17         ; 1                 ; 6       ;
;      - Mux55~6          ; 1                 ; 6       ;
;      - Mux55~9          ; 1                 ; 6       ;
;      - Mux55~10         ; 1                 ; 6       ;
;      - Mux55~11         ; 1                 ; 6       ;
;      - Mux55~12         ; 1                 ; 6       ;
;      - Mux55~14         ; 1                 ; 6       ;
;      - Mux55~15         ; 1                 ; 6       ;
;      - Mux55~17         ; 1                 ; 6       ;
;      - Mux54~6          ; 1                 ; 6       ;
;      - Mux54~9          ; 1                 ; 6       ;
;      - Mux54~10         ; 1                 ; 6       ;
;      - Mux54~12         ; 1                 ; 6       ;
;      - Mux54~13         ; 1                 ; 6       ;
;      - Mux54~14         ; 1                 ; 6       ;
;      - Mux54~15         ; 1                 ; 6       ;
;      - Mux54~17         ; 1                 ; 6       ;
;      - Mux53~6          ; 1                 ; 6       ;
;      - Mux53~9          ; 1                 ; 6       ;
;      - Mux53~10         ; 1                 ; 6       ;
;      - Mux53~11         ; 1                 ; 6       ;
;      - Mux53~12         ; 1                 ; 6       ;
;      - Mux53~14         ; 1                 ; 6       ;
;      - Mux53~15         ; 1                 ; 6       ;
;      - Mux53~17         ; 1                 ; 6       ;
;      - Mux52~6          ; 1                 ; 6       ;
;      - Mux52~9          ; 1                 ; 6       ;
;      - Mux52~10         ; 1                 ; 6       ;
;      - Mux52~12         ; 1                 ; 6       ;
;      - Mux52~13         ; 1                 ; 6       ;
;      - Mux52~14         ; 1                 ; 6       ;
;      - Mux52~15         ; 1                 ; 6       ;
;      - Mux52~17         ; 1                 ; 6       ;
;      - Mux51~6          ; 1                 ; 6       ;
;      - Mux51~9          ; 1                 ; 6       ;
;      - Mux51~10         ; 1                 ; 6       ;
;      - Mux51~11         ; 1                 ; 6       ;
;      - Mux51~12         ; 1                 ; 6       ;
;      - Mux51~14         ; 1                 ; 6       ;
;      - Mux51~15         ; 1                 ; 6       ;
;      - Mux51~17         ; 1                 ; 6       ;
;      - Mux50~6          ; 1                 ; 6       ;
;      - Mux50~9          ; 1                 ; 6       ;
;      - Mux50~10         ; 1                 ; 6       ;
;      - Mux50~12         ; 1                 ; 6       ;
;      - Mux50~13         ; 1                 ; 6       ;
;      - Mux50~14         ; 1                 ; 6       ;
;      - Mux50~15         ; 1                 ; 6       ;
;      - Mux50~17         ; 1                 ; 6       ;
;      - Mux49~6          ; 1                 ; 6       ;
;      - Mux49~9          ; 1                 ; 6       ;
;      - Mux49~10         ; 1                 ; 6       ;
;      - Mux49~11         ; 1                 ; 6       ;
;      - Mux49~12         ; 1                 ; 6       ;
;      - Mux49~14         ; 1                 ; 6       ;
;      - Mux49~15         ; 1                 ; 6       ;
;      - Mux49~17         ; 1                 ; 6       ;
;      - Mux48~6          ; 1                 ; 6       ;
;      - Mux48~9          ; 1                 ; 6       ;
;      - Mux48~10         ; 1                 ; 6       ;
;      - Mux48~12         ; 1                 ; 6       ;
;      - Mux48~13         ; 1                 ; 6       ;
;      - Mux48~14         ; 1                 ; 6       ;
;      - Mux48~15         ; 1                 ; 6       ;
;      - Mux48~17         ; 1                 ; 6       ;
;      - Mux47~6          ; 1                 ; 6       ;
;      - Mux47~9          ; 1                 ; 6       ;
;      - Mux47~10         ; 1                 ; 6       ;
;      - Mux47~11         ; 1                 ; 6       ;
;      - Mux47~12         ; 1                 ; 6       ;
;      - Mux47~14         ; 1                 ; 6       ;
;      - Mux47~15         ; 1                 ; 6       ;
;      - Mux47~17         ; 1                 ; 6       ;
;      - Mux46~6          ; 1                 ; 6       ;
;      - Mux46~9          ; 1                 ; 6       ;
;      - Mux46~10         ; 1                 ; 6       ;
;      - Mux46~12         ; 1                 ; 6       ;
;      - Mux46~13         ; 1                 ; 6       ;
;      - Mux46~14         ; 1                 ; 6       ;
;      - Mux46~15         ; 1                 ; 6       ;
;      - Mux46~17         ; 1                 ; 6       ;
;      - Mux45~6          ; 1                 ; 6       ;
;      - Mux45~9          ; 1                 ; 6       ;
;      - Mux45~10         ; 1                 ; 6       ;
;      - Mux45~11         ; 1                 ; 6       ;
;      - Mux45~12         ; 1                 ; 6       ;
;      - Mux45~14         ; 1                 ; 6       ;
;      - Mux45~15         ; 1                 ; 6       ;
;      - Mux45~17         ; 1                 ; 6       ;
;      - Mux44~6          ; 1                 ; 6       ;
;      - Mux44~9          ; 1                 ; 6       ;
;      - Mux44~10         ; 1                 ; 6       ;
;      - Mux44~12         ; 1                 ; 6       ;
;      - Mux44~13         ; 1                 ; 6       ;
;      - Mux44~14         ; 1                 ; 6       ;
;      - Mux44~15         ; 1                 ; 6       ;
;      - Mux44~17         ; 1                 ; 6       ;
;      - Mux43~6          ; 1                 ; 6       ;
;      - Mux43~9          ; 1                 ; 6       ;
;      - Mux43~10         ; 1                 ; 6       ;
;      - Mux43~11         ; 1                 ; 6       ;
;      - Mux43~12         ; 1                 ; 6       ;
;      - Mux43~14         ; 1                 ; 6       ;
;      - Mux43~15         ; 1                 ; 6       ;
;      - Mux43~17         ; 1                 ; 6       ;
;      - Mux42~6          ; 1                 ; 6       ;
;      - Mux42~9          ; 1                 ; 6       ;
;      - Mux42~10         ; 1                 ; 6       ;
;      - Mux42~12         ; 1                 ; 6       ;
;      - Mux42~13         ; 1                 ; 6       ;
;      - Mux42~14         ; 1                 ; 6       ;
;      - Mux42~15         ; 1                 ; 6       ;
;      - Mux42~17         ; 1                 ; 6       ;
;      - Mux41~6          ; 1                 ; 6       ;
;      - Mux41~9          ; 1                 ; 6       ;
;      - Mux41~10         ; 1                 ; 6       ;
;      - Mux41~11         ; 1                 ; 6       ;
;      - Mux41~12         ; 1                 ; 6       ;
;      - Mux41~14         ; 1                 ; 6       ;
;      - Mux41~15         ; 1                 ; 6       ;
;      - Mux41~17         ; 1                 ; 6       ;
;      - Mux40~6          ; 1                 ; 6       ;
;      - Mux40~9          ; 1                 ; 6       ;
;      - Mux40~10         ; 1                 ; 6       ;
;      - Mux40~12         ; 1                 ; 6       ;
;      - Mux40~13         ; 1                 ; 6       ;
;      - Mux40~14         ; 1                 ; 6       ;
;      - Mux40~15         ; 1                 ; 6       ;
;      - Mux40~17         ; 1                 ; 6       ;
;      - Mux39~6          ; 1                 ; 6       ;
;      - Mux39~9          ; 1                 ; 6       ;
;      - Mux39~10         ; 1                 ; 6       ;
;      - Mux39~11         ; 1                 ; 6       ;
;      - Mux39~12         ; 1                 ; 6       ;
;      - Mux39~14         ; 1                 ; 6       ;
;      - Mux39~15         ; 1                 ; 6       ;
;      - Mux39~17         ; 1                 ; 6       ;
;      - Mux38~6          ; 1                 ; 6       ;
;      - Mux38~9          ; 1                 ; 6       ;
;      - Mux38~10         ; 1                 ; 6       ;
;      - Mux38~12         ; 1                 ; 6       ;
;      - Mux38~13         ; 1                 ; 6       ;
;      - Mux38~14         ; 1                 ; 6       ;
;      - Mux38~15         ; 1                 ; 6       ;
;      - Mux38~17         ; 1                 ; 6       ;
;      - Mux37~6          ; 1                 ; 6       ;
;      - Mux37~9          ; 1                 ; 6       ;
;      - Mux37~10         ; 1                 ; 6       ;
;      - Mux37~11         ; 1                 ; 6       ;
;      - Mux37~12         ; 1                 ; 6       ;
;      - Mux37~14         ; 1                 ; 6       ;
;      - Mux37~15         ; 1                 ; 6       ;
;      - Mux37~17         ; 1                 ; 6       ;
;      - Mux36~6          ; 1                 ; 6       ;
;      - Mux36~9          ; 1                 ; 6       ;
;      - Mux36~10         ; 1                 ; 6       ;
;      - Mux36~12         ; 1                 ; 6       ;
;      - Mux36~13         ; 1                 ; 6       ;
;      - Mux36~14         ; 1                 ; 6       ;
;      - Mux36~15         ; 1                 ; 6       ;
;      - Mux36~17         ; 1                 ; 6       ;
;      - Mux35~6          ; 1                 ; 6       ;
;      - Mux35~9          ; 1                 ; 6       ;
;      - Mux35~10         ; 1                 ; 6       ;
;      - Mux35~11         ; 1                 ; 6       ;
;      - Mux35~12         ; 1                 ; 6       ;
;      - Mux35~14         ; 1                 ; 6       ;
;      - Mux35~15         ; 1                 ; 6       ;
;      - Mux35~17         ; 1                 ; 6       ;
;      - Mux34~6          ; 1                 ; 6       ;
;      - Mux34~9          ; 1                 ; 6       ;
;      - Mux34~10         ; 1                 ; 6       ;
;      - Mux34~12         ; 1                 ; 6       ;
;      - Mux34~13         ; 1                 ; 6       ;
;      - Mux34~14         ; 1                 ; 6       ;
;      - Mux34~15         ; 1                 ; 6       ;
;      - Mux34~17         ; 1                 ; 6       ;
;      - Mux33~6          ; 1                 ; 6       ;
;      - Mux33~9          ; 1                 ; 6       ;
;      - Mux33~10         ; 1                 ; 6       ;
;      - Mux33~11         ; 1                 ; 6       ;
;      - Mux33~12         ; 1                 ; 6       ;
;      - Mux33~14         ; 1                 ; 6       ;
;      - Mux33~15         ; 1                 ; 6       ;
;      - Mux33~17         ; 1                 ; 6       ;
;      - Mux32~6          ; 1                 ; 6       ;
;      - Mux32~9          ; 1                 ; 6       ;
;      - Mux32~10         ; 1                 ; 6       ;
;      - Mux32~12         ; 1                 ; 6       ;
;      - Mux32~13         ; 1                 ; 6       ;
;      - Mux32~14         ; 1                 ; 6       ;
;      - Mux32~15         ; 1                 ; 6       ;
;      - Mux32~17         ; 1                 ; 6       ;
; rfif.rsel2[1]           ;                   ;         ;
;      - Mux63~6          ; 0                 ; 6       ;
;      - Mux63~10         ; 0                 ; 6       ;
;      - Mux63~12         ; 0                 ; 6       ;
;      - Mux63~13         ; 0                 ; 6       ;
;      - Mux63~14         ; 0                 ; 6       ;
;      - Mux63~15         ; 0                 ; 6       ;
;      - Mux63~17         ; 0                 ; 6       ;
;      - Mux63~18         ; 0                 ; 6       ;
;      - Mux62~6          ; 0                 ; 6       ;
;      - Mux62~10         ; 0                 ; 6       ;
;      - Mux62~11         ; 0                 ; 6       ;
;      - Mux62~12         ; 0                 ; 6       ;
;      - Mux62~14         ; 0                 ; 6       ;
;      - Mux62~15         ; 0                 ; 6       ;
;      - Mux62~17         ; 0                 ; 6       ;
;      - Mux62~18         ; 0                 ; 6       ;
;      - Mux61~6          ; 0                 ; 6       ;
;      - Mux61~10         ; 0                 ; 6       ;
;      - Mux61~12         ; 0                 ; 6       ;
;      - Mux61~13         ; 0                 ; 6       ;
;      - Mux61~14         ; 0                 ; 6       ;
;      - Mux61~15         ; 0                 ; 6       ;
;      - Mux61~17         ; 0                 ; 6       ;
;      - Mux61~18         ; 0                 ; 6       ;
;      - Mux60~6          ; 0                 ; 6       ;
;      - Mux60~10         ; 0                 ; 6       ;
;      - Mux60~11         ; 0                 ; 6       ;
;      - Mux60~12         ; 0                 ; 6       ;
;      - Mux60~14         ; 0                 ; 6       ;
;      - Mux60~15         ; 0                 ; 6       ;
;      - Mux60~17         ; 0                 ; 6       ;
;      - Mux60~18         ; 0                 ; 6       ;
;      - Mux59~6          ; 0                 ; 6       ;
;      - Mux59~10         ; 0                 ; 6       ;
;      - Mux59~12         ; 0                 ; 6       ;
;      - Mux59~13         ; 0                 ; 6       ;
;      - Mux59~14         ; 0                 ; 6       ;
;      - Mux59~15         ; 0                 ; 6       ;
;      - Mux59~17         ; 0                 ; 6       ;
;      - Mux59~18         ; 0                 ; 6       ;
;      - Mux58~6          ; 0                 ; 6       ;
;      - Mux58~10         ; 0                 ; 6       ;
;      - Mux58~11         ; 0                 ; 6       ;
;      - Mux58~12         ; 0                 ; 6       ;
;      - Mux58~14         ; 0                 ; 6       ;
;      - Mux58~15         ; 0                 ; 6       ;
;      - Mux58~17         ; 0                 ; 6       ;
;      - Mux58~18         ; 0                 ; 6       ;
;      - Mux57~6          ; 0                 ; 6       ;
;      - Mux57~10         ; 0                 ; 6       ;
;      - Mux57~12         ; 0                 ; 6       ;
;      - Mux57~13         ; 0                 ; 6       ;
;      - Mux57~14         ; 0                 ; 6       ;
;      - Mux57~15         ; 0                 ; 6       ;
;      - Mux57~17         ; 0                 ; 6       ;
;      - Mux57~18         ; 0                 ; 6       ;
;      - Mux56~6          ; 0                 ; 6       ;
;      - Mux56~10         ; 0                 ; 6       ;
;      - Mux56~11         ; 0                 ; 6       ;
;      - Mux56~12         ; 0                 ; 6       ;
;      - Mux56~14         ; 0                 ; 6       ;
;      - Mux56~15         ; 0                 ; 6       ;
;      - Mux56~17         ; 0                 ; 6       ;
;      - Mux56~18         ; 0                 ; 6       ;
;      - Mux55~6          ; 0                 ; 6       ;
;      - Mux55~10         ; 0                 ; 6       ;
;      - Mux55~12         ; 0                 ; 6       ;
;      - Mux55~13         ; 0                 ; 6       ;
;      - Mux55~14         ; 0                 ; 6       ;
;      - Mux55~15         ; 0                 ; 6       ;
;      - Mux55~17         ; 0                 ; 6       ;
;      - Mux55~18         ; 0                 ; 6       ;
;      - Mux54~6          ; 0                 ; 6       ;
;      - Mux54~10         ; 0                 ; 6       ;
;      - Mux54~11         ; 0                 ; 6       ;
;      - Mux54~12         ; 0                 ; 6       ;
;      - Mux54~14         ; 0                 ; 6       ;
;      - Mux54~15         ; 0                 ; 6       ;
;      - Mux54~17         ; 0                 ; 6       ;
;      - Mux54~18         ; 0                 ; 6       ;
;      - Mux53~6          ; 0                 ; 6       ;
;      - Mux53~10         ; 0                 ; 6       ;
;      - Mux53~12         ; 0                 ; 6       ;
;      - Mux53~13         ; 0                 ; 6       ;
;      - Mux53~14         ; 0                 ; 6       ;
;      - Mux53~15         ; 0                 ; 6       ;
;      - Mux53~17         ; 0                 ; 6       ;
;      - Mux53~18         ; 0                 ; 6       ;
;      - Mux52~6          ; 0                 ; 6       ;
;      - Mux52~10         ; 0                 ; 6       ;
;      - Mux52~11         ; 0                 ; 6       ;
;      - Mux52~12         ; 0                 ; 6       ;
;      - Mux52~14         ; 0                 ; 6       ;
;      - Mux52~15         ; 0                 ; 6       ;
;      - Mux52~17         ; 0                 ; 6       ;
;      - Mux52~18         ; 0                 ; 6       ;
;      - Mux51~6          ; 0                 ; 6       ;
;      - Mux51~10         ; 0                 ; 6       ;
;      - Mux51~12         ; 0                 ; 6       ;
;      - Mux51~13         ; 0                 ; 6       ;
;      - Mux51~14         ; 0                 ; 6       ;
;      - Mux51~15         ; 0                 ; 6       ;
;      - Mux51~17         ; 0                 ; 6       ;
;      - Mux51~18         ; 0                 ; 6       ;
;      - Mux50~6          ; 0                 ; 6       ;
;      - Mux50~10         ; 0                 ; 6       ;
;      - Mux50~11         ; 0                 ; 6       ;
;      - Mux50~12         ; 0                 ; 6       ;
;      - Mux50~14         ; 0                 ; 6       ;
;      - Mux50~15         ; 0                 ; 6       ;
;      - Mux50~17         ; 0                 ; 6       ;
;      - Mux50~18         ; 0                 ; 6       ;
;      - Mux49~6          ; 0                 ; 6       ;
;      - Mux49~10         ; 0                 ; 6       ;
;      - Mux49~12         ; 0                 ; 6       ;
;      - Mux49~13         ; 0                 ; 6       ;
;      - Mux49~14         ; 0                 ; 6       ;
;      - Mux49~15         ; 0                 ; 6       ;
;      - Mux49~17         ; 0                 ; 6       ;
;      - Mux49~18         ; 0                 ; 6       ;
;      - Mux48~6          ; 0                 ; 6       ;
;      - Mux48~10         ; 0                 ; 6       ;
;      - Mux48~11         ; 0                 ; 6       ;
;      - Mux48~12         ; 0                 ; 6       ;
;      - Mux48~14         ; 0                 ; 6       ;
;      - Mux48~15         ; 0                 ; 6       ;
;      - Mux48~17         ; 0                 ; 6       ;
;      - Mux48~18         ; 0                 ; 6       ;
;      - Mux47~6          ; 0                 ; 6       ;
;      - Mux47~10         ; 0                 ; 6       ;
;      - Mux47~12         ; 0                 ; 6       ;
;      - Mux47~13         ; 0                 ; 6       ;
;      - Mux47~14         ; 0                 ; 6       ;
;      - Mux47~15         ; 0                 ; 6       ;
;      - Mux47~17         ; 0                 ; 6       ;
;      - Mux47~18         ; 0                 ; 6       ;
;      - Mux46~6          ; 0                 ; 6       ;
;      - Mux46~10         ; 0                 ; 6       ;
;      - Mux46~11         ; 0                 ; 6       ;
;      - Mux46~12         ; 0                 ; 6       ;
;      - Mux46~14         ; 0                 ; 6       ;
;      - Mux46~15         ; 0                 ; 6       ;
;      - Mux46~17         ; 0                 ; 6       ;
;      - Mux46~18         ; 0                 ; 6       ;
;      - Mux45~6          ; 0                 ; 6       ;
;      - Mux45~10         ; 0                 ; 6       ;
;      - Mux45~12         ; 0                 ; 6       ;
;      - Mux45~13         ; 0                 ; 6       ;
;      - Mux45~14         ; 0                 ; 6       ;
;      - Mux45~15         ; 0                 ; 6       ;
;      - Mux45~17         ; 0                 ; 6       ;
;      - Mux45~18         ; 0                 ; 6       ;
;      - Mux44~6          ; 0                 ; 6       ;
;      - Mux44~10         ; 0                 ; 6       ;
;      - Mux44~11         ; 0                 ; 6       ;
;      - Mux44~12         ; 0                 ; 6       ;
;      - Mux44~14         ; 0                 ; 6       ;
;      - Mux44~15         ; 0                 ; 6       ;
;      - Mux44~17         ; 0                 ; 6       ;
;      - Mux44~18         ; 0                 ; 6       ;
;      - Mux43~6          ; 0                 ; 6       ;
;      - Mux43~10         ; 0                 ; 6       ;
;      - Mux43~12         ; 0                 ; 6       ;
;      - Mux43~13         ; 0                 ; 6       ;
;      - Mux43~14         ; 0                 ; 6       ;
;      - Mux43~15         ; 0                 ; 6       ;
;      - Mux43~17         ; 0                 ; 6       ;
;      - Mux43~18         ; 0                 ; 6       ;
;      - Mux42~6          ; 0                 ; 6       ;
;      - Mux42~10         ; 0                 ; 6       ;
;      - Mux42~11         ; 0                 ; 6       ;
;      - Mux42~12         ; 0                 ; 6       ;
;      - Mux42~14         ; 0                 ; 6       ;
;      - Mux42~15         ; 0                 ; 6       ;
;      - Mux42~17         ; 0                 ; 6       ;
;      - Mux42~18         ; 0                 ; 6       ;
;      - Mux41~6          ; 0                 ; 6       ;
;      - Mux41~10         ; 0                 ; 6       ;
;      - Mux41~12         ; 0                 ; 6       ;
;      - Mux41~13         ; 0                 ; 6       ;
;      - Mux41~14         ; 0                 ; 6       ;
;      - Mux41~15         ; 0                 ; 6       ;
;      - Mux41~17         ; 0                 ; 6       ;
;      - Mux41~18         ; 0                 ; 6       ;
;      - Mux40~6          ; 0                 ; 6       ;
;      - Mux40~10         ; 0                 ; 6       ;
;      - Mux40~11         ; 0                 ; 6       ;
;      - Mux40~12         ; 0                 ; 6       ;
;      - Mux40~14         ; 0                 ; 6       ;
;      - Mux40~15         ; 0                 ; 6       ;
;      - Mux40~17         ; 0                 ; 6       ;
;      - Mux40~18         ; 0                 ; 6       ;
;      - Mux39~6          ; 0                 ; 6       ;
;      - Mux39~10         ; 0                 ; 6       ;
;      - Mux39~12         ; 0                 ; 6       ;
;      - Mux39~13         ; 0                 ; 6       ;
;      - Mux39~14         ; 0                 ; 6       ;
;      - Mux39~15         ; 0                 ; 6       ;
;      - Mux39~17         ; 0                 ; 6       ;
;      - Mux39~18         ; 0                 ; 6       ;
;      - Mux38~6          ; 0                 ; 6       ;
;      - Mux38~10         ; 0                 ; 6       ;
;      - Mux38~11         ; 0                 ; 6       ;
;      - Mux38~12         ; 0                 ; 6       ;
;      - Mux38~14         ; 0                 ; 6       ;
;      - Mux38~15         ; 0                 ; 6       ;
;      - Mux38~17         ; 0                 ; 6       ;
;      - Mux38~18         ; 0                 ; 6       ;
;      - Mux37~6          ; 0                 ; 6       ;
;      - Mux37~10         ; 0                 ; 6       ;
;      - Mux37~12         ; 0                 ; 6       ;
;      - Mux37~13         ; 0                 ; 6       ;
;      - Mux37~14         ; 0                 ; 6       ;
;      - Mux37~15         ; 0                 ; 6       ;
;      - Mux37~17         ; 0                 ; 6       ;
;      - Mux37~18         ; 0                 ; 6       ;
;      - Mux36~6          ; 0                 ; 6       ;
;      - Mux36~10         ; 0                 ; 6       ;
;      - Mux36~11         ; 0                 ; 6       ;
;      - Mux36~12         ; 0                 ; 6       ;
;      - Mux36~14         ; 0                 ; 6       ;
;      - Mux36~15         ; 0                 ; 6       ;
;      - Mux36~17         ; 0                 ; 6       ;
;      - Mux36~18         ; 0                 ; 6       ;
;      - Mux35~6          ; 0                 ; 6       ;
;      - Mux35~10         ; 0                 ; 6       ;
;      - Mux35~12         ; 0                 ; 6       ;
;      - Mux35~13         ; 0                 ; 6       ;
;      - Mux35~14         ; 0                 ; 6       ;
;      - Mux35~15         ; 0                 ; 6       ;
;      - Mux35~17         ; 0                 ; 6       ;
;      - Mux35~18         ; 0                 ; 6       ;
;      - Mux34~6          ; 0                 ; 6       ;
;      - Mux34~10         ; 0                 ; 6       ;
;      - Mux34~11         ; 0                 ; 6       ;
;      - Mux34~12         ; 0                 ; 6       ;
;      - Mux34~14         ; 0                 ; 6       ;
;      - Mux34~15         ; 0                 ; 6       ;
;      - Mux34~17         ; 0                 ; 6       ;
;      - Mux34~18         ; 0                 ; 6       ;
;      - Mux33~6          ; 0                 ; 6       ;
;      - Mux33~10         ; 0                 ; 6       ;
;      - Mux33~12         ; 0                 ; 6       ;
;      - Mux33~13         ; 0                 ; 6       ;
;      - Mux33~14         ; 0                 ; 6       ;
;      - Mux33~15         ; 0                 ; 6       ;
;      - Mux33~17         ; 0                 ; 6       ;
;      - Mux33~18         ; 0                 ; 6       ;
;      - Mux32~6          ; 0                 ; 6       ;
;      - Mux32~10         ; 0                 ; 6       ;
;      - Mux32~11         ; 0                 ; 6       ;
;      - Mux32~12         ; 0                 ; 6       ;
;      - Mux32~14         ; 0                 ; 6       ;
;      - Mux32~15         ; 0                 ; 6       ;
;      - Mux32~17         ; 0                 ; 6       ;
;      - Mux32~18         ; 0                 ; 6       ;
; rfif.rsel2[4]           ;                   ;         ;
;      - Mux63~20         ; 0                 ; 6       ;
;      - Mux62~20         ; 0                 ; 6       ;
;      - Mux61~20         ; 0                 ; 6       ;
;      - Mux60~20         ; 0                 ; 6       ;
;      - Mux59~20         ; 0                 ; 6       ;
;      - Mux58~20         ; 0                 ; 6       ;
;      - Mux57~20         ; 0                 ; 6       ;
;      - Mux56~20         ; 0                 ; 6       ;
;      - Mux55~20         ; 0                 ; 6       ;
;      - Mux54~20         ; 0                 ; 6       ;
;      - Mux53~20         ; 0                 ; 6       ;
;      - Mux52~20         ; 0                 ; 6       ;
;      - Mux51~20         ; 0                 ; 6       ;
;      - Mux50~20         ; 0                 ; 6       ;
;      - Mux49~20         ; 0                 ; 6       ;
;      - Mux48~20         ; 0                 ; 6       ;
;      - Mux47~20         ; 0                 ; 6       ;
;      - Mux46~20         ; 0                 ; 6       ;
;      - Mux45~20         ; 0                 ; 6       ;
;      - Mux44~20         ; 0                 ; 6       ;
;      - Mux43~20         ; 0                 ; 6       ;
;      - Mux42~20         ; 0                 ; 6       ;
;      - Mux41~20         ; 0                 ; 6       ;
;      - Mux40~20         ; 0                 ; 6       ;
;      - Mux39~20         ; 0                 ; 6       ;
;      - Mux38~20         ; 0                 ; 6       ;
;      - Mux37~20         ; 0                 ; 6       ;
;      - Mux36~20         ; 0                 ; 6       ;
;      - Mux35~20         ; 0                 ; 6       ;
;      - Mux34~20         ; 0                 ; 6       ;
;      - Mux33~20         ; 0                 ; 6       ;
;      - Mux32~20         ; 0                 ; 6       ;
; rfif.rsel1[3]           ;                   ;         ;
;      - Mux31~0          ; 0                 ; 6       ;
;      - Mux31~1          ; 0                 ; 6       ;
;      - Mux31~2          ; 0                 ; 6       ;
;      - Mux31~4          ; 0                 ; 6       ;
;      - Mux31~7          ; 0                 ; 6       ;
;      - Mux31~8          ; 0                 ; 6       ;
;      - Mux31~16         ; 0                 ; 6       ;
;      - Mux31~19         ; 0                 ; 6       ;
;      - Mux30~0          ; 0                 ; 6       ;
;      - Mux30~2          ; 0                 ; 6       ;
;      - Mux30~3          ; 0                 ; 6       ;
;      - Mux30~4          ; 0                 ; 6       ;
;      - Mux30~5          ; 0                 ; 6       ;
;      - Mux30~7          ; 0                 ; 6       ;
;      - Mux30~16         ; 0                 ; 6       ;
;      - Mux29~0          ; 0                 ; 6       ;
;      - Mux29~1          ; 0                 ; 6       ;
;      - Mux29~2          ; 0                 ; 6       ;
;      - Mux29~4          ; 0                 ; 6       ;
;      - Mux29~7          ; 0                 ; 6       ;
;      - Mux29~8          ; 0                 ; 6       ;
;      - Mux29~16         ; 0                 ; 6       ;
;      - Mux29~19         ; 0                 ; 6       ;
;      - Mux28~0          ; 0                 ; 6       ;
;      - Mux28~2          ; 0                 ; 6       ;
;      - Mux28~3          ; 0                 ; 6       ;
;      - Mux28~4          ; 0                 ; 6       ;
;      - Mux28~5          ; 0                 ; 6       ;
;      - Mux28~7          ; 0                 ; 6       ;
;      - Mux28~16         ; 0                 ; 6       ;
;      - Mux27~0          ; 0                 ; 6       ;
;      - Mux27~1          ; 0                 ; 6       ;
;      - Mux27~2          ; 0                 ; 6       ;
;      - Mux27~4          ; 0                 ; 6       ;
;      - Mux27~7          ; 0                 ; 6       ;
;      - Mux27~8          ; 0                 ; 6       ;
;      - Mux27~16         ; 0                 ; 6       ;
;      - Mux27~19         ; 0                 ; 6       ;
;      - Mux26~0          ; 0                 ; 6       ;
;      - Mux26~2          ; 0                 ; 6       ;
;      - Mux26~3          ; 0                 ; 6       ;
;      - Mux26~4          ; 0                 ; 6       ;
;      - Mux26~5          ; 0                 ; 6       ;
;      - Mux26~7          ; 0                 ; 6       ;
;      - Mux26~16         ; 0                 ; 6       ;
;      - Mux25~0          ; 0                 ; 6       ;
;      - Mux25~1          ; 0                 ; 6       ;
;      - Mux25~2          ; 0                 ; 6       ;
;      - Mux25~4          ; 0                 ; 6       ;
;      - Mux25~7          ; 0                 ; 6       ;
;      - Mux25~8          ; 0                 ; 6       ;
;      - Mux25~16         ; 0                 ; 6       ;
;      - Mux25~19         ; 0                 ; 6       ;
;      - Mux24~0          ; 0                 ; 6       ;
;      - Mux24~2          ; 0                 ; 6       ;
;      - Mux24~3          ; 0                 ; 6       ;
;      - Mux24~4          ; 0                 ; 6       ;
;      - Mux24~5          ; 0                 ; 6       ;
;      - Mux24~7          ; 0                 ; 6       ;
;      - Mux24~16         ; 0                 ; 6       ;
;      - Mux23~0          ; 0                 ; 6       ;
;      - Mux23~1          ; 0                 ; 6       ;
;      - Mux23~2          ; 0                 ; 6       ;
;      - Mux23~4          ; 0                 ; 6       ;
;      - Mux23~7          ; 0                 ; 6       ;
;      - Mux23~8          ; 0                 ; 6       ;
;      - Mux23~16         ; 0                 ; 6       ;
;      - Mux23~19         ; 0                 ; 6       ;
;      - Mux22~0          ; 0                 ; 6       ;
;      - Mux22~2          ; 0                 ; 6       ;
;      - Mux22~3          ; 0                 ; 6       ;
;      - Mux22~4          ; 0                 ; 6       ;
;      - Mux22~5          ; 0                 ; 6       ;
;      - Mux22~7          ; 0                 ; 6       ;
;      - Mux22~16         ; 0                 ; 6       ;
;      - Mux21~0          ; 0                 ; 6       ;
;      - Mux21~1          ; 0                 ; 6       ;
;      - Mux21~2          ; 0                 ; 6       ;
;      - Mux21~4          ; 0                 ; 6       ;
;      - Mux21~7          ; 0                 ; 6       ;
;      - Mux21~8          ; 0                 ; 6       ;
;      - Mux21~16         ; 0                 ; 6       ;
;      - Mux21~19         ; 0                 ; 6       ;
;      - Mux20~0          ; 0                 ; 6       ;
;      - Mux20~2          ; 0                 ; 6       ;
;      - Mux20~3          ; 0                 ; 6       ;
;      - Mux20~4          ; 0                 ; 6       ;
;      - Mux20~5          ; 0                 ; 6       ;
;      - Mux20~7          ; 0                 ; 6       ;
;      - Mux20~16         ; 0                 ; 6       ;
;      - Mux19~0          ; 0                 ; 6       ;
;      - Mux19~1          ; 0                 ; 6       ;
;      - Mux19~2          ; 0                 ; 6       ;
;      - Mux19~4          ; 0                 ; 6       ;
;      - Mux19~7          ; 0                 ; 6       ;
;      - Mux19~8          ; 0                 ; 6       ;
;      - Mux19~16         ; 0                 ; 6       ;
;      - Mux19~19         ; 0                 ; 6       ;
;      - Mux18~0          ; 0                 ; 6       ;
;      - Mux18~2          ; 0                 ; 6       ;
;      - Mux18~3          ; 0                 ; 6       ;
;      - Mux18~4          ; 0                 ; 6       ;
;      - Mux18~5          ; 0                 ; 6       ;
;      - Mux18~7          ; 0                 ; 6       ;
;      - Mux18~16         ; 0                 ; 6       ;
;      - Mux17~0          ; 0                 ; 6       ;
;      - Mux17~1          ; 0                 ; 6       ;
;      - Mux17~2          ; 0                 ; 6       ;
;      - Mux17~4          ; 0                 ; 6       ;
;      - Mux17~7          ; 0                 ; 6       ;
;      - Mux17~8          ; 0                 ; 6       ;
;      - Mux17~16         ; 0                 ; 6       ;
;      - Mux17~19         ; 0                 ; 6       ;
;      - Mux16~0          ; 0                 ; 6       ;
;      - Mux16~2          ; 0                 ; 6       ;
;      - Mux16~3          ; 0                 ; 6       ;
;      - Mux16~4          ; 0                 ; 6       ;
;      - Mux16~5          ; 0                 ; 6       ;
;      - Mux16~7          ; 0                 ; 6       ;
;      - Mux16~16         ; 0                 ; 6       ;
;      - Mux15~0          ; 0                 ; 6       ;
;      - Mux15~1          ; 0                 ; 6       ;
;      - Mux15~2          ; 0                 ; 6       ;
;      - Mux15~4          ; 0                 ; 6       ;
;      - Mux15~7          ; 0                 ; 6       ;
;      - Mux15~8          ; 0                 ; 6       ;
;      - Mux15~16         ; 0                 ; 6       ;
;      - Mux15~19         ; 0                 ; 6       ;
;      - Mux14~0          ; 0                 ; 6       ;
;      - Mux14~2          ; 0                 ; 6       ;
;      - Mux14~3          ; 0                 ; 6       ;
;      - Mux14~4          ; 0                 ; 6       ;
;      - Mux14~5          ; 0                 ; 6       ;
;      - Mux14~7          ; 0                 ; 6       ;
;      - Mux14~16         ; 0                 ; 6       ;
;      - Mux13~0          ; 0                 ; 6       ;
;      - Mux13~1          ; 0                 ; 6       ;
;      - Mux13~2          ; 0                 ; 6       ;
;      - Mux13~4          ; 0                 ; 6       ;
;      - Mux13~7          ; 0                 ; 6       ;
;      - Mux13~8          ; 0                 ; 6       ;
;      - Mux13~16         ; 0                 ; 6       ;
;      - Mux13~19         ; 0                 ; 6       ;
;      - Mux12~0          ; 0                 ; 6       ;
;      - Mux12~2          ; 0                 ; 6       ;
;      - Mux12~3          ; 0                 ; 6       ;
;      - Mux12~4          ; 0                 ; 6       ;
;      - Mux12~5          ; 0                 ; 6       ;
;      - Mux12~7          ; 0                 ; 6       ;
;      - Mux12~16         ; 0                 ; 6       ;
;      - Mux11~0          ; 0                 ; 6       ;
;      - Mux11~1          ; 0                 ; 6       ;
;      - Mux11~2          ; 0                 ; 6       ;
;      - Mux11~4          ; 0                 ; 6       ;
;      - Mux11~7          ; 0                 ; 6       ;
;      - Mux11~8          ; 0                 ; 6       ;
;      - Mux11~16         ; 0                 ; 6       ;
;      - Mux11~19         ; 0                 ; 6       ;
;      - Mux10~0          ; 0                 ; 6       ;
;      - Mux10~2          ; 0                 ; 6       ;
;      - Mux10~3          ; 0                 ; 6       ;
;      - Mux10~4          ; 0                 ; 6       ;
;      - Mux10~5          ; 0                 ; 6       ;
;      - Mux10~7          ; 0                 ; 6       ;
;      - Mux10~16         ; 0                 ; 6       ;
;      - Mux9~0           ; 0                 ; 6       ;
;      - Mux9~1           ; 0                 ; 6       ;
;      - Mux9~2           ; 0                 ; 6       ;
;      - Mux9~4           ; 0                 ; 6       ;
;      - Mux9~7           ; 0                 ; 6       ;
;      - Mux9~8           ; 0                 ; 6       ;
;      - Mux9~16          ; 0                 ; 6       ;
;      - Mux9~19          ; 0                 ; 6       ;
;      - Mux8~0           ; 0                 ; 6       ;
;      - Mux8~2           ; 0                 ; 6       ;
;      - Mux8~3           ; 0                 ; 6       ;
;      - Mux8~4           ; 0                 ; 6       ;
;      - Mux8~5           ; 0                 ; 6       ;
;      - Mux8~7           ; 0                 ; 6       ;
;      - Mux8~16          ; 0                 ; 6       ;
;      - Mux7~0           ; 0                 ; 6       ;
;      - Mux7~1           ; 0                 ; 6       ;
;      - Mux7~2           ; 0                 ; 6       ;
;      - Mux7~4           ; 0                 ; 6       ;
;      - Mux7~7           ; 0                 ; 6       ;
;      - Mux7~8           ; 0                 ; 6       ;
;      - Mux7~16          ; 0                 ; 6       ;
;      - Mux7~19          ; 0                 ; 6       ;
;      - Mux6~0           ; 0                 ; 6       ;
;      - Mux6~2           ; 0                 ; 6       ;
;      - Mux6~3           ; 0                 ; 6       ;
;      - Mux6~4           ; 0                 ; 6       ;
;      - Mux6~5           ; 0                 ; 6       ;
;      - Mux6~7           ; 0                 ; 6       ;
;      - Mux6~16          ; 0                 ; 6       ;
;      - Mux5~0           ; 0                 ; 6       ;
;      - Mux5~1           ; 0                 ; 6       ;
;      - Mux5~2           ; 0                 ; 6       ;
;      - Mux5~4           ; 0                 ; 6       ;
;      - Mux5~7           ; 0                 ; 6       ;
;      - Mux5~8           ; 0                 ; 6       ;
;      - Mux5~16          ; 0                 ; 6       ;
;      - Mux5~19          ; 0                 ; 6       ;
;      - Mux4~0           ; 0                 ; 6       ;
;      - Mux4~2           ; 0                 ; 6       ;
;      - Mux4~3           ; 0                 ; 6       ;
;      - Mux4~4           ; 0                 ; 6       ;
;      - Mux4~5           ; 0                 ; 6       ;
;      - Mux4~7           ; 0                 ; 6       ;
;      - Mux4~16          ; 0                 ; 6       ;
;      - Mux3~0           ; 0                 ; 6       ;
;      - Mux3~1           ; 0                 ; 6       ;
;      - Mux3~2           ; 0                 ; 6       ;
;      - Mux3~4           ; 0                 ; 6       ;
;      - Mux3~7           ; 0                 ; 6       ;
;      - Mux3~8           ; 0                 ; 6       ;
;      - Mux3~16          ; 0                 ; 6       ;
;      - Mux3~19          ; 0                 ; 6       ;
;      - Mux2~0           ; 0                 ; 6       ;
;      - Mux2~2           ; 0                 ; 6       ;
;      - Mux2~3           ; 0                 ; 6       ;
;      - Mux2~4           ; 0                 ; 6       ;
;      - Mux2~5           ; 0                 ; 6       ;
;      - Mux2~7           ; 0                 ; 6       ;
;      - Mux2~16          ; 0                 ; 6       ;
;      - Mux1~0           ; 0                 ; 6       ;
;      - Mux1~1           ; 0                 ; 6       ;
;      - Mux1~2           ; 0                 ; 6       ;
;      - Mux1~4           ; 0                 ; 6       ;
;      - Mux1~7           ; 0                 ; 6       ;
;      - Mux1~8           ; 0                 ; 6       ;
;      - Mux1~16          ; 0                 ; 6       ;
;      - Mux1~19          ; 0                 ; 6       ;
;      - Mux0~0           ; 0                 ; 6       ;
;      - Mux0~2           ; 0                 ; 6       ;
;      - Mux0~3           ; 0                 ; 6       ;
;      - Mux0~4           ; 0                 ; 6       ;
;      - Mux0~5           ; 0                 ; 6       ;
;      - Mux0~7           ; 0                 ; 6       ;
;      - Mux0~16          ; 0                 ; 6       ;
; rfif.rsel1[2]           ;                   ;         ;
;      - Mux31~0          ; 1                 ; 6       ;
;      - Mux31~2          ; 1                 ; 6       ;
;      - Mux31~3          ; 1                 ; 6       ;
;      - Mux31~4          ; 1                 ; 6       ;
;      - Mux31~5          ; 1                 ; 6       ;
;      - Mux31~7          ; 1                 ; 6       ;
;      - Mux31~16         ; 1                 ; 6       ;
;      - Mux30~0          ; 1                 ; 6       ;
;      - Mux30~1          ; 1                 ; 6       ;
;      - Mux30~2          ; 1                 ; 6       ;
;      - Mux30~4          ; 1                 ; 6       ;
;      - Mux30~7          ; 1                 ; 6       ;
;      - Mux30~8          ; 1                 ; 6       ;
;      - Mux30~16         ; 1                 ; 6       ;
;      - Mux30~19         ; 1                 ; 6       ;
;      - Mux29~0          ; 1                 ; 6       ;
;      - Mux29~2          ; 1                 ; 6       ;
;      - Mux29~3          ; 1                 ; 6       ;
;      - Mux29~4          ; 1                 ; 6       ;
;      - Mux29~5          ; 1                 ; 6       ;
;      - Mux29~7          ; 1                 ; 6       ;
;      - Mux29~16         ; 1                 ; 6       ;
;      - Mux28~0          ; 1                 ; 6       ;
;      - Mux28~1          ; 1                 ; 6       ;
;      - Mux28~2          ; 1                 ; 6       ;
;      - Mux28~4          ; 1                 ; 6       ;
;      - Mux28~7          ; 1                 ; 6       ;
;      - Mux28~8          ; 1                 ; 6       ;
;      - Mux28~16         ; 1                 ; 6       ;
;      - Mux28~19         ; 1                 ; 6       ;
;      - Mux27~0          ; 1                 ; 6       ;
;      - Mux27~2          ; 1                 ; 6       ;
;      - Mux27~3          ; 1                 ; 6       ;
;      - Mux27~4          ; 1                 ; 6       ;
;      - Mux27~5          ; 1                 ; 6       ;
;      - Mux27~7          ; 1                 ; 6       ;
;      - Mux27~16         ; 1                 ; 6       ;
;      - Mux26~0          ; 1                 ; 6       ;
;      - Mux26~1          ; 1                 ; 6       ;
;      - Mux26~2          ; 1                 ; 6       ;
;      - Mux26~4          ; 1                 ; 6       ;
;      - Mux26~7          ; 1                 ; 6       ;
;      - Mux26~8          ; 1                 ; 6       ;
;      - Mux26~16         ; 1                 ; 6       ;
;      - Mux26~19         ; 1                 ; 6       ;
;      - Mux25~0          ; 1                 ; 6       ;
;      - Mux25~2          ; 1                 ; 6       ;
;      - Mux25~3          ; 1                 ; 6       ;
;      - Mux25~4          ; 1                 ; 6       ;
;      - Mux25~5          ; 1                 ; 6       ;
;      - Mux25~7          ; 1                 ; 6       ;
;      - Mux25~16         ; 1                 ; 6       ;
;      - Mux24~0          ; 1                 ; 6       ;
;      - Mux24~1          ; 1                 ; 6       ;
;      - Mux24~2          ; 1                 ; 6       ;
;      - Mux24~4          ; 1                 ; 6       ;
;      - Mux24~7          ; 1                 ; 6       ;
;      - Mux24~8          ; 1                 ; 6       ;
;      - Mux24~16         ; 1                 ; 6       ;
;      - Mux24~19         ; 1                 ; 6       ;
;      - Mux23~0          ; 1                 ; 6       ;
;      - Mux23~2          ; 1                 ; 6       ;
;      - Mux23~3          ; 1                 ; 6       ;
;      - Mux23~4          ; 1                 ; 6       ;
;      - Mux23~5          ; 1                 ; 6       ;
;      - Mux23~7          ; 1                 ; 6       ;
;      - Mux23~16         ; 1                 ; 6       ;
;      - Mux22~0          ; 1                 ; 6       ;
;      - Mux22~1          ; 1                 ; 6       ;
;      - Mux22~2          ; 1                 ; 6       ;
;      - Mux22~4          ; 1                 ; 6       ;
;      - Mux22~7          ; 1                 ; 6       ;
;      - Mux22~8          ; 1                 ; 6       ;
;      - Mux22~16         ; 1                 ; 6       ;
;      - Mux22~19         ; 1                 ; 6       ;
;      - Mux21~0          ; 1                 ; 6       ;
;      - Mux21~2          ; 1                 ; 6       ;
;      - Mux21~3          ; 1                 ; 6       ;
;      - Mux21~4          ; 1                 ; 6       ;
;      - Mux21~5          ; 1                 ; 6       ;
;      - Mux21~7          ; 1                 ; 6       ;
;      - Mux21~16         ; 1                 ; 6       ;
;      - Mux20~0          ; 1                 ; 6       ;
;      - Mux20~1          ; 1                 ; 6       ;
;      - Mux20~2          ; 1                 ; 6       ;
;      - Mux20~4          ; 1                 ; 6       ;
;      - Mux20~7          ; 1                 ; 6       ;
;      - Mux20~8          ; 1                 ; 6       ;
;      - Mux20~16         ; 1                 ; 6       ;
;      - Mux20~19         ; 1                 ; 6       ;
;      - Mux19~0          ; 1                 ; 6       ;
;      - Mux19~2          ; 1                 ; 6       ;
;      - Mux19~3          ; 1                 ; 6       ;
;      - Mux19~4          ; 1                 ; 6       ;
;      - Mux19~5          ; 1                 ; 6       ;
;      - Mux19~7          ; 1                 ; 6       ;
;      - Mux19~16         ; 1                 ; 6       ;
;      - Mux18~0          ; 1                 ; 6       ;
;      - Mux18~1          ; 1                 ; 6       ;
;      - Mux18~2          ; 1                 ; 6       ;
;      - Mux18~4          ; 1                 ; 6       ;
;      - Mux18~7          ; 1                 ; 6       ;
;      - Mux18~8          ; 1                 ; 6       ;
;      - Mux18~16         ; 1                 ; 6       ;
;      - Mux18~19         ; 1                 ; 6       ;
;      - Mux17~0          ; 1                 ; 6       ;
;      - Mux17~2          ; 1                 ; 6       ;
;      - Mux17~3          ; 1                 ; 6       ;
;      - Mux17~4          ; 1                 ; 6       ;
;      - Mux17~5          ; 1                 ; 6       ;
;      - Mux17~7          ; 1                 ; 6       ;
;      - Mux17~16         ; 1                 ; 6       ;
;      - Mux16~0          ; 1                 ; 6       ;
;      - Mux16~1          ; 1                 ; 6       ;
;      - Mux16~2          ; 1                 ; 6       ;
;      - Mux16~4          ; 1                 ; 6       ;
;      - Mux16~7          ; 1                 ; 6       ;
;      - Mux16~8          ; 1                 ; 6       ;
;      - Mux16~16         ; 1                 ; 6       ;
;      - Mux16~19         ; 1                 ; 6       ;
;      - Mux15~0          ; 1                 ; 6       ;
;      - Mux15~2          ; 1                 ; 6       ;
;      - Mux15~3          ; 1                 ; 6       ;
;      - Mux15~4          ; 1                 ; 6       ;
;      - Mux15~5          ; 1                 ; 6       ;
;      - Mux15~7          ; 1                 ; 6       ;
;      - Mux15~16         ; 1                 ; 6       ;
;      - Mux14~0          ; 1                 ; 6       ;
;      - Mux14~1          ; 1                 ; 6       ;
;      - Mux14~2          ; 1                 ; 6       ;
;      - Mux14~4          ; 1                 ; 6       ;
;      - Mux14~7          ; 1                 ; 6       ;
;      - Mux14~8          ; 1                 ; 6       ;
;      - Mux14~16         ; 1                 ; 6       ;
;      - Mux14~19         ; 1                 ; 6       ;
;      - Mux13~0          ; 1                 ; 6       ;
;      - Mux13~2          ; 1                 ; 6       ;
;      - Mux13~3          ; 1                 ; 6       ;
;      - Mux13~4          ; 1                 ; 6       ;
;      - Mux13~5          ; 1                 ; 6       ;
;      - Mux13~7          ; 1                 ; 6       ;
;      - Mux13~16         ; 1                 ; 6       ;
;      - Mux12~0          ; 1                 ; 6       ;
;      - Mux12~1          ; 1                 ; 6       ;
;      - Mux12~2          ; 1                 ; 6       ;
;      - Mux12~4          ; 1                 ; 6       ;
;      - Mux12~7          ; 1                 ; 6       ;
;      - Mux12~8          ; 1                 ; 6       ;
;      - Mux12~16         ; 1                 ; 6       ;
;      - Mux12~19         ; 1                 ; 6       ;
;      - Mux11~0          ; 1                 ; 6       ;
;      - Mux11~2          ; 1                 ; 6       ;
;      - Mux11~3          ; 1                 ; 6       ;
;      - Mux11~4          ; 1                 ; 6       ;
;      - Mux11~5          ; 1                 ; 6       ;
;      - Mux11~7          ; 1                 ; 6       ;
;      - Mux11~16         ; 1                 ; 6       ;
;      - Mux10~0          ; 1                 ; 6       ;
;      - Mux10~1          ; 1                 ; 6       ;
;      - Mux10~2          ; 1                 ; 6       ;
;      - Mux10~4          ; 1                 ; 6       ;
;      - Mux10~7          ; 1                 ; 6       ;
;      - Mux10~8          ; 1                 ; 6       ;
;      - Mux10~16         ; 1                 ; 6       ;
;      - Mux10~19         ; 1                 ; 6       ;
;      - Mux9~0           ; 1                 ; 6       ;
;      - Mux9~2           ; 1                 ; 6       ;
;      - Mux9~3           ; 1                 ; 6       ;
;      - Mux9~4           ; 1                 ; 6       ;
;      - Mux9~5           ; 1                 ; 6       ;
;      - Mux9~7           ; 1                 ; 6       ;
;      - Mux9~16          ; 1                 ; 6       ;
;      - Mux8~0           ; 1                 ; 6       ;
;      - Mux8~1           ; 1                 ; 6       ;
;      - Mux8~2           ; 1                 ; 6       ;
;      - Mux8~4           ; 1                 ; 6       ;
;      - Mux8~7           ; 1                 ; 6       ;
;      - Mux8~8           ; 1                 ; 6       ;
;      - Mux8~16          ; 1                 ; 6       ;
;      - Mux8~19          ; 1                 ; 6       ;
;      - Mux7~0           ; 1                 ; 6       ;
;      - Mux7~2           ; 1                 ; 6       ;
;      - Mux7~3           ; 1                 ; 6       ;
;      - Mux7~4           ; 1                 ; 6       ;
;      - Mux7~5           ; 1                 ; 6       ;
;      - Mux7~7           ; 1                 ; 6       ;
;      - Mux7~16          ; 1                 ; 6       ;
;      - Mux6~0           ; 1                 ; 6       ;
;      - Mux6~1           ; 1                 ; 6       ;
;      - Mux6~2           ; 1                 ; 6       ;
;      - Mux6~4           ; 1                 ; 6       ;
;      - Mux6~7           ; 1                 ; 6       ;
;      - Mux6~8           ; 1                 ; 6       ;
;      - Mux6~16          ; 1                 ; 6       ;
;      - Mux6~19          ; 1                 ; 6       ;
;      - Mux5~0           ; 1                 ; 6       ;
;      - Mux5~2           ; 1                 ; 6       ;
;      - Mux5~3           ; 1                 ; 6       ;
;      - Mux5~4           ; 1                 ; 6       ;
;      - Mux5~5           ; 1                 ; 6       ;
;      - Mux5~7           ; 1                 ; 6       ;
;      - Mux5~16          ; 1                 ; 6       ;
;      - Mux4~0           ; 1                 ; 6       ;
;      - Mux4~1           ; 1                 ; 6       ;
;      - Mux4~2           ; 1                 ; 6       ;
;      - Mux4~4           ; 1                 ; 6       ;
;      - Mux4~7           ; 1                 ; 6       ;
;      - Mux4~8           ; 1                 ; 6       ;
;      - Mux4~16          ; 1                 ; 6       ;
;      - Mux4~19          ; 1                 ; 6       ;
;      - Mux3~0           ; 1                 ; 6       ;
;      - Mux3~2           ; 1                 ; 6       ;
;      - Mux3~3           ; 1                 ; 6       ;
;      - Mux3~4           ; 1                 ; 6       ;
;      - Mux3~5           ; 1                 ; 6       ;
;      - Mux3~7           ; 1                 ; 6       ;
;      - Mux3~16          ; 1                 ; 6       ;
;      - Mux2~0           ; 1                 ; 6       ;
;      - Mux2~1           ; 1                 ; 6       ;
;      - Mux2~2           ; 1                 ; 6       ;
;      - Mux2~4           ; 1                 ; 6       ;
;      - Mux2~7           ; 1                 ; 6       ;
;      - Mux2~8           ; 1                 ; 6       ;
;      - Mux2~16          ; 1                 ; 6       ;
;      - Mux2~19          ; 1                 ; 6       ;
;      - Mux1~0           ; 1                 ; 6       ;
;      - Mux1~2           ; 1                 ; 6       ;
;      - Mux1~3           ; 1                 ; 6       ;
;      - Mux1~4           ; 1                 ; 6       ;
;      - Mux1~5           ; 1                 ; 6       ;
;      - Mux1~7           ; 1                 ; 6       ;
;      - Mux1~16          ; 1                 ; 6       ;
;      - Mux0~0           ; 1                 ; 6       ;
;      - Mux0~1           ; 1                 ; 6       ;
;      - Mux0~2           ; 1                 ; 6       ;
;      - Mux0~4           ; 1                 ; 6       ;
;      - Mux0~7           ; 1                 ; 6       ;
;      - Mux0~8           ; 1                 ; 6       ;
;      - Mux0~16          ; 1                 ; 6       ;
;      - Mux0~19          ; 1                 ; 6       ;
; rfif.rsel1[0]           ;                   ;         ;
;      - Mux31~6          ; 0                 ; 6       ;
;      - Mux31~9          ; 0                 ; 6       ;
;      - Mux31~10         ; 0                 ; 6       ;
;      - Mux31~11         ; 0                 ; 6       ;
;      - Mux31~12         ; 0                 ; 6       ;
;      - Mux31~14         ; 0                 ; 6       ;
;      - Mux31~15         ; 0                 ; 6       ;
;      - Mux31~17         ; 0                 ; 6       ;
;      - Mux30~6          ; 0                 ; 6       ;
;      - Mux30~9          ; 0                 ; 6       ;
;      - Mux30~10         ; 0                 ; 6       ;
;      - Mux30~12         ; 0                 ; 6       ;
;      - Mux30~13         ; 0                 ; 6       ;
;      - Mux30~14         ; 0                 ; 6       ;
;      - Mux30~15         ; 0                 ; 6       ;
;      - Mux30~17         ; 0                 ; 6       ;
;      - Mux29~6          ; 0                 ; 6       ;
;      - Mux29~9          ; 0                 ; 6       ;
;      - Mux29~10         ; 0                 ; 6       ;
;      - Mux29~11         ; 0                 ; 6       ;
;      - Mux29~12         ; 0                 ; 6       ;
;      - Mux29~14         ; 0                 ; 6       ;
;      - Mux29~15         ; 0                 ; 6       ;
;      - Mux29~17         ; 0                 ; 6       ;
;      - Mux28~6          ; 0                 ; 6       ;
;      - Mux28~9          ; 0                 ; 6       ;
;      - Mux28~10         ; 0                 ; 6       ;
;      - Mux28~12         ; 0                 ; 6       ;
;      - Mux28~13         ; 0                 ; 6       ;
;      - Mux28~14         ; 0                 ; 6       ;
;      - Mux28~15         ; 0                 ; 6       ;
;      - Mux28~17         ; 0                 ; 6       ;
;      - Mux27~6          ; 0                 ; 6       ;
;      - Mux27~9          ; 0                 ; 6       ;
;      - Mux27~10         ; 0                 ; 6       ;
;      - Mux27~11         ; 0                 ; 6       ;
;      - Mux27~12         ; 0                 ; 6       ;
;      - Mux27~14         ; 0                 ; 6       ;
;      - Mux27~15         ; 0                 ; 6       ;
;      - Mux27~17         ; 0                 ; 6       ;
;      - Mux26~6          ; 0                 ; 6       ;
;      - Mux26~9          ; 0                 ; 6       ;
;      - Mux26~10         ; 0                 ; 6       ;
;      - Mux26~12         ; 0                 ; 6       ;
;      - Mux26~13         ; 0                 ; 6       ;
;      - Mux26~14         ; 0                 ; 6       ;
;      - Mux26~15         ; 0                 ; 6       ;
;      - Mux26~17         ; 0                 ; 6       ;
;      - Mux25~6          ; 0                 ; 6       ;
;      - Mux25~9          ; 0                 ; 6       ;
;      - Mux25~10         ; 0                 ; 6       ;
;      - Mux25~11         ; 0                 ; 6       ;
;      - Mux25~12         ; 0                 ; 6       ;
;      - Mux25~14         ; 0                 ; 6       ;
;      - Mux25~15         ; 0                 ; 6       ;
;      - Mux25~17         ; 0                 ; 6       ;
;      - Mux24~6          ; 0                 ; 6       ;
;      - Mux24~9          ; 0                 ; 6       ;
;      - Mux24~10         ; 0                 ; 6       ;
;      - Mux24~12         ; 0                 ; 6       ;
;      - Mux24~13         ; 0                 ; 6       ;
;      - Mux24~14         ; 0                 ; 6       ;
;      - Mux24~15         ; 0                 ; 6       ;
;      - Mux24~17         ; 0                 ; 6       ;
;      - Mux23~6          ; 0                 ; 6       ;
;      - Mux23~9          ; 0                 ; 6       ;
;      - Mux23~10         ; 0                 ; 6       ;
;      - Mux23~11         ; 0                 ; 6       ;
;      - Mux23~12         ; 0                 ; 6       ;
;      - Mux23~14         ; 0                 ; 6       ;
;      - Mux23~15         ; 0                 ; 6       ;
;      - Mux23~17         ; 0                 ; 6       ;
;      - Mux22~6          ; 0                 ; 6       ;
;      - Mux22~9          ; 0                 ; 6       ;
;      - Mux22~10         ; 0                 ; 6       ;
;      - Mux22~12         ; 0                 ; 6       ;
;      - Mux22~13         ; 0                 ; 6       ;
;      - Mux22~14         ; 0                 ; 6       ;
;      - Mux22~15         ; 0                 ; 6       ;
;      - Mux22~17         ; 0                 ; 6       ;
;      - Mux21~6          ; 0                 ; 6       ;
;      - Mux21~9          ; 0                 ; 6       ;
;      - Mux21~10         ; 0                 ; 6       ;
;      - Mux21~11         ; 0                 ; 6       ;
;      - Mux21~12         ; 0                 ; 6       ;
;      - Mux21~14         ; 0                 ; 6       ;
;      - Mux21~15         ; 0                 ; 6       ;
;      - Mux21~17         ; 0                 ; 6       ;
;      - Mux20~6          ; 0                 ; 6       ;
;      - Mux20~9          ; 0                 ; 6       ;
;      - Mux20~10         ; 0                 ; 6       ;
;      - Mux20~12         ; 0                 ; 6       ;
;      - Mux20~13         ; 0                 ; 6       ;
;      - Mux20~14         ; 0                 ; 6       ;
;      - Mux20~15         ; 0                 ; 6       ;
;      - Mux20~17         ; 0                 ; 6       ;
;      - Mux19~6          ; 0                 ; 6       ;
;      - Mux19~9          ; 0                 ; 6       ;
;      - Mux19~10         ; 0                 ; 6       ;
;      - Mux19~11         ; 0                 ; 6       ;
;      - Mux19~12         ; 0                 ; 6       ;
;      - Mux19~14         ; 0                 ; 6       ;
;      - Mux19~15         ; 0                 ; 6       ;
;      - Mux19~17         ; 0                 ; 6       ;
;      - Mux18~6          ; 0                 ; 6       ;
;      - Mux18~9          ; 0                 ; 6       ;
;      - Mux18~10         ; 0                 ; 6       ;
;      - Mux18~12         ; 0                 ; 6       ;
;      - Mux18~13         ; 0                 ; 6       ;
;      - Mux18~14         ; 0                 ; 6       ;
;      - Mux18~15         ; 0                 ; 6       ;
;      - Mux18~17         ; 0                 ; 6       ;
;      - Mux17~6          ; 0                 ; 6       ;
;      - Mux17~9          ; 0                 ; 6       ;
;      - Mux17~10         ; 0                 ; 6       ;
;      - Mux17~11         ; 0                 ; 6       ;
;      - Mux17~12         ; 0                 ; 6       ;
;      - Mux17~14         ; 0                 ; 6       ;
;      - Mux17~15         ; 0                 ; 6       ;
;      - Mux17~17         ; 0                 ; 6       ;
;      - Mux16~6          ; 0                 ; 6       ;
;      - Mux16~9          ; 0                 ; 6       ;
;      - Mux16~10         ; 0                 ; 6       ;
;      - Mux16~12         ; 0                 ; 6       ;
;      - Mux16~13         ; 0                 ; 6       ;
;      - Mux16~14         ; 0                 ; 6       ;
;      - Mux16~15         ; 0                 ; 6       ;
;      - Mux16~17         ; 0                 ; 6       ;
;      - Mux15~6          ; 0                 ; 6       ;
;      - Mux15~9          ; 0                 ; 6       ;
;      - Mux15~10         ; 0                 ; 6       ;
;      - Mux15~11         ; 0                 ; 6       ;
;      - Mux15~12         ; 0                 ; 6       ;
;      - Mux15~14         ; 0                 ; 6       ;
;      - Mux15~15         ; 0                 ; 6       ;
;      - Mux15~17         ; 0                 ; 6       ;
;      - Mux14~6          ; 0                 ; 6       ;
;      - Mux14~9          ; 0                 ; 6       ;
;      - Mux14~10         ; 0                 ; 6       ;
;      - Mux14~12         ; 0                 ; 6       ;
;      - Mux14~13         ; 0                 ; 6       ;
;      - Mux14~14         ; 0                 ; 6       ;
;      - Mux14~15         ; 0                 ; 6       ;
;      - Mux14~17         ; 0                 ; 6       ;
;      - Mux13~6          ; 0                 ; 6       ;
;      - Mux13~9          ; 0                 ; 6       ;
;      - Mux13~10         ; 0                 ; 6       ;
;      - Mux13~11         ; 0                 ; 6       ;
;      - Mux13~12         ; 0                 ; 6       ;
;      - Mux13~14         ; 0                 ; 6       ;
;      - Mux13~15         ; 0                 ; 6       ;
;      - Mux13~17         ; 0                 ; 6       ;
;      - Mux12~6          ; 0                 ; 6       ;
;      - Mux12~9          ; 0                 ; 6       ;
;      - Mux12~10         ; 0                 ; 6       ;
;      - Mux12~12         ; 0                 ; 6       ;
;      - Mux12~13         ; 0                 ; 6       ;
;      - Mux12~14         ; 0                 ; 6       ;
;      - Mux12~15         ; 0                 ; 6       ;
;      - Mux12~17         ; 0                 ; 6       ;
;      - Mux11~6          ; 0                 ; 6       ;
;      - Mux11~9          ; 0                 ; 6       ;
;      - Mux11~10         ; 0                 ; 6       ;
;      - Mux11~11         ; 0                 ; 6       ;
;      - Mux11~12         ; 0                 ; 6       ;
;      - Mux11~14         ; 0                 ; 6       ;
;      - Mux11~15         ; 0                 ; 6       ;
;      - Mux11~17         ; 0                 ; 6       ;
;      - Mux10~6          ; 0                 ; 6       ;
;      - Mux10~9          ; 0                 ; 6       ;
;      - Mux10~10         ; 0                 ; 6       ;
;      - Mux10~12         ; 0                 ; 6       ;
;      - Mux10~13         ; 0                 ; 6       ;
;      - Mux10~14         ; 0                 ; 6       ;
;      - Mux10~15         ; 0                 ; 6       ;
;      - Mux10~17         ; 0                 ; 6       ;
;      - Mux9~6           ; 0                 ; 6       ;
;      - Mux9~9           ; 0                 ; 6       ;
;      - Mux9~10          ; 0                 ; 6       ;
;      - Mux9~11          ; 0                 ; 6       ;
;      - Mux9~12          ; 0                 ; 6       ;
;      - Mux9~14          ; 0                 ; 6       ;
;      - Mux9~15          ; 0                 ; 6       ;
;      - Mux9~17          ; 0                 ; 6       ;
;      - Mux8~6           ; 0                 ; 6       ;
;      - Mux8~9           ; 0                 ; 6       ;
;      - Mux8~10          ; 0                 ; 6       ;
;      - Mux8~12          ; 0                 ; 6       ;
;      - Mux8~13          ; 0                 ; 6       ;
;      - Mux8~14          ; 0                 ; 6       ;
;      - Mux8~15          ; 0                 ; 6       ;
;      - Mux8~17          ; 0                 ; 6       ;
;      - Mux7~6           ; 0                 ; 6       ;
;      - Mux7~9           ; 0                 ; 6       ;
;      - Mux7~10          ; 0                 ; 6       ;
;      - Mux7~11          ; 0                 ; 6       ;
;      - Mux7~12          ; 0                 ; 6       ;
;      - Mux7~14          ; 0                 ; 6       ;
;      - Mux7~15          ; 0                 ; 6       ;
;      - Mux7~17          ; 0                 ; 6       ;
;      - Mux6~6           ; 0                 ; 6       ;
;      - Mux6~9           ; 0                 ; 6       ;
;      - Mux6~10          ; 0                 ; 6       ;
;      - Mux6~12          ; 0                 ; 6       ;
;      - Mux6~13          ; 0                 ; 6       ;
;      - Mux6~14          ; 0                 ; 6       ;
;      - Mux6~15          ; 0                 ; 6       ;
;      - Mux6~17          ; 0                 ; 6       ;
;      - Mux5~6           ; 0                 ; 6       ;
;      - Mux5~9           ; 0                 ; 6       ;
;      - Mux5~10          ; 0                 ; 6       ;
;      - Mux5~11          ; 0                 ; 6       ;
;      - Mux5~12          ; 0                 ; 6       ;
;      - Mux5~14          ; 0                 ; 6       ;
;      - Mux5~15          ; 0                 ; 6       ;
;      - Mux5~17          ; 0                 ; 6       ;
;      - Mux4~6           ; 0                 ; 6       ;
;      - Mux4~9           ; 0                 ; 6       ;
;      - Mux4~10          ; 0                 ; 6       ;
;      - Mux4~12          ; 0                 ; 6       ;
;      - Mux4~13          ; 0                 ; 6       ;
;      - Mux4~14          ; 0                 ; 6       ;
;      - Mux4~15          ; 0                 ; 6       ;
;      - Mux4~17          ; 0                 ; 6       ;
;      - Mux3~6           ; 0                 ; 6       ;
;      - Mux3~9           ; 0                 ; 6       ;
;      - Mux3~10          ; 0                 ; 6       ;
;      - Mux3~11          ; 0                 ; 6       ;
;      - Mux3~12          ; 0                 ; 6       ;
;      - Mux3~14          ; 0                 ; 6       ;
;      - Mux3~15          ; 0                 ; 6       ;
;      - Mux3~17          ; 0                 ; 6       ;
;      - Mux2~6           ; 0                 ; 6       ;
;      - Mux2~9           ; 0                 ; 6       ;
;      - Mux2~10          ; 0                 ; 6       ;
;      - Mux2~12          ; 0                 ; 6       ;
;      - Mux2~13          ; 0                 ; 6       ;
;      - Mux2~14          ; 0                 ; 6       ;
;      - Mux2~15          ; 0                 ; 6       ;
;      - Mux2~17          ; 0                 ; 6       ;
;      - Mux1~6           ; 0                 ; 6       ;
;      - Mux1~9           ; 0                 ; 6       ;
;      - Mux1~10          ; 0                 ; 6       ;
;      - Mux1~11          ; 0                 ; 6       ;
;      - Mux1~12          ; 0                 ; 6       ;
;      - Mux1~14          ; 0                 ; 6       ;
;      - Mux1~15          ; 0                 ; 6       ;
;      - Mux1~17          ; 0                 ; 6       ;
;      - Mux0~6           ; 0                 ; 6       ;
;      - Mux0~9           ; 0                 ; 6       ;
;      - Mux0~10          ; 0                 ; 6       ;
;      - Mux0~12          ; 0                 ; 6       ;
;      - Mux0~13          ; 0                 ; 6       ;
;      - Mux0~14          ; 0                 ; 6       ;
;      - Mux0~15          ; 0                 ; 6       ;
;      - Mux0~17          ; 0                 ; 6       ;
; rfif.rsel1[1]           ;                   ;         ;
;      - Mux31~6          ; 1                 ; 6       ;
;      - Mux31~10         ; 1                 ; 6       ;
;      - Mux31~12         ; 1                 ; 6       ;
;      - Mux31~13         ; 1                 ; 6       ;
;      - Mux31~14         ; 1                 ; 6       ;
;      - Mux31~15         ; 1                 ; 6       ;
;      - Mux31~17         ; 1                 ; 6       ;
;      - Mux31~18         ; 1                 ; 6       ;
;      - Mux30~6          ; 1                 ; 6       ;
;      - Mux30~10         ; 1                 ; 6       ;
;      - Mux30~11         ; 1                 ; 6       ;
;      - Mux30~12         ; 1                 ; 6       ;
;      - Mux30~14         ; 1                 ; 6       ;
;      - Mux30~15         ; 1                 ; 6       ;
;      - Mux30~17         ; 1                 ; 6       ;
;      - Mux30~18         ; 1                 ; 6       ;
;      - Mux29~6          ; 1                 ; 6       ;
;      - Mux29~10         ; 1                 ; 6       ;
;      - Mux29~12         ; 1                 ; 6       ;
;      - Mux29~13         ; 1                 ; 6       ;
;      - Mux29~14         ; 1                 ; 6       ;
;      - Mux29~15         ; 1                 ; 6       ;
;      - Mux29~17         ; 1                 ; 6       ;
;      - Mux29~18         ; 1                 ; 6       ;
;      - Mux28~6          ; 1                 ; 6       ;
;      - Mux28~10         ; 1                 ; 6       ;
;      - Mux28~11         ; 1                 ; 6       ;
;      - Mux28~12         ; 1                 ; 6       ;
;      - Mux28~14         ; 1                 ; 6       ;
;      - Mux28~15         ; 1                 ; 6       ;
;      - Mux28~17         ; 1                 ; 6       ;
;      - Mux28~18         ; 1                 ; 6       ;
;      - Mux27~6          ; 1                 ; 6       ;
;      - Mux27~10         ; 1                 ; 6       ;
;      - Mux27~12         ; 1                 ; 6       ;
;      - Mux27~13         ; 1                 ; 6       ;
;      - Mux27~14         ; 1                 ; 6       ;
;      - Mux27~15         ; 1                 ; 6       ;
;      - Mux27~17         ; 1                 ; 6       ;
;      - Mux27~18         ; 1                 ; 6       ;
;      - Mux26~6          ; 1                 ; 6       ;
;      - Mux26~10         ; 1                 ; 6       ;
;      - Mux26~11         ; 1                 ; 6       ;
;      - Mux26~12         ; 1                 ; 6       ;
;      - Mux26~14         ; 1                 ; 6       ;
;      - Mux26~15         ; 1                 ; 6       ;
;      - Mux26~17         ; 1                 ; 6       ;
;      - Mux26~18         ; 1                 ; 6       ;
;      - Mux25~6          ; 1                 ; 6       ;
;      - Mux25~10         ; 1                 ; 6       ;
;      - Mux25~12         ; 1                 ; 6       ;
;      - Mux25~13         ; 1                 ; 6       ;
;      - Mux25~14         ; 1                 ; 6       ;
;      - Mux25~15         ; 1                 ; 6       ;
;      - Mux25~17         ; 1                 ; 6       ;
;      - Mux25~18         ; 1                 ; 6       ;
;      - Mux24~6          ; 1                 ; 6       ;
;      - Mux24~10         ; 1                 ; 6       ;
;      - Mux24~11         ; 1                 ; 6       ;
;      - Mux24~12         ; 1                 ; 6       ;
;      - Mux24~14         ; 1                 ; 6       ;
;      - Mux24~15         ; 1                 ; 6       ;
;      - Mux24~17         ; 1                 ; 6       ;
;      - Mux24~18         ; 1                 ; 6       ;
;      - Mux23~6          ; 1                 ; 6       ;
;      - Mux23~10         ; 1                 ; 6       ;
;      - Mux23~12         ; 1                 ; 6       ;
;      - Mux23~13         ; 1                 ; 6       ;
;      - Mux23~14         ; 1                 ; 6       ;
;      - Mux23~15         ; 1                 ; 6       ;
;      - Mux23~17         ; 1                 ; 6       ;
;      - Mux23~18         ; 1                 ; 6       ;
;      - Mux22~6          ; 1                 ; 6       ;
;      - Mux22~10         ; 1                 ; 6       ;
;      - Mux22~11         ; 1                 ; 6       ;
;      - Mux22~12         ; 1                 ; 6       ;
;      - Mux22~14         ; 1                 ; 6       ;
;      - Mux22~15         ; 1                 ; 6       ;
;      - Mux22~17         ; 1                 ; 6       ;
;      - Mux22~18         ; 1                 ; 6       ;
;      - Mux21~6          ; 1                 ; 6       ;
;      - Mux21~10         ; 1                 ; 6       ;
;      - Mux21~12         ; 1                 ; 6       ;
;      - Mux21~13         ; 1                 ; 6       ;
;      - Mux21~14         ; 1                 ; 6       ;
;      - Mux21~15         ; 1                 ; 6       ;
;      - Mux21~17         ; 1                 ; 6       ;
;      - Mux21~18         ; 1                 ; 6       ;
;      - Mux20~6          ; 1                 ; 6       ;
;      - Mux20~10         ; 1                 ; 6       ;
;      - Mux20~11         ; 1                 ; 6       ;
;      - Mux20~12         ; 1                 ; 6       ;
;      - Mux20~14         ; 1                 ; 6       ;
;      - Mux20~15         ; 1                 ; 6       ;
;      - Mux20~17         ; 1                 ; 6       ;
;      - Mux20~18         ; 1                 ; 6       ;
;      - Mux19~6          ; 1                 ; 6       ;
;      - Mux19~10         ; 1                 ; 6       ;
;      - Mux19~12         ; 1                 ; 6       ;
;      - Mux19~13         ; 1                 ; 6       ;
;      - Mux19~14         ; 1                 ; 6       ;
;      - Mux19~15         ; 1                 ; 6       ;
;      - Mux19~17         ; 1                 ; 6       ;
;      - Mux19~18         ; 1                 ; 6       ;
;      - Mux18~6          ; 1                 ; 6       ;
;      - Mux18~10         ; 1                 ; 6       ;
;      - Mux18~11         ; 1                 ; 6       ;
;      - Mux18~12         ; 1                 ; 6       ;
;      - Mux18~14         ; 1                 ; 6       ;
;      - Mux18~15         ; 1                 ; 6       ;
;      - Mux18~17         ; 1                 ; 6       ;
;      - Mux18~18         ; 1                 ; 6       ;
;      - Mux17~6          ; 1                 ; 6       ;
;      - Mux17~10         ; 1                 ; 6       ;
;      - Mux17~12         ; 1                 ; 6       ;
;      - Mux17~13         ; 1                 ; 6       ;
;      - Mux17~14         ; 1                 ; 6       ;
;      - Mux17~15         ; 1                 ; 6       ;
;      - Mux17~17         ; 1                 ; 6       ;
;      - Mux17~18         ; 1                 ; 6       ;
;      - Mux16~6          ; 1                 ; 6       ;
;      - Mux16~10         ; 1                 ; 6       ;
;      - Mux16~11         ; 1                 ; 6       ;
;      - Mux16~12         ; 1                 ; 6       ;
;      - Mux16~14         ; 1                 ; 6       ;
;      - Mux16~15         ; 1                 ; 6       ;
;      - Mux16~17         ; 1                 ; 6       ;
;      - Mux16~18         ; 1                 ; 6       ;
;      - Mux15~6          ; 1                 ; 6       ;
;      - Mux15~10         ; 1                 ; 6       ;
;      - Mux15~12         ; 1                 ; 6       ;
;      - Mux15~13         ; 1                 ; 6       ;
;      - Mux15~14         ; 1                 ; 6       ;
;      - Mux15~15         ; 1                 ; 6       ;
;      - Mux15~17         ; 1                 ; 6       ;
;      - Mux15~18         ; 1                 ; 6       ;
;      - Mux14~6          ; 1                 ; 6       ;
;      - Mux14~10         ; 1                 ; 6       ;
;      - Mux14~11         ; 1                 ; 6       ;
;      - Mux14~12         ; 1                 ; 6       ;
;      - Mux14~14         ; 1                 ; 6       ;
;      - Mux14~15         ; 1                 ; 6       ;
;      - Mux14~17         ; 1                 ; 6       ;
;      - Mux14~18         ; 1                 ; 6       ;
;      - Mux13~6          ; 1                 ; 6       ;
;      - Mux13~10         ; 1                 ; 6       ;
;      - Mux13~12         ; 1                 ; 6       ;
;      - Mux13~13         ; 1                 ; 6       ;
;      - Mux13~14         ; 1                 ; 6       ;
;      - Mux13~15         ; 1                 ; 6       ;
;      - Mux13~17         ; 1                 ; 6       ;
;      - Mux13~18         ; 1                 ; 6       ;
;      - Mux12~6          ; 1                 ; 6       ;
;      - Mux12~10         ; 1                 ; 6       ;
;      - Mux12~11         ; 1                 ; 6       ;
;      - Mux12~12         ; 1                 ; 6       ;
;      - Mux12~14         ; 1                 ; 6       ;
;      - Mux12~15         ; 1                 ; 6       ;
;      - Mux12~17         ; 1                 ; 6       ;
;      - Mux12~18         ; 1                 ; 6       ;
;      - Mux11~6          ; 1                 ; 6       ;
;      - Mux11~10         ; 1                 ; 6       ;
;      - Mux11~12         ; 1                 ; 6       ;
;      - Mux11~13         ; 1                 ; 6       ;
;      - Mux11~14         ; 1                 ; 6       ;
;      - Mux11~15         ; 1                 ; 6       ;
;      - Mux11~17         ; 1                 ; 6       ;
;      - Mux11~18         ; 1                 ; 6       ;
;      - Mux10~6          ; 1                 ; 6       ;
;      - Mux10~10         ; 1                 ; 6       ;
;      - Mux10~11         ; 1                 ; 6       ;
;      - Mux10~12         ; 1                 ; 6       ;
;      - Mux10~14         ; 1                 ; 6       ;
;      - Mux10~15         ; 1                 ; 6       ;
;      - Mux10~17         ; 1                 ; 6       ;
;      - Mux10~18         ; 1                 ; 6       ;
;      - Mux9~6           ; 1                 ; 6       ;
;      - Mux9~10          ; 1                 ; 6       ;
;      - Mux9~12          ; 1                 ; 6       ;
;      - Mux9~13          ; 1                 ; 6       ;
;      - Mux9~14          ; 1                 ; 6       ;
;      - Mux9~15          ; 1                 ; 6       ;
;      - Mux9~17          ; 1                 ; 6       ;
;      - Mux9~18          ; 1                 ; 6       ;
;      - Mux8~6           ; 1                 ; 6       ;
;      - Mux8~10          ; 1                 ; 6       ;
;      - Mux8~11          ; 1                 ; 6       ;
;      - Mux8~12          ; 1                 ; 6       ;
;      - Mux8~14          ; 1                 ; 6       ;
;      - Mux8~15          ; 1                 ; 6       ;
;      - Mux8~17          ; 1                 ; 6       ;
;      - Mux8~18          ; 1                 ; 6       ;
;      - Mux7~6           ; 1                 ; 6       ;
;      - Mux7~10          ; 1                 ; 6       ;
;      - Mux7~12          ; 1                 ; 6       ;
;      - Mux7~13          ; 1                 ; 6       ;
;      - Mux7~14          ; 1                 ; 6       ;
;      - Mux7~15          ; 1                 ; 6       ;
;      - Mux7~17          ; 1                 ; 6       ;
;      - Mux7~18          ; 1                 ; 6       ;
;      - Mux6~6           ; 1                 ; 6       ;
;      - Mux6~10          ; 1                 ; 6       ;
;      - Mux6~11          ; 1                 ; 6       ;
;      - Mux6~12          ; 1                 ; 6       ;
;      - Mux6~14          ; 1                 ; 6       ;
;      - Mux6~15          ; 1                 ; 6       ;
;      - Mux6~17          ; 1                 ; 6       ;
;      - Mux6~18          ; 1                 ; 6       ;
;      - Mux5~6           ; 1                 ; 6       ;
;      - Mux5~10          ; 1                 ; 6       ;
;      - Mux5~12          ; 1                 ; 6       ;
;      - Mux5~13          ; 1                 ; 6       ;
;      - Mux5~14          ; 1                 ; 6       ;
;      - Mux5~15          ; 1                 ; 6       ;
;      - Mux5~17          ; 1                 ; 6       ;
;      - Mux5~18          ; 1                 ; 6       ;
;      - Mux4~6           ; 1                 ; 6       ;
;      - Mux4~10          ; 1                 ; 6       ;
;      - Mux4~11          ; 1                 ; 6       ;
;      - Mux4~12          ; 1                 ; 6       ;
;      - Mux4~14          ; 1                 ; 6       ;
;      - Mux4~15          ; 1                 ; 6       ;
;      - Mux4~17          ; 1                 ; 6       ;
;      - Mux4~18          ; 1                 ; 6       ;
;      - Mux3~6           ; 1                 ; 6       ;
;      - Mux3~10          ; 1                 ; 6       ;
;      - Mux3~12          ; 1                 ; 6       ;
;      - Mux3~13          ; 1                 ; 6       ;
;      - Mux3~14          ; 1                 ; 6       ;
;      - Mux3~15          ; 1                 ; 6       ;
;      - Mux3~17          ; 1                 ; 6       ;
;      - Mux3~18          ; 1                 ; 6       ;
;      - Mux2~6           ; 1                 ; 6       ;
;      - Mux2~10          ; 1                 ; 6       ;
;      - Mux2~11          ; 1                 ; 6       ;
;      - Mux2~12          ; 1                 ; 6       ;
;      - Mux2~14          ; 1                 ; 6       ;
;      - Mux2~15          ; 1                 ; 6       ;
;      - Mux2~17          ; 1                 ; 6       ;
;      - Mux2~18          ; 1                 ; 6       ;
;      - Mux1~6           ; 1                 ; 6       ;
;      - Mux1~10          ; 1                 ; 6       ;
;      - Mux1~12          ; 1                 ; 6       ;
;      - Mux1~13          ; 1                 ; 6       ;
;      - Mux1~14          ; 1                 ; 6       ;
;      - Mux1~15          ; 1                 ; 6       ;
;      - Mux1~17          ; 1                 ; 6       ;
;      - Mux1~18          ; 1                 ; 6       ;
;      - Mux0~6           ; 1                 ; 6       ;
;      - Mux0~10          ; 1                 ; 6       ;
;      - Mux0~11          ; 1                 ; 6       ;
;      - Mux0~12          ; 1                 ; 6       ;
;      - Mux0~14          ; 1                 ; 6       ;
;      - Mux0~15          ; 1                 ; 6       ;
;      - Mux0~17          ; 1                 ; 6       ;
;      - Mux0~18          ; 1                 ; 6       ;
; rfif.rsel1[4]           ;                   ;         ;
;      - Mux31~20         ; 0                 ; 6       ;
;      - Mux30~20         ; 0                 ; 6       ;
;      - Mux29~20         ; 0                 ; 6       ;
;      - Mux28~20         ; 0                 ; 6       ;
;      - Mux27~20         ; 0                 ; 6       ;
;      - Mux26~20         ; 0                 ; 6       ;
;      - Mux25~20         ; 0                 ; 6       ;
;      - Mux24~20         ; 0                 ; 6       ;
;      - Mux23~20         ; 0                 ; 6       ;
;      - Mux22~20         ; 0                 ; 6       ;
;      - Mux21~20         ; 0                 ; 6       ;
;      - Mux20~20         ; 0                 ; 6       ;
;      - Mux19~20         ; 0                 ; 6       ;
;      - Mux18~20         ; 0                 ; 6       ;
;      - Mux17~20         ; 0                 ; 6       ;
;      - Mux16~20         ; 0                 ; 6       ;
;      - Mux15~20         ; 0                 ; 6       ;
;      - Mux14~20         ; 0                 ; 6       ;
;      - Mux13~20         ; 0                 ; 6       ;
;      - Mux12~20         ; 0                 ; 6       ;
;      - Mux11~20         ; 0                 ; 6       ;
;      - Mux10~20         ; 0                 ; 6       ;
;      - Mux9~20          ; 0                 ; 6       ;
;      - Mux8~20          ; 0                 ; 6       ;
;      - Mux7~20          ; 0                 ; 6       ;
;      - Mux6~20          ; 0                 ; 6       ;
;      - Mux5~20          ; 0                 ; 6       ;
;      - Mux4~20          ; 0                 ; 6       ;
;      - Mux3~20          ; 0                 ; 6       ;
;      - Mux2~20          ; 0                 ; 6       ;
;      - Mux1~20          ; 0                 ; 6       ;
;      - Mux0~20          ; 0                 ; 6       ;
; rfif.wdat[0]            ;                   ;         ;
;      - register[1][0]   ; 1                 ; 0       ;
;      - register[2][0]   ; 1                 ; 0       ;
;      - register[3][0]   ; 1                 ; 0       ;
;      - register[4][0]   ; 1                 ; 0       ;
;      - register[5][0]   ; 1                 ; 0       ;
;      - register[6][0]   ; 1                 ; 0       ;
;      - register[7][0]   ; 1                 ; 0       ;
;      - register[8][0]   ; 1                 ; 0       ;
;      - register[9][0]   ; 1                 ; 0       ;
;      - register[10][0]  ; 1                 ; 0       ;
;      - register[11][0]  ; 1                 ; 0       ;
;      - register[12][0]  ; 1                 ; 0       ;
;      - register[13][0]  ; 1                 ; 0       ;
;      - register[14][0]  ; 1                 ; 0       ;
;      - register[15][0]  ; 1                 ; 0       ;
;      - register[16][0]  ; 1                 ; 0       ;
;      - register[17][0]  ; 1                 ; 0       ;
;      - register[18][0]  ; 1                 ; 0       ;
;      - register[19][0]  ; 1                 ; 0       ;
;      - register[20][0]  ; 1                 ; 0       ;
;      - register[21][0]  ; 1                 ; 0       ;
;      - register[22][0]  ; 1                 ; 0       ;
;      - register[23][0]  ; 1                 ; 0       ;
;      - register[24][0]  ; 1                 ; 0       ;
;      - register[26][0]  ; 1                 ; 0       ;
;      - register[27][0]  ; 1                 ; 0       ;
;      - register[28][0]  ; 1                 ; 0       ;
;      - register[29][0]  ; 1                 ; 0       ;
;      - register[30][0]  ; 1                 ; 0       ;
;      - register[31][0]  ; 1                 ; 0       ;
; clk                     ;                   ;         ;
; nrst                    ;                   ;         ;
; rfif.wsel[3]            ;                   ;         ;
;      - Decoder0~1       ; 0                 ; 6       ;
;      - Decoder0~3       ; 0                 ; 6       ;
;      - Decoder0~4       ; 0                 ; 6       ;
;      - Decoder0~5       ; 0                 ; 6       ;
;      - Decoder0~6       ; 0                 ; 6       ;
;      - Decoder0~8       ; 0                 ; 6       ;
;      - Decoder0~13      ; 0                 ; 6       ;
;      - Decoder0~14      ; 0                 ; 6       ;
;      - Decoder0~17      ; 0                 ; 6       ;
;      - Decoder0~18      ; 0                 ; 6       ;
;      - Decoder0~20      ; 0                 ; 6       ;
;      - Decoder0~21      ; 0                 ; 6       ;
;      - Decoder0~22      ; 0                 ; 6       ;
;      - Decoder0~23      ; 0                 ; 6       ;
;      - Decoder0~24      ; 0                 ; 6       ;
;      - Decoder0~27      ; 0                 ; 6       ;
;      - Decoder0~29      ; 0                 ; 6       ;
;      - Decoder0~30      ; 0                 ; 6       ;
;      - Decoder0~31      ; 0                 ; 6       ;
;      - Decoder0~32      ; 0                 ; 6       ;
;      - Decoder0~33      ; 0                 ; 6       ;
;      - Decoder0~36      ; 0                 ; 6       ;
;      - Decoder0~37      ; 0                 ; 6       ;
;      - Decoder0~38      ; 0                 ; 6       ;
; rfif.wsel[4]            ;                   ;         ;
;      - Decoder0~1       ; 0                 ; 6       ;
;      - Decoder0~3       ; 0                 ; 6       ;
;      - Decoder0~4       ; 0                 ; 6       ;
;      - Decoder0~5       ; 0                 ; 6       ;
;      - Decoder0~7       ; 0                 ; 6       ;
;      - Decoder0~9       ; 0                 ; 6       ;
;      - Decoder0~10      ; 0                 ; 6       ;
;      - Decoder0~11      ; 0                 ; 6       ;
;      - Decoder0~13      ; 0                 ; 6       ;
;      - Decoder0~15      ; 0                 ; 6       ;
;      - Decoder0~16      ; 0                 ; 6       ;
;      - Decoder0~18      ; 0                 ; 6       ;
;      - Decoder0~20      ; 0                 ; 6       ;
;      - Decoder0~21      ; 0                 ; 6       ;
;      - Decoder0~22      ; 0                 ; 6       ;
;      - Decoder0~23      ; 0                 ; 6       ;
;      - Decoder0~24      ; 0                 ; 6       ;
;      - Decoder0~25      ; 0                 ; 6       ;
;      - Decoder0~26      ; 0                 ; 6       ;
;      - Decoder0~27      ; 0                 ; 6       ;
;      - Decoder0~28      ; 0                 ; 6       ;
;      - Decoder0~29      ; 0                 ; 6       ;
;      - Decoder0~30      ; 0                 ; 6       ;
;      - Decoder0~31      ; 0                 ; 6       ;
;      - Decoder0~32      ; 0                 ; 6       ;
;      - Decoder0~33      ; 0                 ; 6       ;
;      - Decoder0~34      ; 0                 ; 6       ;
;      - Decoder0~35      ; 0                 ; 6       ;
;      - Decoder0~36      ; 0                 ; 6       ;
;      - Decoder0~37      ; 0                 ; 6       ;
;      - Decoder0~38      ; 0                 ; 6       ;
; rfif.wsel[0]            ;                   ;         ;
;      - Decoder0~0       ; 0                 ; 6       ;
;      - Decoder0~2       ; 0                 ; 6       ;
;      - Decoder0~6       ; 0                 ; 6       ;
;      - Decoder0~8       ; 0                 ; 6       ;
;      - Decoder0~13      ; 0                 ; 6       ;
;      - Decoder0~14      ; 0                 ; 6       ;
;      - Decoder0~17      ; 0                 ; 6       ;
;      - Decoder0~18      ; 0                 ; 6       ;
;      - Decoder0~19      ; 0                 ; 6       ;
;      - Decoder0~30      ; 0                 ; 6       ;
;      - Decoder0~37      ; 0                 ; 6       ;
; rfif.WEN                ;                   ;         ;
;      - Decoder0~0       ; 0                 ; 6       ;
;      - Decoder0~2       ; 0                 ; 6       ;
;      - Decoder0~6       ; 0                 ; 6       ;
;      - Decoder0~8       ; 0                 ; 6       ;
;      - Decoder0~12      ; 0                 ; 6       ;
;      - Decoder0~15      ; 0                 ; 6       ;
;      - Decoder0~16      ; 0                 ; 6       ;
;      - Decoder0~19      ; 0                 ; 6       ;
;      - Decoder0~26      ; 0                 ; 6       ;
; rfif.wsel[1]            ;                   ;         ;
;      - Decoder0~0       ; 0                 ; 6       ;
;      - Decoder0~2       ; 0                 ; 6       ;
;      - Decoder0~6       ; 0                 ; 6       ;
;      - Decoder0~8       ; 0                 ; 6       ;
;      - Decoder0~12      ; 0                 ; 6       ;
;      - Decoder0~14      ; 0                 ; 6       ;
;      - Decoder0~16      ; 0                 ; 6       ;
;      - Decoder0~19      ; 0                 ; 6       ;
; rfif.wsel[2]            ;                   ;         ;
;      - Decoder0~0       ; 1                 ; 6       ;
;      - Decoder0~2       ; 1                 ; 6       ;
;      - Decoder0~7       ; 1                 ; 6       ;
;      - Decoder0~9       ; 1                 ; 6       ;
;      - Decoder0~10      ; 1                 ; 6       ;
;      - Decoder0~11      ; 1                 ; 6       ;
;      - Decoder0~12      ; 1                 ; 6       ;
;      - Decoder0~14      ; 1                 ; 6       ;
;      - Decoder0~16      ; 1                 ; 6       ;
;      - Decoder0~20      ; 1                 ; 6       ;
;      - Decoder0~21      ; 1                 ; 6       ;
;      - Decoder0~22      ; 1                 ; 6       ;
;      - Decoder0~23      ; 1                 ; 6       ;
;      - Decoder0~25      ; 1                 ; 6       ;
;      - Decoder0~27      ; 1                 ; 6       ;
;      - Decoder0~28      ; 1                 ; 6       ;
;      - Decoder0~31      ; 1                 ; 6       ;
;      - Decoder0~32      ; 1                 ; 6       ;
;      - Decoder0~34      ; 1                 ; 6       ;
;      - Decoder0~35      ; 1                 ; 6       ;
;      - Decoder0~38      ; 1                 ; 6       ;
; rfif.wdat[1]            ;                   ;         ;
;      - register[1][1]   ; 1                 ; 0       ;
;      - register[2][1]   ; 1                 ; 0       ;
;      - register[3][1]   ; 1                 ; 0       ;
;      - register[4][1]   ; 1                 ; 0       ;
;      - register[5][1]   ; 1                 ; 0       ;
;      - register[6][1]   ; 1                 ; 0       ;
;      - register[7][1]   ; 1                 ; 0       ;
;      - register[8][1]   ; 1                 ; 0       ;
;      - register[9][1]   ; 1                 ; 0       ;
;      - register[10][1]  ; 1                 ; 0       ;
;      - register[11][1]  ; 1                 ; 0       ;
;      - register[12][1]  ; 1                 ; 0       ;
;      - register[13][1]  ; 1                 ; 0       ;
;      - register[14][1]  ; 1                 ; 0       ;
;      - register[15][1]  ; 1                 ; 0       ;
;      - register[16][1]  ; 1                 ; 0       ;
;      - register[17][1]  ; 1                 ; 0       ;
;      - register[18][1]  ; 1                 ; 0       ;
;      - register[19][1]  ; 1                 ; 0       ;
;      - register[20][1]  ; 1                 ; 0       ;
;      - register[22][1]  ; 1                 ; 0       ;
;      - register[23][1]  ; 1                 ; 0       ;
;      - register[24][1]  ; 1                 ; 0       ;
;      - register[25][1]  ; 1                 ; 0       ;
;      - register[26][1]  ; 1                 ; 0       ;
;      - register[27][1]  ; 1                 ; 0       ;
;      - register[28][1]  ; 1                 ; 0       ;
;      - register[29][1]  ; 1                 ; 0       ;
;      - register[30][1]  ; 1                 ; 0       ;
;      - register[31][1]  ; 1                 ; 0       ;
; rfif.wdat[2]            ;                   ;         ;
;      - register[1][2]   ; 1                 ; 0       ;
;      - register[2][2]   ; 1                 ; 0       ;
;      - register[3][2]   ; 1                 ; 0       ;
;      - register[4][2]   ; 1                 ; 0       ;
;      - register[5][2]   ; 1                 ; 0       ;
;      - register[6][2]   ; 1                 ; 0       ;
;      - register[7][2]   ; 1                 ; 0       ;
;      - register[8][2]   ; 1                 ; 0       ;
;      - register[9][2]   ; 1                 ; 0       ;
;      - register[10][2]  ; 1                 ; 0       ;
;      - register[11][2]  ; 1                 ; 0       ;
;      - register[12][2]  ; 1                 ; 0       ;
;      - register[13][2]  ; 1                 ; 0       ;
;      - register[14][2]  ; 1                 ; 0       ;
;      - register[15][2]  ; 1                 ; 0       ;
;      - register[16][2]  ; 1                 ; 0       ;
;      - register[17][2]  ; 1                 ; 0       ;
;      - register[18][2]  ; 1                 ; 0       ;
;      - register[19][2]  ; 1                 ; 0       ;
;      - register[20][2]  ; 1                 ; 0       ;
;      - register[21][2]  ; 1                 ; 0       ;
;      - register[22][2]  ; 1                 ; 0       ;
;      - register[23][2]  ; 1                 ; 0       ;
;      - register[24][2]  ; 1                 ; 0       ;
;      - register[26][2]  ; 1                 ; 0       ;
;      - register[27][2]  ; 1                 ; 0       ;
;      - register[28][2]  ; 1                 ; 0       ;
;      - register[29][2]  ; 1                 ; 0       ;
;      - register[30][2]  ; 1                 ; 0       ;
;      - register[31][2]  ; 1                 ; 0       ;
; rfif.wdat[3]            ;                   ;         ;
;      - register[1][3]   ; 1                 ; 0       ;
;      - register[2][3]   ; 1                 ; 0       ;
;      - register[3][3]   ; 1                 ; 0       ;
;      - register[4][3]   ; 1                 ; 0       ;
;      - register[5][3]   ; 1                 ; 0       ;
;      - register[6][3]   ; 1                 ; 0       ;
;      - register[7][3]   ; 1                 ; 0       ;
;      - register[8][3]   ; 1                 ; 0       ;
;      - register[9][3]   ; 1                 ; 0       ;
;      - register[10][3]  ; 1                 ; 0       ;
;      - register[11][3]  ; 1                 ; 0       ;
;      - register[12][3]  ; 1                 ; 0       ;
;      - register[13][3]  ; 1                 ; 0       ;
;      - register[14][3]  ; 1                 ; 0       ;
;      - register[15][3]  ; 1                 ; 0       ;
;      - register[16][3]  ; 1                 ; 0       ;
;      - register[17][3]  ; 1                 ; 0       ;
;      - register[18][3]  ; 1                 ; 0       ;
;      - register[19][3]  ; 1                 ; 0       ;
;      - register[20][3]  ; 1                 ; 0       ;
;      - register[22][3]  ; 1                 ; 0       ;
;      - register[23][3]  ; 1                 ; 0       ;
;      - register[24][3]  ; 1                 ; 0       ;
;      - register[25][3]  ; 1                 ; 0       ;
;      - register[26][3]  ; 1                 ; 0       ;
;      - register[27][3]  ; 1                 ; 0       ;
;      - register[28][3]  ; 1                 ; 0       ;
;      - register[29][3]  ; 1                 ; 0       ;
;      - register[30][3]  ; 1                 ; 0       ;
;      - register[31][3]  ; 1                 ; 0       ;
; rfif.wdat[4]            ;                   ;         ;
;      - register[1][4]   ; 1                 ; 0       ;
;      - register[2][4]   ; 1                 ; 0       ;
;      - register[3][4]   ; 1                 ; 0       ;
;      - register[4][4]   ; 1                 ; 0       ;
;      - register[5][4]   ; 1                 ; 0       ;
;      - register[6][4]   ; 1                 ; 0       ;
;      - register[7][4]   ; 1                 ; 0       ;
;      - register[8][4]   ; 1                 ; 0       ;
;      - register[9][4]   ; 1                 ; 0       ;
;      - register[10][4]  ; 1                 ; 0       ;
;      - register[11][4]  ; 1                 ; 0       ;
;      - register[12][4]  ; 1                 ; 0       ;
;      - register[13][4]  ; 1                 ; 0       ;
;      - register[14][4]  ; 1                 ; 0       ;
;      - register[15][4]  ; 1                 ; 0       ;
;      - register[16][4]  ; 1                 ; 0       ;
;      - register[17][4]  ; 1                 ; 0       ;
;      - register[18][4]  ; 1                 ; 0       ;
;      - register[19][4]  ; 1                 ; 0       ;
;      - register[20][4]  ; 1                 ; 0       ;
;      - register[21][4]  ; 1                 ; 0       ;
;      - register[22][4]  ; 1                 ; 0       ;
;      - register[23][4]  ; 1                 ; 0       ;
;      - register[24][4]  ; 1                 ; 0       ;
;      - register[26][4]  ; 1                 ; 0       ;
;      - register[27][4]  ; 1                 ; 0       ;
;      - register[28][4]  ; 1                 ; 0       ;
;      - register[29][4]  ; 1                 ; 0       ;
;      - register[30][4]  ; 1                 ; 0       ;
;      - register[31][4]  ; 1                 ; 0       ;
; rfif.wdat[5]            ;                   ;         ;
;      - register[1][5]   ; 1                 ; 0       ;
;      - register[2][5]   ; 1                 ; 0       ;
;      - register[3][5]   ; 1                 ; 0       ;
;      - register[4][5]   ; 1                 ; 0       ;
;      - register[5][5]   ; 1                 ; 0       ;
;      - register[6][5]   ; 1                 ; 0       ;
;      - register[7][5]   ; 1                 ; 0       ;
;      - register[8][5]   ; 1                 ; 0       ;
;      - register[9][5]   ; 1                 ; 0       ;
;      - register[10][5]  ; 1                 ; 0       ;
;      - register[11][5]  ; 1                 ; 0       ;
;      - register[12][5]  ; 1                 ; 0       ;
;      - register[13][5]  ; 1                 ; 0       ;
;      - register[14][5]  ; 1                 ; 0       ;
;      - register[15][5]  ; 1                 ; 0       ;
;      - register[16][5]  ; 1                 ; 0       ;
;      - register[17][5]  ; 1                 ; 0       ;
;      - register[18][5]  ; 1                 ; 0       ;
;      - register[19][5]  ; 1                 ; 0       ;
;      - register[20][5]  ; 1                 ; 0       ;
;      - register[22][5]  ; 1                 ; 0       ;
;      - register[23][5]  ; 1                 ; 0       ;
;      - register[24][5]  ; 1                 ; 0       ;
;      - register[25][5]  ; 1                 ; 0       ;
;      - register[26][5]  ; 1                 ; 0       ;
;      - register[27][5]  ; 1                 ; 0       ;
;      - register[28][5]  ; 1                 ; 0       ;
;      - register[29][5]  ; 1                 ; 0       ;
;      - register[30][5]  ; 1                 ; 0       ;
;      - register[31][5]  ; 1                 ; 0       ;
; rfif.wdat[6]            ;                   ;         ;
;      - register[1][6]   ; 1                 ; 0       ;
;      - register[2][6]   ; 1                 ; 0       ;
;      - register[3][6]   ; 1                 ; 0       ;
;      - register[4][6]   ; 1                 ; 0       ;
;      - register[5][6]   ; 1                 ; 0       ;
;      - register[6][6]   ; 1                 ; 0       ;
;      - register[7][6]   ; 1                 ; 0       ;
;      - register[8][6]   ; 1                 ; 0       ;
;      - register[9][6]   ; 1                 ; 0       ;
;      - register[10][6]  ; 1                 ; 0       ;
;      - register[11][6]  ; 1                 ; 0       ;
;      - register[12][6]  ; 1                 ; 0       ;
;      - register[13][6]  ; 1                 ; 0       ;
;      - register[14][6]  ; 1                 ; 0       ;
;      - register[15][6]  ; 1                 ; 0       ;
;      - register[16][6]  ; 1                 ; 0       ;
;      - register[17][6]  ; 1                 ; 0       ;
;      - register[18][6]  ; 1                 ; 0       ;
;      - register[19][6]  ; 1                 ; 0       ;
;      - register[20][6]  ; 1                 ; 0       ;
;      - register[21][6]  ; 1                 ; 0       ;
;      - register[22][6]  ; 1                 ; 0       ;
;      - register[23][6]  ; 1                 ; 0       ;
;      - register[24][6]  ; 1                 ; 0       ;
;      - register[26][6]  ; 1                 ; 0       ;
;      - register[27][6]  ; 1                 ; 0       ;
;      - register[28][6]  ; 1                 ; 0       ;
;      - register[29][6]  ; 1                 ; 0       ;
;      - register[30][6]  ; 1                 ; 0       ;
;      - register[31][6]  ; 1                 ; 0       ;
; rfif.wdat[7]            ;                   ;         ;
;      - register[1][7]   ; 1                 ; 0       ;
;      - register[2][7]   ; 1                 ; 0       ;
;      - register[3][7]   ; 1                 ; 0       ;
;      - register[4][7]   ; 1                 ; 0       ;
;      - register[5][7]   ; 1                 ; 0       ;
;      - register[6][7]   ; 1                 ; 0       ;
;      - register[7][7]   ; 1                 ; 0       ;
;      - register[8][7]   ; 1                 ; 0       ;
;      - register[9][7]   ; 1                 ; 0       ;
;      - register[10][7]  ; 1                 ; 0       ;
;      - register[11][7]  ; 1                 ; 0       ;
;      - register[12][7]  ; 1                 ; 0       ;
;      - register[13][7]  ; 1                 ; 0       ;
;      - register[14][7]  ; 1                 ; 0       ;
;      - register[15][7]  ; 1                 ; 0       ;
;      - register[16][7]  ; 1                 ; 0       ;
;      - register[17][7]  ; 1                 ; 0       ;
;      - register[18][7]  ; 1                 ; 0       ;
;      - register[19][7]  ; 1                 ; 0       ;
;      - register[20][7]  ; 1                 ; 0       ;
;      - register[22][7]  ; 1                 ; 0       ;
;      - register[23][7]  ; 1                 ; 0       ;
;      - register[24][7]  ; 1                 ; 0       ;
;      - register[25][7]  ; 1                 ; 0       ;
;      - register[26][7]  ; 1                 ; 0       ;
;      - register[27][7]  ; 1                 ; 0       ;
;      - register[28][7]  ; 1                 ; 0       ;
;      - register[29][7]  ; 1                 ; 0       ;
;      - register[30][7]  ; 1                 ; 0       ;
;      - register[31][7]  ; 1                 ; 0       ;
; rfif.wdat[8]            ;                   ;         ;
;      - register[1][8]   ; 1                 ; 0       ;
;      - register[2][8]   ; 1                 ; 0       ;
;      - register[3][8]   ; 1                 ; 0       ;
;      - register[4][8]   ; 1                 ; 0       ;
;      - register[5][8]   ; 1                 ; 0       ;
;      - register[6][8]   ; 1                 ; 0       ;
;      - register[7][8]   ; 1                 ; 0       ;
;      - register[8][8]   ; 1                 ; 0       ;
;      - register[9][8]   ; 1                 ; 0       ;
;      - register[10][8]  ; 1                 ; 0       ;
;      - register[11][8]  ; 1                 ; 0       ;
;      - register[12][8]  ; 1                 ; 0       ;
;      - register[13][8]  ; 1                 ; 0       ;
;      - register[14][8]  ; 1                 ; 0       ;
;      - register[15][8]  ; 1                 ; 0       ;
;      - register[16][8]  ; 1                 ; 0       ;
;      - register[17][8]  ; 1                 ; 0       ;
;      - register[18][8]  ; 1                 ; 0       ;
;      - register[19][8]  ; 1                 ; 0       ;
;      - register[20][8]  ; 1                 ; 0       ;
;      - register[21][8]  ; 1                 ; 0       ;
;      - register[22][8]  ; 1                 ; 0       ;
;      - register[23][8]  ; 1                 ; 0       ;
;      - register[24][8]  ; 1                 ; 0       ;
;      - register[26][8]  ; 1                 ; 0       ;
;      - register[27][8]  ; 1                 ; 0       ;
;      - register[28][8]  ; 1                 ; 0       ;
;      - register[29][8]  ; 1                 ; 0       ;
;      - register[30][8]  ; 1                 ; 0       ;
;      - register[31][8]  ; 1                 ; 0       ;
; rfif.wdat[9]            ;                   ;         ;
;      - register[1][9]   ; 1                 ; 0       ;
;      - register[2][9]   ; 1                 ; 0       ;
;      - register[3][9]   ; 1                 ; 0       ;
;      - register[4][9]   ; 1                 ; 0       ;
;      - register[5][9]   ; 1                 ; 0       ;
;      - register[6][9]   ; 1                 ; 0       ;
;      - register[7][9]   ; 1                 ; 0       ;
;      - register[8][9]   ; 1                 ; 0       ;
;      - register[9][9]   ; 1                 ; 0       ;
;      - register[10][9]  ; 1                 ; 0       ;
;      - register[11][9]  ; 1                 ; 0       ;
;      - register[12][9]  ; 1                 ; 0       ;
;      - register[13][9]  ; 1                 ; 0       ;
;      - register[14][9]  ; 1                 ; 0       ;
;      - register[15][9]  ; 1                 ; 0       ;
;      - register[16][9]  ; 1                 ; 0       ;
;      - register[17][9]  ; 1                 ; 0       ;
;      - register[18][9]  ; 1                 ; 0       ;
;      - register[19][9]  ; 1                 ; 0       ;
;      - register[20][9]  ; 1                 ; 0       ;
;      - register[22][9]  ; 1                 ; 0       ;
;      - register[23][9]  ; 1                 ; 0       ;
;      - register[24][9]  ; 1                 ; 0       ;
;      - register[25][9]  ; 1                 ; 0       ;
;      - register[26][9]  ; 1                 ; 0       ;
;      - register[27][9]  ; 1                 ; 0       ;
;      - register[28][9]  ; 1                 ; 0       ;
;      - register[29][9]  ; 1                 ; 0       ;
;      - register[30][9]  ; 1                 ; 0       ;
;      - register[31][9]  ; 1                 ; 0       ;
; rfif.wdat[10]           ;                   ;         ;
;      - register[1][10]  ; 1                 ; 0       ;
;      - register[2][10]  ; 1                 ; 0       ;
;      - register[3][10]  ; 1                 ; 0       ;
;      - register[4][10]  ; 1                 ; 0       ;
;      - register[5][10]  ; 1                 ; 0       ;
;      - register[6][10]  ; 1                 ; 0       ;
;      - register[7][10]  ; 1                 ; 0       ;
;      - register[8][10]  ; 1                 ; 0       ;
;      - register[9][10]  ; 1                 ; 0       ;
;      - register[10][10] ; 1                 ; 0       ;
;      - register[11][10] ; 1                 ; 0       ;
;      - register[12][10] ; 1                 ; 0       ;
;      - register[13][10] ; 1                 ; 0       ;
;      - register[14][10] ; 1                 ; 0       ;
;      - register[15][10] ; 1                 ; 0       ;
;      - register[16][10] ; 1                 ; 0       ;
;      - register[17][10] ; 1                 ; 0       ;
;      - register[18][10] ; 1                 ; 0       ;
;      - register[19][10] ; 1                 ; 0       ;
;      - register[20][10] ; 1                 ; 0       ;
;      - register[21][10] ; 1                 ; 0       ;
;      - register[22][10] ; 1                 ; 0       ;
;      - register[23][10] ; 1                 ; 0       ;
;      - register[24][10] ; 1                 ; 0       ;
;      - register[26][10] ; 1                 ; 0       ;
;      - register[27][10] ; 1                 ; 0       ;
;      - register[28][10] ; 1                 ; 0       ;
;      - register[29][10] ; 1                 ; 0       ;
;      - register[30][10] ; 1                 ; 0       ;
;      - register[31][10] ; 1                 ; 0       ;
; rfif.wdat[11]           ;                   ;         ;
;      - register[1][11]  ; 1                 ; 0       ;
;      - register[2][11]  ; 1                 ; 0       ;
;      - register[3][11]  ; 1                 ; 0       ;
;      - register[4][11]  ; 1                 ; 0       ;
;      - register[5][11]  ; 1                 ; 0       ;
;      - register[6][11]  ; 1                 ; 0       ;
;      - register[7][11]  ; 1                 ; 0       ;
;      - register[8][11]  ; 1                 ; 0       ;
;      - register[9][11]  ; 1                 ; 0       ;
;      - register[10][11] ; 1                 ; 0       ;
;      - register[11][11] ; 1                 ; 0       ;
;      - register[12][11] ; 1                 ; 0       ;
;      - register[13][11] ; 1                 ; 0       ;
;      - register[14][11] ; 1                 ; 0       ;
;      - register[15][11] ; 1                 ; 0       ;
;      - register[16][11] ; 1                 ; 0       ;
;      - register[17][11] ; 1                 ; 0       ;
;      - register[18][11] ; 1                 ; 0       ;
;      - register[19][11] ; 1                 ; 0       ;
;      - register[20][11] ; 1                 ; 0       ;
;      - register[22][11] ; 1                 ; 0       ;
;      - register[23][11] ; 1                 ; 0       ;
;      - register[24][11] ; 1                 ; 0       ;
;      - register[25][11] ; 1                 ; 0       ;
;      - register[26][11] ; 1                 ; 0       ;
;      - register[27][11] ; 1                 ; 0       ;
;      - register[28][11] ; 1                 ; 0       ;
;      - register[29][11] ; 1                 ; 0       ;
;      - register[30][11] ; 1                 ; 0       ;
;      - register[31][11] ; 1                 ; 0       ;
; rfif.wdat[12]           ;                   ;         ;
;      - register[1][12]  ; 1                 ; 0       ;
;      - register[2][12]  ; 1                 ; 0       ;
;      - register[3][12]  ; 1                 ; 0       ;
;      - register[4][12]  ; 1                 ; 0       ;
;      - register[5][12]  ; 1                 ; 0       ;
;      - register[6][12]  ; 1                 ; 0       ;
;      - register[7][12]  ; 1                 ; 0       ;
;      - register[8][12]  ; 1                 ; 0       ;
;      - register[9][12]  ; 1                 ; 0       ;
;      - register[10][12] ; 1                 ; 0       ;
;      - register[11][12] ; 1                 ; 0       ;
;      - register[12][12] ; 1                 ; 0       ;
;      - register[13][12] ; 1                 ; 0       ;
;      - register[14][12] ; 1                 ; 0       ;
;      - register[15][12] ; 1                 ; 0       ;
;      - register[16][12] ; 1                 ; 0       ;
;      - register[17][12] ; 1                 ; 0       ;
;      - register[18][12] ; 1                 ; 0       ;
;      - register[19][12] ; 1                 ; 0       ;
;      - register[20][12] ; 1                 ; 0       ;
;      - register[21][12] ; 1                 ; 0       ;
;      - register[22][12] ; 1                 ; 0       ;
;      - register[23][12] ; 1                 ; 0       ;
;      - register[24][12] ; 1                 ; 0       ;
;      - register[26][12] ; 1                 ; 0       ;
;      - register[27][12] ; 1                 ; 0       ;
;      - register[28][12] ; 1                 ; 0       ;
;      - register[29][12] ; 1                 ; 0       ;
;      - register[30][12] ; 1                 ; 0       ;
;      - register[31][12] ; 1                 ; 0       ;
; rfif.wdat[13]           ;                   ;         ;
;      - register[1][13]  ; 1                 ; 0       ;
;      - register[2][13]  ; 1                 ; 0       ;
;      - register[3][13]  ; 1                 ; 0       ;
;      - register[4][13]  ; 1                 ; 0       ;
;      - register[5][13]  ; 1                 ; 0       ;
;      - register[6][13]  ; 1                 ; 0       ;
;      - register[7][13]  ; 1                 ; 0       ;
;      - register[8][13]  ; 1                 ; 0       ;
;      - register[9][13]  ; 1                 ; 0       ;
;      - register[10][13] ; 1                 ; 0       ;
;      - register[11][13] ; 1                 ; 0       ;
;      - register[12][13] ; 1                 ; 0       ;
;      - register[13][13] ; 1                 ; 0       ;
;      - register[14][13] ; 1                 ; 0       ;
;      - register[15][13] ; 1                 ; 0       ;
;      - register[16][13] ; 1                 ; 0       ;
;      - register[17][13] ; 1                 ; 0       ;
;      - register[18][13] ; 1                 ; 0       ;
;      - register[19][13] ; 1                 ; 0       ;
;      - register[20][13] ; 1                 ; 0       ;
;      - register[22][13] ; 1                 ; 0       ;
;      - register[23][13] ; 1                 ; 0       ;
;      - register[24][13] ; 1                 ; 0       ;
;      - register[25][13] ; 1                 ; 0       ;
;      - register[26][13] ; 1                 ; 0       ;
;      - register[27][13] ; 1                 ; 0       ;
;      - register[28][13] ; 1                 ; 0       ;
;      - register[29][13] ; 1                 ; 0       ;
;      - register[30][13] ; 1                 ; 0       ;
;      - register[31][13] ; 1                 ; 0       ;
; rfif.wdat[14]           ;                   ;         ;
;      - register[1][14]  ; 1                 ; 0       ;
;      - register[2][14]  ; 1                 ; 0       ;
;      - register[3][14]  ; 1                 ; 0       ;
;      - register[4][14]  ; 1                 ; 0       ;
;      - register[5][14]  ; 1                 ; 0       ;
;      - register[6][14]  ; 1                 ; 0       ;
;      - register[7][14]  ; 1                 ; 0       ;
;      - register[8][14]  ; 1                 ; 0       ;
;      - register[9][14]  ; 1                 ; 0       ;
;      - register[10][14] ; 1                 ; 0       ;
;      - register[11][14] ; 1                 ; 0       ;
;      - register[12][14] ; 1                 ; 0       ;
;      - register[13][14] ; 1                 ; 0       ;
;      - register[14][14] ; 1                 ; 0       ;
;      - register[15][14] ; 1                 ; 0       ;
;      - register[16][14] ; 1                 ; 0       ;
;      - register[17][14] ; 1                 ; 0       ;
;      - register[18][14] ; 1                 ; 0       ;
;      - register[19][14] ; 1                 ; 0       ;
;      - register[20][14] ; 1                 ; 0       ;
;      - register[21][14] ; 1                 ; 0       ;
;      - register[22][14] ; 1                 ; 0       ;
;      - register[23][14] ; 1                 ; 0       ;
;      - register[24][14] ; 1                 ; 0       ;
;      - register[26][14] ; 1                 ; 0       ;
;      - register[27][14] ; 1                 ; 0       ;
;      - register[28][14] ; 1                 ; 0       ;
;      - register[29][14] ; 1                 ; 0       ;
;      - register[30][14] ; 1                 ; 0       ;
;      - register[31][14] ; 1                 ; 0       ;
; rfif.wdat[15]           ;                   ;         ;
;      - register[1][15]  ; 1                 ; 0       ;
;      - register[2][15]  ; 1                 ; 0       ;
;      - register[3][15]  ; 1                 ; 0       ;
;      - register[4][15]  ; 1                 ; 0       ;
;      - register[5][15]  ; 1                 ; 0       ;
;      - register[6][15]  ; 1                 ; 0       ;
;      - register[7][15]  ; 1                 ; 0       ;
;      - register[8][15]  ; 1                 ; 0       ;
;      - register[9][15]  ; 1                 ; 0       ;
;      - register[10][15] ; 1                 ; 0       ;
;      - register[11][15] ; 1                 ; 0       ;
;      - register[12][15] ; 1                 ; 0       ;
;      - register[13][15] ; 1                 ; 0       ;
;      - register[14][15] ; 1                 ; 0       ;
;      - register[15][15] ; 1                 ; 0       ;
;      - register[16][15] ; 1                 ; 0       ;
;      - register[17][15] ; 1                 ; 0       ;
;      - register[18][15] ; 1                 ; 0       ;
;      - register[19][15] ; 1                 ; 0       ;
;      - register[20][15] ; 1                 ; 0       ;
;      - register[22][15] ; 1                 ; 0       ;
;      - register[23][15] ; 1                 ; 0       ;
;      - register[24][15] ; 1                 ; 0       ;
;      - register[25][15] ; 1                 ; 0       ;
;      - register[26][15] ; 1                 ; 0       ;
;      - register[27][15] ; 1                 ; 0       ;
;      - register[28][15] ; 1                 ; 0       ;
;      - register[29][15] ; 1                 ; 0       ;
;      - register[30][15] ; 1                 ; 0       ;
;      - register[31][15] ; 1                 ; 0       ;
; rfif.wdat[16]           ;                   ;         ;
;      - register[1][16]  ; 1                 ; 0       ;
;      - register[2][16]  ; 1                 ; 0       ;
;      - register[3][16]  ; 1                 ; 0       ;
;      - register[4][16]  ; 1                 ; 0       ;
;      - register[5][16]  ; 1                 ; 0       ;
;      - register[6][16]  ; 1                 ; 0       ;
;      - register[7][16]  ; 1                 ; 0       ;
;      - register[8][16]  ; 1                 ; 0       ;
;      - register[9][16]  ; 1                 ; 0       ;
;      - register[10][16] ; 1                 ; 0       ;
;      - register[11][16] ; 1                 ; 0       ;
;      - register[12][16] ; 1                 ; 0       ;
;      - register[13][16] ; 1                 ; 0       ;
;      - register[14][16] ; 1                 ; 0       ;
;      - register[15][16] ; 1                 ; 0       ;
;      - register[16][16] ; 1                 ; 0       ;
;      - register[17][16] ; 1                 ; 0       ;
;      - register[18][16] ; 1                 ; 0       ;
;      - register[19][16] ; 1                 ; 0       ;
;      - register[20][16] ; 1                 ; 0       ;
;      - register[21][16] ; 1                 ; 0       ;
;      - register[22][16] ; 1                 ; 0       ;
;      - register[23][16] ; 1                 ; 0       ;
;      - register[24][16] ; 1                 ; 0       ;
;      - register[26][16] ; 1                 ; 0       ;
;      - register[27][16] ; 1                 ; 0       ;
;      - register[28][16] ; 1                 ; 0       ;
;      - register[29][16] ; 1                 ; 0       ;
;      - register[30][16] ; 1                 ; 0       ;
;      - register[31][16] ; 1                 ; 0       ;
; rfif.wdat[17]           ;                   ;         ;
;      - register[1][17]  ; 1                 ; 0       ;
;      - register[2][17]  ; 1                 ; 0       ;
;      - register[3][17]  ; 1                 ; 0       ;
;      - register[4][17]  ; 1                 ; 0       ;
;      - register[5][17]  ; 1                 ; 0       ;
;      - register[6][17]  ; 1                 ; 0       ;
;      - register[7][17]  ; 1                 ; 0       ;
;      - register[8][17]  ; 1                 ; 0       ;
;      - register[9][17]  ; 1                 ; 0       ;
;      - register[10][17] ; 1                 ; 0       ;
;      - register[11][17] ; 1                 ; 0       ;
;      - register[12][17] ; 1                 ; 0       ;
;      - register[13][17] ; 1                 ; 0       ;
;      - register[14][17] ; 1                 ; 0       ;
;      - register[15][17] ; 1                 ; 0       ;
;      - register[16][17] ; 1                 ; 0       ;
;      - register[17][17] ; 1                 ; 0       ;
;      - register[18][17] ; 1                 ; 0       ;
;      - register[19][17] ; 1                 ; 0       ;
;      - register[20][17] ; 1                 ; 0       ;
;      - register[22][17] ; 1                 ; 0       ;
;      - register[23][17] ; 1                 ; 0       ;
;      - register[24][17] ; 1                 ; 0       ;
;      - register[25][17] ; 1                 ; 0       ;
;      - register[26][17] ; 1                 ; 0       ;
;      - register[27][17] ; 1                 ; 0       ;
;      - register[28][17] ; 1                 ; 0       ;
;      - register[29][17] ; 1                 ; 0       ;
;      - register[30][17] ; 1                 ; 0       ;
;      - register[31][17] ; 1                 ; 0       ;
; rfif.wdat[18]           ;                   ;         ;
;      - register[1][18]  ; 1                 ; 0       ;
;      - register[2][18]  ; 1                 ; 0       ;
;      - register[3][18]  ; 1                 ; 0       ;
;      - register[4][18]  ; 1                 ; 0       ;
;      - register[5][18]  ; 1                 ; 0       ;
;      - register[6][18]  ; 1                 ; 0       ;
;      - register[7][18]  ; 1                 ; 0       ;
;      - register[8][18]  ; 1                 ; 0       ;
;      - register[9][18]  ; 1                 ; 0       ;
;      - register[10][18] ; 1                 ; 0       ;
;      - register[11][18] ; 1                 ; 0       ;
;      - register[12][18] ; 1                 ; 0       ;
;      - register[13][18] ; 1                 ; 0       ;
;      - register[14][18] ; 1                 ; 0       ;
;      - register[15][18] ; 1                 ; 0       ;
;      - register[16][18] ; 1                 ; 0       ;
;      - register[17][18] ; 1                 ; 0       ;
;      - register[18][18] ; 1                 ; 0       ;
;      - register[19][18] ; 1                 ; 0       ;
;      - register[20][18] ; 1                 ; 0       ;
;      - register[21][18] ; 1                 ; 0       ;
;      - register[22][18] ; 1                 ; 0       ;
;      - register[23][18] ; 1                 ; 0       ;
;      - register[24][18] ; 1                 ; 0       ;
;      - register[26][18] ; 1                 ; 0       ;
;      - register[27][18] ; 1                 ; 0       ;
;      - register[28][18] ; 1                 ; 0       ;
;      - register[29][18] ; 1                 ; 0       ;
;      - register[30][18] ; 1                 ; 0       ;
;      - register[31][18] ; 1                 ; 0       ;
; rfif.wdat[19]           ;                   ;         ;
;      - register[1][19]  ; 1                 ; 0       ;
;      - register[2][19]  ; 1                 ; 0       ;
;      - register[3][19]  ; 1                 ; 0       ;
;      - register[4][19]  ; 1                 ; 0       ;
;      - register[5][19]  ; 1                 ; 0       ;
;      - register[6][19]  ; 1                 ; 0       ;
;      - register[7][19]  ; 1                 ; 0       ;
;      - register[8][19]  ; 1                 ; 0       ;
;      - register[9][19]  ; 1                 ; 0       ;
;      - register[10][19] ; 1                 ; 0       ;
;      - register[11][19] ; 1                 ; 0       ;
;      - register[12][19] ; 1                 ; 0       ;
;      - register[13][19] ; 1                 ; 0       ;
;      - register[14][19] ; 1                 ; 0       ;
;      - register[15][19] ; 1                 ; 0       ;
;      - register[16][19] ; 1                 ; 0       ;
;      - register[17][19] ; 1                 ; 0       ;
;      - register[18][19] ; 1                 ; 0       ;
;      - register[19][19] ; 1                 ; 0       ;
;      - register[20][19] ; 1                 ; 0       ;
;      - register[22][19] ; 1                 ; 0       ;
;      - register[23][19] ; 1                 ; 0       ;
;      - register[24][19] ; 1                 ; 0       ;
;      - register[25][19] ; 1                 ; 0       ;
;      - register[26][19] ; 1                 ; 0       ;
;      - register[27][19] ; 1                 ; 0       ;
;      - register[28][19] ; 1                 ; 0       ;
;      - register[29][19] ; 1                 ; 0       ;
;      - register[30][19] ; 1                 ; 0       ;
;      - register[31][19] ; 1                 ; 0       ;
; rfif.wdat[20]           ;                   ;         ;
;      - register[1][20]  ; 1                 ; 0       ;
;      - register[2][20]  ; 1                 ; 0       ;
;      - register[3][20]  ; 1                 ; 0       ;
;      - register[4][20]  ; 1                 ; 0       ;
;      - register[5][20]  ; 1                 ; 0       ;
;      - register[6][20]  ; 1                 ; 0       ;
;      - register[7][20]  ; 1                 ; 0       ;
;      - register[8][20]  ; 1                 ; 0       ;
;      - register[9][20]  ; 1                 ; 0       ;
;      - register[10][20] ; 1                 ; 0       ;
;      - register[11][20] ; 1                 ; 0       ;
;      - register[12][20] ; 1                 ; 0       ;
;      - register[13][20] ; 1                 ; 0       ;
;      - register[14][20] ; 1                 ; 0       ;
;      - register[15][20] ; 1                 ; 0       ;
;      - register[16][20] ; 1                 ; 0       ;
;      - register[17][20] ; 1                 ; 0       ;
;      - register[18][20] ; 1                 ; 0       ;
;      - register[19][20] ; 1                 ; 0       ;
;      - register[20][20] ; 1                 ; 0       ;
;      - register[21][20] ; 1                 ; 0       ;
;      - register[22][20] ; 1                 ; 0       ;
;      - register[23][20] ; 1                 ; 0       ;
;      - register[24][20] ; 1                 ; 0       ;
;      - register[26][20] ; 1                 ; 0       ;
;      - register[27][20] ; 1                 ; 0       ;
;      - register[28][20] ; 1                 ; 0       ;
;      - register[29][20] ; 1                 ; 0       ;
;      - register[30][20] ; 1                 ; 0       ;
;      - register[31][20] ; 1                 ; 0       ;
; rfif.wdat[21]           ;                   ;         ;
;      - register[1][21]  ; 1                 ; 0       ;
;      - register[2][21]  ; 1                 ; 0       ;
;      - register[3][21]  ; 1                 ; 0       ;
;      - register[4][21]  ; 1                 ; 0       ;
;      - register[5][21]  ; 1                 ; 0       ;
;      - register[6][21]  ; 1                 ; 0       ;
;      - register[7][21]  ; 1                 ; 0       ;
;      - register[8][21]  ; 1                 ; 0       ;
;      - register[9][21]  ; 1                 ; 0       ;
;      - register[10][21] ; 1                 ; 0       ;
;      - register[11][21] ; 1                 ; 0       ;
;      - register[12][21] ; 1                 ; 0       ;
;      - register[13][21] ; 1                 ; 0       ;
;      - register[14][21] ; 1                 ; 0       ;
;      - register[15][21] ; 1                 ; 0       ;
;      - register[16][21] ; 1                 ; 0       ;
;      - register[17][21] ; 1                 ; 0       ;
;      - register[18][21] ; 1                 ; 0       ;
;      - register[19][21] ; 1                 ; 0       ;
;      - register[20][21] ; 1                 ; 0       ;
;      - register[22][21] ; 1                 ; 0       ;
;      - register[23][21] ; 1                 ; 0       ;
;      - register[24][21] ; 1                 ; 0       ;
;      - register[25][21] ; 1                 ; 0       ;
;      - register[26][21] ; 1                 ; 0       ;
;      - register[27][21] ; 1                 ; 0       ;
;      - register[28][21] ; 1                 ; 0       ;
;      - register[29][21] ; 1                 ; 0       ;
;      - register[30][21] ; 1                 ; 0       ;
;      - register[31][21] ; 1                 ; 0       ;
; rfif.wdat[22]           ;                   ;         ;
;      - register[1][22]  ; 1                 ; 0       ;
;      - register[2][22]  ; 1                 ; 0       ;
;      - register[3][22]  ; 1                 ; 0       ;
;      - register[4][22]  ; 1                 ; 0       ;
;      - register[5][22]  ; 1                 ; 0       ;
;      - register[6][22]  ; 1                 ; 0       ;
;      - register[7][22]  ; 1                 ; 0       ;
;      - register[8][22]  ; 1                 ; 0       ;
;      - register[9][22]  ; 1                 ; 0       ;
;      - register[10][22] ; 1                 ; 0       ;
;      - register[11][22] ; 1                 ; 0       ;
;      - register[12][22] ; 1                 ; 0       ;
;      - register[13][22] ; 1                 ; 0       ;
;      - register[14][22] ; 1                 ; 0       ;
;      - register[15][22] ; 1                 ; 0       ;
;      - register[16][22] ; 1                 ; 0       ;
;      - register[17][22] ; 1                 ; 0       ;
;      - register[18][22] ; 1                 ; 0       ;
;      - register[19][22] ; 1                 ; 0       ;
;      - register[20][22] ; 1                 ; 0       ;
;      - register[21][22] ; 1                 ; 0       ;
;      - register[22][22] ; 1                 ; 0       ;
;      - register[23][22] ; 1                 ; 0       ;
;      - register[24][22] ; 1                 ; 0       ;
;      - register[26][22] ; 1                 ; 0       ;
;      - register[27][22] ; 1                 ; 0       ;
;      - register[28][22] ; 1                 ; 0       ;
;      - register[29][22] ; 1                 ; 0       ;
;      - register[30][22] ; 1                 ; 0       ;
;      - register[31][22] ; 1                 ; 0       ;
; rfif.wdat[23]           ;                   ;         ;
;      - register[1][23]  ; 1                 ; 0       ;
;      - register[2][23]  ; 1                 ; 0       ;
;      - register[3][23]  ; 1                 ; 0       ;
;      - register[4][23]  ; 1                 ; 0       ;
;      - register[5][23]  ; 1                 ; 0       ;
;      - register[6][23]  ; 1                 ; 0       ;
;      - register[7][23]  ; 1                 ; 0       ;
;      - register[8][23]  ; 1                 ; 0       ;
;      - register[9][23]  ; 1                 ; 0       ;
;      - register[10][23] ; 1                 ; 0       ;
;      - register[11][23] ; 1                 ; 0       ;
;      - register[12][23] ; 1                 ; 0       ;
;      - register[13][23] ; 1                 ; 0       ;
;      - register[14][23] ; 1                 ; 0       ;
;      - register[15][23] ; 1                 ; 0       ;
;      - register[16][23] ; 1                 ; 0       ;
;      - register[17][23] ; 1                 ; 0       ;
;      - register[18][23] ; 1                 ; 0       ;
;      - register[19][23] ; 1                 ; 0       ;
;      - register[20][23] ; 1                 ; 0       ;
;      - register[22][23] ; 1                 ; 0       ;
;      - register[23][23] ; 1                 ; 0       ;
;      - register[24][23] ; 1                 ; 0       ;
;      - register[25][23] ; 1                 ; 0       ;
;      - register[26][23] ; 1                 ; 0       ;
;      - register[27][23] ; 1                 ; 0       ;
;      - register[28][23] ; 1                 ; 0       ;
;      - register[29][23] ; 1                 ; 0       ;
;      - register[30][23] ; 1                 ; 0       ;
;      - register[31][23] ; 1                 ; 0       ;
; rfif.wdat[24]           ;                   ;         ;
;      - register[1][24]  ; 1                 ; 0       ;
;      - register[2][24]  ; 1                 ; 0       ;
;      - register[3][24]  ; 1                 ; 0       ;
;      - register[4][24]  ; 1                 ; 0       ;
;      - register[5][24]  ; 1                 ; 0       ;
;      - register[6][24]  ; 1                 ; 0       ;
;      - register[7][24]  ; 1                 ; 0       ;
;      - register[8][24]  ; 1                 ; 0       ;
;      - register[9][24]  ; 1                 ; 0       ;
;      - register[10][24] ; 1                 ; 0       ;
;      - register[11][24] ; 1                 ; 0       ;
;      - register[12][24] ; 1                 ; 0       ;
;      - register[13][24] ; 1                 ; 0       ;
;      - register[14][24] ; 1                 ; 0       ;
;      - register[15][24] ; 1                 ; 0       ;
;      - register[16][24] ; 1                 ; 0       ;
;      - register[17][24] ; 1                 ; 0       ;
;      - register[18][24] ; 1                 ; 0       ;
;      - register[19][24] ; 1                 ; 0       ;
;      - register[20][24] ; 1                 ; 0       ;
;      - register[21][24] ; 1                 ; 0       ;
;      - register[22][24] ; 1                 ; 0       ;
;      - register[23][24] ; 1                 ; 0       ;
;      - register[24][24] ; 1                 ; 0       ;
;      - register[26][24] ; 1                 ; 0       ;
;      - register[27][24] ; 1                 ; 0       ;
;      - register[28][24] ; 1                 ; 0       ;
;      - register[29][24] ; 1                 ; 0       ;
;      - register[30][24] ; 1                 ; 0       ;
;      - register[31][24] ; 1                 ; 0       ;
; rfif.wdat[25]           ;                   ;         ;
;      - register[1][25]  ; 1                 ; 0       ;
;      - register[2][25]  ; 1                 ; 0       ;
;      - register[3][25]  ; 1                 ; 0       ;
;      - register[4][25]  ; 1                 ; 0       ;
;      - register[5][25]  ; 1                 ; 0       ;
;      - register[6][25]  ; 1                 ; 0       ;
;      - register[7][25]  ; 1                 ; 0       ;
;      - register[8][25]  ; 1                 ; 0       ;
;      - register[9][25]  ; 1                 ; 0       ;
;      - register[10][25] ; 1                 ; 0       ;
;      - register[11][25] ; 1                 ; 0       ;
;      - register[12][25] ; 1                 ; 0       ;
;      - register[13][25] ; 1                 ; 0       ;
;      - register[14][25] ; 1                 ; 0       ;
;      - register[15][25] ; 1                 ; 0       ;
;      - register[16][25] ; 1                 ; 0       ;
;      - register[17][25] ; 1                 ; 0       ;
;      - register[18][25] ; 1                 ; 0       ;
;      - register[19][25] ; 1                 ; 0       ;
;      - register[20][25] ; 1                 ; 0       ;
;      - register[22][25] ; 1                 ; 0       ;
;      - register[23][25] ; 1                 ; 0       ;
;      - register[24][25] ; 1                 ; 0       ;
;      - register[25][25] ; 1                 ; 0       ;
;      - register[26][25] ; 1                 ; 0       ;
;      - register[27][25] ; 1                 ; 0       ;
;      - register[28][25] ; 1                 ; 0       ;
;      - register[29][25] ; 1                 ; 0       ;
;      - register[30][25] ; 1                 ; 0       ;
;      - register[31][25] ; 1                 ; 0       ;
; rfif.wdat[26]           ;                   ;         ;
;      - register[1][26]  ; 1                 ; 0       ;
;      - register[2][26]  ; 1                 ; 0       ;
;      - register[3][26]  ; 1                 ; 0       ;
;      - register[4][26]  ; 1                 ; 0       ;
;      - register[5][26]  ; 1                 ; 0       ;
;      - register[6][26]  ; 1                 ; 0       ;
;      - register[7][26]  ; 1                 ; 0       ;
;      - register[8][26]  ; 1                 ; 0       ;
;      - register[9][26]  ; 1                 ; 0       ;
;      - register[10][26] ; 1                 ; 0       ;
;      - register[11][26] ; 1                 ; 0       ;
;      - register[12][26] ; 1                 ; 0       ;
;      - register[13][26] ; 1                 ; 0       ;
;      - register[14][26] ; 1                 ; 0       ;
;      - register[15][26] ; 1                 ; 0       ;
;      - register[16][26] ; 1                 ; 0       ;
;      - register[17][26] ; 1                 ; 0       ;
;      - register[18][26] ; 1                 ; 0       ;
;      - register[19][26] ; 1                 ; 0       ;
;      - register[20][26] ; 1                 ; 0       ;
;      - register[21][26] ; 1                 ; 0       ;
;      - register[22][26] ; 1                 ; 0       ;
;      - register[23][26] ; 1                 ; 0       ;
;      - register[24][26] ; 1                 ; 0       ;
;      - register[26][26] ; 1                 ; 0       ;
;      - register[27][26] ; 1                 ; 0       ;
;      - register[28][26] ; 1                 ; 0       ;
;      - register[29][26] ; 1                 ; 0       ;
;      - register[30][26] ; 1                 ; 0       ;
;      - register[31][26] ; 1                 ; 0       ;
; rfif.wdat[27]           ;                   ;         ;
;      - register[1][27]  ; 1                 ; 0       ;
;      - register[2][27]  ; 1                 ; 0       ;
;      - register[3][27]  ; 1                 ; 0       ;
;      - register[4][27]  ; 1                 ; 0       ;
;      - register[5][27]  ; 1                 ; 0       ;
;      - register[6][27]  ; 1                 ; 0       ;
;      - register[7][27]  ; 1                 ; 0       ;
;      - register[8][27]  ; 1                 ; 0       ;
;      - register[9][27]  ; 1                 ; 0       ;
;      - register[10][27] ; 1                 ; 0       ;
;      - register[11][27] ; 1                 ; 0       ;
;      - register[12][27] ; 1                 ; 0       ;
;      - register[13][27] ; 1                 ; 0       ;
;      - register[14][27] ; 1                 ; 0       ;
;      - register[15][27] ; 1                 ; 0       ;
;      - register[16][27] ; 1                 ; 0       ;
;      - register[17][27] ; 1                 ; 0       ;
;      - register[18][27] ; 1                 ; 0       ;
;      - register[19][27] ; 1                 ; 0       ;
;      - register[20][27] ; 1                 ; 0       ;
;      - register[22][27] ; 1                 ; 0       ;
;      - register[23][27] ; 1                 ; 0       ;
;      - register[24][27] ; 1                 ; 0       ;
;      - register[25][27] ; 1                 ; 0       ;
;      - register[26][27] ; 1                 ; 0       ;
;      - register[27][27] ; 1                 ; 0       ;
;      - register[28][27] ; 1                 ; 0       ;
;      - register[29][27] ; 1                 ; 0       ;
;      - register[30][27] ; 1                 ; 0       ;
;      - register[31][27] ; 1                 ; 0       ;
; rfif.wdat[28]           ;                   ;         ;
;      - register[1][28]  ; 1                 ; 0       ;
;      - register[2][28]  ; 1                 ; 0       ;
;      - register[3][28]  ; 1                 ; 0       ;
;      - register[4][28]  ; 1                 ; 0       ;
;      - register[5][28]  ; 1                 ; 0       ;
;      - register[6][28]  ; 1                 ; 0       ;
;      - register[7][28]  ; 1                 ; 0       ;
;      - register[8][28]  ; 1                 ; 0       ;
;      - register[9][28]  ; 1                 ; 0       ;
;      - register[10][28] ; 1                 ; 0       ;
;      - register[11][28] ; 1                 ; 0       ;
;      - register[12][28] ; 1                 ; 0       ;
;      - register[13][28] ; 1                 ; 0       ;
;      - register[14][28] ; 1                 ; 0       ;
;      - register[15][28] ; 1                 ; 0       ;
;      - register[16][28] ; 1                 ; 0       ;
;      - register[17][28] ; 1                 ; 0       ;
;      - register[18][28] ; 1                 ; 0       ;
;      - register[19][28] ; 1                 ; 0       ;
;      - register[20][28] ; 1                 ; 0       ;
;      - register[21][28] ; 1                 ; 0       ;
;      - register[22][28] ; 1                 ; 0       ;
;      - register[23][28] ; 1                 ; 0       ;
;      - register[24][28] ; 1                 ; 0       ;
;      - register[26][28] ; 1                 ; 0       ;
;      - register[27][28] ; 1                 ; 0       ;
;      - register[28][28] ; 1                 ; 0       ;
;      - register[29][28] ; 1                 ; 0       ;
;      - register[30][28] ; 1                 ; 0       ;
;      - register[31][28] ; 1                 ; 0       ;
; rfif.wdat[29]           ;                   ;         ;
;      - register[1][29]  ; 1                 ; 0       ;
;      - register[2][29]  ; 1                 ; 0       ;
;      - register[3][29]  ; 1                 ; 0       ;
;      - register[4][29]  ; 1                 ; 0       ;
;      - register[5][29]  ; 1                 ; 0       ;
;      - register[6][29]  ; 1                 ; 0       ;
;      - register[7][29]  ; 1                 ; 0       ;
;      - register[8][29]  ; 1                 ; 0       ;
;      - register[9][29]  ; 1                 ; 0       ;
;      - register[10][29] ; 1                 ; 0       ;
;      - register[11][29] ; 1                 ; 0       ;
;      - register[12][29] ; 1                 ; 0       ;
;      - register[13][29] ; 1                 ; 0       ;
;      - register[14][29] ; 1                 ; 0       ;
;      - register[15][29] ; 1                 ; 0       ;
;      - register[16][29] ; 1                 ; 0       ;
;      - register[17][29] ; 1                 ; 0       ;
;      - register[18][29] ; 1                 ; 0       ;
;      - register[19][29] ; 1                 ; 0       ;
;      - register[20][29] ; 1                 ; 0       ;
;      - register[22][29] ; 1                 ; 0       ;
;      - register[23][29] ; 1                 ; 0       ;
;      - register[24][29] ; 1                 ; 0       ;
;      - register[25][29] ; 1                 ; 0       ;
;      - register[26][29] ; 1                 ; 0       ;
;      - register[27][29] ; 1                 ; 0       ;
;      - register[28][29] ; 1                 ; 0       ;
;      - register[29][29] ; 1                 ; 0       ;
;      - register[30][29] ; 1                 ; 0       ;
;      - register[31][29] ; 1                 ; 0       ;
; rfif.wdat[30]           ;                   ;         ;
;      - register[1][30]  ; 1                 ; 0       ;
;      - register[2][30]  ; 1                 ; 0       ;
;      - register[3][30]  ; 1                 ; 0       ;
;      - register[4][30]  ; 1                 ; 0       ;
;      - register[5][30]  ; 1                 ; 0       ;
;      - register[6][30]  ; 1                 ; 0       ;
;      - register[7][30]  ; 1                 ; 0       ;
;      - register[8][30]  ; 1                 ; 0       ;
;      - register[9][30]  ; 1                 ; 0       ;
;      - register[10][30] ; 1                 ; 0       ;
;      - register[11][30] ; 1                 ; 0       ;
;      - register[12][30] ; 1                 ; 0       ;
;      - register[13][30] ; 1                 ; 0       ;
;      - register[14][30] ; 1                 ; 0       ;
;      - register[15][30] ; 1                 ; 0       ;
;      - register[16][30] ; 1                 ; 0       ;
;      - register[17][30] ; 1                 ; 0       ;
;      - register[18][30] ; 1                 ; 0       ;
;      - register[19][30] ; 1                 ; 0       ;
;      - register[20][30] ; 1                 ; 0       ;
;      - register[21][30] ; 1                 ; 0       ;
;      - register[22][30] ; 1                 ; 0       ;
;      - register[23][30] ; 1                 ; 0       ;
;      - register[24][30] ; 1                 ; 0       ;
;      - register[26][30] ; 1                 ; 0       ;
;      - register[27][30] ; 1                 ; 0       ;
;      - register[28][30] ; 1                 ; 0       ;
;      - register[29][30] ; 1                 ; 0       ;
;      - register[30][30] ; 1                 ; 0       ;
;      - register[31][30] ; 1                 ; 0       ;
; rfif.wdat[31]           ;                   ;         ;
;      - register[1][31]  ; 1                 ; 0       ;
;      - register[2][31]  ; 1                 ; 0       ;
;      - register[3][31]  ; 1                 ; 0       ;
;      - register[4][31]  ; 1                 ; 0       ;
;      - register[5][31]  ; 1                 ; 0       ;
;      - register[6][31]  ; 1                 ; 0       ;
;      - register[7][31]  ; 1                 ; 0       ;
;      - register[8][31]  ; 1                 ; 0       ;
;      - register[9][31]  ; 1                 ; 0       ;
;      - register[10][31] ; 1                 ; 0       ;
;      - register[11][31] ; 1                 ; 0       ;
;      - register[12][31] ; 1                 ; 0       ;
;      - register[13][31] ; 1                 ; 0       ;
;      - register[14][31] ; 1                 ; 0       ;
;      - register[15][31] ; 1                 ; 0       ;
;      - register[16][31] ; 1                 ; 0       ;
;      - register[17][31] ; 1                 ; 0       ;
;      - register[18][31] ; 1                 ; 0       ;
;      - register[19][31] ; 1                 ; 0       ;
;      - register[20][31] ; 1                 ; 0       ;
;      - register[22][31] ; 1                 ; 0       ;
;      - register[23][31] ; 1                 ; 0       ;
;      - register[24][31] ; 1                 ; 0       ;
;      - register[25][31] ; 1                 ; 0       ;
;      - register[26][31] ; 1                 ; 0       ;
;      - register[27][31] ; 1                 ; 0       ;
;      - register[28][31] ; 1                 ; 0       ;
;      - register[29][31] ; 1                 ; 0       ;
;      - register[30][31] ; 1                 ; 0       ;
;      - register[31][31] ; 1                 ; 0       ;
+-------------------------+-------------------+---------+


+------------------------------------------------------------------------------------------------------------------------------------------+
; Control Signals                                                                                                                          ;
+-------------+--------------------+---------+--------------+--------+----------------------+------------------+---------------------------+
; Name        ; Location           ; Fan-Out ; Usage        ; Global ; Global Resource Used ; Global Line Name ; Enable Signal Source Name ;
+-------------+--------------------+---------+--------------+--------+----------------------+------------------+---------------------------+
; Decoder0~1  ; LCCOMB_X69_Y30_N8  ; 32      ; Clock enable ; no     ; --                   ; --               ; --                        ;
; Decoder0~10 ; LCCOMB_X68_Y28_N22 ; 32      ; Clock enable ; no     ; --                   ; --               ; --                        ;
; Decoder0~11 ; LCCOMB_X68_Y28_N8  ; 32      ; Clock enable ; no     ; --                   ; --               ; --                        ;
; Decoder0~13 ; LCCOMB_X68_Y30_N18 ; 32      ; Clock enable ; no     ; --                   ; --               ; --                        ;
; Decoder0~15 ; LCCOMB_X68_Y30_N22 ; 32      ; Clock enable ; no     ; --                   ; --               ; --                        ;
; Decoder0~17 ; LCCOMB_X68_Y30_N26 ; 32      ; Clock enable ; no     ; --                   ; --               ; --                        ;
; Decoder0~18 ; LCCOMB_X68_Y30_N4  ; 32      ; Clock enable ; no     ; --                   ; --               ; --                        ;
; Decoder0~20 ; LCCOMB_X69_Y30_N24 ; 32      ; Clock enable ; no     ; --                   ; --               ; --                        ;
; Decoder0~21 ; LCCOMB_X69_Y30_N18 ; 32      ; Clock enable ; no     ; --                   ; --               ; --                        ;
; Decoder0~22 ; LCCOMB_X69_Y30_N20 ; 32      ; Clock enable ; no     ; --                   ; --               ; --                        ;
; Decoder0~23 ; LCCOMB_X69_Y30_N22 ; 32      ; Clock enable ; no     ; --                   ; --               ; --                        ;
; Decoder0~24 ; LCCOMB_X69_Y30_N0  ; 32      ; Clock enable ; no     ; --                   ; --               ; --                        ;
; Decoder0~25 ; LCCOMB_X68_Y28_N26 ; 32      ; Clock enable ; no     ; --                   ; --               ; --                        ;
; Decoder0~26 ; LCCOMB_X68_Y30_N16 ; 32      ; Clock enable ; no     ; --                   ; --               ; --                        ;
; Decoder0~27 ; LCCOMB_X69_Y30_N26 ; 32      ; Clock enable ; no     ; --                   ; --               ; --                        ;
; Decoder0~28 ; LCCOMB_X68_Y30_N10 ; 32      ; Clock enable ; no     ; --                   ; --               ; --                        ;
; Decoder0~29 ; LCCOMB_X69_Y30_N12 ; 32      ; Clock enable ; no     ; --                   ; --               ; --                        ;
; Decoder0~3  ; LCCOMB_X69_Y30_N2  ; 32      ; Clock enable ; no     ; --                   ; --               ; --                        ;
; Decoder0~30 ; LCCOMB_X68_Y30_N28 ; 32      ; Clock enable ; no     ; --                   ; --               ; --                        ;
; Decoder0~31 ; LCCOMB_X69_Y30_N14 ; 32      ; Clock enable ; no     ; --                   ; --               ; --                        ;
; Decoder0~32 ; LCCOMB_X69_Y30_N16 ; 32      ; Clock enable ; no     ; --                   ; --               ; --                        ;
; Decoder0~33 ; LCCOMB_X69_Y30_N10 ; 32      ; Clock enable ; no     ; --                   ; --               ; --                        ;
; Decoder0~34 ; LCCOMB_X68_Y28_N20 ; 32      ; Clock enable ; no     ; --                   ; --               ; --                        ;
; Decoder0~35 ; LCCOMB_X68_Y28_N30 ; 32      ; Clock enable ; no     ; --                   ; --               ; --                        ;
; Decoder0~36 ; LCCOMB_X69_Y30_N4  ; 32      ; Clock enable ; no     ; --                   ; --               ; --                        ;
; Decoder0~37 ; LCCOMB_X68_Y30_N30 ; 32      ; Clock enable ; no     ; --                   ; --               ; --                        ;
; Decoder0~38 ; LCCOMB_X69_Y30_N6  ; 32      ; Clock enable ; no     ; --                   ; --               ; --                        ;
; Decoder0~4  ; LCCOMB_X69_Y30_N28 ; 32      ; Clock enable ; no     ; --                   ; --               ; --                        ;
; Decoder0~5  ; LCCOMB_X69_Y30_N30 ; 32      ; Clock enable ; no     ; --                   ; --               ; --                        ;
; Decoder0~7  ; LCCOMB_X68_Y28_N2  ; 32      ; Clock enable ; no     ; --                   ; --               ; --                        ;
; Decoder0~9  ; LCCOMB_X68_Y28_N28 ; 32      ; Clock enable ; no     ; --                   ; --               ; --                        ;
; clk         ; PIN_J1             ; 992     ; Clock        ; yes    ; Global Clock         ; GCLK2            ; --                        ;
; nrst        ; PIN_Y2             ; 992     ; Async. clear ; yes    ; Global Clock         ; GCLK4            ; --                        ;
+-------------+--------------------+---------+--------------+--------+----------------------+------------------+---------------------------+


+----------------------------------------------------------------------------------------------------------------------------------------+
; Global & Other Fast Signals                                                                                                            ;
+------+----------+---------+--------------------------------------+----------------------+------------------+---------------------------+
; Name ; Location ; Fan-Out ; Fan-Out Using Intentional Clock Skew ; Global Resource Used ; Global Line Name ; Enable Signal Source Name ;
+------+----------+---------+--------------------------------------+----------------------+------------------+---------------------------+
; clk  ; PIN_J1   ; 992     ; 0                                    ; Global Clock         ; GCLK2            ; --                        ;
; nrst ; PIN_Y2   ; 992     ; 0                                    ; Global Clock         ; GCLK4            ; --                        ;
+------+----------+---------+--------------------------------------+----------------------+------------------+---------------------------+


+---------------------------------------------------+
; Routing Usage Summary                             ;
+-----------------------+---------------------------+
; Routing Resource Type ; Usage                     ;
+-----------------------+---------------------------+
; Block interconnects   ; 2,729 / 342,891 ( < 1 % ) ;
; C16 interconnects     ; 205 / 10,120 ( 2 % )      ;
; C4 interconnects      ; 1,832 / 209,544 ( < 1 % ) ;
; Direct links          ; 285 / 342,891 ( < 1 % )   ;
; Global clocks         ; 2 / 20 ( 10 % )           ;
; Local interconnects   ; 949 / 119,088 ( < 1 % )   ;
; R24 interconnects     ; 147 / 9,963 ( 1 % )       ;
; R4 interconnects      ; 2,028 / 289,782 ( < 1 % ) ;
+-----------------------+---------------------------+


+-----------------------------------------------------------------------------+
; LAB Logic Elements                                                          ;
+---------------------------------------------+-------------------------------+
; Number of Logic Elements  (Average = 13.18) ; Number of LABs  (Total = 105) ;
+---------------------------------------------+-------------------------------+
; 1                                           ; 7                             ;
; 2                                           ; 3                             ;
; 3                                           ; 1                             ;
; 4                                           ; 1                             ;
; 5                                           ; 0                             ;
; 6                                           ; 0                             ;
; 7                                           ; 1                             ;
; 8                                           ; 1                             ;
; 9                                           ; 1                             ;
; 10                                          ; 0                             ;
; 11                                          ; 3                             ;
; 12                                          ; 5                             ;
; 13                                          ; 6                             ;
; 14                                          ; 13                            ;
; 15                                          ; 21                            ;
; 16                                          ; 42                            ;
+---------------------------------------------+-------------------------------+


+--------------------------------------------------------------------+
; LAB-wide Signals                                                   ;
+------------------------------------+-------------------------------+
; LAB-wide Signals  (Average = 2.82) ; Number of LABs  (Total = 105) ;
+------------------------------------+-------------------------------+
; 1 Async. clear                     ; 99                            ;
; 1 Clock                            ; 99                            ;
; 1 Clock enable                     ; 10                            ;
; 2 Clock enables                    ; 88                            ;
+------------------------------------+-------------------------------+


+------------------------------------------------------------------------------+
; LAB Signals Sourced                                                          ;
+----------------------------------------------+-------------------------------+
; Number of Signals Sourced  (Average = 22.31) ; Number of LABs  (Total = 105) ;
+----------------------------------------------+-------------------------------+
; 0                                            ; 0                             ;
; 1                                            ; 2                             ;
; 2                                            ; 7                             ;
; 3                                            ; 1                             ;
; 4                                            ; 0                             ;
; 5                                            ; 2                             ;
; 6                                            ; 0                             ;
; 7                                            ; 0                             ;
; 8                                            ; 0                             ;
; 9                                            ; 0                             ;
; 10                                           ; 1                             ;
; 11                                           ; 1                             ;
; 12                                           ; 0                             ;
; 13                                           ; 2                             ;
; 14                                           ; 3                             ;
; 15                                           ; 2                             ;
; 16                                           ; 3                             ;
; 17                                           ; 4                             ;
; 18                                           ; 4                             ;
; 19                                           ; 6                             ;
; 20                                           ; 1                             ;
; 21                                           ; 5                             ;
; 22                                           ; 1                             ;
; 23                                           ; 5                             ;
; 24                                           ; 4                             ;
; 25                                           ; 2                             ;
; 26                                           ; 3                             ;
; 27                                           ; 2                             ;
; 28                                           ; 6                             ;
; 29                                           ; 7                             ;
; 30                                           ; 4                             ;
; 31                                           ; 2                             ;
; 32                                           ; 25                            ;
+----------------------------------------------+-------------------------------+


+----------------------------------------------------------------------------------+
; LAB Signals Sourced Out                                                          ;
+--------------------------------------------------+-------------------------------+
; Number of Signals Sourced Out  (Average = 12.17) ; Number of LABs  (Total = 105) ;
+--------------------------------------------------+-------------------------------+
; 0                                                ; 0                             ;
; 1                                                ; 3                             ;
; 2                                                ; 6                             ;
; 3                                                ; 3                             ;
; 4                                                ; 7                             ;
; 5                                                ; 2                             ;
; 6                                                ; 4                             ;
; 7                                                ; 3                             ;
; 8                                                ; 8                             ;
; 9                                                ; 2                             ;
; 10                                               ; 4                             ;
; 11                                               ; 4                             ;
; 12                                               ; 4                             ;
; 13                                               ; 1                             ;
; 14                                               ; 5                             ;
; 15                                               ; 2                             ;
; 16                                               ; 23                            ;
; 17                                               ; 5                             ;
; 18                                               ; 4                             ;
; 19                                               ; 1                             ;
; 20                                               ; 5                             ;
; 21                                               ; 3                             ;
; 22                                               ; 3                             ;
; 23                                               ; 1                             ;
; 24                                               ; 2                             ;
+--------------------------------------------------+-------------------------------+


+------------------------------------------------------------------------------+
; LAB Distinct Inputs                                                          ;
+----------------------------------------------+-------------------------------+
; Number of Distinct Inputs  (Average = 25.07) ; Number of LABs  (Total = 105) ;
+----------------------------------------------+-------------------------------+
; 0                                            ; 0                             ;
; 1                                            ; 0                             ;
; 2                                            ; 0                             ;
; 3                                            ; 1                             ;
; 4                                            ; 1                             ;
; 5                                            ; 0                             ;
; 6                                            ; 4                             ;
; 7                                            ; 5                             ;
; 8                                            ; 0                             ;
; 9                                            ; 1                             ;
; 10                                           ; 0                             ;
; 11                                           ; 0                             ;
; 12                                           ; 0                             ;
; 13                                           ; 1                             ;
; 14                                           ; 0                             ;
; 15                                           ; 1                             ;
; 16                                           ; 11                            ;
; 17                                           ; 2                             ;
; 18                                           ; 1                             ;
; 19                                           ; 3                             ;
; 20                                           ; 1                             ;
; 21                                           ; 2                             ;
; 22                                           ; 1                             ;
; 23                                           ; 2                             ;
; 24                                           ; 2                             ;
; 25                                           ; 2                             ;
; 26                                           ; 5                             ;
; 27                                           ; 5                             ;
; 28                                           ; 5                             ;
; 29                                           ; 3                             ;
; 30                                           ; 10                            ;
; 31                                           ; 3                             ;
; 32                                           ; 7                             ;
; 33                                           ; 5                             ;
; 34                                           ; 9                             ;
; 35                                           ; 4                             ;
; 36                                           ; 2                             ;
; 37                                           ; 4                             ;
; 38                                           ; 2                             ;
+----------------------------------------------+-------------------------------+


+------------------------------------------+
; I/O Rules Summary                        ;
+----------------------------------+-------+
; I/O Rules Statistic              ; Total ;
+----------------------------------+-------+
; Total I/O Rules                  ; 30    ;
; Number of I/O Rules Passed       ; 10    ;
; Number of I/O Rules Failed       ; 0     ;
; Number of I/O Rules Unchecked    ; 0     ;
; Number of I/O Rules Inapplicable ; 20    ;
+----------------------------------+-------+


+-----------------------------------------------------------------------------------------------------------------------------------------------------------------------------------------------------------------------------------------------------------------------------------------------------+
; I/O Rules Details                                                                                                                                                                                                                                                                                   ;
+--------------+-----------+-----------------------------------+------------------------------------------------------------------------------------------------------+----------+--------------------------------------------------------------------------+---------------------+-------------------+
; Status       ; ID        ; Category                          ; Rule Description                                                                                     ; Severity ; Information                                                              ; Area                ; Extra Information ;
+--------------+-----------+-----------------------------------+------------------------------------------------------------------------------------------------------+----------+--------------------------------------------------------------------------+---------------------+-------------------+
; Pass         ; IO_000002 ; Capacity Checks                   ; Number of clocks in an I/O bank should not exceed the number of clocks available.                    ; Critical ; 0 such failures found.                                                   ; I/O                 ;                   ;
; Inapplicable ; IO_000001 ; Capacity Checks                   ; Number of pins in an I/O bank should not exceed the number of locations available.                   ; Critical ; No Location assignments found.                                           ; I/O                 ;                   ;
; Inapplicable ; IO_000003 ; Capacity Checks                   ; Number of pins in a Vrefgroup should not exceed the number of locations available.                   ; Critical ; No Location assignments found.                                           ; I/O                 ;                   ;
; Inapplicable ; IO_000004 ; Voltage Compatibility Checks      ; The I/O bank should support the requested VCCIO.                                                     ; Critical ; No IOBANK_VCCIO assignments found.                                       ; I/O                 ;                   ;
; Inapplicable ; IO_000005 ; Voltage Compatibility Checks      ; The I/O bank should not have competing VREF values.                                                  ; Critical ; No VREF I/O Standard assignments found.                                  ; I/O                 ;                   ;
; Pass         ; IO_000006 ; Voltage Compatibility Checks      ; The I/O bank should not have competing VCCIO values.                                                 ; Critical ; 0 such failures found.                                                   ; I/O                 ;                   ;
; Inapplicable ; IO_000007 ; Valid Location Checks             ; Checks for unavailable locations.                                                                    ; Critical ; No Location assignments found.                                           ; I/O                 ;                   ;
; Inapplicable ; IO_000008 ; Valid Location Checks             ; Checks for reserved locations.                                                                       ; Critical ; No reserved LogicLock region found.                                      ; I/O                 ;                   ;
; Inapplicable ; IO_000047 ; I/O Properties Checks for One I/O ; On Chip Termination and Slew Rate should not be used at the same time.                               ; Critical ; No Slew Rate assignments found.                                          ; I/O                 ;                   ;
; Inapplicable ; IO_000046 ; I/O Properties Checks for One I/O ; The location should support the requested Slew Rate value.                                           ; Critical ; No Slew Rate assignments found.                                          ; I/O                 ;                   ;
; Inapplicable ; IO_000045 ; I/O Properties Checks for One I/O ; The I/O standard should support the requested Slew Rate value.                                       ; Critical ; No Slew Rate assignments found.                                          ; I/O                 ;                   ;
; Inapplicable ; IO_000027 ; I/O Properties Checks for One I/O ; Weak Pull Up and Bus Hold should not be used at the same time.                                       ; Critical ; No Enable Bus-Hold Circuitry or Weak Pull-Up Resistor assignments found. ; I/O                 ;                   ;
; Inapplicable ; IO_000026 ; I/O Properties Checks for One I/O ; On Chip Termination and Current Strength should not be used at the same time.                        ; Critical ; No Current Strength assignments found.                                   ; I/O                 ;                   ;
; Pass         ; IO_000024 ; I/O Properties Checks for One I/O ; The I/O direction should support the On Chip Termination value.                                      ; Critical ; 0 such failures found.                                                   ; I/O                 ;                   ;
; Inapplicable ; IO_000023 ; I/O Properties Checks for One I/O ; The I/O standard should support the Open Drain value.                                                ; Critical ; No open drain assignments found.                                         ; I/O                 ;                   ;
; Inapplicable ; IO_000022 ; I/O Properties Checks for One I/O ; The I/O standard should support the requested Bus Hold value.                                        ; Critical ; No Enable Bus-Hold Circuitry assignments found.                          ; I/O                 ;                   ;
; Inapplicable ; IO_000021 ; I/O Properties Checks for One I/O ; The I/O standard should support the requested Weak Pull Up value.                                    ; Critical ; No Weak Pull-Up Resistor assignments found.                              ; I/O                 ;                   ;
; Pass         ; IO_000020 ; I/O Properties Checks for One I/O ; The I/O standard should support the requested PCI Clamp Diode.                                       ; Critical ; 0 such failures found.                                                   ; I/O                 ;                   ;
; Pass         ; IO_000019 ; I/O Properties Checks for One I/O ; The I/O standard should support the requested On Chip Termination value.                             ; Critical ; 0 such failures found.                                                   ; I/O                 ;                   ;
; Inapplicable ; IO_000018 ; I/O Properties Checks for One I/O ; The I/O standard should support the requested Current Strength.                                      ; Critical ; No Current Strength assignments found.                                   ; I/O                 ;                   ;
; Pass         ; IO_000015 ; I/O Properties Checks for One I/O ; The location should support the requested PCI Clamp Diode.                                           ; Critical ; 0 such failures found.                                                   ; I/O                 ;                   ;
; Inapplicable ; IO_000014 ; I/O Properties Checks for One I/O ; The location should support the requested Weak Pull Up value.                                        ; Critical ; No Weak Pull-Up Resistor assignments found.                              ; I/O                 ;                   ;
; Inapplicable ; IO_000013 ; I/O Properties Checks for One I/O ; The location should support the requested Bus Hold value.                                            ; Critical ; No Enable Bus-Hold Circuitry assignments found.                          ; I/O                 ;                   ;
; Pass         ; IO_000012 ; I/O Properties Checks for One I/O ; The location should support the requested On Chip Termination value.                                 ; Critical ; 0 such failures found.                                                   ; I/O                 ;                   ;
; Inapplicable ; IO_000011 ; I/O Properties Checks for One I/O ; The location should support the requested Current Strength.                                          ; Critical ; No Current Strength assignments found.                                   ; I/O                 ;                   ;
; Pass         ; IO_000010 ; I/O Properties Checks for One I/O ; The location should support the requested I/O direction.                                             ; Critical ; 0 such failures found.                                                   ; I/O                 ;                   ;
; Pass         ; IO_000009 ; I/O Properties Checks for One I/O ; The location should support the requested I/O standard.                                              ; Critical ; 0 such failures found.                                                   ; I/O                 ;                   ;
; Pass         ; IO_000033 ; Electromigration Checks           ; Current density for consecutive I/Os should not exceed 240mA for row I/Os and 240mA for column I/Os. ; Critical ; 0 such failures found.                                                   ; I/O                 ;                   ;
; Inapplicable ; IO_000034 ; SI Related Distance Checks        ; Single-ended outputs should be 5 LAB row(s) away from a differential I/O.                            ; High     ; No Differential I/O Standard assignments found.                          ; I/O                 ;                   ;
; Inapplicable ; IO_000042 ; SI Related SSO Limit Checks       ; No more than 20 outputs are allowed in a VREF group when VREF is being read from.                    ; High     ; No VREF I/O Standard assignments found.                                  ; I/O                 ;                   ;
; ----         ; ----      ; Disclaimer                        ; OCT rules are checked but not reported.                                                              ; None     ; ----                                                                     ; On Chip Termination ;                   ;
+--------------+-----------+-----------------------------------+------------------------------------------------------------------------------------------------------+----------+--------------------------------------------------------------------------+---------------------+-------------------+


+--------------------------------------------------------------------------------------------------------------------------------------------------------------------------------------------------------------------------------------------------------------------------------------------------------------------------------------------------------------------------------------------------------------------------------------------------------------------------+
; I/O Rules Matrix                                                                                                                                                                                                                                                                                                                                                                                                                                                         ;
+--------------------+--------------+--------------+--------------+--------------+--------------+-----------+--------------+--------------+--------------+--------------+--------------+--------------+--------------+--------------+--------------+--------------+--------------+--------------+--------------+--------------+--------------+--------------+--------------+--------------+--------------+-----------+-----------+-----------+--------------+--------------+
; Pin/Rules          ; IO_000002    ; IO_000001    ; IO_000003    ; IO_000004    ; IO_000005    ; IO_000006 ; IO_000007    ; IO_000008    ; IO_000047    ; IO_000046    ; IO_000045    ; IO_000027    ; IO_000026    ; IO_000024    ; IO_000023    ; IO_000022    ; IO_000021    ; IO_000020    ; IO_000019    ; IO_000018    ; IO_000015    ; IO_000014    ; IO_000013    ; IO_000012    ; IO_000011    ; IO_000010 ; IO_000009 ; IO_000033 ; IO_000034    ; IO_000042    ;
+--------------------+--------------+--------------+--------------+--------------+--------------+-----------+--------------+--------------+--------------+--------------+--------------+--------------+--------------+--------------+--------------+--------------+--------------+--------------+--------------+--------------+--------------+--------------+--------------+--------------+--------------+-----------+-----------+-----------+--------------+--------------+
; Total Pass         ; 32           ; 0            ; 0            ; 0            ; 0            ; 114       ; 0            ; 0            ; 0            ; 0            ; 0            ; 0            ; 0            ; 64           ; 0            ; 0            ; 0            ; 50           ; 64           ; 0            ; 50           ; 0            ; 0            ; 64           ; 0            ; 114       ; 114       ; 114       ; 0            ; 0            ;
; Total Unchecked    ; 0            ; 0            ; 0            ; 0            ; 0            ; 0         ; 0            ; 0            ; 0            ; 0            ; 0            ; 0            ; 0            ; 0            ; 0            ; 0            ; 0            ; 0            ; 0            ; 0            ; 0            ; 0            ; 0            ; 0            ; 0            ; 0         ; 0         ; 0         ; 0            ; 0            ;
; Total Inapplicable ; 82           ; 114          ; 114          ; 114          ; 114          ; 0         ; 114          ; 114          ; 114          ; 114          ; 114          ; 114          ; 114          ; 50           ; 114          ; 114          ; 114          ; 64           ; 50           ; 114          ; 64           ; 114          ; 114          ; 50           ; 114          ; 0         ; 0         ; 0         ; 114          ; 114          ;
; Total Fail         ; 0            ; 0            ; 0            ; 0            ; 0            ; 0         ; 0            ; 0            ; 0            ; 0            ; 0            ; 0            ; 0            ; 0            ; 0            ; 0            ; 0            ; 0            ; 0            ; 0            ; 0            ; 0            ; 0            ; 0            ; 0            ; 0         ; 0         ; 0         ; 0            ; 0            ;
; rfif.rdat2[0]      ; Inapplicable ; Inapplicable ; Inapplicable ; Inapplicable ; Inapplicable ; Pass      ; Inapplicable ; Inapplicable ; Inapplicable ; Inapplicable ; Inapplicable ; Inapplicable ; Inapplicable ; Pass         ; Inapplicable ; Inapplicable ; Inapplicable ; Inapplicable ; Pass         ; Inapplicable ; Inapplicable ; Inapplicable ; Inapplicable ; Pass         ; Inapplicable ; Pass      ; Pass      ; Pass      ; Inapplicable ; Inapplicable ;
; rfif.rdat2[1]      ; Inapplicable ; Inapplicable ; Inapplicable ; Inapplicable ; Inapplicable ; Pass      ; Inapplicable ; Inapplicable ; Inapplicable ; Inapplicable ; Inapplicable ; Inapplicable ; Inapplicable ; Pass         ; Inapplicable ; Inapplicable ; Inapplicable ; Inapplicable ; Pass         ; Inapplicable ; Inapplicable ; Inapplicable ; Inapplicable ; Pass         ; Inapplicable ; Pass      ; Pass      ; Pass      ; Inapplicable ; Inapplicable ;
; rfif.rdat2[2]      ; Inapplicable ; Inapplicable ; Inapplicable ; Inapplicable ; Inapplicable ; Pass      ; Inapplicable ; Inapplicable ; Inapplicable ; Inapplicable ; Inapplicable ; Inapplicable ; Inapplicable ; Pass         ; Inapplicable ; Inapplicable ; Inapplicable ; Inapplicable ; Pass         ; Inapplicable ; Inapplicable ; Inapplicable ; Inapplicable ; Pass         ; Inapplicable ; Pass      ; Pass      ; Pass      ; Inapplicable ; Inapplicable ;
; rfif.rdat2[3]      ; Inapplicable ; Inapplicable ; Inapplicable ; Inapplicable ; Inapplicable ; Pass      ; Inapplicable ; Inapplicable ; Inapplicable ; Inapplicable ; Inapplicable ; Inapplicable ; Inapplicable ; Pass         ; Inapplicable ; Inapplicable ; Inapplicable ; Inapplicable ; Pass         ; Inapplicable ; Inapplicable ; Inapplicable ; Inapplicable ; Pass         ; Inapplicable ; Pass      ; Pass      ; Pass      ; Inapplicable ; Inapplicable ;
; rfif.rdat2[4]      ; Inapplicable ; Inapplicable ; Inapplicable ; Inapplicable ; Inapplicable ; Pass      ; Inapplicable ; Inapplicable ; Inapplicable ; Inapplicable ; Inapplicable ; Inapplicable ; Inapplicable ; Pass         ; Inapplicable ; Inapplicable ; Inapplicable ; Inapplicable ; Pass         ; Inapplicable ; Inapplicable ; Inapplicable ; Inapplicable ; Pass         ; Inapplicable ; Pass      ; Pass      ; Pass      ; Inapplicable ; Inapplicable ;
; rfif.rdat2[5]      ; Inapplicable ; Inapplicable ; Inapplicable ; Inapplicable ; Inapplicable ; Pass      ; Inapplicable ; Inapplicable ; Inapplicable ; Inapplicable ; Inapplicable ; Inapplicable ; Inapplicable ; Pass         ; Inapplicable ; Inapplicable ; Inapplicable ; Inapplicable ; Pass         ; Inapplicable ; Inapplicable ; Inapplicable ; Inapplicable ; Pass         ; Inapplicable ; Pass      ; Pass      ; Pass      ; Inapplicable ; Inapplicable ;
; rfif.rdat2[6]      ; Inapplicable ; Inapplicable ; Inapplicable ; Inapplicable ; Inapplicable ; Pass      ; Inapplicable ; Inapplicable ; Inapplicable ; Inapplicable ; Inapplicable ; Inapplicable ; Inapplicable ; Pass         ; Inapplicable ; Inapplicable ; Inapplicable ; Inapplicable ; Pass         ; Inapplicable ; Inapplicable ; Inapplicable ; Inapplicable ; Pass         ; Inapplicable ; Pass      ; Pass      ; Pass      ; Inapplicable ; Inapplicable ;
; rfif.rdat2[7]      ; Inapplicable ; Inapplicable ; Inapplicable ; Inapplicable ; Inapplicable ; Pass      ; Inapplicable ; Inapplicable ; Inapplicable ; Inapplicable ; Inapplicable ; Inapplicable ; Inapplicable ; Pass         ; Inapplicable ; Inapplicable ; Inapplicable ; Inapplicable ; Pass         ; Inapplicable ; Inapplicable ; Inapplicable ; Inapplicable ; Pass         ; Inapplicable ; Pass      ; Pass      ; Pass      ; Inapplicable ; Inapplicable ;
; rfif.rdat2[8]      ; Inapplicable ; Inapplicable ; Inapplicable ; Inapplicable ; Inapplicable ; Pass      ; Inapplicable ; Inapplicable ; Inapplicable ; Inapplicable ; Inapplicable ; Inapplicable ; Inapplicable ; Pass         ; Inapplicable ; Inapplicable ; Inapplicable ; Inapplicable ; Pass         ; Inapplicable ; Inapplicable ; Inapplicable ; Inapplicable ; Pass         ; Inapplicable ; Pass      ; Pass      ; Pass      ; Inapplicable ; Inapplicable ;
; rfif.rdat2[9]      ; Inapplicable ; Inapplicable ; Inapplicable ; Inapplicable ; Inapplicable ; Pass      ; Inapplicable ; Inapplicable ; Inapplicable ; Inapplicable ; Inapplicable ; Inapplicable ; Inapplicable ; Pass         ; Inapplicable ; Inapplicable ; Inapplicable ; Inapplicable ; Pass         ; Inapplicable ; Inapplicable ; Inapplicable ; Inapplicable ; Pass         ; Inapplicable ; Pass      ; Pass      ; Pass      ; Inapplicable ; Inapplicable ;
; rfif.rdat2[10]     ; Inapplicable ; Inapplicable ; Inapplicable ; Inapplicable ; Inapplicable ; Pass      ; Inapplicable ; Inapplicable ; Inapplicable ; Inapplicable ; Inapplicable ; Inapplicable ; Inapplicable ; Pass         ; Inapplicable ; Inapplicable ; Inapplicable ; Inapplicable ; Pass         ; Inapplicable ; Inapplicable ; Inapplicable ; Inapplicable ; Pass         ; Inapplicable ; Pass      ; Pass      ; Pass      ; Inapplicable ; Inapplicable ;
; rfif.rdat2[11]     ; Inapplicable ; Inapplicable ; Inapplicable ; Inapplicable ; Inapplicable ; Pass      ; Inapplicable ; Inapplicable ; Inapplicable ; Inapplicable ; Inapplicable ; Inapplicable ; Inapplicable ; Pass         ; Inapplicable ; Inapplicable ; Inapplicable ; Inapplicable ; Pass         ; Inapplicable ; Inapplicable ; Inapplicable ; Inapplicable ; Pass         ; Inapplicable ; Pass      ; Pass      ; Pass      ; Inapplicable ; Inapplicable ;
; rfif.rdat2[12]     ; Inapplicable ; Inapplicable ; Inapplicable ; Inapplicable ; Inapplicable ; Pass      ; Inapplicable ; Inapplicable ; Inapplicable ; Inapplicable ; Inapplicable ; Inapplicable ; Inapplicable ; Pass         ; Inapplicable ; Inapplicable ; Inapplicable ; Inapplicable ; Pass         ; Inapplicable ; Inapplicable ; Inapplicable ; Inapplicable ; Pass         ; Inapplicable ; Pass      ; Pass      ; Pass      ; Inapplicable ; Inapplicable ;
; rfif.rdat2[13]     ; Inapplicable ; Inapplicable ; Inapplicable ; Inapplicable ; Inapplicable ; Pass      ; Inapplicable ; Inapplicable ; Inapplicable ; Inapplicable ; Inapplicable ; Inapplicable ; Inapplicable ; Pass         ; Inapplicable ; Inapplicable ; Inapplicable ; Inapplicable ; Pass         ; Inapplicable ; Inapplicable ; Inapplicable ; Inapplicable ; Pass         ; Inapplicable ; Pass      ; Pass      ; Pass      ; Inapplicable ; Inapplicable ;
; rfif.rdat2[14]     ; Inapplicable ; Inapplicable ; Inapplicable ; Inapplicable ; Inapplicable ; Pass      ; Inapplicable ; Inapplicable ; Inapplicable ; Inapplicable ; Inapplicable ; Inapplicable ; Inapplicable ; Pass         ; Inapplicable ; Inapplicable ; Inapplicable ; Inapplicable ; Pass         ; Inapplicable ; Inapplicable ; Inapplicable ; Inapplicable ; Pass         ; Inapplicable ; Pass      ; Pass      ; Pass      ; Inapplicable ; Inapplicable ;
; rfif.rdat2[15]     ; Inapplicable ; Inapplicable ; Inapplicable ; Inapplicable ; Inapplicable ; Pass      ; Inapplicable ; Inapplicable ; Inapplicable ; Inapplicable ; Inapplicable ; Inapplicable ; Inapplicable ; Pass         ; Inapplicable ; Inapplicable ; Inapplicable ; Inapplicable ; Pass         ; Inapplicable ; Inapplicable ; Inapplicable ; Inapplicable ; Pass         ; Inapplicable ; Pass      ; Pass      ; Pass      ; Inapplicable ; Inapplicable ;
; rfif.rdat2[16]     ; Inapplicable ; Inapplicable ; Inapplicable ; Inapplicable ; Inapplicable ; Pass      ; Inapplicable ; Inapplicable ; Inapplicable ; Inapplicable ; Inapplicable ; Inapplicable ; Inapplicable ; Pass         ; Inapplicable ; Inapplicable ; Inapplicable ; Inapplicable ; Pass         ; Inapplicable ; Inapplicable ; Inapplicable ; Inapplicable ; Pass         ; Inapplicable ; Pass      ; Pass      ; Pass      ; Inapplicable ; Inapplicable ;
; rfif.rdat2[17]     ; Inapplicable ; Inapplicable ; Inapplicable ; Inapplicable ; Inapplicable ; Pass      ; Inapplicable ; Inapplicable ; Inapplicable ; Inapplicable ; Inapplicable ; Inapplicable ; Inapplicable ; Pass         ; Inapplicable ; Inapplicable ; Inapplicable ; Inapplicable ; Pass         ; Inapplicable ; Inapplicable ; Inapplicable ; Inapplicable ; Pass         ; Inapplicable ; Pass      ; Pass      ; Pass      ; Inapplicable ; Inapplicable ;
; rfif.rdat2[18]     ; Inapplicable ; Inapplicable ; Inapplicable ; Inapplicable ; Inapplicable ; Pass      ; Inapplicable ; Inapplicable ; Inapplicable ; Inapplicable ; Inapplicable ; Inapplicable ; Inapplicable ; Pass         ; Inapplicable ; Inapplicable ; Inapplicable ; Inapplicable ; Pass         ; Inapplicable ; Inapplicable ; Inapplicable ; Inapplicable ; Pass         ; Inapplicable ; Pass      ; Pass      ; Pass      ; Inapplicable ; Inapplicable ;
; rfif.rdat2[19]     ; Inapplicable ; Inapplicable ; Inapplicable ; Inapplicable ; Inapplicable ; Pass      ; Inapplicable ; Inapplicable ; Inapplicable ; Inapplicable ; Inapplicable ; Inapplicable ; Inapplicable ; Pass         ; Inapplicable ; Inapplicable ; Inapplicable ; Inapplicable ; Pass         ; Inapplicable ; Inapplicable ; Inapplicable ; Inapplicable ; Pass         ; Inapplicable ; Pass      ; Pass      ; Pass      ; Inapplicable ; Inapplicable ;
; rfif.rdat2[20]     ; Inapplicable ; Inapplicable ; Inapplicable ; Inapplicable ; Inapplicable ; Pass      ; Inapplicable ; Inapplicable ; Inapplicable ; Inapplicable ; Inapplicable ; Inapplicable ; Inapplicable ; Pass         ; Inapplicable ; Inapplicable ; Inapplicable ; Inapplicable ; Pass         ; Inapplicable ; Inapplicable ; Inapplicable ; Inapplicable ; Pass         ; Inapplicable ; Pass      ; Pass      ; Pass      ; Inapplicable ; Inapplicable ;
; rfif.rdat2[21]     ; Inapplicable ; Inapplicable ; Inapplicable ; Inapplicable ; Inapplicable ; Pass      ; Inapplicable ; Inapplicable ; Inapplicable ; Inapplicable ; Inapplicable ; Inapplicable ; Inapplicable ; Pass         ; Inapplicable ; Inapplicable ; Inapplicable ; Inapplicable ; Pass         ; Inapplicable ; Inapplicable ; Inapplicable ; Inapplicable ; Pass         ; Inapplicable ; Pass      ; Pass      ; Pass      ; Inapplicable ; Inapplicable ;
; rfif.rdat2[22]     ; Inapplicable ; Inapplicable ; Inapplicable ; Inapplicable ; Inapplicable ; Pass      ; Inapplicable ; Inapplicable ; Inapplicable ; Inapplicable ; Inapplicable ; Inapplicable ; Inapplicable ; Pass         ; Inapplicable ; Inapplicable ; Inapplicable ; Inapplicable ; Pass         ; Inapplicable ; Inapplicable ; Inapplicable ; Inapplicable ; Pass         ; Inapplicable ; Pass      ; Pass      ; Pass      ; Inapplicable ; Inapplicable ;
; rfif.rdat2[23]     ; Inapplicable ; Inapplicable ; Inapplicable ; Inapplicable ; Inapplicable ; Pass      ; Inapplicable ; Inapplicable ; Inapplicable ; Inapplicable ; Inapplicable ; Inapplicable ; Inapplicable ; Pass         ; Inapplicable ; Inapplicable ; Inapplicable ; Inapplicable ; Pass         ; Inapplicable ; Inapplicable ; Inapplicable ; Inapplicable ; Pass         ; Inapplicable ; Pass      ; Pass      ; Pass      ; Inapplicable ; Inapplicable ;
; rfif.rdat2[24]     ; Inapplicable ; Inapplicable ; Inapplicable ; Inapplicable ; Inapplicable ; Pass      ; Inapplicable ; Inapplicable ; Inapplicable ; Inapplicable ; Inapplicable ; Inapplicable ; Inapplicable ; Pass         ; Inapplicable ; Inapplicable ; Inapplicable ; Inapplicable ; Pass         ; Inapplicable ; Inapplicable ; Inapplicable ; Inapplicable ; Pass         ; Inapplicable ; Pass      ; Pass      ; Pass      ; Inapplicable ; Inapplicable ;
; rfif.rdat2[25]     ; Inapplicable ; Inapplicable ; Inapplicable ; Inapplicable ; Inapplicable ; Pass      ; Inapplicable ; Inapplicable ; Inapplicable ; Inapplicable ; Inapplicable ; Inapplicable ; Inapplicable ; Pass         ; Inapplicable ; Inapplicable ; Inapplicable ; Inapplicable ; Pass         ; Inapplicable ; Inapplicable ; Inapplicable ; Inapplicable ; Pass         ; Inapplicable ; Pass      ; Pass      ; Pass      ; Inapplicable ; Inapplicable ;
; rfif.rdat2[26]     ; Inapplicable ; Inapplicable ; Inapplicable ; Inapplicable ; Inapplicable ; Pass      ; Inapplicable ; Inapplicable ; Inapplicable ; Inapplicable ; Inapplicable ; Inapplicable ; Inapplicable ; Pass         ; Inapplicable ; Inapplicable ; Inapplicable ; Inapplicable ; Pass         ; Inapplicable ; Inapplicable ; Inapplicable ; Inapplicable ; Pass         ; Inapplicable ; Pass      ; Pass      ; Pass      ; Inapplicable ; Inapplicable ;
; rfif.rdat2[27]     ; Inapplicable ; Inapplicable ; Inapplicable ; Inapplicable ; Inapplicable ; Pass      ; Inapplicable ; Inapplicable ; Inapplicable ; Inapplicable ; Inapplicable ; Inapplicable ; Inapplicable ; Pass         ; Inapplicable ; Inapplicable ; Inapplicable ; Inapplicable ; Pass         ; Inapplicable ; Inapplicable ; Inapplicable ; Inapplicable ; Pass         ; Inapplicable ; Pass      ; Pass      ; Pass      ; Inapplicable ; Inapplicable ;
; rfif.rdat2[28]     ; Inapplicable ; Inapplicable ; Inapplicable ; Inapplicable ; Inapplicable ; Pass      ; Inapplicable ; Inapplicable ; Inapplicable ; Inapplicable ; Inapplicable ; Inapplicable ; Inapplicable ; Pass         ; Inapplicable ; Inapplicable ; Inapplicable ; Inapplicable ; Pass         ; Inapplicable ; Inapplicable ; Inapplicable ; Inapplicable ; Pass         ; Inapplicable ; Pass      ; Pass      ; Pass      ; Inapplicable ; Inapplicable ;
; rfif.rdat2[29]     ; Inapplicable ; Inapplicable ; Inapplicable ; Inapplicable ; Inapplicable ; Pass      ; Inapplicable ; Inapplicable ; Inapplicable ; Inapplicable ; Inapplicable ; Inapplicable ; Inapplicable ; Pass         ; Inapplicable ; Inapplicable ; Inapplicable ; Inapplicable ; Pass         ; Inapplicable ; Inapplicable ; Inapplicable ; Inapplicable ; Pass         ; Inapplicable ; Pass      ; Pass      ; Pass      ; Inapplicable ; Inapplicable ;
; rfif.rdat2[30]     ; Inapplicable ; Inapplicable ; Inapplicable ; Inapplicable ; Inapplicable ; Pass      ; Inapplicable ; Inapplicable ; Inapplicable ; Inapplicable ; Inapplicable ; Inapplicable ; Inapplicable ; Pass         ; Inapplicable ; Inapplicable ; Inapplicable ; Inapplicable ; Pass         ; Inapplicable ; Inapplicable ; Inapplicable ; Inapplicable ; Pass         ; Inapplicable ; Pass      ; Pass      ; Pass      ; Inapplicable ; Inapplicable ;
; rfif.rdat2[31]     ; Inapplicable ; Inapplicable ; Inapplicable ; Inapplicable ; Inapplicable ; Pass      ; Inapplicable ; Inapplicable ; Inapplicable ; Inapplicable ; Inapplicable ; Inapplicable ; Inapplicable ; Pass         ; Inapplicable ; Inapplicable ; Inapplicable ; Inapplicable ; Pass         ; Inapplicable ; Inapplicable ; Inapplicable ; Inapplicable ; Pass         ; Inapplicable ; Pass      ; Pass      ; Pass      ; Inapplicable ; Inapplicable ;
; rfif.rdat1[0]      ; Inapplicable ; Inapplicable ; Inapplicable ; Inapplicable ; Inapplicable ; Pass      ; Inapplicable ; Inapplicable ; Inapplicable ; Inapplicable ; Inapplicable ; Inapplicable ; Inapplicable ; Pass         ; Inapplicable ; Inapplicable ; Inapplicable ; Inapplicable ; Pass         ; Inapplicable ; Inapplicable ; Inapplicable ; Inapplicable ; Pass         ; Inapplicable ; Pass      ; Pass      ; Pass      ; Inapplicable ; Inapplicable ;
; rfif.rdat1[1]      ; Inapplicable ; Inapplicable ; Inapplicable ; Inapplicable ; Inapplicable ; Pass      ; Inapplicable ; Inapplicable ; Inapplicable ; Inapplicable ; Inapplicable ; Inapplicable ; Inapplicable ; Pass         ; Inapplicable ; Inapplicable ; Inapplicable ; Inapplicable ; Pass         ; Inapplicable ; Inapplicable ; Inapplicable ; Inapplicable ; Pass         ; Inapplicable ; Pass      ; Pass      ; Pass      ; Inapplicable ; Inapplicable ;
; rfif.rdat1[2]      ; Inapplicable ; Inapplicable ; Inapplicable ; Inapplicable ; Inapplicable ; Pass      ; Inapplicable ; Inapplicable ; Inapplicable ; Inapplicable ; Inapplicable ; Inapplicable ; Inapplicable ; Pass         ; Inapplicable ; Inapplicable ; Inapplicable ; Inapplicable ; Pass         ; Inapplicable ; Inapplicable ; Inapplicable ; Inapplicable ; Pass         ; Inapplicable ; Pass      ; Pass      ; Pass      ; Inapplicable ; Inapplicable ;
; rfif.rdat1[3]      ; Inapplicable ; Inapplicable ; Inapplicable ; Inapplicable ; Inapplicable ; Pass      ; Inapplicable ; Inapplicable ; Inapplicable ; Inapplicable ; Inapplicable ; Inapplicable ; Inapplicable ; Pass         ; Inapplicable ; Inapplicable ; Inapplicable ; Inapplicable ; Pass         ; Inapplicable ; Inapplicable ; Inapplicable ; Inapplicable ; Pass         ; Inapplicable ; Pass      ; Pass      ; Pass      ; Inapplicable ; Inapplicable ;
; rfif.rdat1[4]      ; Inapplicable ; Inapplicable ; Inapplicable ; Inapplicable ; Inapplicable ; Pass      ; Inapplicable ; Inapplicable ; Inapplicable ; Inapplicable ; Inapplicable ; Inapplicable ; Inapplicable ; Pass         ; Inapplicable ; Inapplicable ; Inapplicable ; Inapplicable ; Pass         ; Inapplicable ; Inapplicable ; Inapplicable ; Inapplicable ; Pass         ; Inapplicable ; Pass      ; Pass      ; Pass      ; Inapplicable ; Inapplicable ;
; rfif.rdat1[5]      ; Inapplicable ; Inapplicable ; Inapplicable ; Inapplicable ; Inapplicable ; Pass      ; Inapplicable ; Inapplicable ; Inapplicable ; Inapplicable ; Inapplicable ; Inapplicable ; Inapplicable ; Pass         ; Inapplicable ; Inapplicable ; Inapplicable ; Inapplicable ; Pass         ; Inapplicable ; Inapplicable ; Inapplicable ; Inapplicable ; Pass         ; Inapplicable ; Pass      ; Pass      ; Pass      ; Inapplicable ; Inapplicable ;
; rfif.rdat1[6]      ; Inapplicable ; Inapplicable ; Inapplicable ; Inapplicable ; Inapplicable ; Pass      ; Inapplicable ; Inapplicable ; Inapplicable ; Inapplicable ; Inapplicable ; Inapplicable ; Inapplicable ; Pass         ; Inapplicable ; Inapplicable ; Inapplicable ; Inapplicable ; Pass         ; Inapplicable ; Inapplicable ; Inapplicable ; Inapplicable ; Pass         ; Inapplicable ; Pass      ; Pass      ; Pass      ; Inapplicable ; Inapplicable ;
; rfif.rdat1[7]      ; Inapplicable ; Inapplicable ; Inapplicable ; Inapplicable ; Inapplicable ; Pass      ; Inapplicable ; Inapplicable ; Inapplicable ; Inapplicable ; Inapplicable ; Inapplicable ; Inapplicable ; Pass         ; Inapplicable ; Inapplicable ; Inapplicable ; Inapplicable ; Pass         ; Inapplicable ; Inapplicable ; Inapplicable ; Inapplicable ; Pass         ; Inapplicable ; Pass      ; Pass      ; Pass      ; Inapplicable ; Inapplicable ;
; rfif.rdat1[8]      ; Inapplicable ; Inapplicable ; Inapplicable ; Inapplicable ; Inapplicable ; Pass      ; Inapplicable ; Inapplicable ; Inapplicable ; Inapplicable ; Inapplicable ; Inapplicable ; Inapplicable ; Pass         ; Inapplicable ; Inapplicable ; Inapplicable ; Inapplicable ; Pass         ; Inapplicable ; Inapplicable ; Inapplicable ; Inapplicable ; Pass         ; Inapplicable ; Pass      ; Pass      ; Pass      ; Inapplicable ; Inapplicable ;
; rfif.rdat1[9]      ; Inapplicable ; Inapplicable ; Inapplicable ; Inapplicable ; Inapplicable ; Pass      ; Inapplicable ; Inapplicable ; Inapplicable ; Inapplicable ; Inapplicable ; Inapplicable ; Inapplicable ; Pass         ; Inapplicable ; Inapplicable ; Inapplicable ; Inapplicable ; Pass         ; Inapplicable ; Inapplicable ; Inapplicable ; Inapplicable ; Pass         ; Inapplicable ; Pass      ; Pass      ; Pass      ; Inapplicable ; Inapplicable ;
; rfif.rdat1[10]     ; Inapplicable ; Inapplicable ; Inapplicable ; Inapplicable ; Inapplicable ; Pass      ; Inapplicable ; Inapplicable ; Inapplicable ; Inapplicable ; Inapplicable ; Inapplicable ; Inapplicable ; Pass         ; Inapplicable ; Inapplicable ; Inapplicable ; Inapplicable ; Pass         ; Inapplicable ; Inapplicable ; Inapplicable ; Inapplicable ; Pass         ; Inapplicable ; Pass      ; Pass      ; Pass      ; Inapplicable ; Inapplicable ;
; rfif.rdat1[11]     ; Inapplicable ; Inapplicable ; Inapplicable ; Inapplicable ; Inapplicable ; Pass      ; Inapplicable ; Inapplicable ; Inapplicable ; Inapplicable ; Inapplicable ; Inapplicable ; Inapplicable ; Pass         ; Inapplicable ; Inapplicable ; Inapplicable ; Inapplicable ; Pass         ; Inapplicable ; Inapplicable ; Inapplicable ; Inapplicable ; Pass         ; Inapplicable ; Pass      ; Pass      ; Pass      ; Inapplicable ; Inapplicable ;
; rfif.rdat1[12]     ; Inapplicable ; Inapplicable ; Inapplicable ; Inapplicable ; Inapplicable ; Pass      ; Inapplicable ; Inapplicable ; Inapplicable ; Inapplicable ; Inapplicable ; Inapplicable ; Inapplicable ; Pass         ; Inapplicable ; Inapplicable ; Inapplicable ; Inapplicable ; Pass         ; Inapplicable ; Inapplicable ; Inapplicable ; Inapplicable ; Pass         ; Inapplicable ; Pass      ; Pass      ; Pass      ; Inapplicable ; Inapplicable ;
; rfif.rdat1[13]     ; Inapplicable ; Inapplicable ; Inapplicable ; Inapplicable ; Inapplicable ; Pass      ; Inapplicable ; Inapplicable ; Inapplicable ; Inapplicable ; Inapplicable ; Inapplicable ; Inapplicable ; Pass         ; Inapplicable ; Inapplicable ; Inapplicable ; Inapplicable ; Pass         ; Inapplicable ; Inapplicable ; Inapplicable ; Inapplicable ; Pass         ; Inapplicable ; Pass      ; Pass      ; Pass      ; Inapplicable ; Inapplicable ;
; rfif.rdat1[14]     ; Inapplicable ; Inapplicable ; Inapplicable ; Inapplicable ; Inapplicable ; Pass      ; Inapplicable ; Inapplicable ; Inapplicable ; Inapplicable ; Inapplicable ; Inapplicable ; Inapplicable ; Pass         ; Inapplicable ; Inapplicable ; Inapplicable ; Inapplicable ; Pass         ; Inapplicable ; Inapplicable ; Inapplicable ; Inapplicable ; Pass         ; Inapplicable ; Pass      ; Pass      ; Pass      ; Inapplicable ; Inapplicable ;
; rfif.rdat1[15]     ; Inapplicable ; Inapplicable ; Inapplicable ; Inapplicable ; Inapplicable ; Pass      ; Inapplicable ; Inapplicable ; Inapplicable ; Inapplicable ; Inapplicable ; Inapplicable ; Inapplicable ; Pass         ; Inapplicable ; Inapplicable ; Inapplicable ; Inapplicable ; Pass         ; Inapplicable ; Inapplicable ; Inapplicable ; Inapplicable ; Pass         ; Inapplicable ; Pass      ; Pass      ; Pass      ; Inapplicable ; Inapplicable ;
; rfif.rdat1[16]     ; Inapplicable ; Inapplicable ; Inapplicable ; Inapplicable ; Inapplicable ; Pass      ; Inapplicable ; Inapplicable ; Inapplicable ; Inapplicable ; Inapplicable ; Inapplicable ; Inapplicable ; Pass         ; Inapplicable ; Inapplicable ; Inapplicable ; Inapplicable ; Pass         ; Inapplicable ; Inapplicable ; Inapplicable ; Inapplicable ; Pass         ; Inapplicable ; Pass      ; Pass      ; Pass      ; Inapplicable ; Inapplicable ;
; rfif.rdat1[17]     ; Inapplicable ; Inapplicable ; Inapplicable ; Inapplicable ; Inapplicable ; Pass      ; Inapplicable ; Inapplicable ; Inapplicable ; Inapplicable ; Inapplicable ; Inapplicable ; Inapplicable ; Pass         ; Inapplicable ; Inapplicable ; Inapplicable ; Inapplicable ; Pass         ; Inapplicable ; Inapplicable ; Inapplicable ; Inapplicable ; Pass         ; Inapplicable ; Pass      ; Pass      ; Pass      ; Inapplicable ; Inapplicable ;
; rfif.rdat1[18]     ; Inapplicable ; Inapplicable ; Inapplicable ; Inapplicable ; Inapplicable ; Pass      ; Inapplicable ; Inapplicable ; Inapplicable ; Inapplicable ; Inapplicable ; Inapplicable ; Inapplicable ; Pass         ; Inapplicable ; Inapplicable ; Inapplicable ; Inapplicable ; Pass         ; Inapplicable ; Inapplicable ; Inapplicable ; Inapplicable ; Pass         ; Inapplicable ; Pass      ; Pass      ; Pass      ; Inapplicable ; Inapplicable ;
; rfif.rdat1[19]     ; Inapplicable ; Inapplicable ; Inapplicable ; Inapplicable ; Inapplicable ; Pass      ; Inapplicable ; Inapplicable ; Inapplicable ; Inapplicable ; Inapplicable ; Inapplicable ; Inapplicable ; Pass         ; Inapplicable ; Inapplicable ; Inapplicable ; Inapplicable ; Pass         ; Inapplicable ; Inapplicable ; Inapplicable ; Inapplicable ; Pass         ; Inapplicable ; Pass      ; Pass      ; Pass      ; Inapplicable ; Inapplicable ;
; rfif.rdat1[20]     ; Inapplicable ; Inapplicable ; Inapplicable ; Inapplicable ; Inapplicable ; Pass      ; Inapplicable ; Inapplicable ; Inapplicable ; Inapplicable ; Inapplicable ; Inapplicable ; Inapplicable ; Pass         ; Inapplicable ; Inapplicable ; Inapplicable ; Inapplicable ; Pass         ; Inapplicable ; Inapplicable ; Inapplicable ; Inapplicable ; Pass         ; Inapplicable ; Pass      ; Pass      ; Pass      ; Inapplicable ; Inapplicable ;
; rfif.rdat1[21]     ; Inapplicable ; Inapplicable ; Inapplicable ; Inapplicable ; Inapplicable ; Pass      ; Inapplicable ; Inapplicable ; Inapplicable ; Inapplicable ; Inapplicable ; Inapplicable ; Inapplicable ; Pass         ; Inapplicable ; Inapplicable ; Inapplicable ; Inapplicable ; Pass         ; Inapplicable ; Inapplicable ; Inapplicable ; Inapplicable ; Pass         ; Inapplicable ; Pass      ; Pass      ; Pass      ; Inapplicable ; Inapplicable ;
; rfif.rdat1[22]     ; Inapplicable ; Inapplicable ; Inapplicable ; Inapplicable ; Inapplicable ; Pass      ; Inapplicable ; Inapplicable ; Inapplicable ; Inapplicable ; Inapplicable ; Inapplicable ; Inapplicable ; Pass         ; Inapplicable ; Inapplicable ; Inapplicable ; Inapplicable ; Pass         ; Inapplicable ; Inapplicable ; Inapplicable ; Inapplicable ; Pass         ; Inapplicable ; Pass      ; Pass      ; Pass      ; Inapplicable ; Inapplicable ;
; rfif.rdat1[23]     ; Inapplicable ; Inapplicable ; Inapplicable ; Inapplicable ; Inapplicable ; Pass      ; Inapplicable ; Inapplicable ; Inapplicable ; Inapplicable ; Inapplicable ; Inapplicable ; Inapplicable ; Pass         ; Inapplicable ; Inapplicable ; Inapplicable ; Inapplicable ; Pass         ; Inapplicable ; Inapplicable ; Inapplicable ; Inapplicable ; Pass         ; Inapplicable ; Pass      ; Pass      ; Pass      ; Inapplicable ; Inapplicable ;
; rfif.rdat1[24]     ; Inapplicable ; Inapplicable ; Inapplicable ; Inapplicable ; Inapplicable ; Pass      ; Inapplicable ; Inapplicable ; Inapplicable ; Inapplicable ; Inapplicable ; Inapplicable ; Inapplicable ; Pass         ; Inapplicable ; Inapplicable ; Inapplicable ; Inapplicable ; Pass         ; Inapplicable ; Inapplicable ; Inapplicable ; Inapplicable ; Pass         ; Inapplicable ; Pass      ; Pass      ; Pass      ; Inapplicable ; Inapplicable ;
; rfif.rdat1[25]     ; Inapplicable ; Inapplicable ; Inapplicable ; Inapplicable ; Inapplicable ; Pass      ; Inapplicable ; Inapplicable ; Inapplicable ; Inapplicable ; Inapplicable ; Inapplicable ; Inapplicable ; Pass         ; Inapplicable ; Inapplicable ; Inapplicable ; Inapplicable ; Pass         ; Inapplicable ; Inapplicable ; Inapplicable ; Inapplicable ; Pass         ; Inapplicable ; Pass      ; Pass      ; Pass      ; Inapplicable ; Inapplicable ;
; rfif.rdat1[26]     ; Inapplicable ; Inapplicable ; Inapplicable ; Inapplicable ; Inapplicable ; Pass      ; Inapplicable ; Inapplicable ; Inapplicable ; Inapplicable ; Inapplicable ; Inapplicable ; Inapplicable ; Pass         ; Inapplicable ; Inapplicable ; Inapplicable ; Inapplicable ; Pass         ; Inapplicable ; Inapplicable ; Inapplicable ; Inapplicable ; Pass         ; Inapplicable ; Pass      ; Pass      ; Pass      ; Inapplicable ; Inapplicable ;
; rfif.rdat1[27]     ; Inapplicable ; Inapplicable ; Inapplicable ; Inapplicable ; Inapplicable ; Pass      ; Inapplicable ; Inapplicable ; Inapplicable ; Inapplicable ; Inapplicable ; Inapplicable ; Inapplicable ; Pass         ; Inapplicable ; Inapplicable ; Inapplicable ; Inapplicable ; Pass         ; Inapplicable ; Inapplicable ; Inapplicable ; Inapplicable ; Pass         ; Inapplicable ; Pass      ; Pass      ; Pass      ; Inapplicable ; Inapplicable ;
; rfif.rdat1[28]     ; Inapplicable ; Inapplicable ; Inapplicable ; Inapplicable ; Inapplicable ; Pass      ; Inapplicable ; Inapplicable ; Inapplicable ; Inapplicable ; Inapplicable ; Inapplicable ; Inapplicable ; Pass         ; Inapplicable ; Inapplicable ; Inapplicable ; Inapplicable ; Pass         ; Inapplicable ; Inapplicable ; Inapplicable ; Inapplicable ; Pass         ; Inapplicable ; Pass      ; Pass      ; Pass      ; Inapplicable ; Inapplicable ;
; rfif.rdat1[29]     ; Inapplicable ; Inapplicable ; Inapplicable ; Inapplicable ; Inapplicable ; Pass      ; Inapplicable ; Inapplicable ; Inapplicable ; Inapplicable ; Inapplicable ; Inapplicable ; Inapplicable ; Pass         ; Inapplicable ; Inapplicable ; Inapplicable ; Inapplicable ; Pass         ; Inapplicable ; Inapplicable ; Inapplicable ; Inapplicable ; Pass         ; Inapplicable ; Pass      ; Pass      ; Pass      ; Inapplicable ; Inapplicable ;
; rfif.rdat1[30]     ; Inapplicable ; Inapplicable ; Inapplicable ; Inapplicable ; Inapplicable ; Pass      ; Inapplicable ; Inapplicable ; Inapplicable ; Inapplicable ; Inapplicable ; Inapplicable ; Inapplicable ; Pass         ; Inapplicable ; Inapplicable ; Inapplicable ; Inapplicable ; Pass         ; Inapplicable ; Inapplicable ; Inapplicable ; Inapplicable ; Pass         ; Inapplicable ; Pass      ; Pass      ; Pass      ; Inapplicable ; Inapplicable ;
; rfif.rdat1[31]     ; Inapplicable ; Inapplicable ; Inapplicable ; Inapplicable ; Inapplicable ; Pass      ; Inapplicable ; Inapplicable ; Inapplicable ; Inapplicable ; Inapplicable ; Inapplicable ; Inapplicable ; Pass         ; Inapplicable ; Inapplicable ; Inapplicable ; Inapplicable ; Pass         ; Inapplicable ; Inapplicable ; Inapplicable ; Inapplicable ; Pass         ; Inapplicable ; Pass      ; Pass      ; Pass      ; Inapplicable ; Inapplicable ;
; rfif.rsel2[3]      ; Inapplicable ; Inapplicable ; Inapplicable ; Inapplicable ; Inapplicable ; Pass      ; Inapplicable ; Inapplicable ; Inapplicable ; Inapplicable ; Inapplicable ; Inapplicable ; Inapplicable ; Inapplicable ; Inapplicable ; Inapplicable ; Inapplicable ; Pass         ; Inapplicable ; Inapplicable ; Pass         ; Inapplicable ; Inapplicable ; Inapplicable ; Inapplicable ; Pass      ; Pass      ; Pass      ; Inapplicable ; Inapplicable ;
; rfif.rsel2[2]      ; Inapplicable ; Inapplicable ; Inapplicable ; Inapplicable ; Inapplicable ; Pass      ; Inapplicable ; Inapplicable ; Inapplicable ; Inapplicable ; Inapplicable ; Inapplicable ; Inapplicable ; Inapplicable ; Inapplicable ; Inapplicable ; Inapplicable ; Pass         ; Inapplicable ; Inapplicable ; Pass         ; Inapplicable ; Inapplicable ; Inapplicable ; Inapplicable ; Pass      ; Pass      ; Pass      ; Inapplicable ; Inapplicable ;
; rfif.rsel2[0]      ; Inapplicable ; Inapplicable ; Inapplicable ; Inapplicable ; Inapplicable ; Pass      ; Inapplicable ; Inapplicable ; Inapplicable ; Inapplicable ; Inapplicable ; Inapplicable ; Inapplicable ; Inapplicable ; Inapplicable ; Inapplicable ; Inapplicable ; Pass         ; Inapplicable ; Inapplicable ; Pass         ; Inapplicable ; Inapplicable ; Inapplicable ; Inapplicable ; Pass      ; Pass      ; Pass      ; Inapplicable ; Inapplicable ;
; rfif.rsel2[1]      ; Inapplicable ; Inapplicable ; Inapplicable ; Inapplicable ; Inapplicable ; Pass      ; Inapplicable ; Inapplicable ; Inapplicable ; Inapplicable ; Inapplicable ; Inapplicable ; Inapplicable ; Inapplicable ; Inapplicable ; Inapplicable ; Inapplicable ; Pass         ; Inapplicable ; Inapplicable ; Pass         ; Inapplicable ; Inapplicable ; Inapplicable ; Inapplicable ; Pass      ; Pass      ; Pass      ; Inapplicable ; Inapplicable ;
; rfif.rsel2[4]      ; Inapplicable ; Inapplicable ; Inapplicable ; Inapplicable ; Inapplicable ; Pass      ; Inapplicable ; Inapplicable ; Inapplicable ; Inapplicable ; Inapplicable ; Inapplicable ; Inapplicable ; Inapplicable ; Inapplicable ; Inapplicable ; Inapplicable ; Pass         ; Inapplicable ; Inapplicable ; Pass         ; Inapplicable ; Inapplicable ; Inapplicable ; Inapplicable ; Pass      ; Pass      ; Pass      ; Inapplicable ; Inapplicable ;
; rfif.rsel1[3]      ; Inapplicable ; Inapplicable ; Inapplicable ; Inapplicable ; Inapplicable ; Pass      ; Inapplicable ; Inapplicable ; Inapplicable ; Inapplicable ; Inapplicable ; Inapplicable ; Inapplicable ; Inapplicable ; Inapplicable ; Inapplicable ; Inapplicable ; Pass         ; Inapplicable ; Inapplicable ; Pass         ; Inapplicable ; Inapplicable ; Inapplicable ; Inapplicable ; Pass      ; Pass      ; Pass      ; Inapplicable ; Inapplicable ;
; rfif.rsel1[2]      ; Inapplicable ; Inapplicable ; Inapplicable ; Inapplicable ; Inapplicable ; Pass      ; Inapplicable ; Inapplicable ; Inapplicable ; Inapplicable ; Inapplicable ; Inapplicable ; Inapplicable ; Inapplicable ; Inapplicable ; Inapplicable ; Inapplicable ; Pass         ; Inapplicable ; Inapplicable ; Pass         ; Inapplicable ; Inapplicable ; Inapplicable ; Inapplicable ; Pass      ; Pass      ; Pass      ; Inapplicable ; Inapplicable ;
; rfif.rsel1[0]      ; Inapplicable ; Inapplicable ; Inapplicable ; Inapplicable ; Inapplicable ; Pass      ; Inapplicable ; Inapplicable ; Inapplicable ; Inapplicable ; Inapplicable ; Inapplicable ; Inapplicable ; Inapplicable ; Inapplicable ; Inapplicable ; Inapplicable ; Pass         ; Inapplicable ; Inapplicable ; Pass         ; Inapplicable ; Inapplicable ; Inapplicable ; Inapplicable ; Pass      ; Pass      ; Pass      ; Inapplicable ; Inapplicable ;
; rfif.rsel1[1]      ; Inapplicable ; Inapplicable ; Inapplicable ; Inapplicable ; Inapplicable ; Pass      ; Inapplicable ; Inapplicable ; Inapplicable ; Inapplicable ; Inapplicable ; Inapplicable ; Inapplicable ; Inapplicable ; Inapplicable ; Inapplicable ; Inapplicable ; Pass         ; Inapplicable ; Inapplicable ; Pass         ; Inapplicable ; Inapplicable ; Inapplicable ; Inapplicable ; Pass      ; Pass      ; Pass      ; Inapplicable ; Inapplicable ;
; rfif.rsel1[4]      ; Inapplicable ; Inapplicable ; Inapplicable ; Inapplicable ; Inapplicable ; Pass      ; Inapplicable ; Inapplicable ; Inapplicable ; Inapplicable ; Inapplicable ; Inapplicable ; Inapplicable ; Inapplicable ; Inapplicable ; Inapplicable ; Inapplicable ; Pass         ; Inapplicable ; Inapplicable ; Pass         ; Inapplicable ; Inapplicable ; Inapplicable ; Inapplicable ; Pass      ; Pass      ; Pass      ; Inapplicable ; Inapplicable ;
; rfif.wdat[0]       ; Pass         ; Inapplicable ; Inapplicable ; Inapplicable ; Inapplicable ; Pass      ; Inapplicable ; Inapplicable ; Inapplicable ; Inapplicable ; Inapplicable ; Inapplicable ; Inapplicable ; Inapplicable ; Inapplicable ; Inapplicable ; Inapplicable ; Pass         ; Inapplicable ; Inapplicable ; Pass         ; Inapplicable ; Inapplicable ; Inapplicable ; Inapplicable ; Pass      ; Pass      ; Pass      ; Inapplicable ; Inapplicable ;
; clk                ; Inapplicable ; Inapplicable ; Inapplicable ; Inapplicable ; Inapplicable ; Pass      ; Inapplicable ; Inapplicable ; Inapplicable ; Inapplicable ; Inapplicable ; Inapplicable ; Inapplicable ; Inapplicable ; Inapplicable ; Inapplicable ; Inapplicable ; Pass         ; Inapplicable ; Inapplicable ; Pass         ; Inapplicable ; Inapplicable ; Inapplicable ; Inapplicable ; Pass      ; Pass      ; Pass      ; Inapplicable ; Inapplicable ;
; nrst               ; Inapplicable ; Inapplicable ; Inapplicable ; Inapplicable ; Inapplicable ; Pass      ; Inapplicable ; Inapplicable ; Inapplicable ; Inapplicable ; Inapplicable ; Inapplicable ; Inapplicable ; Inapplicable ; Inapplicable ; Inapplicable ; Inapplicable ; Pass         ; Inapplicable ; Inapplicable ; Pass         ; Inapplicable ; Inapplicable ; Inapplicable ; Inapplicable ; Pass      ; Pass      ; Pass      ; Inapplicable ; Inapplicable ;
; rfif.wsel[3]       ; Inapplicable ; Inapplicable ; Inapplicable ; Inapplicable ; Inapplicable ; Pass      ; Inapplicable ; Inapplicable ; Inapplicable ; Inapplicable ; Inapplicable ; Inapplicable ; Inapplicable ; Inapplicable ; Inapplicable ; Inapplicable ; Inapplicable ; Pass         ; Inapplicable ; Inapplicable ; Pass         ; Inapplicable ; Inapplicable ; Inapplicable ; Inapplicable ; Pass      ; Pass      ; Pass      ; Inapplicable ; Inapplicable ;
; rfif.wsel[4]       ; Inapplicable ; Inapplicable ; Inapplicable ; Inapplicable ; Inapplicable ; Pass      ; Inapplicable ; Inapplicable ; Inapplicable ; Inapplicable ; Inapplicable ; Inapplicable ; Inapplicable ; Inapplicable ; Inapplicable ; Inapplicable ; Inapplicable ; Pass         ; Inapplicable ; Inapplicable ; Pass         ; Inapplicable ; Inapplicable ; Inapplicable ; Inapplicable ; Pass      ; Pass      ; Pass      ; Inapplicable ; Inapplicable ;
; rfif.wsel[0]       ; Inapplicable ; Inapplicable ; Inapplicable ; Inapplicable ; Inapplicable ; Pass      ; Inapplicable ; Inapplicable ; Inapplicable ; Inapplicable ; Inapplicable ; Inapplicable ; Inapplicable ; Inapplicable ; Inapplicable ; Inapplicable ; Inapplicable ; Pass         ; Inapplicable ; Inapplicable ; Pass         ; Inapplicable ; Inapplicable ; Inapplicable ; Inapplicable ; Pass      ; Pass      ; Pass      ; Inapplicable ; Inapplicable ;
; rfif.WEN           ; Inapplicable ; Inapplicable ; Inapplicable ; Inapplicable ; Inapplicable ; Pass      ; Inapplicable ; Inapplicable ; Inapplicable ; Inapplicable ; Inapplicable ; Inapplicable ; Inapplicable ; Inapplicable ; Inapplicable ; Inapplicable ; Inapplicable ; Pass         ; Inapplicable ; Inapplicable ; Pass         ; Inapplicable ; Inapplicable ; Inapplicable ; Inapplicable ; Pass      ; Pass      ; Pass      ; Inapplicable ; Inapplicable ;
; rfif.wsel[1]       ; Inapplicable ; Inapplicable ; Inapplicable ; Inapplicable ; Inapplicable ; Pass      ; Inapplicable ; Inapplicable ; Inapplicable ; Inapplicable ; Inapplicable ; Inapplicable ; Inapplicable ; Inapplicable ; Inapplicable ; Inapplicable ; Inapplicable ; Pass         ; Inapplicable ; Inapplicable ; Pass         ; Inapplicable ; Inapplicable ; Inapplicable ; Inapplicable ; Pass      ; Pass      ; Pass      ; Inapplicable ; Inapplicable ;
; rfif.wsel[2]       ; Inapplicable ; Inapplicable ; Inapplicable ; Inapplicable ; Inapplicable ; Pass      ; Inapplicable ; Inapplicable ; Inapplicable ; Inapplicable ; Inapplicable ; Inapplicable ; Inapplicable ; Inapplicable ; Inapplicable ; Inapplicable ; Inapplicable ; Pass         ; Inapplicable ; Inapplicable ; Pass         ; Inapplicable ; Inapplicable ; Inapplicable ; Inapplicable ; Pass      ; Pass      ; Pass      ; Inapplicable ; Inapplicable ;
; rfif.wdat[1]       ; Pass         ; Inapplicable ; Inapplicable ; Inapplicable ; Inapplicable ; Pass      ; Inapplicable ; Inapplicable ; Inapplicable ; Inapplicable ; Inapplicable ; Inapplicable ; Inapplicable ; Inapplicable ; Inapplicable ; Inapplicable ; Inapplicable ; Pass         ; Inapplicable ; Inapplicable ; Pass         ; Inapplicable ; Inapplicable ; Inapplicable ; Inapplicable ; Pass      ; Pass      ; Pass      ; Inapplicable ; Inapplicable ;
; rfif.wdat[2]       ; Pass         ; Inapplicable ; Inapplicable ; Inapplicable ; Inapplicable ; Pass      ; Inapplicable ; Inapplicable ; Inapplicable ; Inapplicable ; Inapplicable ; Inapplicable ; Inapplicable ; Inapplicable ; Inapplicable ; Inapplicable ; Inapplicable ; Pass         ; Inapplicable ; Inapplicable ; Pass         ; Inapplicable ; Inapplicable ; Inapplicable ; Inapplicable ; Pass      ; Pass      ; Pass      ; Inapplicable ; Inapplicable ;
; rfif.wdat[3]       ; Pass         ; Inapplicable ; Inapplicable ; Inapplicable ; Inapplicable ; Pass      ; Inapplicable ; Inapplicable ; Inapplicable ; Inapplicable ; Inapplicable ; Inapplicable ; Inapplicable ; Inapplicable ; Inapplicable ; Inapplicable ; Inapplicable ; Pass         ; Inapplicable ; Inapplicable ; Pass         ; Inapplicable ; Inapplicable ; Inapplicable ; Inapplicable ; Pass      ; Pass      ; Pass      ; Inapplicable ; Inapplicable ;
; rfif.wdat[4]       ; Pass         ; Inapplicable ; Inapplicable ; Inapplicable ; Inapplicable ; Pass      ; Inapplicable ; Inapplicable ; Inapplicable ; Inapplicable ; Inapplicable ; Inapplicable ; Inapplicable ; Inapplicable ; Inapplicable ; Inapplicable ; Inapplicable ; Pass         ; Inapplicable ; Inapplicable ; Pass         ; Inapplicable ; Inapplicable ; Inapplicable ; Inapplicable ; Pass      ; Pass      ; Pass      ; Inapplicable ; Inapplicable ;
; rfif.wdat[5]       ; Pass         ; Inapplicable ; Inapplicable ; Inapplicable ; Inapplicable ; Pass      ; Inapplicable ; Inapplicable ; Inapplicable ; Inapplicable ; Inapplicable ; Inapplicable ; Inapplicable ; Inapplicable ; Inapplicable ; Inapplicable ; Inapplicable ; Pass         ; Inapplicable ; Inapplicable ; Pass         ; Inapplicable ; Inapplicable ; Inapplicable ; Inapplicable ; Pass      ; Pass      ; Pass      ; Inapplicable ; Inapplicable ;
; rfif.wdat[6]       ; Pass         ; Inapplicable ; Inapplicable ; Inapplicable ; Inapplicable ; Pass      ; Inapplicable ; Inapplicable ; Inapplicable ; Inapplicable ; Inapplicable ; Inapplicable ; Inapplicable ; Inapplicable ; Inapplicable ; Inapplicable ; Inapplicable ; Pass         ; Inapplicable ; Inapplicable ; Pass         ; Inapplicable ; Inapplicable ; Inapplicable ; Inapplicable ; Pass      ; Pass      ; Pass      ; Inapplicable ; Inapplicable ;
; rfif.wdat[7]       ; Pass         ; Inapplicable ; Inapplicable ; Inapplicable ; Inapplicable ; Pass      ; Inapplicable ; Inapplicable ; Inapplicable ; Inapplicable ; Inapplicable ; Inapplicable ; Inapplicable ; Inapplicable ; Inapplicable ; Inapplicable ; Inapplicable ; Pass         ; Inapplicable ; Inapplicable ; Pass         ; Inapplicable ; Inapplicable ; Inapplicable ; Inapplicable ; Pass      ; Pass      ; Pass      ; Inapplicable ; Inapplicable ;
; rfif.wdat[8]       ; Pass         ; Inapplicable ; Inapplicable ; Inapplicable ; Inapplicable ; Pass      ; Inapplicable ; Inapplicable ; Inapplicable ; Inapplicable ; Inapplicable ; Inapplicable ; Inapplicable ; Inapplicable ; Inapplicable ; Inapplicable ; Inapplicable ; Pass         ; Inapplicable ; Inapplicable ; Pass         ; Inapplicable ; Inapplicable ; Inapplicable ; Inapplicable ; Pass      ; Pass      ; Pass      ; Inapplicable ; Inapplicable ;
; rfif.wdat[9]       ; Pass         ; Inapplicable ; Inapplicable ; Inapplicable ; Inapplicable ; Pass      ; Inapplicable ; Inapplicable ; Inapplicable ; Inapplicable ; Inapplicable ; Inapplicable ; Inapplicable ; Inapplicable ; Inapplicable ; Inapplicable ; Inapplicable ; Pass         ; Inapplicable ; Inapplicable ; Pass         ; Inapplicable ; Inapplicable ; Inapplicable ; Inapplicable ; Pass      ; Pass      ; Pass      ; Inapplicable ; Inapplicable ;
; rfif.wdat[10]      ; Pass         ; Inapplicable ; Inapplicable ; Inapplicable ; Inapplicable ; Pass      ; Inapplicable ; Inapplicable ; Inapplicable ; Inapplicable ; Inapplicable ; Inapplicable ; Inapplicable ; Inapplicable ; Inapplicable ; Inapplicable ; Inapplicable ; Pass         ; Inapplicable ; Inapplicable ; Pass         ; Inapplicable ; Inapplicable ; Inapplicable ; Inapplicable ; Pass      ; Pass      ; Pass      ; Inapplicable ; Inapplicable ;
; rfif.wdat[11]      ; Pass         ; Inapplicable ; Inapplicable ; Inapplicable ; Inapplicable ; Pass      ; Inapplicable ; Inapplicable ; Inapplicable ; Inapplicable ; Inapplicable ; Inapplicable ; Inapplicable ; Inapplicable ; Inapplicable ; Inapplicable ; Inapplicable ; Pass         ; Inapplicable ; Inapplicable ; Pass         ; Inapplicable ; Inapplicable ; Inapplicable ; Inapplicable ; Pass      ; Pass      ; Pass      ; Inapplicable ; Inapplicable ;
; rfif.wdat[12]      ; Pass         ; Inapplicable ; Inapplicable ; Inapplicable ; Inapplicable ; Pass      ; Inapplicable ; Inapplicable ; Inapplicable ; Inapplicable ; Inapplicable ; Inapplicable ; Inapplicable ; Inapplicable ; Inapplicable ; Inapplicable ; Inapplicable ; Pass         ; Inapplicable ; Inapplicable ; Pass         ; Inapplicable ; Inapplicable ; Inapplicable ; Inapplicable ; Pass      ; Pass      ; Pass      ; Inapplicable ; Inapplicable ;
; rfif.wdat[13]      ; Pass         ; Inapplicable ; Inapplicable ; Inapplicable ; Inapplicable ; Pass      ; Inapplicable ; Inapplicable ; Inapplicable ; Inapplicable ; Inapplicable ; Inapplicable ; Inapplicable ; Inapplicable ; Inapplicable ; Inapplicable ; Inapplicable ; Pass         ; Inapplicable ; Inapplicable ; Pass         ; Inapplicable ; Inapplicable ; Inapplicable ; Inapplicable ; Pass      ; Pass      ; Pass      ; Inapplicable ; Inapplicable ;
; rfif.wdat[14]      ; Pass         ; Inapplicable ; Inapplicable ; Inapplicable ; Inapplicable ; Pass      ; Inapplicable ; Inapplicable ; Inapplicable ; Inapplicable ; Inapplicable ; Inapplicable ; Inapplicable ; Inapplicable ; Inapplicable ; Inapplicable ; Inapplicable ; Pass         ; Inapplicable ; Inapplicable ; Pass         ; Inapplicable ; Inapplicable ; Inapplicable ; Inapplicable ; Pass      ; Pass      ; Pass      ; Inapplicable ; Inapplicable ;
; rfif.wdat[15]      ; Pass         ; Inapplicable ; Inapplicable ; Inapplicable ; Inapplicable ; Pass      ; Inapplicable ; Inapplicable ; Inapplicable ; Inapplicable ; Inapplicable ; Inapplicable ; Inapplicable ; Inapplicable ; Inapplicable ; Inapplicable ; Inapplicable ; Pass         ; Inapplicable ; Inapplicable ; Pass         ; Inapplicable ; Inapplicable ; Inapplicable ; Inapplicable ; Pass      ; Pass      ; Pass      ; Inapplicable ; Inapplicable ;
; rfif.wdat[16]      ; Pass         ; Inapplicable ; Inapplicable ; Inapplicable ; Inapplicable ; Pass      ; Inapplicable ; Inapplicable ; Inapplicable ; Inapplicable ; Inapplicable ; Inapplicable ; Inapplicable ; Inapplicable ; Inapplicable ; Inapplicable ; Inapplicable ; Pass         ; Inapplicable ; Inapplicable ; Pass         ; Inapplicable ; Inapplicable ; Inapplicable ; Inapplicable ; Pass      ; Pass      ; Pass      ; Inapplicable ; Inapplicable ;
; rfif.wdat[17]      ; Pass         ; Inapplicable ; Inapplicable ; Inapplicable ; Inapplicable ; Pass      ; Inapplicable ; Inapplicable ; Inapplicable ; Inapplicable ; Inapplicable ; Inapplicable ; Inapplicable ; Inapplicable ; Inapplicable ; Inapplicable ; Inapplicable ; Pass         ; Inapplicable ; Inapplicable ; Pass         ; Inapplicable ; Inapplicable ; Inapplicable ; Inapplicable ; Pass      ; Pass      ; Pass      ; Inapplicable ; Inapplicable ;
; rfif.wdat[18]      ; Pass         ; Inapplicable ; Inapplicable ; Inapplicable ; Inapplicable ; Pass      ; Inapplicable ; Inapplicable ; Inapplicable ; Inapplicable ; Inapplicable ; Inapplicable ; Inapplicable ; Inapplicable ; Inapplicable ; Inapplicable ; Inapplicable ; Pass         ; Inapplicable ; Inapplicable ; Pass         ; Inapplicable ; Inapplicable ; Inapplicable ; Inapplicable ; Pass      ; Pass      ; Pass      ; Inapplicable ; Inapplicable ;
; rfif.wdat[19]      ; Pass         ; Inapplicable ; Inapplicable ; Inapplicable ; Inapplicable ; Pass      ; Inapplicable ; Inapplicable ; Inapplicable ; Inapplicable ; Inapplicable ; Inapplicable ; Inapplicable ; Inapplicable ; Inapplicable ; Inapplicable ; Inapplicable ; Pass         ; Inapplicable ; Inapplicable ; Pass         ; Inapplicable ; Inapplicable ; Inapplicable ; Inapplicable ; Pass      ; Pass      ; Pass      ; Inapplicable ; Inapplicable ;
; rfif.wdat[20]      ; Pass         ; Inapplicable ; Inapplicable ; Inapplicable ; Inapplicable ; Pass      ; Inapplicable ; Inapplicable ; Inapplicable ; Inapplicable ; Inapplicable ; Inapplicable ; Inapplicable ; Inapplicable ; Inapplicable ; Inapplicable ; Inapplicable ; Pass         ; Inapplicable ; Inapplicable ; Pass         ; Inapplicable ; Inapplicable ; Inapplicable ; Inapplicable ; Pass      ; Pass      ; Pass      ; Inapplicable ; Inapplicable ;
; rfif.wdat[21]      ; Pass         ; Inapplicable ; Inapplicable ; Inapplicable ; Inapplicable ; Pass      ; Inapplicable ; Inapplicable ; Inapplicable ; Inapplicable ; Inapplicable ; Inapplicable ; Inapplicable ; Inapplicable ; Inapplicable ; Inapplicable ; Inapplicable ; Pass         ; Inapplicable ; Inapplicable ; Pass         ; Inapplicable ; Inapplicable ; Inapplicable ; Inapplicable ; Pass      ; Pass      ; Pass      ; Inapplicable ; Inapplicable ;
; rfif.wdat[22]      ; Pass         ; Inapplicable ; Inapplicable ; Inapplicable ; Inapplicable ; Pass      ; Inapplicable ; Inapplicable ; Inapplicable ; Inapplicable ; Inapplicable ; Inapplicable ; Inapplicable ; Inapplicable ; Inapplicable ; Inapplicable ; Inapplicable ; Pass         ; Inapplicable ; Inapplicable ; Pass         ; Inapplicable ; Inapplicable ; Inapplicable ; Inapplicable ; Pass      ; Pass      ; Pass      ; Inapplicable ; Inapplicable ;
; rfif.wdat[23]      ; Pass         ; Inapplicable ; Inapplicable ; Inapplicable ; Inapplicable ; Pass      ; Inapplicable ; Inapplicable ; Inapplicable ; Inapplicable ; Inapplicable ; Inapplicable ; Inapplicable ; Inapplicable ; Inapplicable ; Inapplicable ; Inapplicable ; Pass         ; Inapplicable ; Inapplicable ; Pass         ; Inapplicable ; Inapplicable ; Inapplicable ; Inapplicable ; Pass      ; Pass      ; Pass      ; Inapplicable ; Inapplicable ;
; rfif.wdat[24]      ; Pass         ; Inapplicable ; Inapplicable ; Inapplicable ; Inapplicable ; Pass      ; Inapplicable ; Inapplicable ; Inapplicable ; Inapplicable ; Inapplicable ; Inapplicable ; Inapplicable ; Inapplicable ; Inapplicable ; Inapplicable ; Inapplicable ; Pass         ; Inapplicable ; Inapplicable ; Pass         ; Inapplicable ; Inapplicable ; Inapplicable ; Inapplicable ; Pass      ; Pass      ; Pass      ; Inapplicable ; Inapplicable ;
; rfif.wdat[25]      ; Pass         ; Inapplicable ; Inapplicable ; Inapplicable ; Inapplicable ; Pass      ; Inapplicable ; Inapplicable ; Inapplicable ; Inapplicable ; Inapplicable ; Inapplicable ; Inapplicable ; Inapplicable ; Inapplicable ; Inapplicable ; Inapplicable ; Pass         ; Inapplicable ; Inapplicable ; Pass         ; Inapplicable ; Inapplicable ; Inapplicable ; Inapplicable ; Pass      ; Pass      ; Pass      ; Inapplicable ; Inapplicable ;
; rfif.wdat[26]      ; Pass         ; Inapplicable ; Inapplicable ; Inapplicable ; Inapplicable ; Pass      ; Inapplicable ; Inapplicable ; Inapplicable ; Inapplicable ; Inapplicable ; Inapplicable ; Inapplicable ; Inapplicable ; Inapplicable ; Inapplicable ; Inapplicable ; Pass         ; Inapplicable ; Inapplicable ; Pass         ; Inapplicable ; Inapplicable ; Inapplicable ; Inapplicable ; Pass      ; Pass      ; Pass      ; Inapplicable ; Inapplicable ;
; rfif.wdat[27]      ; Pass         ; Inapplicable ; Inapplicable ; Inapplicable ; Inapplicable ; Pass      ; Inapplicable ; Inapplicable ; Inapplicable ; Inapplicable ; Inapplicable ; Inapplicable ; Inapplicable ; Inapplicable ; Inapplicable ; Inapplicable ; Inapplicable ; Pass         ; Inapplicable ; Inapplicable ; Pass         ; Inapplicable ; Inapplicable ; Inapplicable ; Inapplicable ; Pass      ; Pass      ; Pass      ; Inapplicable ; Inapplicable ;
; rfif.wdat[28]      ; Pass         ; Inapplicable ; Inapplicable ; Inapplicable ; Inapplicable ; Pass      ; Inapplicable ; Inapplicable ; Inapplicable ; Inapplicable ; Inapplicable ; Inapplicable ; Inapplicable ; Inapplicable ; Inapplicable ; Inapplicable ; Inapplicable ; Pass         ; Inapplicable ; Inapplicable ; Pass         ; Inapplicable ; Inapplicable ; Inapplicable ; Inapplicable ; Pass      ; Pass      ; Pass      ; Inapplicable ; Inapplicable ;
; rfif.wdat[29]      ; Pass         ; Inapplicable ; Inapplicable ; Inapplicable ; Inapplicable ; Pass      ; Inapplicable ; Inapplicable ; Inapplicable ; Inapplicable ; Inapplicable ; Inapplicable ; Inapplicable ; Inapplicable ; Inapplicable ; Inapplicable ; Inapplicable ; Pass         ; Inapplicable ; Inapplicable ; Pass         ; Inapplicable ; Inapplicable ; Inapplicable ; Inapplicable ; Pass      ; Pass      ; Pass      ; Inapplicable ; Inapplicable ;
; rfif.wdat[30]      ; Pass         ; Inapplicable ; Inapplicable ; Inapplicable ; Inapplicable ; Pass      ; Inapplicable ; Inapplicable ; Inapplicable ; Inapplicable ; Inapplicable ; Inapplicable ; Inapplicable ; Inapplicable ; Inapplicable ; Inapplicable ; Inapplicable ; Pass         ; Inapplicable ; Inapplicable ; Pass         ; Inapplicable ; Inapplicable ; Inapplicable ; Inapplicable ; Pass      ; Pass      ; Pass      ; Inapplicable ; Inapplicable ;
; rfif.wdat[31]      ; Pass         ; Inapplicable ; Inapplicable ; Inapplicable ; Inapplicable ; Pass      ; Inapplicable ; Inapplicable ; Inapplicable ; Inapplicable ; Inapplicable ; Inapplicable ; Inapplicable ; Inapplicable ; Inapplicable ; Inapplicable ; Inapplicable ; Pass         ; Inapplicable ; Inapplicable ; Pass         ; Inapplicable ; Inapplicable ; Inapplicable ; Inapplicable ; Pass      ; Pass      ; Pass      ; Inapplicable ; Inapplicable ;
+--------------------+--------------+--------------+--------------+--------------+--------------+-----------+--------------+--------------+--------------+--------------+--------------+--------------+--------------+--------------+--------------+--------------+--------------+--------------+--------------+--------------+--------------+--------------+--------------+--------------+--------------+-----------+-----------+-----------+--------------+--------------+


+---------------------------------------------------------------------------------------------+
; Fitter Device Options                                                                       ;
+------------------------------------------------------------------+--------------------------+
; Option                                                           ; Setting                  ;
+------------------------------------------------------------------+--------------------------+
; Enable user-supplied start-up clock (CLKUSR)                     ; Off                      ;
; Enable device-wide reset (DEV_CLRn)                              ; Off                      ;
; Enable device-wide output enable (DEV_OE)                        ; Off                      ;
; Enable INIT_DONE output                                          ; Off                      ;
; Configuration scheme                                             ; Active Serial            ;
; Error detection CRC                                              ; Off                      ;
; Enable open drain on CRC_ERROR pin                               ; Off                      ;
; Enable input tri-state on active configuration pins in user mode ; Off                      ;
; Configuration Voltage Level                                      ; Auto                     ;
; Force Configuration Voltage Level                                ; Off                      ;
; nCEO                                                             ; Unreserved               ;
; Data[0]                                                          ; As input tri-stated      ;
; Data[1]/ASDO                                                     ; As input tri-stated      ;
; Data[7..2]                                                       ; Unreserved               ;
; FLASH_nCE/nCSO                                                   ; As input tri-stated      ;
; Other Active Parallel pins                                       ; Unreserved               ;
; DCLK                                                             ; As output driving ground ;
+------------------------------------------------------------------+--------------------------+


+------------------------------------+
; Operating Settings and Conditions  ;
+---------------------------+--------+
; Setting                   ; Value  ;
+---------------------------+--------+
; Nominal Core Voltage      ; 1.20 V ;
; Low Junction Temperature  ; 0 °C   ;
; High Junction Temperature ; 85 °C  ;
+---------------------------+--------+


+-----------------+
; Fitter Messages ;
+-----------------+
Info (20032): Parallel compilation is enabled and will use up to 4 processors
Info (119006): Selected device EP4CE115F29C8 for design "register_file"
Info (21076): High junction temperature operating condition is not set. Assuming a default value of '85'.
Info (21076): Low junction temperature operating condition is not set. Assuming a default value of '0'.
Info (171003): Fitter is performing an Auto Fit compilation, which may decrease Fitter effort to reduce compilation time
Info (176444): Device migration not selected. If you intend to use device migration later, you may need to change the pin assignments as they may be incompatible with other devices
    Info (176445): Device EP4CE40F29C8 is compatible
    Info (176445): Device EP4CE30F29C8 is compatible
    Info (176445): Device EP4CE55F29C8 is compatible
    Info (176445): Device EP4CE75F29C8 is compatible
Info (169124): Fitter converted 4 user pins into dedicated programming pins
    Info (169125): Pin ~ALTERA_ASDO_DATA1~ is reserved at location F4
    Info (169125): Pin ~ALTERA_FLASH_nCE_nCSO~ is reserved at location E2
    Info (169125): Pin ~ALTERA_DCLK~ is reserved at location P3
    Info (169125): Pin ~ALTERA_DATA0~ is reserved at location N7
Warning (15714): Some pins have incomplete I/O assignments. Refer to the I/O Assignment Warnings report for details
Critical Warning (169085): No exact pin location assignment(s) for 114 pins of 114 total pins. For the list of pins please refer to the I/O Assignment Warnings table in the fitter report.
Info (332104): Reading SDC File: 'register_file.sdc'
Warning (332174): Ignored filter at register_file.sdc(1): CLK could not be matched with a port File: /home/ecegridfs/a/437mg063/ece437/processors/._register_file/register_file.sdc Line: 1
Warning (332049): Ignored create_clock at register_file.sdc(1): Argument <targets> is an empty collection File: /home/ecegridfs/a/437mg063/ece437/processors/._register_file/register_file.sdc Line: 1
    Info (332050): create_clock -name CLK [get_ports {CLK}] -period 100MHz File: /home/ecegridfs/a/437mg063/ece437/processors/._register_file/register_file.sdc Line: 1
Warning (332174): Ignored filter at register_file.sdc(2): CLOCK_50 could not be matched with a port File: /home/ecegridfs/a/437mg063/ece437/processors/._register_file/register_file.sdc Line: 2
Warning (332049): Ignored create_clock at register_file.sdc(2): Argument <targets> is an empty collection File: /home/ecegridfs/a/437mg063/ece437/processors/._register_file/register_file.sdc Line: 2
    Info (332050): create_clock -name CLK_50 [get_ports {CLOCK_50}] -period 100MHz File: /home/ecegridfs/a/437mg063/ece437/processors/._register_file/register_file.sdc Line: 2
Warning (332174): Ignored filter at register_file.sdc(3): CPUCLK|q could not be matched with a pin File: /home/ecegridfs/a/437mg063/ece437/processors/._register_file/register_file.sdc Line: 3
Critical Warning (332049): Ignored create_generated_clock at register_file.sdc(3): Argument <targets> is an empty collection File: /home/ecegridfs/a/437mg063/ece437/processors/._register_file/register_file.sdc Line: 3
    Info (332050): create_generated_clock -divide_by 2 -source [get_ports CLK] -name CPUCLK [get_pins CPUCLK|q] File: /home/ecegridfs/a/437mg063/ece437/processors/._register_file/register_file.sdc Line: 3
Warning (332049): Ignored create_generated_clock at register_file.sdc(3): Argument -source is an empty collection File: /home/ecegridfs/a/437mg063/ece437/processors/._register_file/register_file.sdc Line: 3
Warning (332174): Ignored filter at register_file.sdc(4): system:SYS|CPUCLK|q could not be matched with a pin File: /home/ecegridfs/a/437mg063/ece437/processors/._register_file/register_file.sdc Line: 4
Critical Warning (332049): Ignored create_generated_clock at register_file.sdc(4): Argument <targets> is an empty collection File: /home/ecegridfs/a/437mg063/ece437/processors/._register_file/register_file.sdc Line: 4
    Info (332050): create_generated_clock -divide_by 2 -source [get_ports CLOCK_50] -name CPUCLK [get_pins system:SYS|CPUCLK|q] File: /home/ecegridfs/a/437mg063/ece437/processors/._register_file/register_file.sdc Line: 4
Warning (332049): Ignored create_generated_clock at register_file.sdc(4): Argument -source is an empty collection File: /home/ecegridfs/a/437mg063/ece437/processors/._register_file/register_file.sdc Line: 4
Info (336004): The Timing Analyzer will use the Classic Timing Analyzer's FMAX_REQUIREMENT assignment (or --fmax command-line argument) as default timing requirement. Any other Classic Timing Analyzer assignment will be ignored.
Info (332144): No user constrained base clocks found in the design
Info (332143): No user constrained clock uncertainty found in the design. Calling "derive_clock_uncertainty"
Info (332154): The derive_clock_uncertainty command did not apply clock uncertainty to any clock-to-clock transfers.
Info (332129): Detected timing requirements -- optimizing circuit to achieve only the specified requirements
Info (332111): Found 1 clocks
    Info (332111):   Period   Clock Name
    Info (332111): ======== ============
    Info (332111):    1.000          clk
Info (176353): Automatically promoted node clk~input (placed in PIN J1 (CLK1, DIFFCLK_0n)) File: /home/ecegridfs/a/437mg063/ece437/processors/source/register_file.sv Line: 5
    Info (176355): Automatically promoted destinations to use location or clock signal Global Clock CLKCTRL_G2
Info (176353): Automatically promoted node nrst~input (placed in PIN Y2 (CLK2, DIFFCLK_1p)) File: /home/ecegridfs/a/437mg063/ece437/processors/source/register_file.sv Line: 5
    Info (176355): Automatically promoted destinations to use location or clock signal Global Clock CLKCTRL_G4
Info (176233): Starting register packing
Warning (176225): Can't pack node register[21][0] to I/O pin File: /home/ecegridfs/a/437mg063/ece437/processors/source/register_file.sv Line: 32
Warning (176225): Can't pack node register[17][0] to I/O pin File: /home/ecegridfs/a/437mg063/ece437/processors/source/register_file.sv Line: 32
Warning (176225): Can't pack node register[29][0] to I/O pin File: /home/ecegridfs/a/437mg063/ece437/processors/source/register_file.sv Line: 32
Warning (176225): Can't pack node register[22][0] to I/O pin File: /home/ecegridfs/a/437mg063/ece437/processors/source/register_file.sv Line: 32
Warning (176225): Can't pack node register[26][0] to I/O pin File: /home/ecegridfs/a/437mg063/ece437/processors/source/register_file.sv Line: 32
Warning (176225): Can't pack node register[18][0] to I/O pin File: /home/ecegridfs/a/437mg063/ece437/processors/source/register_file.sv Line: 32
Warning (176225): Can't pack node register[30][0] to I/O pin File: /home/ecegridfs/a/437mg063/ece437/processors/source/register_file.sv Line: 32
Warning (176225): Can't pack node register[20][0] to I/O pin File: /home/ecegridfs/a/437mg063/ece437/processors/source/register_file.sv Line: 32
Warning (176225): Can't pack node register[24][0] to I/O pin File: /home/ecegridfs/a/437mg063/ece437/processors/source/register_file.sv Line: 32
Warning (176225): Can't pack node register[16][0] to I/O pin File: /home/ecegridfs/a/437mg063/ece437/processors/source/register_file.sv Line: 32
Warning (176225): Can't pack node register[28][0] to I/O pin File: /home/ecegridfs/a/437mg063/ece437/processors/source/register_file.sv Line: 32
Warning (176225): Can't pack node register[27][0] to I/O pin File: /home/ecegridfs/a/437mg063/ece437/processors/source/register_file.sv Line: 32
Warning (176225): Can't pack node register[23][0] to I/O pin File: /home/ecegridfs/a/437mg063/ece437/processors/source/register_file.sv Line: 32
Warning (176225): Can't pack node register[19][0] to I/O pin File: /home/ecegridfs/a/437mg063/ece437/processors/source/register_file.sv Line: 32
Warning (176225): Can't pack node register[31][0] to I/O pin File: /home/ecegridfs/a/437mg063/ece437/processors/source/register_file.sv Line: 32
Warning (176225): Can't pack node register[9][0] to I/O pin File: /home/ecegridfs/a/437mg063/ece437/processors/source/register_file.sv Line: 32
Warning (176225): Can't pack node register[10][0] to I/O pin File: /home/ecegridfs/a/437mg063/ece437/processors/source/register_file.sv Line: 32
Warning (176225): Can't pack node register[8][0] to I/O pin File: /home/ecegridfs/a/437mg063/ece437/processors/source/register_file.sv Line: 32
Warning (176225): Can't pack node register[11][0] to I/O pin File: /home/ecegridfs/a/437mg063/ece437/processors/source/register_file.sv Line: 32
Warning (176225): Can't pack node register[6][0] to I/O pin File: /home/ecegridfs/a/437mg063/ece437/processors/source/register_file.sv Line: 32
Warning (176225): Can't pack node register[5][0] to I/O pin File: /home/ecegridfs/a/437mg063/ece437/processors/source/register_file.sv Line: 32
Warning (176225): Can't pack node register[4][0] to I/O pin File: /home/ecegridfs/a/437mg063/ece437/processors/source/register_file.sv Line: 32
Warning (176225): Can't pack node register[7][0] to I/O pin File: /home/ecegridfs/a/437mg063/ece437/processors/source/register_file.sv Line: 32
Warning (176225): Can't pack node register[3][0] to I/O pin File: /home/ecegridfs/a/437mg063/ece437/processors/source/register_file.sv Line: 32
Warning (176225): Can't pack node register[1][0] to I/O pin File: /home/ecegridfs/a/437mg063/ece437/processors/source/register_file.sv Line: 32
Warning (176225): Can't pack node register[2][0] to I/O pin File: /home/ecegridfs/a/437mg063/ece437/processors/source/register_file.sv Line: 32
Warning (176225): Can't pack node register[14][0] to I/O pin File: /home/ecegridfs/a/437mg063/ece437/processors/source/register_file.sv Line: 32
Warning (176225): Can't pack node register[13][0] to I/O pin File: /home/ecegridfs/a/437mg063/ece437/processors/source/register_file.sv Line: 32
Warning (176225): Can't pack node register[12][0] to I/O pin File: /home/ecegridfs/a/437mg063/ece437/processors/source/register_file.sv Line: 32
Warning (176225): Can't pack node register[15][0] to I/O pin File: /home/ecegridfs/a/437mg063/ece437/processors/source/register_file.sv Line: 32
Warning (176225): Can't pack node register[25][1] to I/O pin File: /home/ecegridfs/a/437mg063/ece437/processors/source/register_file.sv Line: 32
Warning (176225): Can't pack node register[17][1] to I/O pin File: /home/ecegridfs/a/437mg063/ece437/processors/source/register_file.sv Line: 32
Warning (176225): Can't pack node register[29][1] to I/O pin File: /home/ecegridfs/a/437mg063/ece437/processors/source/register_file.sv Line: 32
Warning (176225): Can't pack node register[26][1] to I/O pin File: /home/ecegridfs/a/437mg063/ece437/processors/source/register_file.sv Line: 32
Warning (176225): Can't pack node register[22][1] to I/O pin File: /home/ecegridfs/a/437mg063/ece437/processors/source/register_file.sv Line: 32
Warning (176225): Can't pack node register[18][1] to I/O pin File: /home/ecegridfs/a/437mg063/ece437/processors/source/register_file.sv Line: 32
Warning (176225): Can't pack node register[30][1] to I/O pin File: /home/ecegridfs/a/437mg063/ece437/processors/source/register_file.sv Line: 32
Warning (176225): Can't pack node register[24][1] to I/O pin File: /home/ecegridfs/a/437mg063/ece437/processors/source/register_file.sv Line: 32
Warning (176225): Can't pack node register[20][1] to I/O pin File: /home/ecegridfs/a/437mg063/ece437/processors/source/register_file.sv Line: 32
Warning (176225): Can't pack node register[16][1] to I/O pin File: /home/ecegridfs/a/437mg063/ece437/processors/source/register_file.sv Line: 32
Warning (176225): Can't pack node register[28][1] to I/O pin File: /home/ecegridfs/a/437mg063/ece437/processors/source/register_file.sv Line: 32
Warning (176225): Can't pack node register[23][1] to I/O pin File: /home/ecegridfs/a/437mg063/ece437/processors/source/register_file.sv Line: 32
Warning (176225): Can't pack node register[27][1] to I/O pin File: /home/ecegridfs/a/437mg063/ece437/processors/source/register_file.sv Line: 32
Warning (176225): Can't pack node register[19][1] to I/O pin File: /home/ecegridfs/a/437mg063/ece437/processors/source/register_file.sv Line: 32
Warning (176225): Can't pack node register[31][1] to I/O pin File: /home/ecegridfs/a/437mg063/ece437/processors/source/register_file.sv Line: 32
Warning (176225): Can't pack node register[6][1] to I/O pin File: /home/ecegridfs/a/437mg063/ece437/processors/source/register_file.sv Line: 32
Warning (176225): Can't pack node register[5][1] to I/O pin File: /home/ecegridfs/a/437mg063/ece437/processors/source/register_file.sv Line: 32
Warning (176225): Can't pack node register[4][1] to I/O pin File: /home/ecegridfs/a/437mg063/ece437/processors/source/register_file.sv Line: 32
Warning (176225): Can't pack node register[7][1] to I/O pin File: /home/ecegridfs/a/437mg063/ece437/processors/source/register_file.sv Line: 32
Warning (176225): Can't pack node register[9][1] to I/O pin File: /home/ecegridfs/a/437mg063/ece437/processors/source/register_file.sv Line: 32
Warning (176225): Can't pack node register[10][1] to I/O pin File: /home/ecegridfs/a/437mg063/ece437/processors/source/register_file.sv Line: 32
Warning (176225): Can't pack node register[8][1] to I/O pin File: /home/ecegridfs/a/437mg063/ece437/processors/source/register_file.sv Line: 32
Warning (176225): Can't pack node register[11][1] to I/O pin File: /home/ecegridfs/a/437mg063/ece437/processors/source/register_file.sv Line: 32
Warning (176225): Can't pack node register[3][1] to I/O pin File: /home/ecegridfs/a/437mg063/ece437/processors/source/register_file.sv Line: 32
Warning (176225): Can't pack node register[1][1] to I/O pin File: /home/ecegridfs/a/437mg063/ece437/processors/source/register_file.sv Line: 32
Warning (176225): Can't pack node register[2][1] to I/O pin File: /home/ecegridfs/a/437mg063/ece437/processors/source/register_file.sv Line: 32
Warning (176225): Can't pack node register[14][1] to I/O pin File: /home/ecegridfs/a/437mg063/ece437/processors/source/register_file.sv Line: 32
Warning (176225): Can't pack node register[13][1] to I/O pin File: /home/ecegridfs/a/437mg063/ece437/processors/source/register_file.sv Line: 32
Warning (176225): Can't pack node register[12][1] to I/O pin File: /home/ecegridfs/a/437mg063/ece437/processors/source/register_file.sv Line: 32
Warning (176225): Can't pack node register[15][1] to I/O pin File: /home/ecegridfs/a/437mg063/ece437/processors/source/register_file.sv Line: 32
Warning (176225): Can't pack node register[21][2] to I/O pin File: /home/ecegridfs/a/437mg063/ece437/processors/source/register_file.sv Line: 32
Warning (176225): Can't pack node register[17][2] to I/O pin File: /home/ecegridfs/a/437mg063/ece437/processors/source/register_file.sv Line: 32
Warning (176225): Can't pack node register[29][2] to I/O pin File: /home/ecegridfs/a/437mg063/ece437/processors/source/register_file.sv Line: 32
Warning (176225): Can't pack node register[22][2] to I/O pin File: /home/ecegridfs/a/437mg063/ece437/processors/source/register_file.sv Line: 32
Warning (176225): Can't pack node register[26][2] to I/O pin File: /home/ecegridfs/a/437mg063/ece437/processors/source/register_file.sv Line: 32
Warning (176225): Can't pack node register[18][2] to I/O pin File: /home/ecegridfs/a/437mg063/ece437/processors/source/register_file.sv Line: 32
Warning (176225): Can't pack node register[30][2] to I/O pin File: /home/ecegridfs/a/437mg063/ece437/processors/source/register_file.sv Line: 32
Warning (176225): Can't pack node register[20][2] to I/O pin File: /home/ecegridfs/a/437mg063/ece437/processors/source/register_file.sv Line: 32
Warning (176225): Can't pack node register[24][2] to I/O pin File: /home/ecegridfs/a/437mg063/ece437/processors/source/register_file.sv Line: 32
Warning (176225): Can't pack node register[16][2] to I/O pin File: /home/ecegridfs/a/437mg063/ece437/processors/source/register_file.sv Line: 32
Warning (176225): Can't pack node register[28][2] to I/O pin File: /home/ecegridfs/a/437mg063/ece437/processors/source/register_file.sv Line: 32
Warning (176225): Can't pack node register[27][2] to I/O pin File: /home/ecegridfs/a/437mg063/ece437/processors/source/register_file.sv Line: 32
Warning (176225): Can't pack node register[23][2] to I/O pin File: /home/ecegridfs/a/437mg063/ece437/processors/source/register_file.sv Line: 32
Warning (176225): Can't pack node register[19][2] to I/O pin File: /home/ecegridfs/a/437mg063/ece437/processors/source/register_file.sv Line: 32
Warning (176225): Can't pack node register[31][2] to I/O pin File: /home/ecegridfs/a/437mg063/ece437/processors/source/register_file.sv Line: 32
Warning (176225): Can't pack node register[9][2] to I/O pin File: /home/ecegridfs/a/437mg063/ece437/processors/source/register_file.sv Line: 32
Warning (176225): Can't pack node register[10][2] to I/O pin File: /home/ecegridfs/a/437mg063/ece437/processors/source/register_file.sv Line: 32
Warning (176225): Can't pack node register[8][2] to I/O pin File: /home/ecegridfs/a/437mg063/ece437/processors/source/register_file.sv Line: 32
Warning (176225): Can't pack node register[11][2] to I/O pin File: /home/ecegridfs/a/437mg063/ece437/processors/source/register_file.sv Line: 32
Warning (176225): Can't pack node register[6][2] to I/O pin File: /home/ecegridfs/a/437mg063/ece437/processors/source/register_file.sv Line: 32
Warning (176225): Can't pack node register[5][2] to I/O pin File: /home/ecegridfs/a/437mg063/ece437/processors/source/register_file.sv Line: 32
Warning (176225): Can't pack node register[4][2] to I/O pin File: /home/ecegridfs/a/437mg063/ece437/processors/source/register_file.sv Line: 32
Warning (176225): Can't pack node register[7][2] to I/O pin File: /home/ecegridfs/a/437mg063/ece437/processors/source/register_file.sv Line: 32
Warning (176225): Can't pack node register[3][2] to I/O pin File: /home/ecegridfs/a/437mg063/ece437/processors/source/register_file.sv Line: 32
Warning (176225): Can't pack node register[1][2] to I/O pin File: /home/ecegridfs/a/437mg063/ece437/processors/source/register_file.sv Line: 32
Warning (176225): Can't pack node register[2][2] to I/O pin File: /home/ecegridfs/a/437mg063/ece437/processors/source/register_file.sv Line: 32
Warning (176225): Can't pack node register[14][2] to I/O pin File: /home/ecegridfs/a/437mg063/ece437/processors/source/register_file.sv Line: 32
Warning (176225): Can't pack node register[13][2] to I/O pin File: /home/ecegridfs/a/437mg063/ece437/processors/source/register_file.sv Line: 32
Warning (176225): Can't pack node register[12][2] to I/O pin File: /home/ecegridfs/a/437mg063/ece437/processors/source/register_file.sv Line: 32
Warning (176225): Can't pack node register[15][2] to I/O pin File: /home/ecegridfs/a/437mg063/ece437/processors/source/register_file.sv Line: 32
Warning (176225): Can't pack node register[25][3] to I/O pin File: /home/ecegridfs/a/437mg063/ece437/processors/source/register_file.sv Line: 32
Warning (176225): Can't pack node register[17][3] to I/O pin File: /home/ecegridfs/a/437mg063/ece437/processors/source/register_file.sv Line: 32
Warning (176225): Can't pack node register[29][3] to I/O pin File: /home/ecegridfs/a/437mg063/ece437/processors/source/register_file.sv Line: 32
Warning (176225): Can't pack node register[26][3] to I/O pin File: /home/ecegridfs/a/437mg063/ece437/processors/source/register_file.sv Line: 32
Warning (176225): Can't pack node register[22][3] to I/O pin File: /home/ecegridfs/a/437mg063/ece437/processors/source/register_file.sv Line: 32
Warning (176225): Can't pack node register[18][3] to I/O pin File: /home/ecegridfs/a/437mg063/ece437/processors/source/register_file.sv Line: 32
Warning (176225): Can't pack node register[30][3] to I/O pin File: /home/ecegridfs/a/437mg063/ece437/processors/source/register_file.sv Line: 32
Warning (176225): Can't pack node register[24][3] to I/O pin File: /home/ecegridfs/a/437mg063/ece437/processors/source/register_file.sv Line: 32
Warning (176225): Can't pack node register[20][3] to I/O pin File: /home/ecegridfs/a/437mg063/ece437/processors/source/register_file.sv Line: 32
Warning (176225): Can't pack node register[16][3] to I/O pin File: /home/ecegridfs/a/437mg063/ece437/processors/source/register_file.sv Line: 32
Warning (176225): Can't pack node register[28][3] to I/O pin File: /home/ecegridfs/a/437mg063/ece437/processors/source/register_file.sv Line: 32
Warning (176225): Can't pack node register[23][3] to I/O pin File: /home/ecegridfs/a/437mg063/ece437/processors/source/register_file.sv Line: 32
Warning (176225): Can't pack node register[27][3] to I/O pin File: /home/ecegridfs/a/437mg063/ece437/processors/source/register_file.sv Line: 32
Warning (176225): Can't pack node register[19][3] to I/O pin File: /home/ecegridfs/a/437mg063/ece437/processors/source/register_file.sv Line: 32
Warning (176225): Can't pack node register[31][3] to I/O pin File: /home/ecegridfs/a/437mg063/ece437/processors/source/register_file.sv Line: 32
Warning (176225): Can't pack node register[6][3] to I/O pin File: /home/ecegridfs/a/437mg063/ece437/processors/source/register_file.sv Line: 32
Warning (176225): Can't pack node register[5][3] to I/O pin File: /home/ecegridfs/a/437mg063/ece437/processors/source/register_file.sv Line: 32
Warning (176225): Can't pack node register[4][3] to I/O pin File: /home/ecegridfs/a/437mg063/ece437/processors/source/register_file.sv Line: 32
Warning (176225): Can't pack node register[7][3] to I/O pin File: /home/ecegridfs/a/437mg063/ece437/processors/source/register_file.sv Line: 32
Warning (176225): Can't pack node register[9][3] to I/O pin File: /home/ecegridfs/a/437mg063/ece437/processors/source/register_file.sv Line: 32
Warning (176225): Can't pack node register[10][3] to I/O pin File: /home/ecegridfs/a/437mg063/ece437/processors/source/register_file.sv Line: 32
Warning (176225): Can't pack node register[8][3] to I/O pin File: /home/ecegridfs/a/437mg063/ece437/processors/source/register_file.sv Line: 32
Warning (176225): Can't pack node register[11][3] to I/O pin File: /home/ecegridfs/a/437mg063/ece437/processors/source/register_file.sv Line: 32
Warning (176225): Can't pack node register[3][3] to I/O pin File: /home/ecegridfs/a/437mg063/ece437/processors/source/register_file.sv Line: 32
Warning (176225): Can't pack node register[1][3] to I/O pin File: /home/ecegridfs/a/437mg063/ece437/processors/source/register_file.sv Line: 32
Warning (176225): Can't pack node register[2][3] to I/O pin File: /home/ecegridfs/a/437mg063/ece437/processors/source/register_file.sv Line: 32
Warning (176225): Can't pack node register[14][3] to I/O pin File: /home/ecegridfs/a/437mg063/ece437/processors/source/register_file.sv Line: 32
Warning (176225): Can't pack node register[13][3] to I/O pin File: /home/ecegridfs/a/437mg063/ece437/processors/source/register_file.sv Line: 32
Warning (176225): Can't pack node register[12][3] to I/O pin File: /home/ecegridfs/a/437mg063/ece437/processors/source/register_file.sv Line: 32
Warning (176225): Can't pack node register[15][3] to I/O pin File: /home/ecegridfs/a/437mg063/ece437/processors/source/register_file.sv Line: 32
Warning (176225): Can't pack node register[21][4] to I/O pin File: /home/ecegridfs/a/437mg063/ece437/processors/source/register_file.sv Line: 32
Warning (176225): Can't pack node register[17][4] to I/O pin File: /home/ecegridfs/a/437mg063/ece437/processors/source/register_file.sv Line: 32
Warning (176225): Can't pack node register[29][4] to I/O pin File: /home/ecegridfs/a/437mg063/ece437/processors/source/register_file.sv Line: 32
Warning (176225): Can't pack node register[22][4] to I/O pin File: /home/ecegridfs/a/437mg063/ece437/processors/source/register_file.sv Line: 32
Warning (176225): Can't pack node register[26][4] to I/O pin File: /home/ecegridfs/a/437mg063/ece437/processors/source/register_file.sv Line: 32
Warning (176225): Can't pack node register[18][4] to I/O pin File: /home/ecegridfs/a/437mg063/ece437/processors/source/register_file.sv Line: 32
Warning (176225): Can't pack node register[30][4] to I/O pin File: /home/ecegridfs/a/437mg063/ece437/processors/source/register_file.sv Line: 32
Warning (176225): Can't pack node register[20][4] to I/O pin File: /home/ecegridfs/a/437mg063/ece437/processors/source/register_file.sv Line: 32
Warning (176225): Can't pack node register[24][4] to I/O pin File: /home/ecegridfs/a/437mg063/ece437/processors/source/register_file.sv Line: 32
Warning (176225): Can't pack node register[16][4] to I/O pin File: /home/ecegridfs/a/437mg063/ece437/processors/source/register_file.sv Line: 32
Warning (176225): Can't pack node register[28][4] to I/O pin File: /home/ecegridfs/a/437mg063/ece437/processors/source/register_file.sv Line: 32
Warning (176225): Can't pack node register[27][4] to I/O pin File: /home/ecegridfs/a/437mg063/ece437/processors/source/register_file.sv Line: 32
Warning (176225): Can't pack node register[23][4] to I/O pin File: /home/ecegridfs/a/437mg063/ece437/processors/source/register_file.sv Line: 32
Warning (176225): Can't pack node register[19][4] to I/O pin File: /home/ecegridfs/a/437mg063/ece437/processors/source/register_file.sv Line: 32
Warning (176225): Can't pack node register[31][4] to I/O pin File: /home/ecegridfs/a/437mg063/ece437/processors/source/register_file.sv Line: 32
Warning (176225): Can't pack node register[9][4] to I/O pin File: /home/ecegridfs/a/437mg063/ece437/processors/source/register_file.sv Line: 32
Warning (176225): Can't pack node register[10][4] to I/O pin File: /home/ecegridfs/a/437mg063/ece437/processors/source/register_file.sv Line: 32
Warning (176225): Can't pack node register[8][4] to I/O pin File: /home/ecegridfs/a/437mg063/ece437/processors/source/register_file.sv Line: 32
Warning (176225): Can't pack node register[11][4] to I/O pin File: /home/ecegridfs/a/437mg063/ece437/processors/source/register_file.sv Line: 32
Warning (176225): Can't pack node register[6][4] to I/O pin File: /home/ecegridfs/a/437mg063/ece437/processors/source/register_file.sv Line: 32
Warning (176225): Can't pack node register[5][4] to I/O pin File: /home/ecegridfs/a/437mg063/ece437/processors/source/register_file.sv Line: 32
Warning (176225): Can't pack node register[4][4] to I/O pin File: /home/ecegridfs/a/437mg063/ece437/processors/source/register_file.sv Line: 32
Warning (176225): Can't pack node register[7][4] to I/O pin File: /home/ecegridfs/a/437mg063/ece437/processors/source/register_file.sv Line: 32
Warning (176225): Can't pack node register[3][4] to I/O pin File: /home/ecegridfs/a/437mg063/ece437/processors/source/register_file.sv Line: 32
Warning (176225): Can't pack node register[1][4] to I/O pin File: /home/ecegridfs/a/437mg063/ece437/processors/source/register_file.sv Line: 32
Warning (176225): Can't pack node register[2][4] to I/O pin File: /home/ecegridfs/a/437mg063/ece437/processors/source/register_file.sv Line: 32
Warning (176225): Can't pack node register[14][4] to I/O pin File: /home/ecegridfs/a/437mg063/ece437/processors/source/register_file.sv Line: 32
Warning (176225): Can't pack node register[13][4] to I/O pin File: /home/ecegridfs/a/437mg063/ece437/processors/source/register_file.sv Line: 32
Warning (176225): Can't pack node register[12][4] to I/O pin File: /home/ecegridfs/a/437mg063/ece437/processors/source/register_file.sv Line: 32
Warning (176225): Can't pack node register[15][4] to I/O pin File: /home/ecegridfs/a/437mg063/ece437/processors/source/register_file.sv Line: 32
Warning (176225): Can't pack node register[25][5] to I/O pin File: /home/ecegridfs/a/437mg063/ece437/processors/source/register_file.sv Line: 32
Warning (176225): Can't pack node register[17][5] to I/O pin File: /home/ecegridfs/a/437mg063/ece437/processors/source/register_file.sv Line: 32
Warning (176225): Can't pack node register[29][5] to I/O pin File: /home/ecegridfs/a/437mg063/ece437/processors/source/register_file.sv Line: 32
Warning (176225): Can't pack node register[26][5] to I/O pin File: /home/ecegridfs/a/437mg063/ece437/processors/source/register_file.sv Line: 32
Warning (176225): Can't pack node register[22][5] to I/O pin File: /home/ecegridfs/a/437mg063/ece437/processors/source/register_file.sv Line: 32
Warning (176225): Can't pack node register[18][5] to I/O pin File: /home/ecegridfs/a/437mg063/ece437/processors/source/register_file.sv Line: 32
Warning (176225): Can't pack node register[30][5] to I/O pin File: /home/ecegridfs/a/437mg063/ece437/processors/source/register_file.sv Line: 32
Warning (176225): Can't pack node register[24][5] to I/O pin File: /home/ecegridfs/a/437mg063/ece437/processors/source/register_file.sv Line: 32
Warning (176225): Can't pack node register[20][5] to I/O pin File: /home/ecegridfs/a/437mg063/ece437/processors/source/register_file.sv Line: 32
Warning (176225): Can't pack node register[16][5] to I/O pin File: /home/ecegridfs/a/437mg063/ece437/processors/source/register_file.sv Line: 32
Warning (176225): Can't pack node register[28][5] to I/O pin File: /home/ecegridfs/a/437mg063/ece437/processors/source/register_file.sv Line: 32
Warning (176225): Can't pack node register[23][5] to I/O pin File: /home/ecegridfs/a/437mg063/ece437/processors/source/register_file.sv Line: 32
Warning (176225): Can't pack node register[27][5] to I/O pin File: /home/ecegridfs/a/437mg063/ece437/processors/source/register_file.sv Line: 32
Warning (176225): Can't pack node register[19][5] to I/O pin File: /home/ecegridfs/a/437mg063/ece437/processors/source/register_file.sv Line: 32
Warning (176225): Can't pack node register[31][5] to I/O pin File: /home/ecegridfs/a/437mg063/ece437/processors/source/register_file.sv Line: 32
Warning (176225): Can't pack node register[6][5] to I/O pin File: /home/ecegridfs/a/437mg063/ece437/processors/source/register_file.sv Line: 32
Warning (176225): Can't pack node register[5][5] to I/O pin File: /home/ecegridfs/a/437mg063/ece437/processors/source/register_file.sv Line: 32
Warning (176225): Can't pack node register[4][5] to I/O pin File: /home/ecegridfs/a/437mg063/ece437/processors/source/register_file.sv Line: 32
Warning (176225): Can't pack node register[7][5] to I/O pin File: /home/ecegridfs/a/437mg063/ece437/processors/source/register_file.sv Line: 32
Warning (176225): Can't pack node register[9][5] to I/O pin File: /home/ecegridfs/a/437mg063/ece437/processors/source/register_file.sv Line: 32
Warning (176225): Can't pack node register[10][5] to I/O pin File: /home/ecegridfs/a/437mg063/ece437/processors/source/register_file.sv Line: 32
Warning (176225): Can't pack node register[8][5] to I/O pin File: /home/ecegridfs/a/437mg063/ece437/processors/source/register_file.sv Line: 32
Warning (176225): Can't pack node register[11][5] to I/O pin File: /home/ecegridfs/a/437mg063/ece437/processors/source/register_file.sv Line: 32
Warning (176225): Can't pack node register[3][5] to I/O pin File: /home/ecegridfs/a/437mg063/ece437/processors/source/register_file.sv Line: 32
Warning (176225): Can't pack node register[1][5] to I/O pin File: /home/ecegridfs/a/437mg063/ece437/processors/source/register_file.sv Line: 32
Warning (176225): Can't pack node register[2][5] to I/O pin File: /home/ecegridfs/a/437mg063/ece437/processors/source/register_file.sv Line: 32
Warning (176225): Can't pack node register[14][5] to I/O pin File: /home/ecegridfs/a/437mg063/ece437/processors/source/register_file.sv Line: 32
Warning (176225): Can't pack node register[13][5] to I/O pin File: /home/ecegridfs/a/437mg063/ece437/processors/source/register_file.sv Line: 32
Warning (176225): Can't pack node register[12][5] to I/O pin File: /home/ecegridfs/a/437mg063/ece437/processors/source/register_file.sv Line: 32
Warning (176225): Can't pack node register[15][5] to I/O pin File: /home/ecegridfs/a/437mg063/ece437/processors/source/register_file.sv Line: 32
Warning (176225): Can't pack node register[21][6] to I/O pin File: /home/ecegridfs/a/437mg063/ece437/processors/source/register_file.sv Line: 32
Warning (176225): Can't pack node register[17][6] to I/O pin File: /home/ecegridfs/a/437mg063/ece437/processors/source/register_file.sv Line: 32
Warning (176225): Can't pack node register[29][6] to I/O pin File: /home/ecegridfs/a/437mg063/ece437/processors/source/register_file.sv Line: 32
Warning (176225): Can't pack node register[22][6] to I/O pin File: /home/ecegridfs/a/437mg063/ece437/processors/source/register_file.sv Line: 32
Warning (176225): Can't pack node register[26][6] to I/O pin File: /home/ecegridfs/a/437mg063/ece437/processors/source/register_file.sv Line: 32
Warning (176225): Can't pack node register[18][6] to I/O pin File: /home/ecegridfs/a/437mg063/ece437/processors/source/register_file.sv Line: 32
Warning (176225): Can't pack node register[30][6] to I/O pin File: /home/ecegridfs/a/437mg063/ece437/processors/source/register_file.sv Line: 32
Warning (176225): Can't pack node register[20][6] to I/O pin File: /home/ecegridfs/a/437mg063/ece437/processors/source/register_file.sv Line: 32
Warning (176225): Can't pack node register[24][6] to I/O pin File: /home/ecegridfs/a/437mg063/ece437/processors/source/register_file.sv Line: 32
Warning (176225): Can't pack node register[16][6] to I/O pin File: /home/ecegridfs/a/437mg063/ece437/processors/source/register_file.sv Line: 32
Warning (176225): Can't pack node register[28][6] to I/O pin File: /home/ecegridfs/a/437mg063/ece437/processors/source/register_file.sv Line: 32
Warning (176225): Can't pack node register[27][6] to I/O pin File: /home/ecegridfs/a/437mg063/ece437/processors/source/register_file.sv Line: 32
Warning (176225): Can't pack node register[23][6] to I/O pin File: /home/ecegridfs/a/437mg063/ece437/processors/source/register_file.sv Line: 32
Warning (176225): Can't pack node register[19][6] to I/O pin File: /home/ecegridfs/a/437mg063/ece437/processors/source/register_file.sv Line: 32
Warning (176225): Can't pack node register[31][6] to I/O pin File: /home/ecegridfs/a/437mg063/ece437/processors/source/register_file.sv Line: 32
Warning (176225): Can't pack node register[9][6] to I/O pin File: /home/ecegridfs/a/437mg063/ece437/processors/source/register_file.sv Line: 32
Warning (176225): Can't pack node register[10][6] to I/O pin File: /home/ecegridfs/a/437mg063/ece437/processors/source/register_file.sv Line: 32
Warning (176225): Can't pack node register[8][6] to I/O pin File: /home/ecegridfs/a/437mg063/ece437/processors/source/register_file.sv Line: 32
Warning (176225): Can't pack node register[11][6] to I/O pin File: /home/ecegridfs/a/437mg063/ece437/processors/source/register_file.sv Line: 32
Warning (176225): Can't pack node register[6][6] to I/O pin File: /home/ecegridfs/a/437mg063/ece437/processors/source/register_file.sv Line: 32
Warning (176225): Can't pack node register[5][6] to I/O pin File: /home/ecegridfs/a/437mg063/ece437/processors/source/register_file.sv Line: 32
Warning (176225): Can't pack node register[4][6] to I/O pin File: /home/ecegridfs/a/437mg063/ece437/processors/source/register_file.sv Line: 32
Warning (176225): Can't pack node register[7][6] to I/O pin File: /home/ecegridfs/a/437mg063/ece437/processors/source/register_file.sv Line: 32
Warning (176225): Can't pack node register[3][6] to I/O pin File: /home/ecegridfs/a/437mg063/ece437/processors/source/register_file.sv Line: 32
Warning (176225): Can't pack node register[1][6] to I/O pin File: /home/ecegridfs/a/437mg063/ece437/processors/source/register_file.sv Line: 32
Warning (176225): Can't pack node register[2][6] to I/O pin File: /home/ecegridfs/a/437mg063/ece437/processors/source/register_file.sv Line: 32
Warning (176225): Can't pack node register[14][6] to I/O pin File: /home/ecegridfs/a/437mg063/ece437/processors/source/register_file.sv Line: 32
Warning (176225): Can't pack node register[13][6] to I/O pin File: /home/ecegridfs/a/437mg063/ece437/processors/source/register_file.sv Line: 32
Warning (176225): Can't pack node register[12][6] to I/O pin File: /home/ecegridfs/a/437mg063/ece437/processors/source/register_file.sv Line: 32
Warning (176225): Can't pack node register[15][6] to I/O pin File: /home/ecegridfs/a/437mg063/ece437/processors/source/register_file.sv Line: 32
Warning (176225): Can't pack node register[25][7] to I/O pin File: /home/ecegridfs/a/437mg063/ece437/processors/source/register_file.sv Line: 32
Warning (176225): Can't pack node register[17][7] to I/O pin File: /home/ecegridfs/a/437mg063/ece437/processors/source/register_file.sv Line: 32
Warning (176225): Can't pack node register[29][7] to I/O pin File: /home/ecegridfs/a/437mg063/ece437/processors/source/register_file.sv Line: 32
Warning (176225): Can't pack node register[26][7] to I/O pin File: /home/ecegridfs/a/437mg063/ece437/processors/source/register_file.sv Line: 32
Warning (176225): Can't pack node register[22][7] to I/O pin File: /home/ecegridfs/a/437mg063/ece437/processors/source/register_file.sv Line: 32
Warning (176225): Can't pack node register[18][7] to I/O pin File: /home/ecegridfs/a/437mg063/ece437/processors/source/register_file.sv Line: 32
Warning (176225): Can't pack node register[30][7] to I/O pin File: /home/ecegridfs/a/437mg063/ece437/processors/source/register_file.sv Line: 32
Warning (176225): Can't pack node register[24][7] to I/O pin File: /home/ecegridfs/a/437mg063/ece437/processors/source/register_file.sv Line: 32
Warning (176225): Can't pack node register[20][7] to I/O pin File: /home/ecegridfs/a/437mg063/ece437/processors/source/register_file.sv Line: 32
Warning (176225): Can't pack node register[16][7] to I/O pin File: /home/ecegridfs/a/437mg063/ece437/processors/source/register_file.sv Line: 32
Warning (176225): Can't pack node register[28][7] to I/O pin File: /home/ecegridfs/a/437mg063/ece437/processors/source/register_file.sv Line: 32
Warning (176225): Can't pack node register[23][7] to I/O pin File: /home/ecegridfs/a/437mg063/ece437/processors/source/register_file.sv Line: 32
Warning (176225): Can't pack node register[27][7] to I/O pin File: /home/ecegridfs/a/437mg063/ece437/processors/source/register_file.sv Line: 32
Warning (176225): Can't pack node register[19][7] to I/O pin File: /home/ecegridfs/a/437mg063/ece437/processors/source/register_file.sv Line: 32
Warning (176225): Can't pack node register[31][7] to I/O pin File: /home/ecegridfs/a/437mg063/ece437/processors/source/register_file.sv Line: 32
Warning (176225): Can't pack node register[6][7] to I/O pin File: /home/ecegridfs/a/437mg063/ece437/processors/source/register_file.sv Line: 32
Warning (176225): Can't pack node register[5][7] to I/O pin File: /home/ecegridfs/a/437mg063/ece437/processors/source/register_file.sv Line: 32
Warning (176225): Can't pack node register[4][7] to I/O pin File: /home/ecegridfs/a/437mg063/ece437/processors/source/register_file.sv Line: 32
Warning (176225): Can't pack node register[7][7] to I/O pin File: /home/ecegridfs/a/437mg063/ece437/processors/source/register_file.sv Line: 32
Warning (176225): Can't pack node register[9][7] to I/O pin File: /home/ecegridfs/a/437mg063/ece437/processors/source/register_file.sv Line: 32
Warning (176225): Can't pack node register[10][7] to I/O pin File: /home/ecegridfs/a/437mg063/ece437/processors/source/register_file.sv Line: 32
Warning (176225): Can't pack node register[8][7] to I/O pin File: /home/ecegridfs/a/437mg063/ece437/processors/source/register_file.sv Line: 32
Warning (176225): Can't pack node register[11][7] to I/O pin File: /home/ecegridfs/a/437mg063/ece437/processors/source/register_file.sv Line: 32
Warning (176225): Can't pack node register[3][7] to I/O pin File: /home/ecegridfs/a/437mg063/ece437/processors/source/register_file.sv Line: 32
Warning (176225): Can't pack node register[1][7] to I/O pin File: /home/ecegridfs/a/437mg063/ece437/processors/source/register_file.sv Line: 32
Warning (176225): Can't pack node register[2][7] to I/O pin File: /home/ecegridfs/a/437mg063/ece437/processors/source/register_file.sv Line: 32
Warning (176225): Can't pack node register[14][7] to I/O pin File: /home/ecegridfs/a/437mg063/ece437/processors/source/register_file.sv Line: 32
Warning (176225): Can't pack node register[13][7] to I/O pin File: /home/ecegridfs/a/437mg063/ece437/processors/source/register_file.sv Line: 32
Warning (176225): Can't pack node register[12][7] to I/O pin File: /home/ecegridfs/a/437mg063/ece437/processors/source/register_file.sv Line: 32
Warning (176225): Can't pack node register[15][7] to I/O pin File: /home/ecegridfs/a/437mg063/ece437/processors/source/register_file.sv Line: 32
Warning (176225): Can't pack node register[21][8] to I/O pin File: /home/ecegridfs/a/437mg063/ece437/processors/source/register_file.sv Line: 32
Warning (176225): Can't pack node register[17][8] to I/O pin File: /home/ecegridfs/a/437mg063/ece437/processors/source/register_file.sv Line: 32
Warning (176225): Can't pack node register[29][8] to I/O pin File: /home/ecegridfs/a/437mg063/ece437/processors/source/register_file.sv Line: 32
Warning (176225): Can't pack node register[22][8] to I/O pin File: /home/ecegridfs/a/437mg063/ece437/processors/source/register_file.sv Line: 32
Warning (176225): Can't pack node register[26][8] to I/O pin File: /home/ecegridfs/a/437mg063/ece437/processors/source/register_file.sv Line: 32
Warning (176225): Can't pack node register[18][8] to I/O pin File: /home/ecegridfs/a/437mg063/ece437/processors/source/register_file.sv Line: 32
Warning (176225): Can't pack node register[30][8] to I/O pin File: /home/ecegridfs/a/437mg063/ece437/processors/source/register_file.sv Line: 32
Warning (176225): Can't pack node register[20][8] to I/O pin File: /home/ecegridfs/a/437mg063/ece437/processors/source/register_file.sv Line: 32
Warning (176225): Can't pack node register[24][8] to I/O pin File: /home/ecegridfs/a/437mg063/ece437/processors/source/register_file.sv Line: 32
Warning (176225): Can't pack node register[16][8] to I/O pin File: /home/ecegridfs/a/437mg063/ece437/processors/source/register_file.sv Line: 32
Warning (176225): Can't pack node register[28][8] to I/O pin File: /home/ecegridfs/a/437mg063/ece437/processors/source/register_file.sv Line: 32
Warning (176225): Can't pack node register[27][8] to I/O pin File: /home/ecegridfs/a/437mg063/ece437/processors/source/register_file.sv Line: 32
Warning (176225): Can't pack node register[23][8] to I/O pin File: /home/ecegridfs/a/437mg063/ece437/processors/source/register_file.sv Line: 32
Warning (176225): Can't pack node register[19][8] to I/O pin File: /home/ecegridfs/a/437mg063/ece437/processors/source/register_file.sv Line: 32
Warning (176225): Can't pack node register[31][8] to I/O pin File: /home/ecegridfs/a/437mg063/ece437/processors/source/register_file.sv Line: 32
Warning (176225): Can't pack node register[9][8] to I/O pin File: /home/ecegridfs/a/437mg063/ece437/processors/source/register_file.sv Line: 32
Warning (176225): Can't pack node register[10][8] to I/O pin File: /home/ecegridfs/a/437mg063/ece437/processors/source/register_file.sv Line: 32
Warning (176225): Can't pack node register[8][8] to I/O pin File: /home/ecegridfs/a/437mg063/ece437/processors/source/register_file.sv Line: 32
Warning (176225): Can't pack node register[11][8] to I/O pin File: /home/ecegridfs/a/437mg063/ece437/processors/source/register_file.sv Line: 32
Warning (176225): Can't pack node register[6][8] to I/O pin File: /home/ecegridfs/a/437mg063/ece437/processors/source/register_file.sv Line: 32
Warning (176225): Can't pack node register[5][8] to I/O pin File: /home/ecegridfs/a/437mg063/ece437/processors/source/register_file.sv Line: 32
Warning (176225): Can't pack node register[4][8] to I/O pin File: /home/ecegridfs/a/437mg063/ece437/processors/source/register_file.sv Line: 32
Warning (176225): Can't pack node register[7][8] to I/O pin File: /home/ecegridfs/a/437mg063/ece437/processors/source/register_file.sv Line: 32
Warning (176225): Can't pack node register[3][8] to I/O pin File: /home/ecegridfs/a/437mg063/ece437/processors/source/register_file.sv Line: 32
Warning (176225): Can't pack node register[1][8] to I/O pin File: /home/ecegridfs/a/437mg063/ece437/processors/source/register_file.sv Line: 32
Warning (176225): Can't pack node register[2][8] to I/O pin File: /home/ecegridfs/a/437mg063/ece437/processors/source/register_file.sv Line: 32
Warning (176225): Can't pack node register[14][8] to I/O pin File: /home/ecegridfs/a/437mg063/ece437/processors/source/register_file.sv Line: 32
Warning (176225): Can't pack node register[13][8] to I/O pin File: /home/ecegridfs/a/437mg063/ece437/processors/source/register_file.sv Line: 32
Warning (176225): Can't pack node register[12][8] to I/O pin File: /home/ecegridfs/a/437mg063/ece437/processors/source/register_file.sv Line: 32
Warning (176225): Can't pack node register[15][8] to I/O pin File: /home/ecegridfs/a/437mg063/ece437/processors/source/register_file.sv Line: 32
Warning (176225): Can't pack node register[25][9] to I/O pin File: /home/ecegridfs/a/437mg063/ece437/processors/source/register_file.sv Line: 32
Warning (176225): Can't pack node register[17][9] to I/O pin File: /home/ecegridfs/a/437mg063/ece437/processors/source/register_file.sv Line: 32
Warning (176225): Can't pack node register[29][9] to I/O pin File: /home/ecegridfs/a/437mg063/ece437/processors/source/register_file.sv Line: 32
Warning (176225): Can't pack node register[26][9] to I/O pin File: /home/ecegridfs/a/437mg063/ece437/processors/source/register_file.sv Line: 32
Warning (176225): Can't pack node register[22][9] to I/O pin File: /home/ecegridfs/a/437mg063/ece437/processors/source/register_file.sv Line: 32
Warning (176225): Can't pack node register[18][9] to I/O pin File: /home/ecegridfs/a/437mg063/ece437/processors/source/register_file.sv Line: 32
Warning (176225): Can't pack node register[30][9] to I/O pin File: /home/ecegridfs/a/437mg063/ece437/processors/source/register_file.sv Line: 32
Warning (176225): Can't pack node register[24][9] to I/O pin File: /home/ecegridfs/a/437mg063/ece437/processors/source/register_file.sv Line: 32
Warning (176225): Can't pack node register[20][9] to I/O pin File: /home/ecegridfs/a/437mg063/ece437/processors/source/register_file.sv Line: 32
Warning (176225): Can't pack node register[16][9] to I/O pin File: /home/ecegridfs/a/437mg063/ece437/processors/source/register_file.sv Line: 32
Warning (176225): Can't pack node register[28][9] to I/O pin File: /home/ecegridfs/a/437mg063/ece437/processors/source/register_file.sv Line: 32
Warning (176225): Can't pack node register[23][9] to I/O pin File: /home/ecegridfs/a/437mg063/ece437/processors/source/register_file.sv Line: 32
Warning (176225): Can't pack node register[27][9] to I/O pin File: /home/ecegridfs/a/437mg063/ece437/processors/source/register_file.sv Line: 32
Warning (176225): Can't pack node register[19][9] to I/O pin File: /home/ecegridfs/a/437mg063/ece437/processors/source/register_file.sv Line: 32
Warning (176225): Can't pack node register[31][9] to I/O pin File: /home/ecegridfs/a/437mg063/ece437/processors/source/register_file.sv Line: 32
Warning (176225): Can't pack node register[6][9] to I/O pin File: /home/ecegridfs/a/437mg063/ece437/processors/source/register_file.sv Line: 32
Warning (176225): Can't pack node register[5][9] to I/O pin File: /home/ecegridfs/a/437mg063/ece437/processors/source/register_file.sv Line: 32
Warning (176225): Can't pack node register[4][9] to I/O pin File: /home/ecegridfs/a/437mg063/ece437/processors/source/register_file.sv Line: 32
Warning (176225): Can't pack node register[7][9] to I/O pin File: /home/ecegridfs/a/437mg063/ece437/processors/source/register_file.sv Line: 32
Warning (176225): Can't pack node register[9][9] to I/O pin File: /home/ecegridfs/a/437mg063/ece437/processors/source/register_file.sv Line: 32
Warning (176225): Can't pack node register[10][9] to I/O pin File: /home/ecegridfs/a/437mg063/ece437/processors/source/register_file.sv Line: 32
Warning (176225): Can't pack node register[8][9] to I/O pin File: /home/ecegridfs/a/437mg063/ece437/processors/source/register_file.sv Line: 32
Warning (176225): Can't pack node register[11][9] to I/O pin File: /home/ecegridfs/a/437mg063/ece437/processors/source/register_file.sv Line: 32
Warning (176225): Can't pack node register[3][9] to I/O pin File: /home/ecegridfs/a/437mg063/ece437/processors/source/register_file.sv Line: 32
Warning (176225): Can't pack node register[1][9] to I/O pin File: /home/ecegridfs/a/437mg063/ece437/processors/source/register_file.sv Line: 32
Warning (176225): Can't pack node register[2][9] to I/O pin File: /home/ecegridfs/a/437mg063/ece437/processors/source/register_file.sv Line: 32
Warning (176225): Can't pack node register[14][9] to I/O pin File: /home/ecegridfs/a/437mg063/ece437/processors/source/register_file.sv Line: 32
Warning (176225): Can't pack node register[13][9] to I/O pin File: /home/ecegridfs/a/437mg063/ece437/processors/source/register_file.sv Line: 32
Warning (176225): Can't pack node register[12][9] to I/O pin File: /home/ecegridfs/a/437mg063/ece437/processors/source/register_file.sv Line: 32
Warning (176225): Can't pack node register[15][9] to I/O pin File: /home/ecegridfs/a/437mg063/ece437/processors/source/register_file.sv Line: 32
Warning (176225): Can't pack node register[21][10] to I/O pin File: /home/ecegridfs/a/437mg063/ece437/processors/source/register_file.sv Line: 32
Warning (176225): Can't pack node register[17][10] to I/O pin File: /home/ecegridfs/a/437mg063/ece437/processors/source/register_file.sv Line: 32
Warning (176225): Can't pack node register[29][10] to I/O pin File: /home/ecegridfs/a/437mg063/ece437/processors/source/register_file.sv Line: 32
Warning (176225): Can't pack node register[22][10] to I/O pin File: /home/ecegridfs/a/437mg063/ece437/processors/source/register_file.sv Line: 32
Warning (176225): Can't pack node register[26][10] to I/O pin File: /home/ecegridfs/a/437mg063/ece437/processors/source/register_file.sv Line: 32
Warning (176225): Can't pack node register[18][10] to I/O pin File: /home/ecegridfs/a/437mg063/ece437/processors/source/register_file.sv Line: 32
Warning (176225): Can't pack node register[30][10] to I/O pin File: /home/ecegridfs/a/437mg063/ece437/processors/source/register_file.sv Line: 32
Warning (176225): Can't pack node register[20][10] to I/O pin File: /home/ecegridfs/a/437mg063/ece437/processors/source/register_file.sv Line: 32
Warning (176225): Can't pack node register[24][10] to I/O pin File: /home/ecegridfs/a/437mg063/ece437/processors/source/register_file.sv Line: 32
Warning (176225): Can't pack node register[16][10] to I/O pin File: /home/ecegridfs/a/437mg063/ece437/processors/source/register_file.sv Line: 32
Warning (176225): Can't pack node register[28][10] to I/O pin File: /home/ecegridfs/a/437mg063/ece437/processors/source/register_file.sv Line: 32
Warning (176225): Can't pack node register[27][10] to I/O pin File: /home/ecegridfs/a/437mg063/ece437/processors/source/register_file.sv Line: 32
Warning (176225): Can't pack node register[23][10] to I/O pin File: /home/ecegridfs/a/437mg063/ece437/processors/source/register_file.sv Line: 32
Warning (176225): Can't pack node register[19][10] to I/O pin File: /home/ecegridfs/a/437mg063/ece437/processors/source/register_file.sv Line: 32
Warning (176225): Can't pack node register[31][10] to I/O pin File: /home/ecegridfs/a/437mg063/ece437/processors/source/register_file.sv Line: 32
Warning (176225): Can't pack node register[9][10] to I/O pin File: /home/ecegridfs/a/437mg063/ece437/processors/source/register_file.sv Line: 32
Warning (176225): Can't pack node register[10][10] to I/O pin File: /home/ecegridfs/a/437mg063/ece437/processors/source/register_file.sv Line: 32
Warning (176225): Can't pack node register[8][10] to I/O pin File: /home/ecegridfs/a/437mg063/ece437/processors/source/register_file.sv Line: 32
Warning (176225): Can't pack node register[11][10] to I/O pin File: /home/ecegridfs/a/437mg063/ece437/processors/source/register_file.sv Line: 32
Warning (176225): Can't pack node register[6][10] to I/O pin File: /home/ecegridfs/a/437mg063/ece437/processors/source/register_file.sv Line: 32
Warning (176225): Can't pack node register[5][10] to I/O pin File: /home/ecegridfs/a/437mg063/ece437/processors/source/register_file.sv Line: 32
Warning (176225): Can't pack node register[4][10] to I/O pin File: /home/ecegridfs/a/437mg063/ece437/processors/source/register_file.sv Line: 32
Warning (176225): Can't pack node register[7][10] to I/O pin File: /home/ecegridfs/a/437mg063/ece437/processors/source/register_file.sv Line: 32
Warning (176225): Can't pack node register[3][10] to I/O pin File: /home/ecegridfs/a/437mg063/ece437/processors/source/register_file.sv Line: 32
Warning (176225): Can't pack node register[1][10] to I/O pin File: /home/ecegridfs/a/437mg063/ece437/processors/source/register_file.sv Line: 32
Warning (176225): Can't pack node register[2][10] to I/O pin File: /home/ecegridfs/a/437mg063/ece437/processors/source/register_file.sv Line: 32
Warning (176225): Can't pack node register[14][10] to I/O pin File: /home/ecegridfs/a/437mg063/ece437/processors/source/register_file.sv Line: 32
Warning (176225): Can't pack node register[13][10] to I/O pin File: /home/ecegridfs/a/437mg063/ece437/processors/source/register_file.sv Line: 32
Warning (176225): Can't pack node register[12][10] to I/O pin File: /home/ecegridfs/a/437mg063/ece437/processors/source/register_file.sv Line: 32
Warning (176225): Can't pack node register[15][10] to I/O pin File: /home/ecegridfs/a/437mg063/ece437/processors/source/register_file.sv Line: 32
Warning (176225): Can't pack node register[25][11] to I/O pin File: /home/ecegridfs/a/437mg063/ece437/processors/source/register_file.sv Line: 32
Warning (176225): Can't pack node register[17][11] to I/O pin File: /home/ecegridfs/a/437mg063/ece437/processors/source/register_file.sv Line: 32
Warning (176225): Can't pack node register[29][11] to I/O pin File: /home/ecegridfs/a/437mg063/ece437/processors/source/register_file.sv Line: 32
Warning (176225): Can't pack node register[26][11] to I/O pin File: /home/ecegridfs/a/437mg063/ece437/processors/source/register_file.sv Line: 32
Warning (176225): Can't pack node register[22][11] to I/O pin File: /home/ecegridfs/a/437mg063/ece437/processors/source/register_file.sv Line: 32
Warning (176225): Can't pack node register[18][11] to I/O pin File: /home/ecegridfs/a/437mg063/ece437/processors/source/register_file.sv Line: 32
Warning (176225): Can't pack node register[30][11] to I/O pin File: /home/ecegridfs/a/437mg063/ece437/processors/source/register_file.sv Line: 32
Warning (176225): Can't pack node register[24][11] to I/O pin File: /home/ecegridfs/a/437mg063/ece437/processors/source/register_file.sv Line: 32
Warning (176225): Can't pack node register[20][11] to I/O pin File: /home/ecegridfs/a/437mg063/ece437/processors/source/register_file.sv Line: 32
Warning (176225): Can't pack node register[16][11] to I/O pin File: /home/ecegridfs/a/437mg063/ece437/processors/source/register_file.sv Line: 32
Warning (176225): Can't pack node register[28][11] to I/O pin File: /home/ecegridfs/a/437mg063/ece437/processors/source/register_file.sv Line: 32
Warning (176225): Can't pack node register[23][11] to I/O pin File: /home/ecegridfs/a/437mg063/ece437/processors/source/register_file.sv Line: 32
Warning (176225): Can't pack node register[27][11] to I/O pin File: /home/ecegridfs/a/437mg063/ece437/processors/source/register_file.sv Line: 32
Warning (176225): Can't pack node register[19][11] to I/O pin File: /home/ecegridfs/a/437mg063/ece437/processors/source/register_file.sv Line: 32
Warning (176225): Can't pack node register[31][11] to I/O pin File: /home/ecegridfs/a/437mg063/ece437/processors/source/register_file.sv Line: 32
Warning (176225): Can't pack node register[6][11] to I/O pin File: /home/ecegridfs/a/437mg063/ece437/processors/source/register_file.sv Line: 32
Warning (176225): Can't pack node register[5][11] to I/O pin File: /home/ecegridfs/a/437mg063/ece437/processors/source/register_file.sv Line: 32
Warning (176225): Can't pack node register[4][11] to I/O pin File: /home/ecegridfs/a/437mg063/ece437/processors/source/register_file.sv Line: 32
Warning (176225): Can't pack node register[7][11] to I/O pin File: /home/ecegridfs/a/437mg063/ece437/processors/source/register_file.sv Line: 32
Warning (176225): Can't pack node register[9][11] to I/O pin File: /home/ecegridfs/a/437mg063/ece437/processors/source/register_file.sv Line: 32
Warning (176225): Can't pack node register[10][11] to I/O pin File: /home/ecegridfs/a/437mg063/ece437/processors/source/register_file.sv Line: 32
Warning (176225): Can't pack node register[8][11] to I/O pin File: /home/ecegridfs/a/437mg063/ece437/processors/source/register_file.sv Line: 32
Warning (176225): Can't pack node register[11][11] to I/O pin File: /home/ecegridfs/a/437mg063/ece437/processors/source/register_file.sv Line: 32
Warning (176225): Can't pack node register[3][11] to I/O pin File: /home/ecegridfs/a/437mg063/ece437/processors/source/register_file.sv Line: 32
Warning (176225): Can't pack node register[1][11] to I/O pin File: /home/ecegridfs/a/437mg063/ece437/processors/source/register_file.sv Line: 32
Warning (176225): Can't pack node register[2][11] to I/O pin File: /home/ecegridfs/a/437mg063/ece437/processors/source/register_file.sv Line: 32
Warning (176225): Can't pack node register[14][11] to I/O pin File: /home/ecegridfs/a/437mg063/ece437/processors/source/register_file.sv Line: 32
Warning (176225): Can't pack node register[13][11] to I/O pin File: /home/ecegridfs/a/437mg063/ece437/processors/source/register_file.sv Line: 32
Warning (176225): Can't pack node register[12][11] to I/O pin File: /home/ecegridfs/a/437mg063/ece437/processors/source/register_file.sv Line: 32
Warning (176225): Can't pack node register[15][11] to I/O pin File: /home/ecegridfs/a/437mg063/ece437/processors/source/register_file.sv Line: 32
Warning (176225): Can't pack node register[21][12] to I/O pin File: /home/ecegridfs/a/437mg063/ece437/processors/source/register_file.sv Line: 32
Warning (176225): Can't pack node register[17][12] to I/O pin File: /home/ecegridfs/a/437mg063/ece437/processors/source/register_file.sv Line: 32
Warning (176225): Can't pack node register[29][12] to I/O pin File: /home/ecegridfs/a/437mg063/ece437/processors/source/register_file.sv Line: 32
Warning (176225): Can't pack node register[22][12] to I/O pin File: /home/ecegridfs/a/437mg063/ece437/processors/source/register_file.sv Line: 32
Warning (176225): Can't pack node register[26][12] to I/O pin File: /home/ecegridfs/a/437mg063/ece437/processors/source/register_file.sv Line: 32
Warning (176225): Can't pack node register[18][12] to I/O pin File: /home/ecegridfs/a/437mg063/ece437/processors/source/register_file.sv Line: 32
Warning (176225): Can't pack node register[30][12] to I/O pin File: /home/ecegridfs/a/437mg063/ece437/processors/source/register_file.sv Line: 32
Warning (176225): Can't pack node register[20][12] to I/O pin File: /home/ecegridfs/a/437mg063/ece437/processors/source/register_file.sv Line: 32
Warning (176225): Can't pack node register[24][12] to I/O pin File: /home/ecegridfs/a/437mg063/ece437/processors/source/register_file.sv Line: 32
Warning (176225): Can't pack node register[16][12] to I/O pin File: /home/ecegridfs/a/437mg063/ece437/processors/source/register_file.sv Line: 32
Warning (176225): Can't pack node register[28][12] to I/O pin File: /home/ecegridfs/a/437mg063/ece437/processors/source/register_file.sv Line: 32
Warning (176225): Can't pack node register[27][12] to I/O pin File: /home/ecegridfs/a/437mg063/ece437/processors/source/register_file.sv Line: 32
Warning (176225): Can't pack node register[23][12] to I/O pin File: /home/ecegridfs/a/437mg063/ece437/processors/source/register_file.sv Line: 32
Warning (176225): Can't pack node register[19][12] to I/O pin File: /home/ecegridfs/a/437mg063/ece437/processors/source/register_file.sv Line: 32
Warning (176225): Can't pack node register[31][12] to I/O pin File: /home/ecegridfs/a/437mg063/ece437/processors/source/register_file.sv Line: 32
Warning (176225): Can't pack node register[9][12] to I/O pin File: /home/ecegridfs/a/437mg063/ece437/processors/source/register_file.sv Line: 32
Warning (176225): Can't pack node register[10][12] to I/O pin File: /home/ecegridfs/a/437mg063/ece437/processors/source/register_file.sv Line: 32
Warning (176225): Can't pack node register[8][12] to I/O pin File: /home/ecegridfs/a/437mg063/ece437/processors/source/register_file.sv Line: 32
Warning (176225): Can't pack node register[11][12] to I/O pin File: /home/ecegridfs/a/437mg063/ece437/processors/source/register_file.sv Line: 32
Warning (176225): Can't pack node register[6][12] to I/O pin File: /home/ecegridfs/a/437mg063/ece437/processors/source/register_file.sv Line: 32
Warning (176225): Can't pack node register[5][12] to I/O pin File: /home/ecegridfs/a/437mg063/ece437/processors/source/register_file.sv Line: 32
Warning (176225): Can't pack node register[4][12] to I/O pin File: /home/ecegridfs/a/437mg063/ece437/processors/source/register_file.sv Line: 32
Warning (176225): Can't pack node register[7][12] to I/O pin File: /home/ecegridfs/a/437mg063/ece437/processors/source/register_file.sv Line: 32
Warning (176225): Can't pack node register[3][12] to I/O pin File: /home/ecegridfs/a/437mg063/ece437/processors/source/register_file.sv Line: 32
Warning (176225): Can't pack node register[1][12] to I/O pin File: /home/ecegridfs/a/437mg063/ece437/processors/source/register_file.sv Line: 32
Warning (176225): Can't pack node register[2][12] to I/O pin File: /home/ecegridfs/a/437mg063/ece437/processors/source/register_file.sv Line: 32
Warning (176225): Can't pack node register[14][12] to I/O pin File: /home/ecegridfs/a/437mg063/ece437/processors/source/register_file.sv Line: 32
Warning (176225): Can't pack node register[13][12] to I/O pin File: /home/ecegridfs/a/437mg063/ece437/processors/source/register_file.sv Line: 32
Warning (176225): Can't pack node register[12][12] to I/O pin File: /home/ecegridfs/a/437mg063/ece437/processors/source/register_file.sv Line: 32
Warning (176225): Can't pack node register[15][12] to I/O pin File: /home/ecegridfs/a/437mg063/ece437/processors/source/register_file.sv Line: 32
Warning (176225): Can't pack node register[25][13] to I/O pin File: /home/ecegridfs/a/437mg063/ece437/processors/source/register_file.sv Line: 32
Warning (176225): Can't pack node register[17][13] to I/O pin File: /home/ecegridfs/a/437mg063/ece437/processors/source/register_file.sv Line: 32
Warning (176225): Can't pack node register[29][13] to I/O pin File: /home/ecegridfs/a/437mg063/ece437/processors/source/register_file.sv Line: 32
Warning (176225): Can't pack node register[26][13] to I/O pin File: /home/ecegridfs/a/437mg063/ece437/processors/source/register_file.sv Line: 32
Warning (176225): Can't pack node register[22][13] to I/O pin File: /home/ecegridfs/a/437mg063/ece437/processors/source/register_file.sv Line: 32
Warning (176225): Can't pack node register[18][13] to I/O pin File: /home/ecegridfs/a/437mg063/ece437/processors/source/register_file.sv Line: 32
Warning (176225): Can't pack node register[30][13] to I/O pin File: /home/ecegridfs/a/437mg063/ece437/processors/source/register_file.sv Line: 32
Warning (176225): Can't pack node register[24][13] to I/O pin File: /home/ecegridfs/a/437mg063/ece437/processors/source/register_file.sv Line: 32
Warning (176225): Can't pack node register[20][13] to I/O pin File: /home/ecegridfs/a/437mg063/ece437/processors/source/register_file.sv Line: 32
Warning (176225): Can't pack node register[16][13] to I/O pin File: /home/ecegridfs/a/437mg063/ece437/processors/source/register_file.sv Line: 32
Warning (176225): Can't pack node register[28][13] to I/O pin File: /home/ecegridfs/a/437mg063/ece437/processors/source/register_file.sv Line: 32
Warning (176225): Can't pack node register[23][13] to I/O pin File: /home/ecegridfs/a/437mg063/ece437/processors/source/register_file.sv Line: 32
Warning (176225): Can't pack node register[27][13] to I/O pin File: /home/ecegridfs/a/437mg063/ece437/processors/source/register_file.sv Line: 32
Warning (176225): Can't pack node register[19][13] to I/O pin File: /home/ecegridfs/a/437mg063/ece437/processors/source/register_file.sv Line: 32
Warning (176225): Can't pack node register[31][13] to I/O pin File: /home/ecegridfs/a/437mg063/ece437/processors/source/register_file.sv Line: 32
Warning (176225): Can't pack node register[6][13] to I/O pin File: /home/ecegridfs/a/437mg063/ece437/processors/source/register_file.sv Line: 32
Warning (176225): Can't pack node register[5][13] to I/O pin File: /home/ecegridfs/a/437mg063/ece437/processors/source/register_file.sv Line: 32
Warning (176225): Can't pack node register[4][13] to I/O pin File: /home/ecegridfs/a/437mg063/ece437/processors/source/register_file.sv Line: 32
Warning (176225): Can't pack node register[7][13] to I/O pin File: /home/ecegridfs/a/437mg063/ece437/processors/source/register_file.sv Line: 32
Warning (176225): Can't pack node register[9][13] to I/O pin File: /home/ecegridfs/a/437mg063/ece437/processors/source/register_file.sv Line: 32
Warning (176225): Can't pack node register[10][13] to I/O pin File: /home/ecegridfs/a/437mg063/ece437/processors/source/register_file.sv Line: 32
Warning (176225): Can't pack node register[8][13] to I/O pin File: /home/ecegridfs/a/437mg063/ece437/processors/source/register_file.sv Line: 32
Warning (176225): Can't pack node register[11][13] to I/O pin File: /home/ecegridfs/a/437mg063/ece437/processors/source/register_file.sv Line: 32
Warning (176225): Can't pack node register[3][13] to I/O pin File: /home/ecegridfs/a/437mg063/ece437/processors/source/register_file.sv Line: 32
Warning (176225): Can't pack node register[1][13] to I/O pin File: /home/ecegridfs/a/437mg063/ece437/processors/source/register_file.sv Line: 32
Warning (176225): Can't pack node register[2][13] to I/O pin File: /home/ecegridfs/a/437mg063/ece437/processors/source/register_file.sv Line: 32
Warning (176225): Can't pack node register[14][13] to I/O pin File: /home/ecegridfs/a/437mg063/ece437/processors/source/register_file.sv Line: 32
Warning (176225): Can't pack node register[13][13] to I/O pin File: /home/ecegridfs/a/437mg063/ece437/processors/source/register_file.sv Line: 32
Warning (176225): Can't pack node register[12][13] to I/O pin File: /home/ecegridfs/a/437mg063/ece437/processors/source/register_file.sv Line: 32
Warning (176225): Can't pack node register[15][13] to I/O pin File: /home/ecegridfs/a/437mg063/ece437/processors/source/register_file.sv Line: 32
Warning (176225): Can't pack node register[21][14] to I/O pin File: /home/ecegridfs/a/437mg063/ece437/processors/source/register_file.sv Line: 32
Warning (176225): Can't pack node register[17][14] to I/O pin File: /home/ecegridfs/a/437mg063/ece437/processors/source/register_file.sv Line: 32
Warning (176225): Can't pack node register[29][14] to I/O pin File: /home/ecegridfs/a/437mg063/ece437/processors/source/register_file.sv Line: 32
Warning (176225): Can't pack node register[22][14] to I/O pin File: /home/ecegridfs/a/437mg063/ece437/processors/source/register_file.sv Line: 32
Warning (176225): Can't pack node register[26][14] to I/O pin File: /home/ecegridfs/a/437mg063/ece437/processors/source/register_file.sv Line: 32
Warning (176225): Can't pack node register[18][14] to I/O pin File: /home/ecegridfs/a/437mg063/ece437/processors/source/register_file.sv Line: 32
Warning (176225): Can't pack node register[30][14] to I/O pin File: /home/ecegridfs/a/437mg063/ece437/processors/source/register_file.sv Line: 32
Warning (176225): Can't pack node register[20][14] to I/O pin File: /home/ecegridfs/a/437mg063/ece437/processors/source/register_file.sv Line: 32
Warning (176225): Can't pack node register[24][14] to I/O pin File: /home/ecegridfs/a/437mg063/ece437/processors/source/register_file.sv Line: 32
Warning (176225): Can't pack node register[16][14] to I/O pin File: /home/ecegridfs/a/437mg063/ece437/processors/source/register_file.sv Line: 32
Warning (176225): Can't pack node register[28][14] to I/O pin File: /home/ecegridfs/a/437mg063/ece437/processors/source/register_file.sv Line: 32
Warning (176225): Can't pack node register[27][14] to I/O pin File: /home/ecegridfs/a/437mg063/ece437/processors/source/register_file.sv Line: 32
Warning (176225): Can't pack node register[23][14] to I/O pin File: /home/ecegridfs/a/437mg063/ece437/processors/source/register_file.sv Line: 32
Warning (176225): Can't pack node register[19][14] to I/O pin File: /home/ecegridfs/a/437mg063/ece437/processors/source/register_file.sv Line: 32
Warning (176225): Can't pack node register[31][14] to I/O pin File: /home/ecegridfs/a/437mg063/ece437/processors/source/register_file.sv Line: 32
Warning (176225): Can't pack node register[9][14] to I/O pin File: /home/ecegridfs/a/437mg063/ece437/processors/source/register_file.sv Line: 32
Warning (176225): Can't pack node register[10][14] to I/O pin File: /home/ecegridfs/a/437mg063/ece437/processors/source/register_file.sv Line: 32
Warning (176225): Can't pack node register[8][14] to I/O pin File: /home/ecegridfs/a/437mg063/ece437/processors/source/register_file.sv Line: 32
Warning (176225): Can't pack node register[11][14] to I/O pin File: /home/ecegridfs/a/437mg063/ece437/processors/source/register_file.sv Line: 32
Warning (176225): Can't pack node register[6][14] to I/O pin File: /home/ecegridfs/a/437mg063/ece437/processors/source/register_file.sv Line: 32
Warning (176225): Can't pack node register[5][14] to I/O pin File: /home/ecegridfs/a/437mg063/ece437/processors/source/register_file.sv Line: 32
Warning (176225): Can't pack node register[4][14] to I/O pin File: /home/ecegridfs/a/437mg063/ece437/processors/source/register_file.sv Line: 32
Warning (176225): Can't pack node register[7][14] to I/O pin File: /home/ecegridfs/a/437mg063/ece437/processors/source/register_file.sv Line: 32
Warning (176225): Can't pack node register[3][14] to I/O pin File: /home/ecegridfs/a/437mg063/ece437/processors/source/register_file.sv Line: 32
Warning (176225): Can't pack node register[1][14] to I/O pin File: /home/ecegridfs/a/437mg063/ece437/processors/source/register_file.sv Line: 32
Warning (176225): Can't pack node register[2][14] to I/O pin File: /home/ecegridfs/a/437mg063/ece437/processors/source/register_file.sv Line: 32
Warning (176225): Can't pack node register[14][14] to I/O pin File: /home/ecegridfs/a/437mg063/ece437/processors/source/register_file.sv Line: 32
Warning (176225): Can't pack node register[13][14] to I/O pin File: /home/ecegridfs/a/437mg063/ece437/processors/source/register_file.sv Line: 32
Warning (176225): Can't pack node register[12][14] to I/O pin File: /home/ecegridfs/a/437mg063/ece437/processors/source/register_file.sv Line: 32
Warning (176225): Can't pack node register[15][14] to I/O pin File: /home/ecegridfs/a/437mg063/ece437/processors/source/register_file.sv Line: 32
Warning (176225): Can't pack node register[25][15] to I/O pin File: /home/ecegridfs/a/437mg063/ece437/processors/source/register_file.sv Line: 32
Warning (176225): Can't pack node register[17][15] to I/O pin File: /home/ecegridfs/a/437mg063/ece437/processors/source/register_file.sv Line: 32
Warning (176225): Can't pack node register[29][15] to I/O pin File: /home/ecegridfs/a/437mg063/ece437/processors/source/register_file.sv Line: 32
Warning (176225): Can't pack node register[26][15] to I/O pin File: /home/ecegridfs/a/437mg063/ece437/processors/source/register_file.sv Line: 32
Warning (176225): Can't pack node register[22][15] to I/O pin File: /home/ecegridfs/a/437mg063/ece437/processors/source/register_file.sv Line: 32
Warning (176225): Can't pack node register[18][15] to I/O pin File: /home/ecegridfs/a/437mg063/ece437/processors/source/register_file.sv Line: 32
Warning (176225): Can't pack node register[30][15] to I/O pin File: /home/ecegridfs/a/437mg063/ece437/processors/source/register_file.sv Line: 32
Warning (176225): Can't pack node register[24][15] to I/O pin File: /home/ecegridfs/a/437mg063/ece437/processors/source/register_file.sv Line: 32
Warning (176225): Can't pack node register[20][15] to I/O pin File: /home/ecegridfs/a/437mg063/ece437/processors/source/register_file.sv Line: 32
Warning (176225): Can't pack node register[16][15] to I/O pin File: /home/ecegridfs/a/437mg063/ece437/processors/source/register_file.sv Line: 32
Warning (176225): Can't pack node register[28][15] to I/O pin File: /home/ecegridfs/a/437mg063/ece437/processors/source/register_file.sv Line: 32
Warning (176225): Can't pack node register[23][15] to I/O pin File: /home/ecegridfs/a/437mg063/ece437/processors/source/register_file.sv Line: 32
Warning (176225): Can't pack node register[27][15] to I/O pin File: /home/ecegridfs/a/437mg063/ece437/processors/source/register_file.sv Line: 32
Warning (176225): Can't pack node register[19][15] to I/O pin File: /home/ecegridfs/a/437mg063/ece437/processors/source/register_file.sv Line: 32
Warning (176225): Can't pack node register[31][15] to I/O pin File: /home/ecegridfs/a/437mg063/ece437/processors/source/register_file.sv Line: 32
Warning (176225): Can't pack node register[6][15] to I/O pin File: /home/ecegridfs/a/437mg063/ece437/processors/source/register_file.sv Line: 32
Warning (176225): Can't pack node register[5][15] to I/O pin File: /home/ecegridfs/a/437mg063/ece437/processors/source/register_file.sv Line: 32
Warning (176225): Can't pack node register[4][15] to I/O pin File: /home/ecegridfs/a/437mg063/ece437/processors/source/register_file.sv Line: 32
Warning (176225): Can't pack node register[7][15] to I/O pin File: /home/ecegridfs/a/437mg063/ece437/processors/source/register_file.sv Line: 32
Warning (176225): Can't pack node register[9][15] to I/O pin File: /home/ecegridfs/a/437mg063/ece437/processors/source/register_file.sv Line: 32
Warning (176225): Can't pack node register[10][15] to I/O pin File: /home/ecegridfs/a/437mg063/ece437/processors/source/register_file.sv Line: 32
Warning (176225): Can't pack node register[8][15] to I/O pin File: /home/ecegridfs/a/437mg063/ece437/processors/source/register_file.sv Line: 32
Warning (176225): Can't pack node register[11][15] to I/O pin File: /home/ecegridfs/a/437mg063/ece437/processors/source/register_file.sv Line: 32
Warning (176225): Can't pack node register[3][15] to I/O pin File: /home/ecegridfs/a/437mg063/ece437/processors/source/register_file.sv Line: 32
Warning (176225): Can't pack node register[1][15] to I/O pin File: /home/ecegridfs/a/437mg063/ece437/processors/source/register_file.sv Line: 32
Warning (176225): Can't pack node register[2][15] to I/O pin File: /home/ecegridfs/a/437mg063/ece437/processors/source/register_file.sv Line: 32
Warning (176225): Can't pack node register[14][15] to I/O pin File: /home/ecegridfs/a/437mg063/ece437/processors/source/register_file.sv Line: 32
Warning (176225): Can't pack node register[13][15] to I/O pin File: /home/ecegridfs/a/437mg063/ece437/processors/source/register_file.sv Line: 32
Warning (176225): Can't pack node register[12][15] to I/O pin File: /home/ecegridfs/a/437mg063/ece437/processors/source/register_file.sv Line: 32
Warning (176225): Can't pack node register[15][15] to I/O pin File: /home/ecegridfs/a/437mg063/ece437/processors/source/register_file.sv Line: 32
Warning (176225): Can't pack node register[21][16] to I/O pin File: /home/ecegridfs/a/437mg063/ece437/processors/source/register_file.sv Line: 32
Warning (176225): Can't pack node register[17][16] to I/O pin File: /home/ecegridfs/a/437mg063/ece437/processors/source/register_file.sv Line: 32
Warning (176225): Can't pack node register[29][16] to I/O pin File: /home/ecegridfs/a/437mg063/ece437/processors/source/register_file.sv Line: 32
Warning (176225): Can't pack node register[22][16] to I/O pin File: /home/ecegridfs/a/437mg063/ece437/processors/source/register_file.sv Line: 32
Warning (176225): Can't pack node register[26][16] to I/O pin File: /home/ecegridfs/a/437mg063/ece437/processors/source/register_file.sv Line: 32
Warning (176225): Can't pack node register[18][16] to I/O pin File: /home/ecegridfs/a/437mg063/ece437/processors/source/register_file.sv Line: 32
Warning (176225): Can't pack node register[30][16] to I/O pin File: /home/ecegridfs/a/437mg063/ece437/processors/source/register_file.sv Line: 32
Warning (176225): Can't pack node register[20][16] to I/O pin File: /home/ecegridfs/a/437mg063/ece437/processors/source/register_file.sv Line: 32
Warning (176225): Can't pack node register[24][16] to I/O pin File: /home/ecegridfs/a/437mg063/ece437/processors/source/register_file.sv Line: 32
Warning (176225): Can't pack node register[16][16] to I/O pin File: /home/ecegridfs/a/437mg063/ece437/processors/source/register_file.sv Line: 32
Warning (176225): Can't pack node register[28][16] to I/O pin File: /home/ecegridfs/a/437mg063/ece437/processors/source/register_file.sv Line: 32
Warning (176225): Can't pack node register[27][16] to I/O pin File: /home/ecegridfs/a/437mg063/ece437/processors/source/register_file.sv Line: 32
Warning (176225): Can't pack node register[23][16] to I/O pin File: /home/ecegridfs/a/437mg063/ece437/processors/source/register_file.sv Line: 32
Warning (176225): Can't pack node register[19][16] to I/O pin File: /home/ecegridfs/a/437mg063/ece437/processors/source/register_file.sv Line: 32
Warning (176225): Can't pack node register[31][16] to I/O pin File: /home/ecegridfs/a/437mg063/ece437/processors/source/register_file.sv Line: 32
Warning (176225): Can't pack node register[9][16] to I/O pin File: /home/ecegridfs/a/437mg063/ece437/processors/source/register_file.sv Line: 32
Warning (176225): Can't pack node register[10][16] to I/O pin File: /home/ecegridfs/a/437mg063/ece437/processors/source/register_file.sv Line: 32
Warning (176225): Can't pack node register[8][16] to I/O pin File: /home/ecegridfs/a/437mg063/ece437/processors/source/register_file.sv Line: 32
Warning (176225): Can't pack node register[11][16] to I/O pin File: /home/ecegridfs/a/437mg063/ece437/processors/source/register_file.sv Line: 32
Warning (176225): Can't pack node register[6][16] to I/O pin File: /home/ecegridfs/a/437mg063/ece437/processors/source/register_file.sv Line: 32
Warning (176225): Can't pack node register[5][16] to I/O pin File: /home/ecegridfs/a/437mg063/ece437/processors/source/register_file.sv Line: 32
Warning (176225): Can't pack node register[4][16] to I/O pin File: /home/ecegridfs/a/437mg063/ece437/processors/source/register_file.sv Line: 32
Warning (176225): Can't pack node register[7][16] to I/O pin File: /home/ecegridfs/a/437mg063/ece437/processors/source/register_file.sv Line: 32
Warning (176225): Can't pack node register[3][16] to I/O pin File: /home/ecegridfs/a/437mg063/ece437/processors/source/register_file.sv Line: 32
Warning (176225): Can't pack node register[1][16] to I/O pin File: /home/ecegridfs/a/437mg063/ece437/processors/source/register_file.sv Line: 32
Warning (176225): Can't pack node register[2][16] to I/O pin File: /home/ecegridfs/a/437mg063/ece437/processors/source/register_file.sv Line: 32
Warning (176225): Can't pack node register[14][16] to I/O pin File: /home/ecegridfs/a/437mg063/ece437/processors/source/register_file.sv Line: 32
Warning (176225): Can't pack node register[13][16] to I/O pin File: /home/ecegridfs/a/437mg063/ece437/processors/source/register_file.sv Line: 32
Warning (176225): Can't pack node register[12][16] to I/O pin File: /home/ecegridfs/a/437mg063/ece437/processors/source/register_file.sv Line: 32
Warning (176225): Can't pack node register[15][16] to I/O pin File: /home/ecegridfs/a/437mg063/ece437/processors/source/register_file.sv Line: 32
Warning (176225): Can't pack node register[25][17] to I/O pin File: /home/ecegridfs/a/437mg063/ece437/processors/source/register_file.sv Line: 32
Warning (176225): Can't pack node register[17][17] to I/O pin File: /home/ecegridfs/a/437mg063/ece437/processors/source/register_file.sv Line: 32
Warning (176225): Can't pack node register[29][17] to I/O pin File: /home/ecegridfs/a/437mg063/ece437/processors/source/register_file.sv Line: 32
Warning (176225): Can't pack node register[26][17] to I/O pin File: /home/ecegridfs/a/437mg063/ece437/processors/source/register_file.sv Line: 32
Warning (176225): Can't pack node register[22][17] to I/O pin File: /home/ecegridfs/a/437mg063/ece437/processors/source/register_file.sv Line: 32
Warning (176225): Can't pack node register[18][17] to I/O pin File: /home/ecegridfs/a/437mg063/ece437/processors/source/register_file.sv Line: 32
Warning (176225): Can't pack node register[30][17] to I/O pin File: /home/ecegridfs/a/437mg063/ece437/processors/source/register_file.sv Line: 32
Warning (176225): Can't pack node register[24][17] to I/O pin File: /home/ecegridfs/a/437mg063/ece437/processors/source/register_file.sv Line: 32
Warning (176225): Can't pack node register[20][17] to I/O pin File: /home/ecegridfs/a/437mg063/ece437/processors/source/register_file.sv Line: 32
Warning (176225): Can't pack node register[16][17] to I/O pin File: /home/ecegridfs/a/437mg063/ece437/processors/source/register_file.sv Line: 32
Warning (176225): Can't pack node register[28][17] to I/O pin File: /home/ecegridfs/a/437mg063/ece437/processors/source/register_file.sv Line: 32
Warning (176225): Can't pack node register[23][17] to I/O pin File: /home/ecegridfs/a/437mg063/ece437/processors/source/register_file.sv Line: 32
Warning (176225): Can't pack node register[27][17] to I/O pin File: /home/ecegridfs/a/437mg063/ece437/processors/source/register_file.sv Line: 32
Warning (176225): Can't pack node register[19][17] to I/O pin File: /home/ecegridfs/a/437mg063/ece437/processors/source/register_file.sv Line: 32
Warning (176225): Can't pack node register[31][17] to I/O pin File: /home/ecegridfs/a/437mg063/ece437/processors/source/register_file.sv Line: 32
Warning (176225): Can't pack node register[6][17] to I/O pin File: /home/ecegridfs/a/437mg063/ece437/processors/source/register_file.sv Line: 32
Warning (176225): Can't pack node register[5][17] to I/O pin File: /home/ecegridfs/a/437mg063/ece437/processors/source/register_file.sv Line: 32
Warning (176225): Can't pack node register[4][17] to I/O pin File: /home/ecegridfs/a/437mg063/ece437/processors/source/register_file.sv Line: 32
Warning (176225): Can't pack node register[7][17] to I/O pin File: /home/ecegridfs/a/437mg063/ece437/processors/source/register_file.sv Line: 32
Warning (176225): Can't pack node register[9][17] to I/O pin File: /home/ecegridfs/a/437mg063/ece437/processors/source/register_file.sv Line: 32
Warning (176225): Can't pack node register[10][17] to I/O pin File: /home/ecegridfs/a/437mg063/ece437/processors/source/register_file.sv Line: 32
Warning (176225): Can't pack node register[8][17] to I/O pin File: /home/ecegridfs/a/437mg063/ece437/processors/source/register_file.sv Line: 32
Warning (176225): Can't pack node register[11][17] to I/O pin File: /home/ecegridfs/a/437mg063/ece437/processors/source/register_file.sv Line: 32
Warning (176225): Can't pack node register[3][17] to I/O pin File: /home/ecegridfs/a/437mg063/ece437/processors/source/register_file.sv Line: 32
Warning (176225): Can't pack node register[1][17] to I/O pin File: /home/ecegridfs/a/437mg063/ece437/processors/source/register_file.sv Line: 32
Warning (176225): Can't pack node register[2][17] to I/O pin File: /home/ecegridfs/a/437mg063/ece437/processors/source/register_file.sv Line: 32
Warning (176225): Can't pack node register[14][17] to I/O pin File: /home/ecegridfs/a/437mg063/ece437/processors/source/register_file.sv Line: 32
Warning (176225): Can't pack node register[13][17] to I/O pin File: /home/ecegridfs/a/437mg063/ece437/processors/source/register_file.sv Line: 32
Warning (176225): Can't pack node register[12][17] to I/O pin File: /home/ecegridfs/a/437mg063/ece437/processors/source/register_file.sv Line: 32
Warning (176225): Can't pack node register[15][17] to I/O pin File: /home/ecegridfs/a/437mg063/ece437/processors/source/register_file.sv Line: 32
Warning (176225): Can't pack node register[21][18] to I/O pin File: /home/ecegridfs/a/437mg063/ece437/processors/source/register_file.sv Line: 32
Warning (176225): Can't pack node register[17][18] to I/O pin File: /home/ecegridfs/a/437mg063/ece437/processors/source/register_file.sv Line: 32
Warning (176225): Can't pack node register[29][18] to I/O pin File: /home/ecegridfs/a/437mg063/ece437/processors/source/register_file.sv Line: 32
Warning (176225): Can't pack node register[22][18] to I/O pin File: /home/ecegridfs/a/437mg063/ece437/processors/source/register_file.sv Line: 32
Warning (176225): Can't pack node register[26][18] to I/O pin File: /home/ecegridfs/a/437mg063/ece437/processors/source/register_file.sv Line: 32
Warning (176225): Can't pack node register[18][18] to I/O pin File: /home/ecegridfs/a/437mg063/ece437/processors/source/register_file.sv Line: 32
Warning (176225): Can't pack node register[30][18] to I/O pin File: /home/ecegridfs/a/437mg063/ece437/processors/source/register_file.sv Line: 32
Warning (176225): Can't pack node register[20][18] to I/O pin File: /home/ecegridfs/a/437mg063/ece437/processors/source/register_file.sv Line: 32
Warning (176225): Can't pack node register[24][18] to I/O pin File: /home/ecegridfs/a/437mg063/ece437/processors/source/register_file.sv Line: 32
Warning (176225): Can't pack node register[16][18] to I/O pin File: /home/ecegridfs/a/437mg063/ece437/processors/source/register_file.sv Line: 32
Warning (176225): Can't pack node register[28][18] to I/O pin File: /home/ecegridfs/a/437mg063/ece437/processors/source/register_file.sv Line: 32
Warning (176225): Can't pack node register[27][18] to I/O pin File: /home/ecegridfs/a/437mg063/ece437/processors/source/register_file.sv Line: 32
Warning (176225): Can't pack node register[23][18] to I/O pin File: /home/ecegridfs/a/437mg063/ece437/processors/source/register_file.sv Line: 32
Warning (176225): Can't pack node register[19][18] to I/O pin File: /home/ecegridfs/a/437mg063/ece437/processors/source/register_file.sv Line: 32
Warning (176225): Can't pack node register[31][18] to I/O pin File: /home/ecegridfs/a/437mg063/ece437/processors/source/register_file.sv Line: 32
Warning (176225): Can't pack node register[9][18] to I/O pin File: /home/ecegridfs/a/437mg063/ece437/processors/source/register_file.sv Line: 32
Warning (176225): Can't pack node register[10][18] to I/O pin File: /home/ecegridfs/a/437mg063/ece437/processors/source/register_file.sv Line: 32
Warning (176225): Can't pack node register[8][18] to I/O pin File: /home/ecegridfs/a/437mg063/ece437/processors/source/register_file.sv Line: 32
Warning (176225): Can't pack node register[11][18] to I/O pin File: /home/ecegridfs/a/437mg063/ece437/processors/source/register_file.sv Line: 32
Warning (176225): Can't pack node register[6][18] to I/O pin File: /home/ecegridfs/a/437mg063/ece437/processors/source/register_file.sv Line: 32
Warning (176225): Can't pack node register[5][18] to I/O pin File: /home/ecegridfs/a/437mg063/ece437/processors/source/register_file.sv Line: 32
Warning (176225): Can't pack node register[4][18] to I/O pin File: /home/ecegridfs/a/437mg063/ece437/processors/source/register_file.sv Line: 32
Warning (176225): Can't pack node register[7][18] to I/O pin File: /home/ecegridfs/a/437mg063/ece437/processors/source/register_file.sv Line: 32
Warning (176225): Can't pack node register[3][18] to I/O pin File: /home/ecegridfs/a/437mg063/ece437/processors/source/register_file.sv Line: 32
Warning (176225): Can't pack node register[1][18] to I/O pin File: /home/ecegridfs/a/437mg063/ece437/processors/source/register_file.sv Line: 32
Warning (176225): Can't pack node register[2][18] to I/O pin File: /home/ecegridfs/a/437mg063/ece437/processors/source/register_file.sv Line: 32
Warning (176225): Can't pack node register[14][18] to I/O pin File: /home/ecegridfs/a/437mg063/ece437/processors/source/register_file.sv Line: 32
Warning (176225): Can't pack node register[13][18] to I/O pin File: /home/ecegridfs/a/437mg063/ece437/processors/source/register_file.sv Line: 32
Warning (176225): Can't pack node register[12][18] to I/O pin File: /home/ecegridfs/a/437mg063/ece437/processors/source/register_file.sv Line: 32
Warning (176225): Can't pack node register[15][18] to I/O pin File: /home/ecegridfs/a/437mg063/ece437/processors/source/register_file.sv Line: 32
Warning (176225): Can't pack node register[25][19] to I/O pin File: /home/ecegridfs/a/437mg063/ece437/processors/source/register_file.sv Line: 32
Warning (176225): Can't pack node register[17][19] to I/O pin File: /home/ecegridfs/a/437mg063/ece437/processors/source/register_file.sv Line: 32
Warning (176225): Can't pack node register[29][19] to I/O pin File: /home/ecegridfs/a/437mg063/ece437/processors/source/register_file.sv Line: 32
Warning (176225): Can't pack node register[26][19] to I/O pin File: /home/ecegridfs/a/437mg063/ece437/processors/source/register_file.sv Line: 32
Warning (176225): Can't pack node register[22][19] to I/O pin File: /home/ecegridfs/a/437mg063/ece437/processors/source/register_file.sv Line: 32
Warning (176225): Can't pack node register[18][19] to I/O pin File: /home/ecegridfs/a/437mg063/ece437/processors/source/register_file.sv Line: 32
Warning (176225): Can't pack node register[30][19] to I/O pin File: /home/ecegridfs/a/437mg063/ece437/processors/source/register_file.sv Line: 32
Warning (176225): Can't pack node register[24][19] to I/O pin File: /home/ecegridfs/a/437mg063/ece437/processors/source/register_file.sv Line: 32
Warning (176225): Can't pack node register[20][19] to I/O pin File: /home/ecegridfs/a/437mg063/ece437/processors/source/register_file.sv Line: 32
Warning (176225): Can't pack node register[16][19] to I/O pin File: /home/ecegridfs/a/437mg063/ece437/processors/source/register_file.sv Line: 32
Warning (176225): Can't pack node register[28][19] to I/O pin File: /home/ecegridfs/a/437mg063/ece437/processors/source/register_file.sv Line: 32
Warning (176225): Can't pack node register[23][19] to I/O pin File: /home/ecegridfs/a/437mg063/ece437/processors/source/register_file.sv Line: 32
Warning (176225): Can't pack node register[27][19] to I/O pin File: /home/ecegridfs/a/437mg063/ece437/processors/source/register_file.sv Line: 32
Warning (176225): Can't pack node register[19][19] to I/O pin File: /home/ecegridfs/a/437mg063/ece437/processors/source/register_file.sv Line: 32
Warning (176225): Can't pack node register[31][19] to I/O pin File: /home/ecegridfs/a/437mg063/ece437/processors/source/register_file.sv Line: 32
Warning (176225): Can't pack node register[6][19] to I/O pin File: /home/ecegridfs/a/437mg063/ece437/processors/source/register_file.sv Line: 32
Warning (176225): Can't pack node register[5][19] to I/O pin File: /home/ecegridfs/a/437mg063/ece437/processors/source/register_file.sv Line: 32
Warning (176225): Can't pack node register[4][19] to I/O pin File: /home/ecegridfs/a/437mg063/ece437/processors/source/register_file.sv Line: 32
Warning (176225): Can't pack node register[7][19] to I/O pin File: /home/ecegridfs/a/437mg063/ece437/processors/source/register_file.sv Line: 32
Warning (176225): Can't pack node register[9][19] to I/O pin File: /home/ecegridfs/a/437mg063/ece437/processors/source/register_file.sv Line: 32
Warning (176225): Can't pack node register[10][19] to I/O pin File: /home/ecegridfs/a/437mg063/ece437/processors/source/register_file.sv Line: 32
Warning (176225): Can't pack node register[8][19] to I/O pin File: /home/ecegridfs/a/437mg063/ece437/processors/source/register_file.sv Line: 32
Warning (176225): Can't pack node register[11][19] to I/O pin File: /home/ecegridfs/a/437mg063/ece437/processors/source/register_file.sv Line: 32
Warning (176225): Can't pack node register[3][19] to I/O pin File: /home/ecegridfs/a/437mg063/ece437/processors/source/register_file.sv Line: 32
Warning (176225): Can't pack node register[1][19] to I/O pin File: /home/ecegridfs/a/437mg063/ece437/processors/source/register_file.sv Line: 32
Warning (176225): Can't pack node register[2][19] to I/O pin File: /home/ecegridfs/a/437mg063/ece437/processors/source/register_file.sv Line: 32
Warning (176225): Can't pack node register[14][19] to I/O pin File: /home/ecegridfs/a/437mg063/ece437/processors/source/register_file.sv Line: 32
Warning (176225): Can't pack node register[13][19] to I/O pin File: /home/ecegridfs/a/437mg063/ece437/processors/source/register_file.sv Line: 32
Warning (176225): Can't pack node register[12][19] to I/O pin File: /home/ecegridfs/a/437mg063/ece437/processors/source/register_file.sv Line: 32
Warning (176225): Can't pack node register[15][19] to I/O pin File: /home/ecegridfs/a/437mg063/ece437/processors/source/register_file.sv Line: 32
Warning (176225): Can't pack node register[21][20] to I/O pin File: /home/ecegridfs/a/437mg063/ece437/processors/source/register_file.sv Line: 32
Warning (176225): Can't pack node register[17][20] to I/O pin File: /home/ecegridfs/a/437mg063/ece437/processors/source/register_file.sv Line: 32
Warning (176225): Can't pack node register[29][20] to I/O pin File: /home/ecegridfs/a/437mg063/ece437/processors/source/register_file.sv Line: 32
Warning (176225): Can't pack node register[22][20] to I/O pin File: /home/ecegridfs/a/437mg063/ece437/processors/source/register_file.sv Line: 32
Warning (176225): Can't pack node register[26][20] to I/O pin File: /home/ecegridfs/a/437mg063/ece437/processors/source/register_file.sv Line: 32
Warning (176225): Can't pack node register[18][20] to I/O pin File: /home/ecegridfs/a/437mg063/ece437/processors/source/register_file.sv Line: 32
Warning (176225): Can't pack node register[30][20] to I/O pin File: /home/ecegridfs/a/437mg063/ece437/processors/source/register_file.sv Line: 32
Warning (176225): Can't pack node register[20][20] to I/O pin File: /home/ecegridfs/a/437mg063/ece437/processors/source/register_file.sv Line: 32
Warning (176225): Can't pack node register[24][20] to I/O pin File: /home/ecegridfs/a/437mg063/ece437/processors/source/register_file.sv Line: 32
Warning (176225): Can't pack node register[16][20] to I/O pin File: /home/ecegridfs/a/437mg063/ece437/processors/source/register_file.sv Line: 32
Warning (176225): Can't pack node register[28][20] to I/O pin File: /home/ecegridfs/a/437mg063/ece437/processors/source/register_file.sv Line: 32
Warning (176225): Can't pack node register[27][20] to I/O pin File: /home/ecegridfs/a/437mg063/ece437/processors/source/register_file.sv Line: 32
Warning (176225): Can't pack node register[23][20] to I/O pin File: /home/ecegridfs/a/437mg063/ece437/processors/source/register_file.sv Line: 32
Warning (176225): Can't pack node register[19][20] to I/O pin File: /home/ecegridfs/a/437mg063/ece437/processors/source/register_file.sv Line: 32
Warning (176225): Can't pack node register[31][20] to I/O pin File: /home/ecegridfs/a/437mg063/ece437/processors/source/register_file.sv Line: 32
Warning (176225): Can't pack node register[9][20] to I/O pin File: /home/ecegridfs/a/437mg063/ece437/processors/source/register_file.sv Line: 32
Warning (176225): Can't pack node register[10][20] to I/O pin File: /home/ecegridfs/a/437mg063/ece437/processors/source/register_file.sv Line: 32
Warning (176225): Can't pack node register[8][20] to I/O pin File: /home/ecegridfs/a/437mg063/ece437/processors/source/register_file.sv Line: 32
Warning (176225): Can't pack node register[11][20] to I/O pin File: /home/ecegridfs/a/437mg063/ece437/processors/source/register_file.sv Line: 32
Warning (176225): Can't pack node register[6][20] to I/O pin File: /home/ecegridfs/a/437mg063/ece437/processors/source/register_file.sv Line: 32
Warning (176225): Can't pack node register[5][20] to I/O pin File: /home/ecegridfs/a/437mg063/ece437/processors/source/register_file.sv Line: 32
Warning (176225): Can't pack node register[4][20] to I/O pin File: /home/ecegridfs/a/437mg063/ece437/processors/source/register_file.sv Line: 32
Warning (176225): Can't pack node register[7][20] to I/O pin File: /home/ecegridfs/a/437mg063/ece437/processors/source/register_file.sv Line: 32
Warning (176225): Can't pack node register[3][20] to I/O pin File: /home/ecegridfs/a/437mg063/ece437/processors/source/register_file.sv Line: 32
Warning (176225): Can't pack node register[1][20] to I/O pin File: /home/ecegridfs/a/437mg063/ece437/processors/source/register_file.sv Line: 32
Warning (176225): Can't pack node register[2][20] to I/O pin File: /home/ecegridfs/a/437mg063/ece437/processors/source/register_file.sv Line: 32
Warning (176225): Can't pack node register[14][20] to I/O pin File: /home/ecegridfs/a/437mg063/ece437/processors/source/register_file.sv Line: 32
Warning (176225): Can't pack node register[13][20] to I/O pin File: /home/ecegridfs/a/437mg063/ece437/processors/source/register_file.sv Line: 32
Warning (176225): Can't pack node register[12][20] to I/O pin File: /home/ecegridfs/a/437mg063/ece437/processors/source/register_file.sv Line: 32
Warning (176225): Can't pack node register[15][20] to I/O pin File: /home/ecegridfs/a/437mg063/ece437/processors/source/register_file.sv Line: 32
Warning (176225): Can't pack node register[25][21] to I/O pin File: /home/ecegridfs/a/437mg063/ece437/processors/source/register_file.sv Line: 32
Warning (176225): Can't pack node register[17][21] to I/O pin File: /home/ecegridfs/a/437mg063/ece437/processors/source/register_file.sv Line: 32
Warning (176225): Can't pack node register[29][21] to I/O pin File: /home/ecegridfs/a/437mg063/ece437/processors/source/register_file.sv Line: 32
Warning (176225): Can't pack node register[26][21] to I/O pin File: /home/ecegridfs/a/437mg063/ece437/processors/source/register_file.sv Line: 32
Warning (176225): Can't pack node register[22][21] to I/O pin File: /home/ecegridfs/a/437mg063/ece437/processors/source/register_file.sv Line: 32
Warning (176225): Can't pack node register[18][21] to I/O pin File: /home/ecegridfs/a/437mg063/ece437/processors/source/register_file.sv Line: 32
Warning (176225): Can't pack node register[30][21] to I/O pin File: /home/ecegridfs/a/437mg063/ece437/processors/source/register_file.sv Line: 32
Warning (176225): Can't pack node register[24][21] to I/O pin File: /home/ecegridfs/a/437mg063/ece437/processors/source/register_file.sv Line: 32
Warning (176225): Can't pack node register[20][21] to I/O pin File: /home/ecegridfs/a/437mg063/ece437/processors/source/register_file.sv Line: 32
Warning (176225): Can't pack node register[16][21] to I/O pin File: /home/ecegridfs/a/437mg063/ece437/processors/source/register_file.sv Line: 32
Warning (176225): Can't pack node register[28][21] to I/O pin File: /home/ecegridfs/a/437mg063/ece437/processors/source/register_file.sv Line: 32
Warning (176225): Can't pack node register[23][21] to I/O pin File: /home/ecegridfs/a/437mg063/ece437/processors/source/register_file.sv Line: 32
Warning (176225): Can't pack node register[27][21] to I/O pin File: /home/ecegridfs/a/437mg063/ece437/processors/source/register_file.sv Line: 32
Warning (176225): Can't pack node register[19][21] to I/O pin File: /home/ecegridfs/a/437mg063/ece437/processors/source/register_file.sv Line: 32
Warning (176225): Can't pack node register[31][21] to I/O pin File: /home/ecegridfs/a/437mg063/ece437/processors/source/register_file.sv Line: 32
Warning (176225): Can't pack node register[6][21] to I/O pin File: /home/ecegridfs/a/437mg063/ece437/processors/source/register_file.sv Line: 32
Warning (176225): Can't pack node register[5][21] to I/O pin File: /home/ecegridfs/a/437mg063/ece437/processors/source/register_file.sv Line: 32
Warning (176225): Can't pack node register[4][21] to I/O pin File: /home/ecegridfs/a/437mg063/ece437/processors/source/register_file.sv Line: 32
Warning (176225): Can't pack node register[7][21] to I/O pin File: /home/ecegridfs/a/437mg063/ece437/processors/source/register_file.sv Line: 32
Warning (176225): Can't pack node register[9][21] to I/O pin File: /home/ecegridfs/a/437mg063/ece437/processors/source/register_file.sv Line: 32
Warning (176225): Can't pack node register[10][21] to I/O pin File: /home/ecegridfs/a/437mg063/ece437/processors/source/register_file.sv Line: 32
Warning (176225): Can't pack node register[8][21] to I/O pin File: /home/ecegridfs/a/437mg063/ece437/processors/source/register_file.sv Line: 32
Warning (176225): Can't pack node register[11][21] to I/O pin File: /home/ecegridfs/a/437mg063/ece437/processors/source/register_file.sv Line: 32
Warning (176225): Can't pack node register[3][21] to I/O pin File: /home/ecegridfs/a/437mg063/ece437/processors/source/register_file.sv Line: 32
Warning (176225): Can't pack node register[1][21] to I/O pin File: /home/ecegridfs/a/437mg063/ece437/processors/source/register_file.sv Line: 32
Warning (176225): Can't pack node register[2][21] to I/O pin File: /home/ecegridfs/a/437mg063/ece437/processors/source/register_file.sv Line: 32
Warning (176225): Can't pack node register[14][21] to I/O pin File: /home/ecegridfs/a/437mg063/ece437/processors/source/register_file.sv Line: 32
Warning (176225): Can't pack node register[13][21] to I/O pin File: /home/ecegridfs/a/437mg063/ece437/processors/source/register_file.sv Line: 32
Warning (176225): Can't pack node register[12][21] to I/O pin File: /home/ecegridfs/a/437mg063/ece437/processors/source/register_file.sv Line: 32
Warning (176225): Can't pack node register[15][21] to I/O pin File: /home/ecegridfs/a/437mg063/ece437/processors/source/register_file.sv Line: 32
Warning (176225): Can't pack node register[21][22] to I/O pin File: /home/ecegridfs/a/437mg063/ece437/processors/source/register_file.sv Line: 32
Warning (176225): Can't pack node register[17][22] to I/O pin File: /home/ecegridfs/a/437mg063/ece437/processors/source/register_file.sv Line: 32
Warning (176225): Can't pack node register[29][22] to I/O pin File: /home/ecegridfs/a/437mg063/ece437/processors/source/register_file.sv Line: 32
Warning (176225): Can't pack node register[22][22] to I/O pin File: /home/ecegridfs/a/437mg063/ece437/processors/source/register_file.sv Line: 32
Warning (176225): Can't pack node register[26][22] to I/O pin File: /home/ecegridfs/a/437mg063/ece437/processors/source/register_file.sv Line: 32
Warning (176225): Can't pack node register[18][22] to I/O pin File: /home/ecegridfs/a/437mg063/ece437/processors/source/register_file.sv Line: 32
Warning (176225): Can't pack node register[30][22] to I/O pin File: /home/ecegridfs/a/437mg063/ece437/processors/source/register_file.sv Line: 32
Warning (176225): Can't pack node register[20][22] to I/O pin File: /home/ecegridfs/a/437mg063/ece437/processors/source/register_file.sv Line: 32
Warning (176225): Can't pack node register[24][22] to I/O pin File: /home/ecegridfs/a/437mg063/ece437/processors/source/register_file.sv Line: 32
Warning (176225): Can't pack node register[16][22] to I/O pin File: /home/ecegridfs/a/437mg063/ece437/processors/source/register_file.sv Line: 32
Warning (176225): Can't pack node register[28][22] to I/O pin File: /home/ecegridfs/a/437mg063/ece437/processors/source/register_file.sv Line: 32
Warning (176225): Can't pack node register[27][22] to I/O pin File: /home/ecegridfs/a/437mg063/ece437/processors/source/register_file.sv Line: 32
Warning (176225): Can't pack node register[23][22] to I/O pin File: /home/ecegridfs/a/437mg063/ece437/processors/source/register_file.sv Line: 32
Warning (176225): Can't pack node register[19][22] to I/O pin File: /home/ecegridfs/a/437mg063/ece437/processors/source/register_file.sv Line: 32
Warning (176225): Can't pack node register[31][22] to I/O pin File: /home/ecegridfs/a/437mg063/ece437/processors/source/register_file.sv Line: 32
Warning (176225): Can't pack node register[9][22] to I/O pin File: /home/ecegridfs/a/437mg063/ece437/processors/source/register_file.sv Line: 32
Warning (176225): Can't pack node register[10][22] to I/O pin File: /home/ecegridfs/a/437mg063/ece437/processors/source/register_file.sv Line: 32
Warning (176225): Can't pack node register[8][22] to I/O pin File: /home/ecegridfs/a/437mg063/ece437/processors/source/register_file.sv Line: 32
Warning (176225): Can't pack node register[11][22] to I/O pin File: /home/ecegridfs/a/437mg063/ece437/processors/source/register_file.sv Line: 32
Warning (176225): Can't pack node register[6][22] to I/O pin File: /home/ecegridfs/a/437mg063/ece437/processors/source/register_file.sv Line: 32
Warning (176225): Can't pack node register[5][22] to I/O pin File: /home/ecegridfs/a/437mg063/ece437/processors/source/register_file.sv Line: 32
Warning (176225): Can't pack node register[4][22] to I/O pin File: /home/ecegridfs/a/437mg063/ece437/processors/source/register_file.sv Line: 32
Warning (176225): Can't pack node register[7][22] to I/O pin File: /home/ecegridfs/a/437mg063/ece437/processors/source/register_file.sv Line: 32
Warning (176225): Can't pack node register[3][22] to I/O pin File: /home/ecegridfs/a/437mg063/ece437/processors/source/register_file.sv Line: 32
Warning (176225): Can't pack node register[1][22] to I/O pin File: /home/ecegridfs/a/437mg063/ece437/processors/source/register_file.sv Line: 32
Warning (176225): Can't pack node register[2][22] to I/O pin File: /home/ecegridfs/a/437mg063/ece437/processors/source/register_file.sv Line: 32
Warning (176225): Can't pack node register[14][22] to I/O pin File: /home/ecegridfs/a/437mg063/ece437/processors/source/register_file.sv Line: 32
Warning (176225): Can't pack node register[13][22] to I/O pin File: /home/ecegridfs/a/437mg063/ece437/processors/source/register_file.sv Line: 32
Warning (176225): Can't pack node register[12][22] to I/O pin File: /home/ecegridfs/a/437mg063/ece437/processors/source/register_file.sv Line: 32
Warning (176225): Can't pack node register[15][22] to I/O pin File: /home/ecegridfs/a/437mg063/ece437/processors/source/register_file.sv Line: 32
Warning (176225): Can't pack node register[25][23] to I/O pin File: /home/ecegridfs/a/437mg063/ece437/processors/source/register_file.sv Line: 32
Warning (176225): Can't pack node register[17][23] to I/O pin File: /home/ecegridfs/a/437mg063/ece437/processors/source/register_file.sv Line: 32
Warning (176225): Can't pack node register[29][23] to I/O pin File: /home/ecegridfs/a/437mg063/ece437/processors/source/register_file.sv Line: 32
Warning (176225): Can't pack node register[26][23] to I/O pin File: /home/ecegridfs/a/437mg063/ece437/processors/source/register_file.sv Line: 32
Warning (176225): Can't pack node register[22][23] to I/O pin File: /home/ecegridfs/a/437mg063/ece437/processors/source/register_file.sv Line: 32
Warning (176225): Can't pack node register[18][23] to I/O pin File: /home/ecegridfs/a/437mg063/ece437/processors/source/register_file.sv Line: 32
Warning (176225): Can't pack node register[30][23] to I/O pin File: /home/ecegridfs/a/437mg063/ece437/processors/source/register_file.sv Line: 32
Warning (176225): Can't pack node register[24][23] to I/O pin File: /home/ecegridfs/a/437mg063/ece437/processors/source/register_file.sv Line: 32
Warning (176225): Can't pack node register[20][23] to I/O pin File: /home/ecegridfs/a/437mg063/ece437/processors/source/register_file.sv Line: 32
Warning (176225): Can't pack node register[16][23] to I/O pin File: /home/ecegridfs/a/437mg063/ece437/processors/source/register_file.sv Line: 32
Warning (176225): Can't pack node register[28][23] to I/O pin File: /home/ecegridfs/a/437mg063/ece437/processors/source/register_file.sv Line: 32
Warning (176225): Can't pack node register[23][23] to I/O pin File: /home/ecegridfs/a/437mg063/ece437/processors/source/register_file.sv Line: 32
Warning (176225): Can't pack node register[27][23] to I/O pin File: /home/ecegridfs/a/437mg063/ece437/processors/source/register_file.sv Line: 32
Warning (176225): Can't pack node register[19][23] to I/O pin File: /home/ecegridfs/a/437mg063/ece437/processors/source/register_file.sv Line: 32
Warning (176225): Can't pack node register[31][23] to I/O pin File: /home/ecegridfs/a/437mg063/ece437/processors/source/register_file.sv Line: 32
Warning (176225): Can't pack node register[6][23] to I/O pin File: /home/ecegridfs/a/437mg063/ece437/processors/source/register_file.sv Line: 32
Warning (176225): Can't pack node register[5][23] to I/O pin File: /home/ecegridfs/a/437mg063/ece437/processors/source/register_file.sv Line: 32
Warning (176225): Can't pack node register[4][23] to I/O pin File: /home/ecegridfs/a/437mg063/ece437/processors/source/register_file.sv Line: 32
Warning (176225): Can't pack node register[7][23] to I/O pin File: /home/ecegridfs/a/437mg063/ece437/processors/source/register_file.sv Line: 32
Warning (176225): Can't pack node register[9][23] to I/O pin File: /home/ecegridfs/a/437mg063/ece437/processors/source/register_file.sv Line: 32
Warning (176225): Can't pack node register[10][23] to I/O pin File: /home/ecegridfs/a/437mg063/ece437/processors/source/register_file.sv Line: 32
Warning (176225): Can't pack node register[8][23] to I/O pin File: /home/ecegridfs/a/437mg063/ece437/processors/source/register_file.sv Line: 32
Warning (176225): Can't pack node register[11][23] to I/O pin File: /home/ecegridfs/a/437mg063/ece437/processors/source/register_file.sv Line: 32
Warning (176225): Can't pack node register[3][23] to I/O pin File: /home/ecegridfs/a/437mg063/ece437/processors/source/register_file.sv Line: 32
Warning (176225): Can't pack node register[1][23] to I/O pin File: /home/ecegridfs/a/437mg063/ece437/processors/source/register_file.sv Line: 32
Warning (176225): Can't pack node register[2][23] to I/O pin File: /home/ecegridfs/a/437mg063/ece437/processors/source/register_file.sv Line: 32
Warning (176225): Can't pack node register[14][23] to I/O pin File: /home/ecegridfs/a/437mg063/ece437/processors/source/register_file.sv Line: 32
Warning (176225): Can't pack node register[13][23] to I/O pin File: /home/ecegridfs/a/437mg063/ece437/processors/source/register_file.sv Line: 32
Warning (176225): Can't pack node register[12][23] to I/O pin File: /home/ecegridfs/a/437mg063/ece437/processors/source/register_file.sv Line: 32
Warning (176225): Can't pack node register[15][23] to I/O pin File: /home/ecegridfs/a/437mg063/ece437/processors/source/register_file.sv Line: 32
Warning (176225): Can't pack node register[21][24] to I/O pin File: /home/ecegridfs/a/437mg063/ece437/processors/source/register_file.sv Line: 32
Warning (176225): Can't pack node register[17][24] to I/O pin File: /home/ecegridfs/a/437mg063/ece437/processors/source/register_file.sv Line: 32
Warning (176225): Can't pack node register[29][24] to I/O pin File: /home/ecegridfs/a/437mg063/ece437/processors/source/register_file.sv Line: 32
Warning (176225): Can't pack node register[22][24] to I/O pin File: /home/ecegridfs/a/437mg063/ece437/processors/source/register_file.sv Line: 32
Warning (176225): Can't pack node register[26][24] to I/O pin File: /home/ecegridfs/a/437mg063/ece437/processors/source/register_file.sv Line: 32
Warning (176225): Can't pack node register[18][24] to I/O pin File: /home/ecegridfs/a/437mg063/ece437/processors/source/register_file.sv Line: 32
Warning (176225): Can't pack node register[30][24] to I/O pin File: /home/ecegridfs/a/437mg063/ece437/processors/source/register_file.sv Line: 32
Warning (176225): Can't pack node register[20][24] to I/O pin File: /home/ecegridfs/a/437mg063/ece437/processors/source/register_file.sv Line: 32
Warning (176225): Can't pack node register[24][24] to I/O pin File: /home/ecegridfs/a/437mg063/ece437/processors/source/register_file.sv Line: 32
Warning (176225): Can't pack node register[16][24] to I/O pin File: /home/ecegridfs/a/437mg063/ece437/processors/source/register_file.sv Line: 32
Warning (176225): Can't pack node register[28][24] to I/O pin File: /home/ecegridfs/a/437mg063/ece437/processors/source/register_file.sv Line: 32
Warning (176225): Can't pack node register[27][24] to I/O pin File: /home/ecegridfs/a/437mg063/ece437/processors/source/register_file.sv Line: 32
Warning (176225): Can't pack node register[23][24] to I/O pin File: /home/ecegridfs/a/437mg063/ece437/processors/source/register_file.sv Line: 32
Warning (176225): Can't pack node register[19][24] to I/O pin File: /home/ecegridfs/a/437mg063/ece437/processors/source/register_file.sv Line: 32
Warning (176225): Can't pack node register[31][24] to I/O pin File: /home/ecegridfs/a/437mg063/ece437/processors/source/register_file.sv Line: 32
Warning (176225): Can't pack node register[9][24] to I/O pin File: /home/ecegridfs/a/437mg063/ece437/processors/source/register_file.sv Line: 32
Warning (176225): Can't pack node register[10][24] to I/O pin File: /home/ecegridfs/a/437mg063/ece437/processors/source/register_file.sv Line: 32
Warning (176225): Can't pack node register[8][24] to I/O pin File: /home/ecegridfs/a/437mg063/ece437/processors/source/register_file.sv Line: 32
Warning (176225): Can't pack node register[11][24] to I/O pin File: /home/ecegridfs/a/437mg063/ece437/processors/source/register_file.sv Line: 32
Warning (176225): Can't pack node register[6][24] to I/O pin File: /home/ecegridfs/a/437mg063/ece437/processors/source/register_file.sv Line: 32
Warning (176225): Can't pack node register[5][24] to I/O pin File: /home/ecegridfs/a/437mg063/ece437/processors/source/register_file.sv Line: 32
Warning (176225): Can't pack node register[4][24] to I/O pin File: /home/ecegridfs/a/437mg063/ece437/processors/source/register_file.sv Line: 32
Warning (176225): Can't pack node register[7][24] to I/O pin File: /home/ecegridfs/a/437mg063/ece437/processors/source/register_file.sv Line: 32
Warning (176225): Can't pack node register[3][24] to I/O pin File: /home/ecegridfs/a/437mg063/ece437/processors/source/register_file.sv Line: 32
Warning (176225): Can't pack node register[1][24] to I/O pin File: /home/ecegridfs/a/437mg063/ece437/processors/source/register_file.sv Line: 32
Warning (176225): Can't pack node register[2][24] to I/O pin File: /home/ecegridfs/a/437mg063/ece437/processors/source/register_file.sv Line: 32
Warning (176225): Can't pack node register[14][24] to I/O pin File: /home/ecegridfs/a/437mg063/ece437/processors/source/register_file.sv Line: 32
Warning (176225): Can't pack node register[13][24] to I/O pin File: /home/ecegridfs/a/437mg063/ece437/processors/source/register_file.sv Line: 32
Warning (176225): Can't pack node register[12][24] to I/O pin File: /home/ecegridfs/a/437mg063/ece437/processors/source/register_file.sv Line: 32
Warning (176225): Can't pack node register[15][24] to I/O pin File: /home/ecegridfs/a/437mg063/ece437/processors/source/register_file.sv Line: 32
Warning (176225): Can't pack node register[25][25] to I/O pin File: /home/ecegridfs/a/437mg063/ece437/processors/source/register_file.sv Line: 32
Warning (176225): Can't pack node register[17][25] to I/O pin File: /home/ecegridfs/a/437mg063/ece437/processors/source/register_file.sv Line: 32
Warning (176225): Can't pack node register[29][25] to I/O pin File: /home/ecegridfs/a/437mg063/ece437/processors/source/register_file.sv Line: 32
Warning (176225): Can't pack node register[26][25] to I/O pin File: /home/ecegridfs/a/437mg063/ece437/processors/source/register_file.sv Line: 32
Warning (176225): Can't pack node register[22][25] to I/O pin File: /home/ecegridfs/a/437mg063/ece437/processors/source/register_file.sv Line: 32
Warning (176225): Can't pack node register[18][25] to I/O pin File: /home/ecegridfs/a/437mg063/ece437/processors/source/register_file.sv Line: 32
Warning (176225): Can't pack node register[30][25] to I/O pin File: /home/ecegridfs/a/437mg063/ece437/processors/source/register_file.sv Line: 32
Warning (176225): Can't pack node register[24][25] to I/O pin File: /home/ecegridfs/a/437mg063/ece437/processors/source/register_file.sv Line: 32
Warning (176225): Can't pack node register[20][25] to I/O pin File: /home/ecegridfs/a/437mg063/ece437/processors/source/register_file.sv Line: 32
Warning (176225): Can't pack node register[16][25] to I/O pin File: /home/ecegridfs/a/437mg063/ece437/processors/source/register_file.sv Line: 32
Warning (176225): Can't pack node register[28][25] to I/O pin File: /home/ecegridfs/a/437mg063/ece437/processors/source/register_file.sv Line: 32
Warning (176225): Can't pack node register[23][25] to I/O pin File: /home/ecegridfs/a/437mg063/ece437/processors/source/register_file.sv Line: 32
Warning (176225): Can't pack node register[27][25] to I/O pin File: /home/ecegridfs/a/437mg063/ece437/processors/source/register_file.sv Line: 32
Warning (176225): Can't pack node register[19][25] to I/O pin File: /home/ecegridfs/a/437mg063/ece437/processors/source/register_file.sv Line: 32
Warning (176225): Can't pack node register[31][25] to I/O pin File: /home/ecegridfs/a/437mg063/ece437/processors/source/register_file.sv Line: 32
Warning (176225): Can't pack node register[6][25] to I/O pin File: /home/ecegridfs/a/437mg063/ece437/processors/source/register_file.sv Line: 32
Warning (176225): Can't pack node register[5][25] to I/O pin File: /home/ecegridfs/a/437mg063/ece437/processors/source/register_file.sv Line: 32
Warning (176225): Can't pack node register[4][25] to I/O pin File: /home/ecegridfs/a/437mg063/ece437/processors/source/register_file.sv Line: 32
Warning (176225): Can't pack node register[7][25] to I/O pin File: /home/ecegridfs/a/437mg063/ece437/processors/source/register_file.sv Line: 32
Warning (176225): Can't pack node register[9][25] to I/O pin File: /home/ecegridfs/a/437mg063/ece437/processors/source/register_file.sv Line: 32
Warning (176225): Can't pack node register[10][25] to I/O pin File: /home/ecegridfs/a/437mg063/ece437/processors/source/register_file.sv Line: 32
Warning (176225): Can't pack node register[8][25] to I/O pin File: /home/ecegridfs/a/437mg063/ece437/processors/source/register_file.sv Line: 32
Warning (176225): Can't pack node register[11][25] to I/O pin File: /home/ecegridfs/a/437mg063/ece437/processors/source/register_file.sv Line: 32
Warning (176225): Can't pack node register[3][25] to I/O pin File: /home/ecegridfs/a/437mg063/ece437/processors/source/register_file.sv Line: 32
Warning (176225): Can't pack node register[1][25] to I/O pin File: /home/ecegridfs/a/437mg063/ece437/processors/source/register_file.sv Line: 32
Warning (176225): Can't pack node register[2][25] to I/O pin File: /home/ecegridfs/a/437mg063/ece437/processors/source/register_file.sv Line: 32
Warning (176225): Can't pack node register[14][25] to I/O pin File: /home/ecegridfs/a/437mg063/ece437/processors/source/register_file.sv Line: 32
Warning (176225): Can't pack node register[13][25] to I/O pin File: /home/ecegridfs/a/437mg063/ece437/processors/source/register_file.sv Line: 32
Warning (176225): Can't pack node register[12][25] to I/O pin File: /home/ecegridfs/a/437mg063/ece437/processors/source/register_file.sv Line: 32
Warning (176225): Can't pack node register[15][25] to I/O pin File: /home/ecegridfs/a/437mg063/ece437/processors/source/register_file.sv Line: 32
Warning (176225): Can't pack node register[21][26] to I/O pin File: /home/ecegridfs/a/437mg063/ece437/processors/source/register_file.sv Line: 32
Warning (176225): Can't pack node register[17][26] to I/O pin File: /home/ecegridfs/a/437mg063/ece437/processors/source/register_file.sv Line: 32
Warning (176225): Can't pack node register[29][26] to I/O pin File: /home/ecegridfs/a/437mg063/ece437/processors/source/register_file.sv Line: 32
Warning (176225): Can't pack node register[22][26] to I/O pin File: /home/ecegridfs/a/437mg063/ece437/processors/source/register_file.sv Line: 32
Warning (176225): Can't pack node register[26][26] to I/O pin File: /home/ecegridfs/a/437mg063/ece437/processors/source/register_file.sv Line: 32
Warning (176225): Can't pack node register[18][26] to I/O pin File: /home/ecegridfs/a/437mg063/ece437/processors/source/register_file.sv Line: 32
Warning (176225): Can't pack node register[30][26] to I/O pin File: /home/ecegridfs/a/437mg063/ece437/processors/source/register_file.sv Line: 32
Warning (176225): Can't pack node register[20][26] to I/O pin File: /home/ecegridfs/a/437mg063/ece437/processors/source/register_file.sv Line: 32
Warning (176225): Can't pack node register[24][26] to I/O pin File: /home/ecegridfs/a/437mg063/ece437/processors/source/register_file.sv Line: 32
Warning (176225): Can't pack node register[16][26] to I/O pin File: /home/ecegridfs/a/437mg063/ece437/processors/source/register_file.sv Line: 32
Warning (176225): Can't pack node register[28][26] to I/O pin File: /home/ecegridfs/a/437mg063/ece437/processors/source/register_file.sv Line: 32
Warning (176225): Can't pack node register[27][26] to I/O pin File: /home/ecegridfs/a/437mg063/ece437/processors/source/register_file.sv Line: 32
Warning (176225): Can't pack node register[23][26] to I/O pin File: /home/ecegridfs/a/437mg063/ece437/processors/source/register_file.sv Line: 32
Warning (176225): Can't pack node register[19][26] to I/O pin File: /home/ecegridfs/a/437mg063/ece437/processors/source/register_file.sv Line: 32
Warning (176225): Can't pack node register[31][26] to I/O pin File: /home/ecegridfs/a/437mg063/ece437/processors/source/register_file.sv Line: 32
Warning (176225): Can't pack node register[9][26] to I/O pin File: /home/ecegridfs/a/437mg063/ece437/processors/source/register_file.sv Line: 32
Warning (176225): Can't pack node register[10][26] to I/O pin File: /home/ecegridfs/a/437mg063/ece437/processors/source/register_file.sv Line: 32
Warning (176225): Can't pack node register[8][26] to I/O pin File: /home/ecegridfs/a/437mg063/ece437/processors/source/register_file.sv Line: 32
Warning (176225): Can't pack node register[11][26] to I/O pin File: /home/ecegridfs/a/437mg063/ece437/processors/source/register_file.sv Line: 32
Warning (176225): Can't pack node register[6][26] to I/O pin File: /home/ecegridfs/a/437mg063/ece437/processors/source/register_file.sv Line: 32
Warning (176225): Can't pack node register[5][26] to I/O pin File: /home/ecegridfs/a/437mg063/ece437/processors/source/register_file.sv Line: 32
Warning (176225): Can't pack node register[4][26] to I/O pin File: /home/ecegridfs/a/437mg063/ece437/processors/source/register_file.sv Line: 32
Warning (176225): Can't pack node register[7][26] to I/O pin File: /home/ecegridfs/a/437mg063/ece437/processors/source/register_file.sv Line: 32
Warning (176225): Can't pack node register[3][26] to I/O pin File: /home/ecegridfs/a/437mg063/ece437/processors/source/register_file.sv Line: 32
Warning (176225): Can't pack node register[1][26] to I/O pin File: /home/ecegridfs/a/437mg063/ece437/processors/source/register_file.sv Line: 32
Warning (176225): Can't pack node register[2][26] to I/O pin File: /home/ecegridfs/a/437mg063/ece437/processors/source/register_file.sv Line: 32
Warning (176225): Can't pack node register[14][26] to I/O pin File: /home/ecegridfs/a/437mg063/ece437/processors/source/register_file.sv Line: 32
Warning (176225): Can't pack node register[13][26] to I/O pin File: /home/ecegridfs/a/437mg063/ece437/processors/source/register_file.sv Line: 32
Warning (176225): Can't pack node register[12][26] to I/O pin File: /home/ecegridfs/a/437mg063/ece437/processors/source/register_file.sv Line: 32
Warning (176225): Can't pack node register[15][26] to I/O pin File: /home/ecegridfs/a/437mg063/ece437/processors/source/register_file.sv Line: 32
Warning (176225): Can't pack node register[25][27] to I/O pin File: /home/ecegridfs/a/437mg063/ece437/processors/source/register_file.sv Line: 32
Warning (176225): Can't pack node register[17][27] to I/O pin File: /home/ecegridfs/a/437mg063/ece437/processors/source/register_file.sv Line: 32
Warning (176225): Can't pack node register[29][27] to I/O pin File: /home/ecegridfs/a/437mg063/ece437/processors/source/register_file.sv Line: 32
Warning (176225): Can't pack node register[26][27] to I/O pin File: /home/ecegridfs/a/437mg063/ece437/processors/source/register_file.sv Line: 32
Warning (176225): Can't pack node register[22][27] to I/O pin File: /home/ecegridfs/a/437mg063/ece437/processors/source/register_file.sv Line: 32
Warning (176225): Can't pack node register[18][27] to I/O pin File: /home/ecegridfs/a/437mg063/ece437/processors/source/register_file.sv Line: 32
Warning (176225): Can't pack node register[30][27] to I/O pin File: /home/ecegridfs/a/437mg063/ece437/processors/source/register_file.sv Line: 32
Warning (176225): Can't pack node register[24][27] to I/O pin File: /home/ecegridfs/a/437mg063/ece437/processors/source/register_file.sv Line: 32
Warning (176225): Can't pack node register[20][27] to I/O pin File: /home/ecegridfs/a/437mg063/ece437/processors/source/register_file.sv Line: 32
Warning (176225): Can't pack node register[16][27] to I/O pin File: /home/ecegridfs/a/437mg063/ece437/processors/source/register_file.sv Line: 32
Warning (176225): Can't pack node register[28][27] to I/O pin File: /home/ecegridfs/a/437mg063/ece437/processors/source/register_file.sv Line: 32
Warning (176225): Can't pack node register[23][27] to I/O pin File: /home/ecegridfs/a/437mg063/ece437/processors/source/register_file.sv Line: 32
Warning (176225): Can't pack node register[27][27] to I/O pin File: /home/ecegridfs/a/437mg063/ece437/processors/source/register_file.sv Line: 32
Warning (176225): Can't pack node register[19][27] to I/O pin File: /home/ecegridfs/a/437mg063/ece437/processors/source/register_file.sv Line: 32
Warning (176225): Can't pack node register[31][27] to I/O pin File: /home/ecegridfs/a/437mg063/ece437/processors/source/register_file.sv Line: 32
Warning (176225): Can't pack node register[6][27] to I/O pin File: /home/ecegridfs/a/437mg063/ece437/processors/source/register_file.sv Line: 32
Warning (176225): Can't pack node register[5][27] to I/O pin File: /home/ecegridfs/a/437mg063/ece437/processors/source/register_file.sv Line: 32
Warning (176225): Can't pack node register[4][27] to I/O pin File: /home/ecegridfs/a/437mg063/ece437/processors/source/register_file.sv Line: 32
Warning (176225): Can't pack node register[7][27] to I/O pin File: /home/ecegridfs/a/437mg063/ece437/processors/source/register_file.sv Line: 32
Warning (176225): Can't pack node register[9][27] to I/O pin File: /home/ecegridfs/a/437mg063/ece437/processors/source/register_file.sv Line: 32
Warning (176225): Can't pack node register[10][27] to I/O pin File: /home/ecegridfs/a/437mg063/ece437/processors/source/register_file.sv Line: 32
Warning (176225): Can't pack node register[8][27] to I/O pin File: /home/ecegridfs/a/437mg063/ece437/processors/source/register_file.sv Line: 32
Warning (176225): Can't pack node register[11][27] to I/O pin File: /home/ecegridfs/a/437mg063/ece437/processors/source/register_file.sv Line: 32
Warning (176225): Can't pack node register[3][27] to I/O pin File: /home/ecegridfs/a/437mg063/ece437/processors/source/register_file.sv Line: 32
Warning (176225): Can't pack node register[1][27] to I/O pin File: /home/ecegridfs/a/437mg063/ece437/processors/source/register_file.sv Line: 32
Warning (176225): Can't pack node register[2][27] to I/O pin File: /home/ecegridfs/a/437mg063/ece437/processors/source/register_file.sv Line: 32
Warning (176225): Can't pack node register[14][27] to I/O pin File: /home/ecegridfs/a/437mg063/ece437/processors/source/register_file.sv Line: 32
Warning (176225): Can't pack node register[13][27] to I/O pin File: /home/ecegridfs/a/437mg063/ece437/processors/source/register_file.sv Line: 32
Warning (176225): Can't pack node register[12][27] to I/O pin File: /home/ecegridfs/a/437mg063/ece437/processors/source/register_file.sv Line: 32
Warning (176225): Can't pack node register[15][27] to I/O pin File: /home/ecegridfs/a/437mg063/ece437/processors/source/register_file.sv Line: 32
Warning (176225): Can't pack node register[21][28] to I/O pin File: /home/ecegridfs/a/437mg063/ece437/processors/source/register_file.sv Line: 32
Warning (176225): Can't pack node register[17][28] to I/O pin File: /home/ecegridfs/a/437mg063/ece437/processors/source/register_file.sv Line: 32
Warning (176225): Can't pack node register[29][28] to I/O pin File: /home/ecegridfs/a/437mg063/ece437/processors/source/register_file.sv Line: 32
Warning (176225): Can't pack node register[22][28] to I/O pin File: /home/ecegridfs/a/437mg063/ece437/processors/source/register_file.sv Line: 32
Warning (176225): Can't pack node register[26][28] to I/O pin File: /home/ecegridfs/a/437mg063/ece437/processors/source/register_file.sv Line: 32
Warning (176225): Can't pack node register[18][28] to I/O pin File: /home/ecegridfs/a/437mg063/ece437/processors/source/register_file.sv Line: 32
Warning (176225): Can't pack node register[30][28] to I/O pin File: /home/ecegridfs/a/437mg063/ece437/processors/source/register_file.sv Line: 32
Warning (176225): Can't pack node register[20][28] to I/O pin File: /home/ecegridfs/a/437mg063/ece437/processors/source/register_file.sv Line: 32
Warning (176225): Can't pack node register[24][28] to I/O pin File: /home/ecegridfs/a/437mg063/ece437/processors/source/register_file.sv Line: 32
Warning (176225): Can't pack node register[16][28] to I/O pin File: /home/ecegridfs/a/437mg063/ece437/processors/source/register_file.sv Line: 32
Warning (176225): Can't pack node register[28][28] to I/O pin File: /home/ecegridfs/a/437mg063/ece437/processors/source/register_file.sv Line: 32
Warning (176225): Can't pack node register[27][28] to I/O pin File: /home/ecegridfs/a/437mg063/ece437/processors/source/register_file.sv Line: 32
Warning (176225): Can't pack node register[23][28] to I/O pin File: /home/ecegridfs/a/437mg063/ece437/processors/source/register_file.sv Line: 32
Warning (176225): Can't pack node register[19][28] to I/O pin File: /home/ecegridfs/a/437mg063/ece437/processors/source/register_file.sv Line: 32
Warning (176225): Can't pack node register[31][28] to I/O pin File: /home/ecegridfs/a/437mg063/ece437/processors/source/register_file.sv Line: 32
Warning (176225): Can't pack node register[9][28] to I/O pin File: /home/ecegridfs/a/437mg063/ece437/processors/source/register_file.sv Line: 32
Warning (176225): Can't pack node register[10][28] to I/O pin File: /home/ecegridfs/a/437mg063/ece437/processors/source/register_file.sv Line: 32
Warning (176225): Can't pack node register[8][28] to I/O pin File: /home/ecegridfs/a/437mg063/ece437/processors/source/register_file.sv Line: 32
Warning (176225): Can't pack node register[11][28] to I/O pin File: /home/ecegridfs/a/437mg063/ece437/processors/source/register_file.sv Line: 32
Warning (176225): Can't pack node register[6][28] to I/O pin File: /home/ecegridfs/a/437mg063/ece437/processors/source/register_file.sv Line: 32
Warning (176225): Can't pack node register[5][28] to I/O pin File: /home/ecegridfs/a/437mg063/ece437/processors/source/register_file.sv Line: 32
Warning (176225): Can't pack node register[4][28] to I/O pin File: /home/ecegridfs/a/437mg063/ece437/processors/source/register_file.sv Line: 32
Warning (176225): Can't pack node register[7][28] to I/O pin File: /home/ecegridfs/a/437mg063/ece437/processors/source/register_file.sv Line: 32
Warning (176225): Can't pack node register[3][28] to I/O pin File: /home/ecegridfs/a/437mg063/ece437/processors/source/register_file.sv Line: 32
Warning (176225): Can't pack node register[1][28] to I/O pin File: /home/ecegridfs/a/437mg063/ece437/processors/source/register_file.sv Line: 32
Warning (176225): Can't pack node register[2][28] to I/O pin File: /home/ecegridfs/a/437mg063/ece437/processors/source/register_file.sv Line: 32
Warning (176225): Can't pack node register[14][28] to I/O pin File: /home/ecegridfs/a/437mg063/ece437/processors/source/register_file.sv Line: 32
Warning (176225): Can't pack node register[13][28] to I/O pin File: /home/ecegridfs/a/437mg063/ece437/processors/source/register_file.sv Line: 32
Warning (176225): Can't pack node register[12][28] to I/O pin File: /home/ecegridfs/a/437mg063/ece437/processors/source/register_file.sv Line: 32
Warning (176225): Can't pack node register[15][28] to I/O pin File: /home/ecegridfs/a/437mg063/ece437/processors/source/register_file.sv Line: 32
Warning (176225): Can't pack node register[25][29] to I/O pin File: /home/ecegridfs/a/437mg063/ece437/processors/source/register_file.sv Line: 32
Warning (176225): Can't pack node register[17][29] to I/O pin File: /home/ecegridfs/a/437mg063/ece437/processors/source/register_file.sv Line: 32
Warning (176225): Can't pack node register[29][29] to I/O pin File: /home/ecegridfs/a/437mg063/ece437/processors/source/register_file.sv Line: 32
Warning (176225): Can't pack node register[26][29] to I/O pin File: /home/ecegridfs/a/437mg063/ece437/processors/source/register_file.sv Line: 32
Warning (176225): Can't pack node register[22][29] to I/O pin File: /home/ecegridfs/a/437mg063/ece437/processors/source/register_file.sv Line: 32
Warning (176225): Can't pack node register[18][29] to I/O pin File: /home/ecegridfs/a/437mg063/ece437/processors/source/register_file.sv Line: 32
Warning (176225): Can't pack node register[30][29] to I/O pin File: /home/ecegridfs/a/437mg063/ece437/processors/source/register_file.sv Line: 32
Warning (176225): Can't pack node register[24][29] to I/O pin File: /home/ecegridfs/a/437mg063/ece437/processors/source/register_file.sv Line: 32
Warning (176225): Can't pack node register[20][29] to I/O pin File: /home/ecegridfs/a/437mg063/ece437/processors/source/register_file.sv Line: 32
Warning (176225): Can't pack node register[16][29] to I/O pin File: /home/ecegridfs/a/437mg063/ece437/processors/source/register_file.sv Line: 32
Warning (176225): Can't pack node register[28][29] to I/O pin File: /home/ecegridfs/a/437mg063/ece437/processors/source/register_file.sv Line: 32
Warning (176225): Can't pack node register[23][29] to I/O pin File: /home/ecegridfs/a/437mg063/ece437/processors/source/register_file.sv Line: 32
Warning (176225): Can't pack node register[27][29] to I/O pin File: /home/ecegridfs/a/437mg063/ece437/processors/source/register_file.sv Line: 32
Warning (176225): Can't pack node register[19][29] to I/O pin File: /home/ecegridfs/a/437mg063/ece437/processors/source/register_file.sv Line: 32
Warning (176225): Can't pack node register[31][29] to I/O pin File: /home/ecegridfs/a/437mg063/ece437/processors/source/register_file.sv Line: 32
Warning (176225): Can't pack node register[6][29] to I/O pin File: /home/ecegridfs/a/437mg063/ece437/processors/source/register_file.sv Line: 32
Warning (176225): Can't pack node register[5][29] to I/O pin File: /home/ecegridfs/a/437mg063/ece437/processors/source/register_file.sv Line: 32
Warning (176225): Can't pack node register[4][29] to I/O pin File: /home/ecegridfs/a/437mg063/ece437/processors/source/register_file.sv Line: 32
Warning (176225): Can't pack node register[7][29] to I/O pin File: /home/ecegridfs/a/437mg063/ece437/processors/source/register_file.sv Line: 32
Warning (176225): Can't pack node register[9][29] to I/O pin File: /home/ecegridfs/a/437mg063/ece437/processors/source/register_file.sv Line: 32
Warning (176225): Can't pack node register[10][29] to I/O pin File: /home/ecegridfs/a/437mg063/ece437/processors/source/register_file.sv Line: 32
Warning (176225): Can't pack node register[8][29] to I/O pin File: /home/ecegridfs/a/437mg063/ece437/processors/source/register_file.sv Line: 32
Warning (176225): Can't pack node register[11][29] to I/O pin File: /home/ecegridfs/a/437mg063/ece437/processors/source/register_file.sv Line: 32
Warning (176225): Can't pack node register[3][29] to I/O pin File: /home/ecegridfs/a/437mg063/ece437/processors/source/register_file.sv Line: 32
Warning (176225): Can't pack node register[1][29] to I/O pin File: /home/ecegridfs/a/437mg063/ece437/processors/source/register_file.sv Line: 32
Warning (176225): Can't pack node register[2][29] to I/O pin File: /home/ecegridfs/a/437mg063/ece437/processors/source/register_file.sv Line: 32
Warning (176225): Can't pack node register[14][29] to I/O pin File: /home/ecegridfs/a/437mg063/ece437/processors/source/register_file.sv Line: 32
Warning (176225): Can't pack node register[13][29] to I/O pin File: /home/ecegridfs/a/437mg063/ece437/processors/source/register_file.sv Line: 32
Warning (176225): Can't pack node register[12][29] to I/O pin File: /home/ecegridfs/a/437mg063/ece437/processors/source/register_file.sv Line: 32
Warning (176225): Can't pack node register[15][29] to I/O pin File: /home/ecegridfs/a/437mg063/ece437/processors/source/register_file.sv Line: 32
Warning (176225): Can't pack node register[21][30] to I/O pin File: /home/ecegridfs/a/437mg063/ece437/processors/source/register_file.sv Line: 32
Warning (176225): Can't pack node register[17][30] to I/O pin File: /home/ecegridfs/a/437mg063/ece437/processors/source/register_file.sv Line: 32
Warning (176225): Can't pack node register[29][30] to I/O pin File: /home/ecegridfs/a/437mg063/ece437/processors/source/register_file.sv Line: 32
Warning (176225): Can't pack node register[22][30] to I/O pin File: /home/ecegridfs/a/437mg063/ece437/processors/source/register_file.sv Line: 32
Warning (176225): Can't pack node register[26][30] to I/O pin File: /home/ecegridfs/a/437mg063/ece437/processors/source/register_file.sv Line: 32
Warning (176225): Can't pack node register[18][30] to I/O pin File: /home/ecegridfs/a/437mg063/ece437/processors/source/register_file.sv Line: 32
Warning (176225): Can't pack node register[30][30] to I/O pin File: /home/ecegridfs/a/437mg063/ece437/processors/source/register_file.sv Line: 32
Warning (176225): Can't pack node register[20][30] to I/O pin File: /home/ecegridfs/a/437mg063/ece437/processors/source/register_file.sv Line: 32
Warning (176225): Can't pack node register[24][30] to I/O pin File: /home/ecegridfs/a/437mg063/ece437/processors/source/register_file.sv Line: 32
Warning (176225): Can't pack node register[16][30] to I/O pin File: /home/ecegridfs/a/437mg063/ece437/processors/source/register_file.sv Line: 32
Warning (176225): Can't pack node register[28][30] to I/O pin File: /home/ecegridfs/a/437mg063/ece437/processors/source/register_file.sv Line: 32
Warning (176225): Can't pack node register[27][30] to I/O pin File: /home/ecegridfs/a/437mg063/ece437/processors/source/register_file.sv Line: 32
Warning (176225): Can't pack node register[23][30] to I/O pin File: /home/ecegridfs/a/437mg063/ece437/processors/source/register_file.sv Line: 32
Warning (176225): Can't pack node register[19][30] to I/O pin File: /home/ecegridfs/a/437mg063/ece437/processors/source/register_file.sv Line: 32
Warning (176225): Can't pack node register[31][30] to I/O pin File: /home/ecegridfs/a/437mg063/ece437/processors/source/register_file.sv Line: 32
Warning (176225): Can't pack node register[9][30] to I/O pin File: /home/ecegridfs/a/437mg063/ece437/processors/source/register_file.sv Line: 32
Warning (176225): Can't pack node register[10][30] to I/O pin File: /home/ecegridfs/a/437mg063/ece437/processors/source/register_file.sv Line: 32
Warning (176225): Can't pack node register[8][30] to I/O pin File: /home/ecegridfs/a/437mg063/ece437/processors/source/register_file.sv Line: 32
Warning (176225): Can't pack node register[11][30] to I/O pin File: /home/ecegridfs/a/437mg063/ece437/processors/source/register_file.sv Line: 32
Warning (176225): Can't pack node register[6][30] to I/O pin File: /home/ecegridfs/a/437mg063/ece437/processors/source/register_file.sv Line: 32
Warning (176225): Can't pack node register[5][30] to I/O pin File: /home/ecegridfs/a/437mg063/ece437/processors/source/register_file.sv Line: 32
Warning (176225): Can't pack node register[4][30] to I/O pin File: /home/ecegridfs/a/437mg063/ece437/processors/source/register_file.sv Line: 32
Warning (176225): Can't pack node register[7][30] to I/O pin File: /home/ecegridfs/a/437mg063/ece437/processors/source/register_file.sv Line: 32
Warning (176225): Can't pack node register[3][30] to I/O pin File: /home/ecegridfs/a/437mg063/ece437/processors/source/register_file.sv Line: 32
Warning (176225): Can't pack node register[1][30] to I/O pin File: /home/ecegridfs/a/437mg063/ece437/processors/source/register_file.sv Line: 32
Warning (176225): Can't pack node register[2][30] to I/O pin File: /home/ecegridfs/a/437mg063/ece437/processors/source/register_file.sv Line: 32
Warning (176225): Can't pack node register[14][30] to I/O pin File: /home/ecegridfs/a/437mg063/ece437/processors/source/register_file.sv Line: 32
Warning (176225): Can't pack node register[13][30] to I/O pin File: /home/ecegridfs/a/437mg063/ece437/processors/source/register_file.sv Line: 32
Warning (176225): Can't pack node register[12][30] to I/O pin File: /home/ecegridfs/a/437mg063/ece437/processors/source/register_file.sv Line: 32
Warning (176225): Can't pack node register[15][30] to I/O pin File: /home/ecegridfs/a/437mg063/ece437/processors/source/register_file.sv Line: 32
Warning (176225): Can't pack node register[25][31] to I/O pin File: /home/ecegridfs/a/437mg063/ece437/processors/source/register_file.sv Line: 32
Warning (176225): Can't pack node register[17][31] to I/O pin File: /home/ecegridfs/a/437mg063/ece437/processors/source/register_file.sv Line: 32
Warning (176225): Can't pack node register[29][31] to I/O pin File: /home/ecegridfs/a/437mg063/ece437/processors/source/register_file.sv Line: 32
Warning (176225): Can't pack node register[26][31] to I/O pin File: /home/ecegridfs/a/437mg063/ece437/processors/source/register_file.sv Line: 32
Warning (176225): Can't pack node register[22][31] to I/O pin File: /home/ecegridfs/a/437mg063/ece437/processors/source/register_file.sv Line: 32
Warning (176225): Can't pack node register[18][31] to I/O pin File: /home/ecegridfs/a/437mg063/ece437/processors/source/register_file.sv Line: 32
Warning (176225): Can't pack node register[30][31] to I/O pin File: /home/ecegridfs/a/437mg063/ece437/processors/source/register_file.sv Line: 32
Warning (176225): Can't pack node register[24][31] to I/O pin File: /home/ecegridfs/a/437mg063/ece437/processors/source/register_file.sv Line: 32
Warning (176225): Can't pack node register[20][31] to I/O pin File: /home/ecegridfs/a/437mg063/ece437/processors/source/register_file.sv Line: 32
Warning (176225): Can't pack node register[16][31] to I/O pin File: /home/ecegridfs/a/437mg063/ece437/processors/source/register_file.sv Line: 32
Warning (176225): Can't pack node register[28][31] to I/O pin File: /home/ecegridfs/a/437mg063/ece437/processors/source/register_file.sv Line: 32
Warning (176225): Can't pack node register[23][31] to I/O pin File: /home/ecegridfs/a/437mg063/ece437/processors/source/register_file.sv Line: 32
Warning (176225): Can't pack node register[27][31] to I/O pin File: /home/ecegridfs/a/437mg063/ece437/processors/source/register_file.sv Line: 32
Warning (176225): Can't pack node register[19][31] to I/O pin File: /home/ecegridfs/a/437mg063/ece437/processors/source/register_file.sv Line: 32
Warning (176225): Can't pack node register[31][31] to I/O pin File: /home/ecegridfs/a/437mg063/ece437/processors/source/register_file.sv Line: 32
Warning (176225): Can't pack node register[6][31] to I/O pin File: /home/ecegridfs/a/437mg063/ece437/processors/source/register_file.sv Line: 32
Warning (176225): Can't pack node register[5][31] to I/O pin File: /home/ecegridfs/a/437mg063/ece437/processors/source/register_file.sv Line: 32
Warning (176225): Can't pack node register[4][31] to I/O pin File: /home/ecegridfs/a/437mg063/ece437/processors/source/register_file.sv Line: 32
Warning (176225): Can't pack node register[7][31] to I/O pin File: /home/ecegridfs/a/437mg063/ece437/processors/source/register_file.sv Line: 32
Warning (176225): Can't pack node register[9][31] to I/O pin File: /home/ecegridfs/a/437mg063/ece437/processors/source/register_file.sv Line: 32
Warning (176225): Can't pack node register[10][31] to I/O pin File: /home/ecegridfs/a/437mg063/ece437/processors/source/register_file.sv Line: 32
Warning (176225): Can't pack node register[8][31] to I/O pin File: /home/ecegridfs/a/437mg063/ece437/processors/source/register_file.sv Line: 32
Warning (176225): Can't pack node register[11][31] to I/O pin File: /home/ecegridfs/a/437mg063/ece437/processors/source/register_file.sv Line: 32
Warning (176225): Can't pack node register[3][31] to I/O pin File: /home/ecegridfs/a/437mg063/ece437/processors/source/register_file.sv Line: 32
Warning (176225): Can't pack node register[1][31] to I/O pin File: /home/ecegridfs/a/437mg063/ece437/processors/source/register_file.sv Line: 32
Warning (176225): Can't pack node register[2][31] to I/O pin File: /home/ecegridfs/a/437mg063/ece437/processors/source/register_file.sv Line: 32
Warning (176225): Can't pack node register[14][31] to I/O pin File: /home/ecegridfs/a/437mg063/ece437/processors/source/register_file.sv Line: 32
Warning (176225): Can't pack node register[13][31] to I/O pin File: /home/ecegridfs/a/437mg063/ece437/processors/source/register_file.sv Line: 32
Warning (176225): Can't pack node register[12][31] to I/O pin File: /home/ecegridfs/a/437mg063/ece437/processors/source/register_file.sv Line: 32
Warning (176225): Can't pack node register[15][31] to I/O pin File: /home/ecegridfs/a/437mg063/ece437/processors/source/register_file.sv Line: 32
Warning (176250): Ignoring invalid fast I/O register assignments. See the Ignored Assignments panel in the Fitter Compilation Report for more information.
Warning (176251): Ignoring some wildcard destinations of fast I/O register assignments
    Info (176252): Wildcard assignment "Fast Input Register=ON" to "*" matches multiple destination nodes -- some destinations are not valid targets for this assignment
Info (176235): Finished register packing
    Extra Info (176218): Packed 32 registers into blocks of type I/O Input Buffer
Info (176214): Statistics of I/O pins that need to be placed that use the same VCCIO and VREF, before I/O pin placement
    Info (176211): Number of I/O pins in group: 112 (unused VREF, 2.5V VCCIO, 48 input, 64 output, 0 bidirectional)
        Info (176212): I/O standards used: 2.5 V.
Info (176215): I/O bank details before I/O pin placement
    Info (176214): Statistics of I/O banks
        Info (176213): I/O bank number 1 does not use VREF pins and has undetermined VCCIO pins. 5 total pin(s) used --  51 pins available
        Info (176213): I/O bank number 2 does not use VREF pins and has undetermined VCCIO pins. 1 total pin(s) used --  62 pins available
        Info (176213): I/O bank number 3 does not use VREF pins and has undetermined VCCIO pins. 0 total pin(s) used --  73 pins available
        Info (176213): I/O bank number 4 does not use VREF pins and has undetermined VCCIO pins. 0 total pin(s) used --  71 pins available
        Info (176213): I/O bank number 5 does not use VREF pins and has undetermined VCCIO pins. 0 total pin(s) used --  65 pins available
        Info (176213): I/O bank number 6 does not use VREF pins and has undetermined VCCIO pins. 0 total pin(s) used --  58 pins available
        Info (176213): I/O bank number 7 does not use VREF pins and has undetermined VCCIO pins. 0 total pin(s) used --  72 pins available
        Info (176213): I/O bank number 8 does not use VREF pins and has undetermined VCCIO pins. 0 total pin(s) used --  71 pins available
Warning (15705): Ignored locations or region assignments to the following nodes
    Warning (15706): Node "AUD_ADCDAT" is assigned to location or region, but does not exist in design
    Warning (15706): Node "AUD_ADCLRCK" is assigned to location or region, but does not exist in design
    Warning (15706): Node "AUD_BCLK" is assigned to location or region, but does not exist in design
    Warning (15706): Node "AUD_DACDAT" is assigned to location or region, but does not exist in design
    Warning (15706): Node "AUD_DACLRCK" is assigned to location or region, but does not exist in design
    Warning (15706): Node "AUD_XCK" is assigned to location or region, but does not exist in design
    Warning (15706): Node "CLOCK2_50" is assigned to location or region, but does not exist in design
    Warning (15706): Node "CLOCK3_50" is assigned to location or region, but does not exist in design
    Warning (15706): Node "CLOCK_50" is assigned to location or region, but does not exist in design
    Warning (15706): Node "DRAM_ADDR[0]" is assigned to location or region, but does not exist in design
    Warning (15706): Node "DRAM_ADDR[10]" is assigned to location or region, but does not exist in design
    Warning (15706): Node "DRAM_ADDR[11]" is assigned to location or region, but does not exist in design
    Warning (15706): Node "DRAM_ADDR[12]" is assigned to location or region, but does not exist in design
    Warning (15706): Node "DRAM_ADDR[1]" is assigned to location or region, but does not exist in design
    Warning (15706): Node "DRAM_ADDR[2]" is assigned to location or region, but does not exist in design
    Warning (15706): Node "DRAM_ADDR[3]" is assigned to location or region, but does not exist in design
    Warning (15706): Node "DRAM_ADDR[4]" is assigned to location or region, but does not exist in design
    Warning (15706): Node "DRAM_ADDR[5]" is assigned to location or region, but does not exist in design
    Warning (15706): Node "DRAM_ADDR[6]" is assigned to location or region, but does not exist in design
    Warning (15706): Node "DRAM_ADDR[7]" is assigned to location or region, but does not exist in design
    Warning (15706): Node "DRAM_ADDR[8]" is assigned to location or region, but does not exist in design
    Warning (15706): Node "DRAM_ADDR[9]" is assigned to location or region, but does not exist in design
    Warning (15706): Node "DRAM_BA[0]" is assigned to location or region, but does not exist in design
    Warning (15706): Node "DRAM_BA[1]" is assigned to location or region, but does not exist in design
    Warning (15706): Node "DRAM_CAS_N" is assigned to location or region, but does not exist in design
    Warning (15706): Node "DRAM_CKE" is assigned to location or region, but does not exist in design
    Warning (15706): Node "DRAM_CLK" is assigned to location or region, but does not exist in design
    Warning (15706): Node "DRAM_CS_N" is assigned to location or region, but does not exist in design
    Warning (15706): Node "DRAM_DQM[0]" is assigned to location or region, but does not exist in design
    Warning (15706): Node "DRAM_DQM[1]" is assigned to location or region, but does not exist in design
    Warning (15706): Node "DRAM_DQM[2]" is assigned to location or region, but does not exist in design
    Warning (15706): Node "DRAM_DQM[3]" is assigned to location or region, but does not exist in design
    Warning (15706): Node "DRAM_DQ[0]" is assigned to location or region, but does not exist in design
    Warning (15706): Node "DRAM_DQ[10]" is assigned to location or region, but does not exist in design
    Warning (15706): Node "DRAM_DQ[11]" is assigned to location or region, but does not exist in design
    Warning (15706): Node "DRAM_DQ[12]" is assigned to location or region, but does not exist in design
    Warning (15706): Node "DRAM_DQ[13]" is assigned to location or region, but does not exist in design
    Warning (15706): Node "DRAM_DQ[14]" is assigned to location or region, but does not exist in design
    Warning (15706): Node "DRAM_DQ[15]" is assigned to location or region, but does not exist in design
    Warning (15706): Node "DRAM_DQ[16]" is assigned to location or region, but does not exist in design
    Warning (15706): Node "DRAM_DQ[17]" is assigned to location or region, but does not exist in design
    Warning (15706): Node "DRAM_DQ[18]" is assigned to location or region, but does not exist in design
    Warning (15706): Node "DRAM_DQ[19]" is assigned to location or region, but does not exist in design
    Warning (15706): Node "DRAM_DQ[1]" is assigned to location or region, but does not exist in design
    Warning (15706): Node "DRAM_DQ[20]" is assigned to location or region, but does not exist in design
    Warning (15706): Node "DRAM_DQ[21]" is assigned to location or region, but does not exist in design
    Warning (15706): Node "DRAM_DQ[22]" is assigned to location or region, but does not exist in design
    Warning (15706): Node "DRAM_DQ[23]" is assigned to location or region, but does not exist in design
    Warning (15706): Node "DRAM_DQ[24]" is assigned to location or region, but does not exist in design
    Warning (15706): Node "DRAM_DQ[25]" is assigned to location or region, but does not exist in design
    Warning (15706): Node "DRAM_DQ[26]" is assigned to location or region, but does not exist in design
    Warning (15706): Node "DRAM_DQ[27]" is assigned to location or region, but does not exist in design
    Warning (15706): Node "DRAM_DQ[28]" is assigned to location or region, but does not exist in design
    Warning (15706): Node "DRAM_DQ[29]" is assigned to location or region, but does not exist in design
    Warning (15706): Node "DRAM_DQ[2]" is assigned to location or region, but does not exist in design
    Warning (15706): Node "DRAM_DQ[30]" is assigned to location or region, but does not exist in design
    Warning (15706): Node "DRAM_DQ[31]" is assigned to location or region, but does not exist in design
    Warning (15706): Node "DRAM_DQ[3]" is assigned to location or region, but does not exist in design
    Warning (15706): Node "DRAM_DQ[4]" is assigned to location or region, but does not exist in design
    Warning (15706): Node "DRAM_DQ[5]" is assigned to location or region, but does not exist in design
    Warning (15706): Node "DRAM_DQ[6]" is assigned to location or region, but does not exist in design
    Warning (15706): Node "DRAM_DQ[7]" is assigned to location or region, but does not exist in design
    Warning (15706): Node "DRAM_DQ[8]" is assigned to location or region, but does not exist in design
    Warning (15706): Node "DRAM_DQ[9]" is assigned to location or region, but does not exist in design
    Warning (15706): Node "DRAM_RAS_N" is assigned to location or region, but does not exist in design
    Warning (15706): Node "DRAM_WE_N" is assigned to location or region, but does not exist in design
    Warning (15706): Node "EEP_I2C_SCLK" is assigned to location or region, but does not exist in design
    Warning (15706): Node "EEP_I2C_SDAT" is assigned to location or region, but does not exist in design
    Warning (15706): Node "ENET0_GTX_CLK" is assigned to location or region, but does not exist in design
    Warning (15706): Node "ENET0_INT_N" is assigned to location or region, but does not exist in design
    Warning (15706): Node "ENET0_LINK100" is assigned to location or region, but does not exist in design
    Warning (15706): Node "ENET0_MDC" is assigned to location or region, but does not exist in design
    Warning (15706): Node "ENET0_MDIO" is assigned to location or region, but does not exist in design
    Warning (15706): Node "ENET0_RESET_N" is assigned to location or region, but does not exist in design
    Warning (15706): Node "ENET0_RX_CLK" is assigned to location or region, but does not exist in design
    Warning (15706): Node "ENET0_RX_COL" is assigned to location or region, but does not exist in design
    Warning (15706): Node "ENET0_RX_CRS" is assigned to location or region, but does not exist in design
    Warning (15706): Node "ENET0_RX_DATA[0]" is assigned to location or region, but does not exist in design
    Warning (15706): Node "ENET0_RX_DATA[1]" is assigned to location or region, but does not exist in design
    Warning (15706): Node "ENET0_RX_DATA[2]" is assigned to location or region, but does not exist in design
    Warning (15706): Node "ENET0_RX_DATA[3]" is assigned to location or region, but does not exist in design
    Warning (15706): Node "ENET0_RX_DV" is assigned to location or region, but does not exist in design
    Warning (15706): Node "ENET0_RX_ER" is assigned to location or region, but does not exist in design
    Warning (15706): Node "ENET0_TX_CLK" is assigned to location or region, but does not exist in design
    Warning (15706): Node "ENET0_TX_DATA[0]" is assigned to location or region, but does not exist in design
    Warning (15706): Node "ENET0_TX_DATA[1]" is assigned to location or region, but does not exist in design
    Warning (15706): Node "ENET0_TX_DATA[2]" is assigned to location or region, but does not exist in design
    Warning (15706): Node "ENET0_TX_DATA[3]" is assigned to location or region, but does not exist in design
    Warning (15706): Node "ENET0_TX_EN" is assigned to location or region, but does not exist in design
    Warning (15706): Node "ENET0_TX_ER" is assigned to location or region, but does not exist in design
    Warning (15706): Node "ENET1_GTX_CLK" is assigned to location or region, but does not exist in design
    Warning (15706): Node "ENET1_INT_N" is assigned to location or region, but does not exist in design
    Warning (15706): Node "ENET1_LINK100" is assigned to location or region, but does not exist in design
    Warning (15706): Node "ENET1_MDC" is assigned to location or region, but does not exist in design
    Warning (15706): Node "ENET1_MDIO" is assigned to location or region, but does not exist in design
    Warning (15706): Node "ENET1_RESET_N" is assigned to location or region, but does not exist in design
    Warning (15706): Node "ENET1_RX_CLK" is assigned to location or region, but does not exist in design
    Warning (15706): Node "ENET1_RX_COL" is assigned to location or region, but does not exist in design
    Warning (15706): Node "ENET1_RX_CRS" is assigned to location or region, but does not exist in design
    Warning (15706): Node "ENET1_RX_DATA[0]" is assigned to location or region, but does not exist in design
    Warning (15706): Node "ENET1_RX_DATA[1]" is assigned to location or region, but does not exist in design
    Warning (15706): Node "ENET1_RX_DATA[2]" is assigned to location or region, but does not exist in design
    Warning (15706): Node "ENET1_RX_DATA[3]" is assigned to location or region, but does not exist in design
    Warning (15706): Node "ENET1_RX_DV" is assigned to location or region, but does not exist in design
    Warning (15706): Node "ENET1_RX_ER" is assigned to location or region, but does not exist in design
    Warning (15706): Node "ENET1_TX_CLK" is assigned to location or region, but does not exist in design
    Warning (15706): Node "ENET1_TX_DATA[0]" is assigned to location or region, but does not exist in design
    Warning (15706): Node "ENET1_TX_DATA[1]" is assigned to location or region, but does not exist in design
    Warning (15706): Node "ENET1_TX_DATA[2]" is assigned to location or region, but does not exist in design
    Warning (15706): Node "ENET1_TX_DATA[3]" is assigned to location or region, but does not exist in design
    Warning (15706): Node "ENET1_TX_EN" is assigned to location or region, but does not exist in design
    Warning (15706): Node "ENET1_TX_ER" is assigned to location or region, but does not exist in design
    Warning (15706): Node "ENETCLK_25" is assigned to location or region, but does not exist in design
    Warning (15706): Node "EXT_IO[0]" is assigned to location or region, but does not exist in design
    Warning (15706): Node "EXT_IO[1]" is assigned to location or region, but does not exist in design
    Warning (15706): Node "EXT_IO[2]" is assigned to location or region, but does not exist in design
    Warning (15706): Node "EXT_IO[3]" is assigned to location or region, but does not exist in design
    Warning (15706): Node "EXT_IO[4]" is assigned to location or region, but does not exist in design
    Warning (15706): Node "EXT_IO[5]" is assigned to location or region, but does not exist in design
    Warning (15706): Node "EXT_IO[6]" is assigned to location or region, but does not exist in design
    Warning (15706): Node "FL_ADDR[0]" is assigned to location or region, but does not exist in design
    Warning (15706): Node "FL_ADDR[10]" is assigned to location or region, but does not exist in design
    Warning (15706): Node "FL_ADDR[11]" is assigned to location or region, but does not exist in design
    Warning (15706): Node "FL_ADDR[12]" is assigned to location or region, but does not exist in design
    Warning (15706): Node "FL_ADDR[13]" is assigned to location or region, but does not exist in design
    Warning (15706): Node "FL_ADDR[14]" is assigned to location or region, but does not exist in design
    Warning (15706): Node "FL_ADDR[15]" is assigned to location or region, but does not exist in design
    Warning (15706): Node "FL_ADDR[16]" is assigned to location or region, but does not exist in design
    Warning (15706): Node "FL_ADDR[17]" is assigned to location or region, but does not exist in design
    Warning (15706): Node "FL_ADDR[18]" is assigned to location or region, but does not exist in design
    Warning (15706): Node "FL_ADDR[19]" is assigned to location or region, but does not exist in design
    Warning (15706): Node "FL_ADDR[1]" is assigned to location or region, but does not exist in design
    Warning (15706): Node "FL_ADDR[20]" is assigned to location or region, but does not exist in design
    Warning (15706): Node "FL_ADDR[21]" is assigned to location or region, but does not exist in design
    Warning (15706): Node "FL_ADDR[22]" is assigned to location or region, but does not exist in design
    Warning (15706): Node "FL_ADDR[2]" is assigned to location or region, but does not exist in design
    Warning (15706): Node "FL_ADDR[3]" is assigned to location or region, but does not exist in design
    Warning (15706): Node "FL_ADDR[4]" is assigned to location or region, but does not exist in design
    Warning (15706): Node "FL_ADDR[5]" is assigned to location or region, but does not exist in design
    Warning (15706): Node "FL_ADDR[6]" is assigned to location or region, but does not exist in design
    Warning (15706): Node "FL_ADDR[7]" is assigned to location or region, but does not exist in design
    Warning (15706): Node "FL_ADDR[8]" is assigned to location or region, but does not exist in design
    Warning (15706): Node "FL_ADDR[9]" is assigned to location or region, but does not exist in design
    Warning (15706): Node "FL_CE_N" is assigned to location or region, but does not exist in design
    Warning (15706): Node "FL_DQ[0]" is assigned to location or region, but does not exist in design
    Warning (15706): Node "FL_DQ[1]" is assigned to location or region, but does not exist in design
    Warning (15706): Node "FL_DQ[2]" is assigned to location or region, but does not exist in design
    Warning (15706): Node "FL_DQ[3]" is assigned to location or region, but does not exist in design
    Warning (15706): Node "FL_DQ[4]" is assigned to location or region, but does not exist in design
    Warning (15706): Node "FL_DQ[5]" is assigned to location or region, but does not exist in design
    Warning (15706): Node "FL_DQ[6]" is assigned to location or region, but does not exist in design
    Warning (15706): Node "FL_DQ[7]" is assigned to location or region, but does not exist in design
    Warning (15706): Node "FL_OE_N" is assigned to location or region, but does not exist in design
    Warning (15706): Node "FL_RESET_N" is assigned to location or region, but does not exist in design
    Warning (15706): Node "FL_RY" is assigned to location or region, but does not exist in design
    Warning (15706): Node "FL_WE_N" is assigned to location or region, but does not exist in design
    Warning (15706): Node "FL_WP_N" is assigned to location or region, but does not exist in design
    Warning (15706): Node "GPIO[0]" is assigned to location or region, but does not exist in design
    Warning (15706): Node "GPIO[10]" is assigned to location or region, but does not exist in design
    Warning (15706): Node "GPIO[11]" is assigned to location or region, but does not exist in design
    Warning (15706): Node "GPIO[12]" is assigned to location or region, but does not exist in design
    Warning (15706): Node "GPIO[13]" is assigned to location or region, but does not exist in design
    Warning (15706): Node "GPIO[14]" is assigned to location or region, but does not exist in design
    Warning (15706): Node "GPIO[15]" is assigned to location or region, but does not exist in design
    Warning (15706): Node "GPIO[16]" is assigned to location or region, but does not exist in design
    Warning (15706): Node "GPIO[17]" is assigned to location or region, but does not exist in design
    Warning (15706): Node "GPIO[18]" is assigned to location or region, but does not exist in design
    Warning (15706): Node "GPIO[19]" is assigned to location or region, but does not exist in design
    Warning (15706): Node "GPIO[1]" is assigned to location or region, but does not exist in design
    Warning (15706): Node "GPIO[20]" is assigned to location or region, but does not exist in design
    Warning (15706): Node "GPIO[21]" is assigned to location or region, but does not exist in design
    Warning (15706): Node "GPIO[22]" is assigned to location or region, but does not exist in design
    Warning (15706): Node "GPIO[23]" is assigned to location or region, but does not exist in design
    Warning (15706): Node "GPIO[24]" is assigned to location or region, but does not exist in design
    Warning (15706): Node "GPIO[25]" is assigned to location or region, but does not exist in design
    Warning (15706): Node "GPIO[26]" is assigned to location or region, but does not exist in design
    Warning (15706): Node "GPIO[27]" is assigned to location or region, but does not exist in design
    Warning (15706): Node "GPIO[28]" is assigned to location or region, but does not exist in design
    Warning (15706): Node "GPIO[29]" is assigned to location or region, but does not exist in design
    Warning (15706): Node "GPIO[2]" is assigned to location or region, but does not exist in design
    Warning (15706): Node "GPIO[30]" is assigned to location or region, but does not exist in design
    Warning (15706): Node "GPIO[31]" is assigned to location or region, but does not exist in design
    Warning (15706): Node "GPIO[32]" is assigned to location or region, but does not exist in design
    Warning (15706): Node "GPIO[33]" is assigned to location or region, but does not exist in design
    Warning (15706): Node "GPIO[34]" is assigned to location or region, but does not exist in design
    Warning (15706): Node "GPIO[35]" is assigned to location or region, but does not exist in design
    Warning (15706): Node "GPIO[3]" is assigned to location or region, but does not exist in design
    Warning (15706): Node "GPIO[4]" is assigned to location or region, but does not exist in design
    Warning (15706): Node "GPIO[5]" is assigned to location or region, but does not exist in design
    Warning (15706): Node "GPIO[6]" is assigned to location or region, but does not exist in design
    Warning (15706): Node "GPIO[7]" is assigned to location or region, but does not exist in design
    Warning (15706): Node "GPIO[8]" is assigned to location or region, but does not exist in design
    Warning (15706): Node "GPIO[9]" is assigned to location or region, but does not exist in design
    Warning (15706): Node "HEX0[0]" is assigned to location or region, but does not exist in design
    Warning (15706): Node "HEX0[1]" is assigned to location or region, but does not exist in design
    Warning (15706): Node "HEX0[2]" is assigned to location or region, but does not exist in design
    Warning (15706): Node "HEX0[3]" is assigned to location or region, but does not exist in design
    Warning (15706): Node "HEX0[4]" is assigned to location or region, but does not exist in design
    Warning (15706): Node "HEX0[5]" is assigned to location or region, but does not exist in design
    Warning (15706): Node "HEX0[6]" is assigned to location or region, but does not exist in design
    Warning (15706): Node "HEX1[0]" is assigned to location or region, but does not exist in design
    Warning (15706): Node "HEX1[1]" is assigned to location or region, but does not exist in design
    Warning (15706): Node "HEX1[2]" is assigned to location or region, but does not exist in design
    Warning (15706): Node "HEX1[3]" is assigned to location or region, but does not exist in design
    Warning (15706): Node "HEX1[4]" is assigned to location or region, but does not exist in design
    Warning (15706): Node "HEX1[5]" is assigned to location or region, but does not exist in design
    Warning (15706): Node "HEX1[6]" is assigned to location or region, but does not exist in design
    Warning (15706): Node "HEX2[0]" is assigned to location or region, but does not exist in design
    Warning (15706): Node "HEX2[1]" is assigned to location or region, but does not exist in design
    Warning (15706): Node "HEX2[2]" is assigned to location or region, but does not exist in design
    Warning (15706): Node "HEX2[3]" is assigned to location or region, but does not exist in design
    Warning (15706): Node "HEX2[4]" is assigned to location or region, but does not exist in design
    Warning (15706): Node "HEX2[5]" is assigned to location or region, but does not exist in design
    Warning (15706): Node "HEX2[6]" is assigned to location or region, but does not exist in design
    Warning (15706): Node "HEX3[0]" is assigned to location or region, but does not exist in design
    Warning (15706): Node "HEX3[1]" is assigned to location or region, but does not exist in design
    Warning (15706): Node "HEX3[2]" is assigned to location or region, but does not exist in design
    Warning (15706): Node "HEX3[3]" is assigned to location or region, but does not exist in design
    Warning (15706): Node "HEX3[4]" is assigned to location or region, but does not exist in design
    Warning (15706): Node "HEX3[5]" is assigned to location or region, but does not exist in design
    Warning (15706): Node "HEX3[6]" is assigned to location or region, but does not exist in design
    Warning (15706): Node "HEX4[0]" is assigned to location or region, but does not exist in design
    Warning (15706): Node "HEX4[1]" is assigned to location or region, but does not exist in design
    Warning (15706): Node "HEX4[2]" is assigned to location or region, but does not exist in design
    Warning (15706): Node "HEX4[3]" is assigned to location or region, but does not exist in design
    Warning (15706): Node "HEX4[4]" is assigned to location or region, but does not exist in design
    Warning (15706): Node "HEX4[5]" is assigned to location or region, but does not exist in design
    Warning (15706): Node "HEX4[6]" is assigned to location or region, but does not exist in design
    Warning (15706): Node "HEX5[0]" is assigned to location or region, but does not exist in design
    Warning (15706): Node "HEX5[1]" is assigned to location or region, but does not exist in design
    Warning (15706): Node "HEX5[2]" is assigned to location or region, but does not exist in design
    Warning (15706): Node "HEX5[3]" is assigned to location or region, but does not exist in design
    Warning (15706): Node "HEX5[4]" is assigned to location or region, but does not exist in design
    Warning (15706): Node "HEX5[5]" is assigned to location or region, but does not exist in design
    Warning (15706): Node "HEX5[6]" is assigned to location or region, but does not exist in design
    Warning (15706): Node "HEX6[0]" is assigned to location or region, but does not exist in design
    Warning (15706): Node "HEX6[1]" is assigned to location or region, but does not exist in design
    Warning (15706): Node "HEX6[2]" is assigned to location or region, but does not exist in design
    Warning (15706): Node "HEX6[3]" is assigned to location or region, but does not exist in design
    Warning (15706): Node "HEX6[4]" is assigned to location or region, but does not exist in design
    Warning (15706): Node "HEX6[5]" is assigned to location or region, but does not exist in design
    Warning (15706): Node "HEX6[6]" is assigned to location or region, but does not exist in design
    Warning (15706): Node "HEX7[0]" is assigned to location or region, but does not exist in design
    Warning (15706): Node "HEX7[1]" is assigned to location or region, but does not exist in design
    Warning (15706): Node "HEX7[2]" is assigned to location or region, but does not exist in design
    Warning (15706): Node "HEX7[3]" is assigned to location or region, but does not exist in design
    Warning (15706): Node "HEX7[4]" is assigned to location or region, but does not exist in design
    Warning (15706): Node "HEX7[5]" is assigned to location or region, but does not exist in design
    Warning (15706): Node "HEX7[6]" is assigned to location or region, but does not exist in design
    Warning (15706): Node "HSMC_CLKIN0" is assigned to location or region, but does not exist in design
    Warning (15706): Node "HSMC_CLKIN_N1" is assigned to location or region, but does not exist in design
    Warning (15706): Node "HSMC_CLKIN_N2" is assigned to location or region, but does not exist in design
    Warning (15706): Node "HSMC_CLKIN_P1" is assigned to location or region, but does not exist in design
    Warning (15706): Node "HSMC_CLKIN_P2" is assigned to location or region, but does not exist in design
    Warning (15706): Node "HSMC_CLKOUT0" is assigned to location or region, but does not exist in design
    Warning (15706): Node "HSMC_CLKOUT_N1" is assigned to location or region, but does not exist in design
    Warning (15706): Node "HSMC_CLKOUT_N2" is assigned to location or region, but does not exist in design
    Warning (15706): Node "HSMC_CLKOUT_P1" is assigned to location or region, but does not exist in design
    Warning (15706): Node "HSMC_CLKOUT_P2" is assigned to location or region, but does not exist in design
    Warning (15706): Node "HSMC_D[0]" is assigned to location or region, but does not exist in design
    Warning (15706): Node "HSMC_D[1]" is assigned to location or region, but does not exist in design
    Warning (15706): Node "HSMC_D[2]" is assigned to location or region, but does not exist in design
    Warning (15706): Node "HSMC_D[3]" is assigned to location or region, but does not exist in design
    Warning (15706): Node "HSMC_RX_D_N[0]" is assigned to location or region, but does not exist in design
    Warning (15706): Node "HSMC_RX_D_N[10]" is assigned to location or region, but does not exist in design
    Warning (15706): Node "HSMC_RX_D_N[11]" is assigned to location or region, but does not exist in design
    Warning (15706): Node "HSMC_RX_D_N[12]" is assigned to location or region, but does not exist in design
    Warning (15706): Node "HSMC_RX_D_N[13]" is assigned to location or region, but does not exist in design
    Warning (15706): Node "HSMC_RX_D_N[14]" is assigned to location or region, but does not exist in design
    Warning (15706): Node "HSMC_RX_D_N[15]" is assigned to location or region, but does not exist in design
    Warning (15706): Node "HSMC_RX_D_N[16]" is assigned to location or region, but does not exist in design
    Warning (15706): Node "HSMC_RX_D_N[1]" is assigned to location or region, but does not exist in design
    Warning (15706): Node "HSMC_RX_D_N[2]" is assigned to location or region, but does not exist in design
    Warning (15706): Node "HSMC_RX_D_N[3]" is assigned to location or region, but does not exist in design
    Warning (15706): Node "HSMC_RX_D_N[4]" is assigned to location or region, but does not exist in design
    Warning (15706): Node "HSMC_RX_D_N[5]" is assigned to location or region, but does not exist in design
    Warning (15706): Node "HSMC_RX_D_N[6]" is assigned to location or region, but does not exist in design
    Warning (15706): Node "HSMC_RX_D_N[7]" is assigned to location or region, but does not exist in design
    Warning (15706): Node "HSMC_RX_D_N[8]" is assigned to location or region, but does not exist in design
    Warning (15706): Node "HSMC_RX_D_N[9]" is assigned to location or region, but does not exist in design
    Warning (15706): Node "HSMC_RX_D_P[0]" is assigned to location or region, but does not exist in design
    Warning (15706): Node "HSMC_RX_D_P[10]" is assigned to location or region, but does not exist in design
    Warning (15706): Node "HSMC_RX_D_P[11]" is assigned to location or region, but does not exist in design
    Warning (15706): Node "HSMC_RX_D_P[12]" is assigned to location or region, but does not exist in design
    Warning (15706): Node "HSMC_RX_D_P[13]" is assigned to location or region, but does not exist in design
    Warning (15706): Node "HSMC_RX_D_P[14]" is assigned to location or region, but does not exist in design
    Warning (15706): Node "HSMC_RX_D_P[15]" is assigned to location or region, but does not exist in design
    Warning (15706): Node "HSMC_RX_D_P[16]" is assigned to location or region, but does not exist in design
    Warning (15706): Node "HSMC_RX_D_P[1]" is assigned to location or region, but does not exist in design
    Warning (15706): Node "HSMC_RX_D_P[2]" is assigned to location or region, but does not exist in design
    Warning (15706): Node "HSMC_RX_D_P[3]" is assigned to location or region, but does not exist in design
    Warning (15706): Node "HSMC_RX_D_P[4]" is assigned to location or region, but does not exist in design
    Warning (15706): Node "HSMC_RX_D_P[5]" is assigned to location or region, but does not exist in design
    Warning (15706): Node "HSMC_RX_D_P[6]" is assigned to location or region, but does not exist in design
    Warning (15706): Node "HSMC_RX_D_P[7]" is assigned to location or region, but does not exist in design
    Warning (15706): Node "HSMC_RX_D_P[8]" is assigned to location or region, but does not exist in design
    Warning (15706): Node "HSMC_RX_D_P[9]" is assigned to location or region, but does not exist in design
    Warning (15706): Node "HSMC_TX_D_N[0]" is assigned to location or region, but does not exist in design
    Warning (15706): Node "HSMC_TX_D_N[10]" is assigned to location or region, but does not exist in design
    Warning (15706): Node "HSMC_TX_D_N[11]" is assigned to location or region, but does not exist in design
    Warning (15706): Node "HSMC_TX_D_N[12]" is assigned to location or region, but does not exist in design
    Warning (15706): Node "HSMC_TX_D_N[13]" is assigned to location or region, but does not exist in design
    Warning (15706): Node "HSMC_TX_D_N[14]" is assigned to location or region, but does not exist in design
    Warning (15706): Node "HSMC_TX_D_N[15]" is assigned to location or region, but does not exist in design
    Warning (15706): Node "HSMC_TX_D_N[16]" is assigned to location or region, but does not exist in design
    Warning (15706): Node "HSMC_TX_D_N[1]" is assigned to location or region, but does not exist in design
    Warning (15706): Node "HSMC_TX_D_N[2]" is assigned to location or region, but does not exist in design
    Warning (15706): Node "HSMC_TX_D_N[3]" is assigned to location or region, but does not exist in design
    Warning (15706): Node "HSMC_TX_D_N[4]" is assigned to location or region, but does not exist in design
    Warning (15706): Node "HSMC_TX_D_N[5]" is assigned to location or region, but does not exist in design
    Warning (15706): Node "HSMC_TX_D_N[6]" is assigned to location or region, but does not exist in design
    Warning (15706): Node "HSMC_TX_D_N[7]" is assigned to location or region, but does not exist in design
    Warning (15706): Node "HSMC_TX_D_N[8]" is assigned to location or region, but does not exist in design
    Warning (15706): Node "HSMC_TX_D_N[9]" is assigned to location or region, but does not exist in design
    Warning (15706): Node "HSMC_TX_D_P[0]" is assigned to location or region, but does not exist in design
    Warning (15706): Node "HSMC_TX_D_P[10]" is assigned to location or region, but does not exist in design
    Warning (15706): Node "HSMC_TX_D_P[11]" is assigned to location or region, but does not exist in design
    Warning (15706): Node "HSMC_TX_D_P[12]" is assigned to location or region, but does not exist in design
    Warning (15706): Node "HSMC_TX_D_P[13]" is assigned to location or region, but does not exist in design
    Warning (15706): Node "HSMC_TX_D_P[14]" is assigned to location or region, but does not exist in design
    Warning (15706): Node "HSMC_TX_D_P[15]" is assigned to location or region, but does not exist in design
    Warning (15706): Node "HSMC_TX_D_P[16]" is assigned to location or region, but does not exist in design
    Warning (15706): Node "HSMC_TX_D_P[1]" is assigned to location or region, but does not exist in design
    Warning (15706): Node "HSMC_TX_D_P[2]" is assigned to location or region, but does not exist in design
    Warning (15706): Node "HSMC_TX_D_P[3]" is assigned to location or region, but does not exist in design
    Warning (15706): Node "HSMC_TX_D_P[4]" is assigned to location or region, but does not exist in design
    Warning (15706): Node "HSMC_TX_D_P[5]" is assigned to location or region, but does not exist in design
    Warning (15706): Node "HSMC_TX_D_P[6]" is assigned to location or region, but does not exist in design
    Warning (15706): Node "HSMC_TX_D_P[7]" is assigned to location or region, but does not exist in design
    Warning (15706): Node "HSMC_TX_D_P[8]" is assigned to location or region, but does not exist in design
    Warning (15706): Node "HSMC_TX_D_P[9]" is assigned to location or region, but does not exist in design
    Warning (15706): Node "I2C_SCLK" is assigned to location or region, but does not exist in design
    Warning (15706): Node "I2C_SDAT" is assigned to location or region, but does not exist in design
    Warning (15706): Node "IRDA_RXD" is assigned to location or region, but does not exist in design
    Warning (15706): Node "KEY[0]" is assigned to location or region, but does not exist in design
    Warning (15706): Node "KEY[1]" is assigned to location or region, but does not exist in design
    Warning (15706): Node "KEY[2]" is assigned to location or region, but does not exist in design
    Warning (15706): Node "KEY[3]" is assigned to location or region, but does not exist in design
    Warning (15706): Node "LCD_BLON" is assigned to location or region, but does not exist in design
    Warning (15706): Node "LCD_DATA[0]" is assigned to location or region, but does not exist in design
    Warning (15706): Node "LCD_DATA[1]" is assigned to location or region, but does not exist in design
    Warning (15706): Node "LCD_DATA[2]" is assigned to location or region, but does not exist in design
    Warning (15706): Node "LCD_DATA[3]" is assigned to location or region, but does not exist in design
    Warning (15706): Node "LCD_DATA[4]" is assigned to location or region, but does not exist in design
    Warning (15706): Node "LCD_DATA[5]" is assigned to location or region, but does not exist in design
    Warning (15706): Node "LCD_DATA[6]" is assigned to location or region, but does not exist in design
    Warning (15706): Node "LCD_DATA[7]" is assigned to location or region, but does not exist in design
    Warning (15706): Node "LCD_EN" is assigned to location or region, but does not exist in design
    Warning (15706): Node "LCD_ON" is assigned to location or region, but does not exist in design
    Warning (15706): Node "LCD_RS" is assigned to location or region, but does not exist in design
    Warning (15706): Node "LCD_RW" is assigned to location or region, but does not exist in design
    Warning (15706): Node "LEDG[0]" is assigned to location or region, but does not exist in design
    Warning (15706): Node "LEDG[1]" is assigned to location or region, but does not exist in design
    Warning (15706): Node "LEDG[2]" is assigned to location or region, but does not exist in design
    Warning (15706): Node "LEDG[3]" is assigned to location or region, but does not exist in design
    Warning (15706): Node "LEDG[4]" is assigned to location or region, but does not exist in design
    Warning (15706): Node "LEDG[5]" is assigned to location or region, but does not exist in design
    Warning (15706): Node "LEDG[6]" is assigned to location or region, but does not exist in design
    Warning (15706): Node "LEDG[7]" is assigned to location or region, but does not exist in design
    Warning (15706): Node "LEDG[8]" is assigned to location or region, but does not exist in design
    Warning (15706): Node "LEDR[0]" is assigned to location or region, but does not exist in design
    Warning (15706): Node "LEDR[10]" is assigned to location or region, but does not exist in design
    Warning (15706): Node "LEDR[11]" is assigned to location or region, but does not exist in design
    Warning (15706): Node "LEDR[12]" is assigned to location or region, but does not exist in design
    Warning (15706): Node "LEDR[13]" is assigned to location or region, but does not exist in design
    Warning (15706): Node "LEDR[14]" is assigned to location or region, but does not exist in design
    Warning (15706): Node "LEDR[15]" is assigned to location or region, but does not exist in design
    Warning (15706): Node "LEDR[16]" is assigned to location or region, but does not exist in design
    Warning (15706): Node "LEDR[17]" is assigned to location or region, but does not exist in design
    Warning (15706): Node "LEDR[1]" is assigned to location or region, but does not exist in design
    Warning (15706): Node "LEDR[2]" is assigned to location or region, but does not exist in design
    Warning (15706): Node "LEDR[3]" is assigned to location or region, but does not exist in design
    Warning (15706): Node "LEDR[4]" is assigned to location or region, but does not exist in design
    Warning (15706): Node "LEDR[5]" is assigned to location or region, but does not exist in design
    Warning (15706): Node "LEDR[6]" is assigned to location or region, but does not exist in design
    Warning (15706): Node "LEDR[7]" is assigned to location or region, but does not exist in design
    Warning (15706): Node "LEDR[8]" is assigned to location or region, but does not exist in design
    Warning (15706): Node "LEDR[9]" is assigned to location or region, but does not exist in design
    Warning (15706): Node "OTG_ADDR[0]" is assigned to location or region, but does not exist in design
    Warning (15706): Node "OTG_ADDR[1]" is assigned to location or region, but does not exist in design
    Warning (15706): Node "OTG_CS_N" is assigned to location or region, but does not exist in design
    Warning (15706): Node "OTG_DACK_N[0]" is assigned to location or region, but does not exist in design
    Warning (15706): Node "OTG_DACK_N[1]" is assigned to location or region, but does not exist in design
    Warning (15706): Node "OTG_DATA[0]" is assigned to location or region, but does not exist in design
    Warning (15706): Node "OTG_DATA[10]" is assigned to location or region, but does not exist in design
    Warning (15706): Node "OTG_DATA[11]" is assigned to location or region, but does not exist in design
    Warning (15706): Node "OTG_DATA[12]" is assigned to location or region, but does not exist in design
    Warning (15706): Node "OTG_DATA[13]" is assigned to location or region, but does not exist in design
    Warning (15706): Node "OTG_DATA[14]" is assigned to location or region, but does not exist in design
    Warning (15706): Node "OTG_DATA[15]" is assigned to location or region, but does not exist in design
    Warning (15706): Node "OTG_DATA[1]" is assigned to location or region, but does not exist in design
    Warning (15706): Node "OTG_DATA[2]" is assigned to location or region, but does not exist in design
    Warning (15706): Node "OTG_DATA[3]" is assigned to location or region, but does not exist in design
    Warning (15706): Node "OTG_DATA[4]" is assigned to location or region, but does not exist in design
    Warning (15706): Node "OTG_DATA[5]" is assigned to location or region, but does not exist in design
    Warning (15706): Node "OTG_DATA[6]" is assigned to location or region, but does not exist in design
    Warning (15706): Node "OTG_DATA[7]" is assigned to location or region, but does not exist in design
    Warning (15706): Node "OTG_DATA[8]" is assigned to location or region, but does not exist in design
    Warning (15706): Node "OTG_DATA[9]" is assigned to location or region, but does not exist in design
    Warning (15706): Node "OTG_DREQ[0]" is assigned to location or region, but does not exist in design
    Warning (15706): Node "OTG_DREQ[1]" is assigned to location or region, but does not exist in design
    Warning (15706): Node "OTG_FSPEED" is assigned to location or region, but does not exist in design
    Warning (15706): Node "OTG_INT[0]" is assigned to location or region, but does not exist in design
    Warning (15706): Node "OTG_INT[1]" is assigned to location or region, but does not exist in design
    Warning (15706): Node "OTG_LSPEED" is assigned to location or region, but does not exist in design
    Warning (15706): Node "OTG_OE_N" is assigned to location or region, but does not exist in design
    Warning (15706): Node "OTG_RST_N" is assigned to location or region, but does not exist in design
    Warning (15706): Node "OTG_WE_N" is assigned to location or region, but does not exist in design
    Warning (15706): Node "PS2_KBCLK" is assigned to location or region, but does not exist in design
    Warning (15706): Node "PS2_KBDAT" is assigned to location or region, but does not exist in design
    Warning (15706): Node "PS2_MSCLK" is assigned to location or region, but does not exist in design
    Warning (15706): Node "PS2_MSDAT" is assigned to location or region, but does not exist in design
    Warning (15706): Node "SD_CLK" is assigned to location or region, but does not exist in design
    Warning (15706): Node "SD_CMD" is assigned to location or region, but does not exist in design
    Warning (15706): Node "SD_DAT[0]" is assigned to location or region, but does not exist in design
    Warning (15706): Node "SD_DAT[1]" is assigned to location or region, but does not exist in design
    Warning (15706): Node "SD_DAT[2]" is assigned to location or region, but does not exist in design
    Warning (15706): Node "SD_DAT[3]" is assigned to location or region, but does not exist in design
    Warning (15706): Node "SD_WP_N" is assigned to location or region, but does not exist in design
    Warning (15706): Node "SMA_CLKIN" is assigned to location or region, but does not exist in design
    Warning (15706): Node "SMA_CLKOUT" is assigned to location or region, but does not exist in design
    Warning (15706): Node "SRAM_ADDR[0]" is assigned to location or region, but does not exist in design
    Warning (15706): Node "SRAM_ADDR[10]" is assigned to location or region, but does not exist in design
    Warning (15706): Node "SRAM_ADDR[11]" is assigned to location or region, but does not exist in design
    Warning (15706): Node "SRAM_ADDR[12]" is assigned to location or region, but does not exist in design
    Warning (15706): Node "SRAM_ADDR[13]" is assigned to location or region, but does not exist in design
    Warning (15706): Node "SRAM_ADDR[14]" is assigned to location or region, but does not exist in design
    Warning (15706): Node "SRAM_ADDR[15]" is assigned to location or region, but does not exist in design
    Warning (15706): Node "SRAM_ADDR[16]" is assigned to location or region, but does not exist in design
    Warning (15706): Node "SRAM_ADDR[17]" is assigned to location or region, but does not exist in design
    Warning (15706): Node "SRAM_ADDR[18]" is assigned to location or region, but does not exist in design
    Warning (15706): Node "SRAM_ADDR[19]" is assigned to location or region, but does not exist in design
    Warning (15706): Node "SRAM_ADDR[1]" is assigned to location or region, but does not exist in design
    Warning (15706): Node "SRAM_ADDR[2]" is assigned to location or region, but does not exist in design
    Warning (15706): Node "SRAM_ADDR[3]" is assigned to location or region, but does not exist in design
    Warning (15706): Node "SRAM_ADDR[4]" is assigned to location or region, but does not exist in design
    Warning (15706): Node "SRAM_ADDR[5]" is assigned to location or region, but does not exist in design
    Warning (15706): Node "SRAM_ADDR[6]" is assigned to location or region, but does not exist in design
    Warning (15706): Node "SRAM_ADDR[7]" is assigned to location or region, but does not exist in design
    Warning (15706): Node "SRAM_ADDR[8]" is assigned to location or region, but does not exist in design
    Warning (15706): Node "SRAM_ADDR[9]" is assigned to location or region, but does not exist in design
    Warning (15706): Node "SRAM_CE_N" is assigned to location or region, but does not exist in design
    Warning (15706): Node "SRAM_DQ[0]" is assigned to location or region, but does not exist in design
    Warning (15706): Node "SRAM_DQ[10]" is assigned to location or region, but does not exist in design
    Warning (15706): Node "SRAM_DQ[11]" is assigned to location or region, but does not exist in design
    Warning (15706): Node "SRAM_DQ[12]" is assigned to location or region, but does not exist in design
    Warning (15706): Node "SRAM_DQ[13]" is assigned to location or region, but does not exist in design
    Warning (15706): Node "SRAM_DQ[14]" is assigned to location or region, but does not exist in design
    Warning (15706): Node "SRAM_DQ[15]" is assigned to location or region, but does not exist in design
    Warning (15706): Node "SRAM_DQ[1]" is assigned to location or region, but does not exist in design
    Warning (15706): Node "SRAM_DQ[2]" is assigned to location or region, but does not exist in design
    Warning (15706): Node "SRAM_DQ[3]" is assigned to location or region, but does not exist in design
    Warning (15706): Node "SRAM_DQ[4]" is assigned to location or region, but does not exist in design
    Warning (15706): Node "SRAM_DQ[5]" is assigned to location or region, but does not exist in design
    Warning (15706): Node "SRAM_DQ[6]" is assigned to location or region, but does not exist in design
    Warning (15706): Node "SRAM_DQ[7]" is assigned to location or region, but does not exist in design
    Warning (15706): Node "SRAM_DQ[8]" is assigned to location or region, but does not exist in design
    Warning (15706): Node "SRAM_DQ[9]" is assigned to location or region, but does not exist in design
    Warning (15706): Node "SRAM_LB_N" is assigned to location or region, but does not exist in design
    Warning (15706): Node "SRAM_OE_N" is assigned to location or region, but does not exist in design
    Warning (15706): Node "SRAM_UB_N" is assigned to location or region, but does not exist in design
    Warning (15706): Node "SRAM_WE_N" is assigned to location or region, but does not exist in design
    Warning (15706): Node "SW[0]" is assigned to location or region, but does not exist in design
    Warning (15706): Node "SW[10]" is assigned to location or region, but does not exist in design
    Warning (15706): Node "SW[11]" is assigned to location or region, but does not exist in design
    Warning (15706): Node "SW[12]" is assigned to location or region, but does not exist in design
    Warning (15706): Node "SW[13]" is assigned to location or region, but does not exist in design
    Warning (15706): Node "SW[14]" is assigned to location or region, but does not exist in design
    Warning (15706): Node "SW[15]" is assigned to location or region, but does not exist in design
    Warning (15706): Node "SW[16]" is assigned to location or region, but does not exist in design
    Warning (15706): Node "SW[17]" is assigned to location or region, but does not exist in design
    Warning (15706): Node "SW[1]" is assigned to location or region, but does not exist in design
    Warning (15706): Node "SW[2]" is assigned to location or region, but does not exist in design
    Warning (15706): Node "SW[3]" is assigned to location or region, but does not exist in design
    Warning (15706): Node "SW[4]" is assigned to location or region, but does not exist in design
    Warning (15706): Node "SW[5]" is assigned to location or region, but does not exist in design
    Warning (15706): Node "SW[6]" is assigned to location or region, but does not exist in design
    Warning (15706): Node "SW[7]" is assigned to location or region, but does not exist in design
    Warning (15706): Node "SW[8]" is assigned to location or region, but does not exist in design
    Warning (15706): Node "SW[9]" is assigned to location or region, but does not exist in design
    Warning (15706): Node "TD_CLK27" is assigned to location or region, but does not exist in design
    Warning (15706): Node "TD_DATA[0]" is assigned to location or region, but does not exist in design
    Warning (15706): Node "TD_DATA[1]" is assigned to location or region, but does not exist in design
    Warning (15706): Node "TD_DATA[2]" is assigned to location or region, but does not exist in design
    Warning (15706): Node "TD_DATA[3]" is assigned to location or region, but does not exist in design
    Warning (15706): Node "TD_DATA[4]" is assigned to location or region, but does not exist in design
    Warning (15706): Node "TD_DATA[5]" is assigned to location or region, but does not exist in design
    Warning (15706): Node "TD_DATA[6]" is assigned to location or region, but does not exist in design
    Warning (15706): Node "TD_DATA[7]" is assigned to location or region, but does not exist in design
    Warning (15706): Node "TD_HS" is assigned to location or region, but does not exist in design
    Warning (15706): Node "TD_RESET_N" is assigned to location or region, but does not exist in design
    Warning (15706): Node "TD_VS" is assigned to location or region, but does not exist in design
    Warning (15706): Node "UART_CTS" is assigned to location or region, but does not exist in design
    Warning (15706): Node "UART_RTS" is assigned to location or region, but does not exist in design
    Warning (15706): Node "UART_RXD" is assigned to location or region, but does not exist in design
    Warning (15706): Node "UART_TXD" is assigned to location or region, but does not exist in design
    Warning (15706): Node "VGA_BLANK_N" is assigned to location or region, but does not exist in design
    Warning (15706): Node "VGA_B[0]" is assigned to location or region, but does not exist in design
    Warning (15706): Node "VGA_B[1]" is assigned to location or region, but does not exist in design
    Warning (15706): Node "VGA_B[2]" is assigned to location or region, but does not exist in design
    Warning (15706): Node "VGA_B[3]" is assigned to location or region, but does not exist in design
    Warning (15706): Node "VGA_B[4]" is assigned to location or region, but does not exist in design
    Warning (15706): Node "VGA_B[5]" is assigned to location or region, but does not exist in design
    Warning (15706): Node "VGA_B[6]" is assigned to location or region, but does not exist in design
    Warning (15706): Node "VGA_B[7]" is assigned to location or region, but does not exist in design
    Warning (15706): Node "VGA_CLK" is assigned to location or region, but does not exist in design
    Warning (15706): Node "VGA_G[0]" is assigned to location or region, but does not exist in design
    Warning (15706): Node "VGA_G[1]" is assigned to location or region, but does not exist in design
    Warning (15706): Node "VGA_G[2]" is assigned to location or region, but does not exist in design
    Warning (15706): Node "VGA_G[3]" is assigned to location or region, but does not exist in design
    Warning (15706): Node "VGA_G[4]" is assigned to location or region, but does not exist in design
    Warning (15706): Node "VGA_G[5]" is assigned to location or region, but does not exist in design
    Warning (15706): Node "VGA_G[6]" is assigned to location or region, but does not exist in design
    Warning (15706): Node "VGA_G[7]" is assigned to location or region, but does not exist in design
    Warning (15706): Node "VGA_HS" is assigned to location or region, but does not exist in design
    Warning (15706): Node "VGA_R[0]" is assigned to location or region, but does not exist in design
    Warning (15706): Node "VGA_R[1]" is assigned to location or region, but does not exist in design
    Warning (15706): Node "VGA_R[2]" is assigned to location or region, but does not exist in design
    Warning (15706): Node "VGA_R[3]" is assigned to location or region, but does not exist in design
    Warning (15706): Node "VGA_R[4]" is assigned to location or region, but does not exist in design
    Warning (15706): Node "VGA_R[5]" is assigned to location or region, but does not exist in design
    Warning (15706): Node "VGA_R[6]" is assigned to location or region, but does not exist in design
    Warning (15706): Node "VGA_R[7]" is assigned to location or region, but does not exist in design
    Warning (15706): Node "VGA_SYNC_N" is assigned to location or region, but does not exist in design
    Warning (15706): Node "VGA_VS" is assigned to location or region, but does not exist in design
Info (171121): Fitter preparation operations ending: elapsed time is 00:00:03
Info (14896): Fitter has disabled Advanced Physical Optimization because it is not supported for the current family.
Info (170189): Fitter placement preparation operations beginning
Info (170190): Fitter placement preparation operations ending: elapsed time is 00:00:00
Info (170191): Fitter placement operations beginning
Info (170137): Fitter placement was successful
Info (170192): Fitter placement operations ending: elapsed time is 00:00:02
Info (170193): Fitter routing operations beginning
Info (170195): Router estimated average interconnect usage is 0% of the available device resources
    Info (170196): Router estimated peak interconnect usage is 21% of the available device resources in the region that extends from location X58_Y24 to location X68_Y36
Info (170199): The Fitter performed an Auto Fit compilation.  Optimizations were skipped to reduce compilation time.
    Info (170201): Optimizations that may affect the design's routability were skipped
    Info (170200): Optimizations that may affect the design's timing were skipped
Info (170194): Fitter routing operations ending: elapsed time is 00:00:01
Info (11888): Total time spent on timing analysis during the Fitter is 0.09 seconds.
Info (334003): Started post-fitting delay annotation
Info (334004): Delay annotation completed successfully
Info (334003): Started post-fitting delay annotation
Info (334004): Delay annotation completed successfully
Info (11218): Fitter post-fit operations ending: elapsed time is 00:00:01
Warning (171167): Found invalid Fitter assignments. See the Ignored Assignments panel in the Fitter Compilation Report for more information.
Info (144001): Generated suppressed messages file /home/ecegridfs/a/437mg063/ece437/processors/._register_file/register_file.fit.smsg
Info: Quartus Prime Fitter was successful. 0 errors, 1501 warnings
    Info: Peak virtual memory: 1261 megabytes
    Info: Processing ended: Tue Aug 26 18:55:56 2025
    Info: Elapsed time: 00:00:18
    Info: Total CPU time (on all processors): 00:00:22


+----------------------------+
; Fitter Suppressed Messages ;
+----------------------------+
The suppressed messages can be found in /home/ecegridfs/a/437mg063/ece437/processors/._register_file/register_file.fit.smsg.


