Design Assistant report for alu
Wed Sep  3 19:02:32 2025
Quartus Prime Version 21.1.1 Build 850 06/23/2022 SJ Standard Edition


---------------------
; Table of Contents ;
---------------------
  1. Legal Notice
  2. Design Assistant Summary
  3. Design Assistant Settings
  4. Information only Violations
  5. Design Assistant Messages



----------------
; Legal Notice ;
----------------
Copyright (C) 2022  Intel Corporation. All rights reserved.
Your use of Intel Corporation's design tools, logic functions 
and other software and tools, and any partner logic 
functions, and any output files from any of the foregoing 
(including device programming or simulation files), and any 
associated documentation or information are expressly subject 
to the terms and conditions of the Intel Program License 
Subscription Agreement, the Intel Quartus Prime License Agreement,
the Intel FPGA IP License Agreement, or other applicable license
agreement, including, without limitation, that your use is for
the sole purpose of programming logic devices manufactured by
Intel and sold by Intel or its authorized distributors.  Please
refer to the applicable agreement for further details, at
https://fpgasoftware.intel.com/eula.



+-------------------------------------------------------------------------+
; Design Assistant Summary                                                ;
+-----------------------------------+-------------------------------------+
; Design Assistant Status           ; Analyzed - Wed Sep  3 19:02:32 2025 ;
; Revision Name                     ; alu                                 ;
; Top-level Entity Name             ; alu                                 ;
; Family                            ; Cyclone IV E                        ;
; Total Critical Violations         ; 0                                   ;
; Total High Violations             ; 0                                   ;
; Total Medium Violations           ; 0                                   ;
; Total Information only Violations ; 52                                  ;
; - Rule T101                       ; 2                                   ;
; - Rule T102                       ; 50                                  ;
+-----------------------------------+-------------------------------------+


+------------------------------------------------------------------------------------------------------------------------------------------------------------------------------------------+
; Design Assistant Settings                                                                                                                                                                ;
+----------------------------------------------------------------------------------------------------------------------------------------------------------------------+--------------+----+
; Option                                                                                                                                                               ; Setting      ; To ;
+----------------------------------------------------------------------------------------------------------------------------------------------------------------------+--------------+----+
; Design Assistant mode                                                                                                                                                ; Post-Fitting ;    ;
; Threshold value for clock net not mapped to clock spines rule                                                                                                        ; 25           ;    ;
; Minimum number of clock port feed by gated clocks                                                                                                                    ; 30           ;    ;
; Minimum number of node fan-out                                                                                                                                       ; 30           ;    ;
; Maximum number of nodes to report                                                                                                                                    ; 50           ;    ;
; Rule C101: Gated clock should be implemented according to the Intel FPGA standard scheme                                                                             ; On           ;    ;
; Rule C102: Logic cell should not be used to generate an inverted clock signal                                                                                        ; On           ;    ;
; Rule C103: Gated clock does not feed at least a pre-defined number of clock ports to effectively save power                                                          ; On           ;    ;
; Rule C104: Clock signal source should drive only clock input ports                                                                                                   ; On           ;    ;
; Rule C105: Clock signal should be a global signal                                                                                                                    ; On           ;    ;
; Rule C106: Clock signal source should not drive registers triggered by different clock edges                                                                         ; On           ;    ;
; Rule R101: Combinational logic used as a reset signal should be synchronized                                                                                         ; On           ;    ;
; Rule R102: External reset signals should be synchronized using two cascaded registers                                                                                ; On           ;    ;
; Rule R103: External reset signal should be correctly synchronized                                                                                                    ; On           ;    ;
; Rule R104: The reset signal that is generated in one clock domain and used in another clock domain should be correctly synchronized                                  ; On           ;    ;
; Rule R105: The reset signal that is generated in one clock domain and used in another clock domain should be synchronized                                            ; On           ;    ;
; Rule T101: Nodes with more than the specified number of fan-outs                                                                                                     ; On           ;    ;
; Rule T102: Top nodes with the highest number of fan-outs                                                                                                             ; On           ;    ;
; Rule A101: Design should not contain combinational loops                                                                                                             ; On           ;    ;
; Rule A102: Register output should not drive its own control signal directly or through combinational logic                                                           ; On           ;    ;
; Rule A103: Design should not contain delay chains                                                                                                                    ; On           ;    ;
; Rule A104: Design should not contain ripple clock structures                                                                                                         ; On           ;    ;
; Rule A105: Pulses should not be implemented asynchronously                                                                                                           ; On           ;    ;
; Rule A106: Multiple pulses should not be generated in design                                                                                                         ; On           ;    ;
; Rule A107: Design should not contain SR latches                                                                                                                      ; On           ;    ;
; Rule A108: Design should not contain latches                                                                                                                         ; On           ;    ;
; Rule S101: Output enable and input of the same tri-state node should not be driven by same signal source                                                             ; On           ;    ;
; Rule S102: Synchronous port and asynchronous port of the same register should not be driven by the same signal source                                                ; On           ;    ;
; Rule S103: More than one asynchronous port of a register should not be driven by the same signal source                                                              ; On           ;    ;
; Rule S104: Clock port and any other port of a register should not be driven by the same signal source                                                                ; On           ;    ;
; Rule D101: Data bits are not synchronized when transferred between asynchronous clock domains                                                                        ; On           ;    ;
; Rule D102: Multiple data bits that are transferred across asynchronous clock domains are synchronized, but not all bits may be aligned in the receiving clock domain ; On           ;    ;
; Rule D103: Data bits are not correctly synchronized when transferred between asynchronous clock domains                                                              ; On           ;    ;
+----------------------------------------------------------------------------------------------------------------------------------------------------------------------+--------------+----+


+---------------------------------------------------------------------------------------------+
; Information only Violations                                                                 ;
+------------------------------------------------------------------+----------------+---------+
; Rule name                                                        ; Name           ; Fan-Out ;
+------------------------------------------------------------------+----------------+---------+
; Rule T101: Nodes with more than the specified number of fan-outs ; Selector0~6    ; 33      ;
; Rule T101: Nodes with more than the specified number of fan-outs ; Selector0~7    ; 32      ;
; Rule T102: Top nodes with the highest number of fan-outs         ; Selector0~6    ; 33      ;
; Rule T102: Top nodes with the highest number of fan-outs         ; Selector0~7    ; 32      ;
; Rule T102: Top nodes with the highest number of fan-outs         ; Selector0~20   ; 28      ;
; Rule T102: Top nodes with the highest number of fan-outs         ; Selector0~19   ; 28      ;
; Rule T102: Top nodes with the highest number of fan-outs         ; Selector0~21   ; 27      ;
; Rule T102: Top nodes with the highest number of fan-outs         ; ShiftLeft0~33  ; 25      ;
; Rule T102: Top nodes with the highest number of fan-outs         ; Selector0~4    ; 23      ;
; Rule T102: Top nodes with the highest number of fan-outs         ; Selector30~7   ; 22      ;
; Rule T102: Top nodes with the highest number of fan-outs         ; Selector10~4   ; 20      ;
; Rule T102: Top nodes with the highest number of fan-outs         ; Selector23~3   ; 18      ;
; Rule T102: Top nodes with the highest number of fan-outs         ; Selector10~3   ; 17      ;
; Rule T102: Top nodes with the highest number of fan-outs         ; Selector23~4   ; 16      ;
; Rule T102: Top nodes with the highest number of fan-outs         ; Selector23~1   ; 12      ;
; Rule T102: Top nodes with the highest number of fan-outs         ; Selector9~0    ; 11      ;
; Rule T102: Top nodes with the highest number of fan-outs         ; Selector7~2    ; 10      ;
; Rule T102: Top nodes with the highest number of fan-outs         ; Selector7~3    ; 9       ;
; Rule T102: Top nodes with the highest number of fan-outs         ; ShiftLeft0~32  ; 9       ;
; Rule T102: Top nodes with the highest number of fan-outs         ; Selector2~6    ; 8       ;
; Rule T102: Top nodes with the highest number of fan-outs         ; Selector10~5   ; 8       ;
; Rule T102: Top nodes with the highest number of fan-outs         ; Selector7~4    ; 8       ;
; Rule T102: Top nodes with the highest number of fan-outs         ; Selector0~2    ; 8       ;
; Rule T102: Top nodes with the highest number of fan-outs         ; Selector23~0   ; 6       ;
; Rule T102: Top nodes with the highest number of fan-outs         ; ShiftRight0~21 ; 6       ;
; Rule T102: Top nodes with the highest number of fan-outs         ; ShiftRight1~19 ; 6       ;
; Rule T102: Top nodes with the highest number of fan-outs         ; ShiftRight1~2  ; 6       ;
; Rule T102: Top nodes with the highest number of fan-outs         ; Selector10~2   ; 6       ;
; Rule T102: Top nodes with the highest number of fan-outs         ; ShiftRight1~27 ; 6       ;
; Rule T102: Top nodes with the highest number of fan-outs         ; Selector0~5    ; 5       ;
; Rule T102: Top nodes with the highest number of fan-outs         ; ShiftRight1~16 ; 5       ;
; Rule T102: Top nodes with the highest number of fan-outs         ; Selector0~1    ; 5       ;
; Rule T102: Top nodes with the highest number of fan-outs         ; Selector0~3    ; 5       ;
; Rule T102: Top nodes with the highest number of fan-outs         ; ShiftLeft0~26  ; 5       ;
; Rule T102: Top nodes with the highest number of fan-outs         ; ShiftRight0~6  ; 5       ;
; Rule T102: Top nodes with the highest number of fan-outs         ; ShiftLeft0~25  ; 4       ;
; Rule T102: Top nodes with the highest number of fan-outs         ; ShiftRight1~20 ; 4       ;
; Rule T102: Top nodes with the highest number of fan-outs         ; Selector23~5   ; 4       ;
; Rule T102: Top nodes with the highest number of fan-outs         ; Selector10~12  ; 4       ;
; Rule T102: Top nodes with the highest number of fan-outs         ; ShiftRight1~49 ; 4       ;
; Rule T102: Top nodes with the highest number of fan-outs         ; ShiftRight1~48 ; 4       ;
; Rule T102: Top nodes with the highest number of fan-outs         ; Selector15~0   ; 4       ;
; Rule T102: Top nodes with the highest number of fan-outs         ; ShiftLeft0~19  ; 4       ;
; Rule T102: Top nodes with the highest number of fan-outs         ; ShiftLeft0~82  ; 4       ;
; Rule T102: Top nodes with the highest number of fan-outs         ; Selector23~2   ; 4       ;
; Rule T102: Top nodes with the highest number of fan-outs         ; ShiftLeft0~6   ; 4       ;
; Rule T102: Top nodes with the highest number of fan-outs         ; ShiftRight1~31 ; 4       ;
; Rule T102: Top nodes with the highest number of fan-outs         ; ShiftLeft0~66  ; 4       ;
; Rule T102: Top nodes with the highest number of fan-outs         ; ShiftLeft0~84  ; 4       ;
; Rule T102: Top nodes with the highest number of fan-outs         ; ShiftRight1~35 ; 4       ;
; Rule T102: Top nodes with the highest number of fan-outs         ; ShiftRight1~56 ; 4       ;
; Rule T102: Top nodes with the highest number of fan-outs         ; Selector20~2   ; 4       ;
+------------------------------------------------------------------+----------------+---------+


+---------------------------+
; Design Assistant Messages ;
+---------------------------+
Info: *******************************************************************
Info: Running Quartus Prime Design Assistant
    Info: Version 21.1.1 Build 850 06/23/2022 SJ Standard Edition
    Info: Copyright (C) 2022  Intel Corporation. All rights reserved.
    Info: Your use of Intel Corporation's design tools, logic functions 
    Info: and other software and tools, and any partner logic 
    Info: functions, and any output files from any of the foregoing 
    Info: (including device programming or simulation files), and any 
    Info: associated documentation or information are expressly subject 
    Info: to the terms and conditions of the Intel Program License 
    Info: Subscription Agreement, the Intel Quartus Prime License Agreement,
    Info: the Intel FPGA IP License Agreement, or other applicable license
    Info: agreement, including, without limitation, that your use is for
    Info: the sole purpose of programming logic devices manufactured by
    Info: Intel and sold by Intel or its authorized distributors.  Please
    Info: refer to the applicable agreement for further details, at
    Info: https://fpgasoftware.intel.com/eula.
    Info: Processing started: Wed Sep  3 19:02:31 2025
Info: Command: quartus_drc --64bit alu -c alu
Info (332104): Reading SDC File: 'alu.sdc'
Warning (332174): Ignored filter at alu.sdc(1): CLK could not be matched with a port File: /home/ecegridfs/a/437mg063/ece437/processors/._alu/alu.sdc Line: 1
Warning (332049): Ignored create_clock at alu.sdc(1): Argument <targets> is an empty collection File: /home/ecegridfs/a/437mg063/ece437/processors/._alu/alu.sdc Line: 1
    Info (332050): create_clock -name CLK [get_ports {CLK}] -period 100MHz File: /home/ecegridfs/a/437mg063/ece437/processors/._alu/alu.sdc Line: 1
Warning (332174): Ignored filter at alu.sdc(2): CLOCK_50 could not be matched with a port File: /home/ecegridfs/a/437mg063/ece437/processors/._alu/alu.sdc Line: 2
Warning (332049): Ignored create_clock at alu.sdc(2): Argument <targets> is an empty collection File: /home/ecegridfs/a/437mg063/ece437/processors/._alu/alu.sdc Line: 2
    Info (332050): create_clock -name CLK_50 [get_ports {CLOCK_50}] -period 100MHz File: /home/ecegridfs/a/437mg063/ece437/processors/._alu/alu.sdc Line: 2
Warning (332174): Ignored filter at alu.sdc(3): CPUCLK|q could not be matched with a pin File: /home/ecegridfs/a/437mg063/ece437/processors/._alu/alu.sdc Line: 3
Critical Warning (332049): Ignored create_generated_clock at alu.sdc(3): Argument <targets> is an empty collection File: /home/ecegridfs/a/437mg063/ece437/processors/._alu/alu.sdc Line: 3
    Info (332050): create_generated_clock -divide_by 2 -source [get_ports CLK] -name CPUCLK [get_pins CPUCLK|q] File: /home/ecegridfs/a/437mg063/ece437/processors/._alu/alu.sdc Line: 3
Warning (332049): Ignored create_generated_clock at alu.sdc(3): Argument -source is an empty collection File: /home/ecegridfs/a/437mg063/ece437/processors/._alu/alu.sdc Line: 3
Warning (332174): Ignored filter at alu.sdc(4): system:SYS|CPUCLK|q could not be matched with a pin File: /home/ecegridfs/a/437mg063/ece437/processors/._alu/alu.sdc Line: 4
Critical Warning (332049): Ignored create_generated_clock at alu.sdc(4): Argument <targets> is an empty collection File: /home/ecegridfs/a/437mg063/ece437/processors/._alu/alu.sdc Line: 4
    Info (332050): create_generated_clock -divide_by 2 -source [get_ports CLOCK_50] -name CPUCLK [get_pins system:SYS|CPUCLK|q] File: /home/ecegridfs/a/437mg063/ece437/processors/._alu/alu.sdc Line: 4
Warning (332049): Ignored create_generated_clock at alu.sdc(4): Argument -source is an empty collection File: /home/ecegridfs/a/437mg063/ece437/processors/._alu/alu.sdc Line: 4
Info (332144): No user constrained base clocks found in the design
Info (332096): The command derive_clocks did not find any clocks to derive.  No clocks were created or changed.
Warning (332068): No clocks defined in design.
Info (332143): No user constrained clock uncertainty found in the design. Calling "derive_clock_uncertainty"
Info (332154): The derive_clock_uncertainty command did not apply clock uncertainty to any clock-to-clock transfers.
Info (308046): (Information) Rule T101: Nodes with more than the specified number of fan-outs. (Value defined:30). Found 2 node(s) with highest fan-out.
    Info (308011): Node  "Selector0~6" File: /home/ecegridfs/a/437mg063/ece437/processors/source/alu.sv Line: 11
    Info (308011): Node  "Selector0~7" File: /home/ecegridfs/a/437mg063/ece437/processors/source/alu.sv Line: 11
Info (308044): (Information) Rule T102: Top nodes with the highest number of fan-outs. (Value defined:50). Found 50 node(s) with highest fan-out.
    Info (308011): Node  "Selector0~6" File: /home/ecegridfs/a/437mg063/ece437/processors/source/alu.sv Line: 11
    Info (308011): Node  "Selector0~7" File: /home/ecegridfs/a/437mg063/ece437/processors/source/alu.sv Line: 11
    Info (308011): Node  "Selector0~20" File: /home/ecegridfs/a/437mg063/ece437/processors/source/alu.sv Line: 11
    Info (308011): Node  "Selector0~19" File: /home/ecegridfs/a/437mg063/ece437/processors/source/alu.sv Line: 11
    Info (308011): Node  "Selector0~21" File: /home/ecegridfs/a/437mg063/ece437/processors/source/alu.sv Line: 11
    Info (308011): Node  "ShiftLeft0~33" File: /home/ecegridfs/a/437mg063/ece437/processors/source/alu.sv Line: 17
    Info (308011): Node  "Selector0~4" File: /home/ecegridfs/a/437mg063/ece437/processors/source/alu.sv Line: 11
    Info (308011): Node  "Selector30~7" File: /home/ecegridfs/a/437mg063/ece437/processors/source/alu.sv Line: 11
    Info (308011): Node  "Selector10~4" File: /home/ecegridfs/a/437mg063/ece437/processors/source/alu.sv Line: 11
    Info (308011): Node  "Selector23~3" File: /home/ecegridfs/a/437mg063/ece437/processors/source/alu.sv Line: 11
    Info (308011): Node  "Selector10~3" File: /home/ecegridfs/a/437mg063/ece437/processors/source/alu.sv Line: 11
    Info (308011): Node  "Selector23~4" File: /home/ecegridfs/a/437mg063/ece437/processors/source/alu.sv Line: 11
    Info (308011): Node  "Selector23~1" File: /home/ecegridfs/a/437mg063/ece437/processors/source/alu.sv Line: 11
    Info (308011): Node  "Selector9~0" File: /home/ecegridfs/a/437mg063/ece437/processors/source/alu.sv Line: 11
    Info (308011): Node  "Selector7~2" File: /home/ecegridfs/a/437mg063/ece437/processors/source/alu.sv Line: 11
    Info (308011): Node  "Selector7~3" File: /home/ecegridfs/a/437mg063/ece437/processors/source/alu.sv Line: 11
    Info (308011): Node  "ShiftLeft0~32" File: /home/ecegridfs/a/437mg063/ece437/processors/source/alu.sv Line: 17
    Info (308011): Node  "Selector2~6" File: /home/ecegridfs/a/437mg063/ece437/processors/source/alu.sv Line: 11
    Info (308011): Node  "Selector10~5" File: /home/ecegridfs/a/437mg063/ece437/processors/source/alu.sv Line: 11
    Info (308011): Node  "Selector7~4" File: /home/ecegridfs/a/437mg063/ece437/processors/source/alu.sv Line: 11
    Info (308011): Node  "Selector0~2" File: /home/ecegridfs/a/437mg063/ece437/processors/source/alu.sv Line: 11
    Info (308011): Node  "Selector23~0" File: /home/ecegridfs/a/437mg063/ece437/processors/source/alu.sv Line: 11
    Info (308011): Node  "ShiftRight0~21" File: /home/ecegridfs/a/437mg063/ece437/processors/source/alu.sv Line: 18
    Info (308011): Node  "ShiftRight1~19" File: /home/ecegridfs/a/437mg063/ece437/processors/source/alu.sv Line: 19
    Info (308011): Node  "ShiftRight1~2" File: /home/ecegridfs/a/437mg063/ece437/processors/source/alu.sv Line: 19
    Info (308011): Node  "Selector10~2" File: /home/ecegridfs/a/437mg063/ece437/processors/source/alu.sv Line: 11
    Info (308011): Node  "ShiftRight1~27" File: /home/ecegridfs/a/437mg063/ece437/processors/source/alu.sv Line: 19
    Info (308011): Node  "Selector0~5" File: /home/ecegridfs/a/437mg063/ece437/processors/source/alu.sv Line: 11
    Info (308011): Node  "ShiftRight1~16" File: /home/ecegridfs/a/437mg063/ece437/processors/source/alu.sv Line: 19
    Info (308011): Node  "Selector0~1" File: /home/ecegridfs/a/437mg063/ece437/processors/source/alu.sv Line: 11
    Info (308002): Truncated list of Design Assistant messages to 30 messages. Go to sections under Design Assistant section of Compilation Report for complete lists of Design Assistant messages generated.
Info (308007): Design Assistant information: finished post-fitting analysis of current design -- generated 52 information messages and 0 warning messages
Info: Quartus Prime Design Assistant was successful. 0 errors, 11 warnings
    Info: Peak virtual memory: 632 megabytes
    Info: Processing ended: Wed Sep  3 19:02:32 2025
    Info: Elapsed time: 00:00:01
    Info: Total CPU time (on all processors): 00:00:00


EDA Netlist Writer report for alu
Wed Sep  3 19:02:37 2025
Quartus Prime Version 21.1.1 Build 850 06/23/2022 SJ Standard Edition


---------------------
; Table of Contents ;
---------------------
  1. Legal Notice
  2. EDA Netlist Writer Summary
  3. Simulation Settings
  4. Simulation Generated Files
  5. EDA Netlist Writer Messages



----------------
; Legal Notice ;
----------------
Copyright (C) 2022  Intel Corporation. All rights reserved.
Your use of Intel Corporation's design tools, logic functions 
and other software and tools, and any partner logic 
functions, and any output files from any of the foregoing 
(including device programming or simulation files), and any 
associated documentation or information are expressly subject 
to the terms and conditions of the Intel Program License 
Subscription Agreement, the Intel Quartus Prime License Agreement,
the Intel FPGA IP License Agreement, or other applicable license
agreement, including, without limitation, that your use is for
the sole purpose of programming logic devices manufactured by
Intel and sold by Intel or its authorized distributors.  Please
refer to the applicable agreement for further details, at
https://fpgasoftware.intel.com/eula.



+-------------------------------------------------------------------+
; EDA Netlist Writer Summary                                        ;
+---------------------------+---------------------------------------+
; EDA Netlist Writer Status ; Successful - Wed Sep  3 19:02:37 2025 ;
; Revision Name             ; alu                                   ;
; Top-level Entity Name     ; alu                                   ;
; Family                    ; Cyclone IV E                          ;
; Simulation Files Creation ; Successful                            ;
+---------------------------+---------------------------------------+


+------------------------------------------------------------------------------------------------------------------------+
; Simulation Settings                                                                                                    ;
+---------------------------------------------------------------------------------------------------+--------------------+
; Option                                                                                            ; Setting            ;
+---------------------------------------------------------------------------------------------------+--------------------+
; Tool Name                                                                                         ; ModelSim (Verilog) ;
; Generate functional simulation netlist                                                            ; On                 ;
; Truncate long hierarchy paths                                                                     ; Off                ;
; Map illegal HDL characters                                                                        ; Off                ;
; Flatten buses into individual nodes                                                               ; Off                ;
; Maintain hierarchy                                                                                ; On                 ;
; Bring out device-wide set/reset signals as ports                                                  ; Off                ;
; Enable glitch filtering                                                                           ; Off                ;
; Do not write top level VHDL entity                                                                ; Off                ;
; Disable detection of setup and hold time violations in the input registers of bi-directional pins ; Off                ;
; Architecture name in VHDL output netlist                                                          ; structure          ;
; Generate third-party EDA tool command script for RTL functional simulation                        ; Off                ;
; Generate third-party EDA tool command script for gate-level simulation                            ; Off                ;
+---------------------------------------------------------------------------------------------------+--------------------+


+-------------------------------------------------------------------------------+
; Simulation Generated Files                                                    ;
+-------------------------------------------------------------------------------+
; Generated Files                                                               ;
+-------------------------------------------------------------------------------+
; /home/ecegridfs/a/437mg063/ece437/processors/._alu/simulation/modelsim/alu.vo ;
+-------------------------------------------------------------------------------+


+-----------------------------+
; EDA Netlist Writer Messages ;
+-----------------------------+
Info: *******************************************************************
Info: Running Quartus Prime EDA Netlist Writer
    Info: Version 21.1.1 Build 850 06/23/2022 SJ Standard Edition
    Info: Copyright (C) 2022  Intel Corporation. All rights reserved.
    Info: Your use of Intel Corporation's design tools, logic functions 
    Info: and other software and tools, and any partner logic 
    Info: functions, and any output files from any of the foregoing 
    Info: (including device programming or simulation files), and any 
    Info: associated documentation or information are expressly subject 
    Info: to the terms and conditions of the Intel Program License 
    Info: Subscription Agreement, the Intel Quartus Prime License Agreement,
    Info: the Intel FPGA IP License Agreement, or other applicable license
    Info: agreement, including, without limitation, that your use is for
    Info: the sole purpose of programming logic devices manufactured by
    Info: Intel and sold by Intel or its authorized distributors.  Please
    Info: refer to the applicable agreement for further details, at
    Info: https://fpgasoftware.intel.com/eula.
    Info: Processing started: Wed Sep  3 19:02:36 2025
Info: Command: quartus_eda --64bit alu -c alu
Info (204019): Generated file alu.vo in folder "/home/ecegridfs/a/437mg063/ece437/processors/._alu/simulation/modelsim/" for EDA simulation tool
Info: Quartus Prime EDA Netlist Writer was successful. 0 errors, 0 warnings
    Info: Peak virtual memory: 662 megabytes
    Info: Processing ended: Wed Sep  3 19:02:37 2025
    Info: Elapsed time: 00:00:01
    Info: Total CPU time (on all processors): 00:00:00


Fitter report for alu
Wed Sep  3 19:02:30 2025
Quartus Prime Version 21.1.1 Build 850 06/23/2022 SJ Standard Edition


---------------------
; Table of Contents ;
---------------------
  1. Legal Notice
  2. Fitter Summary
  3. Fitter Settings
  4. Parallel Compilation
  5. Ignored Assignments
  6. Incremental Compilation Preservation Summary
  7. Incremental Compilation Partition Settings
  8. Incremental Compilation Placement Preservation
  9. Pin-Out File
 10. Fitter Resource Usage Summary
 11. Fitter Partition Statistics
 12. Input Pins
 13. Output Pins
 14. Dual Purpose and Dedicated Pins
 15. I/O Bank Usage
 16. All Package Pins
 17. I/O Assignment Warnings
 18. Fitter Resource Utilization by Entity
 19. Delay Chain Summary
 20. Pad To Core Delay Chain Fanout
 21. Routing Usage Summary
 22. LAB Logic Elements
 23. LAB Signals Sourced
 24. LAB Signals Sourced Out
 25. LAB Distinct Inputs
 26. I/O Rules Summary
 27. I/O Rules Details
 28. I/O Rules Matrix
 29. Fitter Device Options
 30. Operating Settings and Conditions
 31. Fitter Messages
 32. Fitter Suppressed Messages



----------------
; Legal Notice ;
----------------
Copyright (C) 2022  Intel Corporation. All rights reserved.
Your use of Intel Corporation's design tools, logic functions 
and other software and tools, and any partner logic 
functions, and any output files from any of the foregoing 
(including device programming or simulation files), and any 
associated documentation or information are expressly subject 
to the terms and conditions of the Intel Program License 
Subscription Agreement, the Intel Quartus Prime License Agreement,
the Intel FPGA IP License Agreement, or other applicable license
agreement, including, without limitation, that your use is for
the sole purpose of programming logic devices manufactured by
Intel and sold by Intel or its authorized distributors.  Please
refer to the applicable agreement for further details, at
https://fpgasoftware.intel.com/eula.



+--------------------------------------------------------------------------------------+
; Fitter Summary                                                                       ;
+------------------------------------+-------------------------------------------------+
; Fitter Status                      ; Successful - Wed Sep  3 19:02:30 2025           ;
; Quartus Prime Version              ; 21.1.1 Build 850 06/23/2022 SJ Standard Edition ;
; Revision Name                      ; alu                                             ;
; Top-level Entity Name              ; alu                                             ;
; Family                             ; Cyclone IV E                                    ;
; Device                             ; EP4CE115F29C8                                   ;
; Timing Models                      ; Final                                           ;
; Total logic elements               ; 689 / 114,480 ( < 1 % )                         ;
;     Total combinational functions  ; 689 / 114,480 ( < 1 % )                         ;
;     Dedicated logic registers      ; 0 / 114,480 ( 0 % )                             ;
; Total registers                    ; 0                                               ;
; Total pins                         ; 103 / 529 ( 19 % )                              ;
; Total virtual pins                 ; 0                                               ;
; Total memory bits                  ; 0 / 3,981,312 ( 0 % )                           ;
; Embedded Multiplier 9-bit elements ; 0 / 532 ( 0 % )                                 ;
; Total PLLs                         ; 0 / 4 ( 0 % )                                   ;
+------------------------------------+-------------------------------------------------+


+----------------------------------------------------------------------------------------------------------------------------------------------------+
; Fitter Settings                                                                                                                                    ;
+--------------------------------------------------------------------+---------------------------------------+---------------------------------------+
; Option                                                             ; Setting                               ; Default Value                         ;
+--------------------------------------------------------------------+---------------------------------------+---------------------------------------+
; Device                                                             ; EP4CE115F29C8                         ;                                       ;
; Use smart compilation                                              ; On                                    ; Off                                   ;
; Maximum processors allowed for parallel compilation                ; 4                                     ;                                       ;
; Fit Attempts to Skip                                               ; 0                                     ; 0.0                                   ;
; Enable parallel Assembler and Timing Analyzer during compilation   ; On                                    ; On                                    ;
; Enable compact report table                                        ; Off                                   ; Off                                   ;
; Auto Merge PLLs                                                    ; On                                    ; On                                    ;
; Router Timing Optimization Level                                   ; Normal                                ; Normal                                ;
; Perform Clocking Topology Analysis During Routing                  ; Off                                   ; Off                                   ;
; Placement Effort Multiplier                                        ; 1.0                                   ; 1.0                                   ;
; Router Effort Multiplier                                           ; 1.0                                   ; 1.0                                   ;
; Optimize Hold Timing                                               ; All Paths                             ; All Paths                             ;
; Optimize Multi-Corner Timing                                       ; On                                    ; On                                    ;
; Power Optimization During Fitting                                  ; Normal compilation                    ; Normal compilation                    ;
; SSN Optimization                                                   ; Off                                   ; Off                                   ;
; Optimize Timing                                                    ; Normal compilation                    ; Normal compilation                    ;
; Optimize Timing for ECOs                                           ; Off                                   ; Off                                   ;
; Regenerate Full Fit Report During ECO Compiles                     ; Off                                   ; Off                                   ;
; Optimize IOC Register Placement for Timing                         ; Normal                                ; Normal                                ;
; Limit to One Fitting Attempt                                       ; Off                                   ; Off                                   ;
; Final Placement Optimizations                                      ; Automatically                         ; Automatically                         ;
; Fitter Aggressive Routability Optimizations                        ; Automatically                         ; Automatically                         ;
; Fitter Initial Placement Seed                                      ; 1                                     ; 1                                     ;
; Periphery to Core Placement and Routing Optimization               ; Off                                   ; Off                                   ;
; PCI I/O                                                            ; Off                                   ; Off                                   ;
; Weak Pull-Up Resistor                                              ; Off                                   ; Off                                   ;
; Enable Bus-Hold Circuitry                                          ; Off                                   ; Off                                   ;
; Auto Packed Registers                                              ; Auto                                  ; Auto                                  ;
; Auto Delay Chains                                                  ; On                                    ; On                                    ;
; Auto Delay Chains for High Fanout Input Pins                       ; Off                                   ; Off                                   ;
; Allow Single-ended Buffer for Differential-XSTL Input              ; Off                                   ; Off                                   ;
; Treat Bidirectional Pin as Output Pin                              ; Off                                   ; Off                                   ;
; Perform Physical Synthesis for Combinational Logic for Fitting     ; Off                                   ; Off                                   ;
; Perform Physical Synthesis for Combinational Logic for Performance ; Off                                   ; Off                                   ;
; Perform Register Duplication for Performance                       ; Off                                   ; Off                                   ;
; Perform Logic to Memory Mapping for Fitting                        ; Off                                   ; Off                                   ;
; Perform Register Retiming for Performance                          ; Off                                   ; Off                                   ;
; Perform Asynchronous Signal Pipelining                             ; Off                                   ; Off                                   ;
; Fitter Effort                                                      ; Auto Fit                              ; Auto Fit                              ;
; Physical Synthesis Effort Level                                    ; Normal                                ; Normal                                ;
; Logic Cell Insertion - Logic Duplication                           ; Auto                                  ; Auto                                  ;
; Auto Register Duplication                                          ; Auto                                  ; Auto                                  ;
; Auto Global Clock                                                  ; On                                    ; On                                    ;
; Auto Global Register Control Signals                               ; On                                    ; On                                    ;
; Reserve all unused pins                                            ; As input tri-stated with weak pull-up ; As input tri-stated with weak pull-up ;
; Synchronizer Identification                                        ; Auto                                  ; Auto                                  ;
; Enable Beneficial Skew Optimization                                ; On                                    ; On                                    ;
; Optimize Design for Metastability                                  ; On                                    ; On                                    ;
; Force Fitter to Avoid Periphery Placement Warnings                 ; Off                                   ; Off                                   ;
; Enable input tri-state on active configuration pins in user mode   ; Off                                   ; Off                                   ;
+--------------------------------------------------------------------+---------------------------------------+---------------------------------------+


+------------------------------------------+
; Parallel Compilation                     ;
+----------------------------+-------------+
; Processors                 ; Number      ;
+----------------------------+-------------+
; Number detected on machine ; 8           ;
; Maximum allowed            ; 4           ;
;                            ;             ;
; Average used               ; 1.01        ;
; Maximum used               ; 4           ;
;                            ;             ;
; Usage by Processor         ; % Time Used ;
;     Processor 1            ; 100.0%      ;
;     Processors 2-4         ;   0.4%      ;
+----------------------------+-------------+


+-------------------------------------------------------------------------------------------------------------+
; Ignored Assignments                                                                                         ;
+-------------------------+----------------+--------------+------------------+---------------+----------------+
; Name                    ; Ignored Entity ; Ignored From ; Ignored To       ; Ignored Value ; Ignored Source ;
+-------------------------+----------------+--------------+------------------+---------------+----------------+
; Location                ;                ;              ; AUD_ADCDAT       ; PIN_D2        ; QSF Assignment ;
; Location                ;                ;              ; AUD_ADCLRCK      ; PIN_C2        ; QSF Assignment ;
; Location                ;                ;              ; AUD_BCLK         ; PIN_F2        ; QSF Assignment ;
; Location                ;                ;              ; AUD_DACDAT       ; PIN_D1        ; QSF Assignment ;
; Location                ;                ;              ; AUD_DACLRCK      ; PIN_E3        ; QSF Assignment ;
; Location                ;                ;              ; AUD_XCK          ; PIN_E1        ; QSF Assignment ;
; Location                ;                ;              ; CLOCK2_50        ; PIN_AG14      ; QSF Assignment ;
; Location                ;                ;              ; CLOCK3_50        ; PIN_AG15      ; QSF Assignment ;
; Location                ;                ;              ; CLOCK_50         ; PIN_Y2        ; QSF Assignment ;
; Location                ;                ;              ; DRAM_ADDR[0]     ; PIN_R6        ; QSF Assignment ;
; Location                ;                ;              ; DRAM_ADDR[10]    ; PIN_R5        ; QSF Assignment ;
; Location                ;                ;              ; DRAM_ADDR[11]    ; PIN_AA5       ; QSF Assignment ;
; Location                ;                ;              ; DRAM_ADDR[12]    ; PIN_Y7        ; QSF Assignment ;
; Location                ;                ;              ; DRAM_ADDR[1]     ; PIN_V8        ; QSF Assignment ;
; Location                ;                ;              ; DRAM_ADDR[2]     ; PIN_U8        ; QSF Assignment ;
; Location                ;                ;              ; DRAM_ADDR[3]     ; PIN_P1        ; QSF Assignment ;
; Location                ;                ;              ; DRAM_ADDR[4]     ; PIN_V5        ; QSF Assignment ;
; Location                ;                ;              ; DRAM_ADDR[5]     ; PIN_W8        ; QSF Assignment ;
; Location                ;                ;              ; DRAM_ADDR[6]     ; PIN_W7        ; QSF Assignment ;
; Location                ;                ;              ; DRAM_ADDR[7]     ; PIN_AA7       ; QSF Assignment ;
; Location                ;                ;              ; DRAM_ADDR[8]     ; PIN_Y5        ; QSF Assignment ;
; Location                ;                ;              ; DRAM_ADDR[9]     ; PIN_Y6        ; QSF Assignment ;
; Location                ;                ;              ; DRAM_BA[0]       ; PIN_U7        ; QSF Assignment ;
; Location                ;                ;              ; DRAM_BA[1]       ; PIN_R4        ; QSF Assignment ;
; Location                ;                ;              ; DRAM_CAS_N       ; PIN_V7        ; QSF Assignment ;
; Location                ;                ;              ; DRAM_CKE         ; PIN_AA6       ; QSF Assignment ;
; Location                ;                ;              ; DRAM_CLK         ; PIN_AE5       ; QSF Assignment ;
; Location                ;                ;              ; DRAM_CS_N        ; PIN_T4        ; QSF Assignment ;
; Location                ;                ;              ; DRAM_DQM[0]      ; PIN_U2        ; QSF Assignment ;
; Location                ;                ;              ; DRAM_DQM[1]      ; PIN_W4        ; QSF Assignment ;
; Location                ;                ;              ; DRAM_DQM[2]      ; PIN_K8        ; QSF Assignment ;
; Location                ;                ;              ; DRAM_DQM[3]      ; PIN_N8        ; QSF Assignment ;
; Location                ;                ;              ; DRAM_DQ[0]       ; PIN_W3        ; QSF Assignment ;
; Location                ;                ;              ; DRAM_DQ[10]      ; PIN_AB1       ; QSF Assignment ;
; Location                ;                ;              ; DRAM_DQ[11]      ; PIN_AA3       ; QSF Assignment ;
; Location                ;                ;              ; DRAM_DQ[12]      ; PIN_AB2       ; QSF Assignment ;
; Location                ;                ;              ; DRAM_DQ[13]      ; PIN_AC1       ; QSF Assignment ;
; Location                ;                ;              ; DRAM_DQ[14]      ; PIN_AB3       ; QSF Assignment ;
; Location                ;                ;              ; DRAM_DQ[15]      ; PIN_AC2       ; QSF Assignment ;
; Location                ;                ;              ; DRAM_DQ[16]      ; PIN_M8        ; QSF Assignment ;
; Location                ;                ;              ; DRAM_DQ[17]      ; PIN_L8        ; QSF Assignment ;
; Location                ;                ;              ; DRAM_DQ[18]      ; PIN_P2        ; QSF Assignment ;
; Location                ;                ;              ; DRAM_DQ[19]      ; PIN_N3        ; QSF Assignment ;
; Location                ;                ;              ; DRAM_DQ[1]       ; PIN_W2        ; QSF Assignment ;
; Location                ;                ;              ; DRAM_DQ[20]      ; PIN_N4        ; QSF Assignment ;
; Location                ;                ;              ; DRAM_DQ[21]      ; PIN_M4        ; QSF Assignment ;
; Location                ;                ;              ; DRAM_DQ[22]      ; PIN_M7        ; QSF Assignment ;
; Location                ;                ;              ; DRAM_DQ[23]      ; PIN_L7        ; QSF Assignment ;
; Location                ;                ;              ; DRAM_DQ[24]      ; PIN_U5        ; QSF Assignment ;
; Location                ;                ;              ; DRAM_DQ[25]      ; PIN_R7        ; QSF Assignment ;
; Location                ;                ;              ; DRAM_DQ[26]      ; PIN_R1        ; QSF Assignment ;
; Location                ;                ;              ; DRAM_DQ[27]      ; PIN_R2        ; QSF Assignment ;
; Location                ;                ;              ; DRAM_DQ[28]      ; PIN_R3        ; QSF Assignment ;
; Location                ;                ;              ; DRAM_DQ[29]      ; PIN_T3        ; QSF Assignment ;
; Location                ;                ;              ; DRAM_DQ[2]       ; PIN_V4        ; QSF Assignment ;
; Location                ;                ;              ; DRAM_DQ[30]      ; PIN_U4        ; QSF Assignment ;
; Location                ;                ;              ; DRAM_DQ[31]      ; PIN_U1        ; QSF Assignment ;
; Location                ;                ;              ; DRAM_DQ[3]       ; PIN_W1        ; QSF Assignment ;
; Location                ;                ;              ; DRAM_DQ[4]       ; PIN_V3        ; QSF Assignment ;
; Location                ;                ;              ; DRAM_DQ[5]       ; PIN_V2        ; QSF Assignment ;
; Location                ;                ;              ; DRAM_DQ[6]       ; PIN_V1        ; QSF Assignment ;
; Location                ;                ;              ; DRAM_DQ[7]       ; PIN_U3        ; QSF Assignment ;
; Location                ;                ;              ; DRAM_DQ[8]       ; PIN_Y3        ; QSF Assignment ;
; Location                ;                ;              ; DRAM_DQ[9]       ; PIN_Y4        ; QSF Assignment ;
; Location                ;                ;              ; DRAM_RAS_N       ; PIN_U6        ; QSF Assignment ;
; Location                ;                ;              ; DRAM_WE_N        ; PIN_V6        ; QSF Assignment ;
; Location                ;                ;              ; EEP_I2C_SCLK     ; PIN_D14       ; QSF Assignment ;
; Location                ;                ;              ; EEP_I2C_SDAT     ; PIN_E14       ; QSF Assignment ;
; Location                ;                ;              ; ENET0_GTX_CLK    ; PIN_A17       ; QSF Assignment ;
; Location                ;                ;              ; ENET0_INT_N      ; PIN_A21       ; QSF Assignment ;
; Location                ;                ;              ; ENET0_LINK100    ; PIN_C14       ; QSF Assignment ;
; Location                ;                ;              ; ENET0_MDC        ; PIN_C20       ; QSF Assignment ;
; Location                ;                ;              ; ENET0_MDIO       ; PIN_B21       ; QSF Assignment ;
; Location                ;                ;              ; ENET0_RESET_N    ; PIN_C19       ; QSF Assignment ;
; Location                ;                ;              ; ENET0_RX_CLK     ; PIN_A15       ; QSF Assignment ;
; Location                ;                ;              ; ENET0_RX_COL     ; PIN_E15       ; QSF Assignment ;
; Location                ;                ;              ; ENET0_RX_CRS     ; PIN_D15       ; QSF Assignment ;
; Location                ;                ;              ; ENET0_RX_DATA[0] ; PIN_C16       ; QSF Assignment ;
; Location                ;                ;              ; ENET0_RX_DATA[1] ; PIN_D16       ; QSF Assignment ;
; Location                ;                ;              ; ENET0_RX_DATA[2] ; PIN_D17       ; QSF Assignment ;
; Location                ;                ;              ; ENET0_RX_DATA[3] ; PIN_C15       ; QSF Assignment ;
; Location                ;                ;              ; ENET0_RX_DV      ; PIN_C17       ; QSF Assignment ;
; Location                ;                ;              ; ENET0_RX_ER      ; PIN_D18       ; QSF Assignment ;
; Location                ;                ;              ; ENET0_TX_CLK     ; PIN_B17       ; QSF Assignment ;
; Location                ;                ;              ; ENET0_TX_DATA[0] ; PIN_C18       ; QSF Assignment ;
; Location                ;                ;              ; ENET0_TX_DATA[1] ; PIN_D19       ; QSF Assignment ;
; Location                ;                ;              ; ENET0_TX_DATA[2] ; PIN_A19       ; QSF Assignment ;
; Location                ;                ;              ; ENET0_TX_DATA[3] ; PIN_B19       ; QSF Assignment ;
; Location                ;                ;              ; ENET0_TX_EN      ; PIN_A18       ; QSF Assignment ;
; Location                ;                ;              ; ENET0_TX_ER      ; PIN_B18       ; QSF Assignment ;
; Location                ;                ;              ; ENET1_GTX_CLK    ; PIN_C23       ; QSF Assignment ;
; Location                ;                ;              ; ENET1_INT_N      ; PIN_D24       ; QSF Assignment ;
; Location                ;                ;              ; ENET1_LINK100    ; PIN_D13       ; QSF Assignment ;
; Location                ;                ;              ; ENET1_MDC        ; PIN_D23       ; QSF Assignment ;
; Location                ;                ;              ; ENET1_MDIO       ; PIN_D25       ; QSF Assignment ;
; Location                ;                ;              ; ENET1_RESET_N    ; PIN_D22       ; QSF Assignment ;
; Location                ;                ;              ; ENET1_RX_CLK     ; PIN_B15       ; QSF Assignment ;
; Location                ;                ;              ; ENET1_RX_COL     ; PIN_B22       ; QSF Assignment ;
; Location                ;                ;              ; ENET1_RX_CRS     ; PIN_D20       ; QSF Assignment ;
; Location                ;                ;              ; ENET1_RX_DATA[0] ; PIN_B23       ; QSF Assignment ;
; Location                ;                ;              ; ENET1_RX_DATA[1] ; PIN_C21       ; QSF Assignment ;
; Location                ;                ;              ; ENET1_RX_DATA[2] ; PIN_A23       ; QSF Assignment ;
; Location                ;                ;              ; ENET1_RX_DATA[3] ; PIN_D21       ; QSF Assignment ;
; Location                ;                ;              ; ENET1_RX_DV      ; PIN_A22       ; QSF Assignment ;
; Location                ;                ;              ; ENET1_RX_ER      ; PIN_C24       ; QSF Assignment ;
; Location                ;                ;              ; ENET1_TX_CLK     ; PIN_C22       ; QSF Assignment ;
; Location                ;                ;              ; ENET1_TX_DATA[0] ; PIN_C25       ; QSF Assignment ;
; Location                ;                ;              ; ENET1_TX_DATA[1] ; PIN_A26       ; QSF Assignment ;
; Location                ;                ;              ; ENET1_TX_DATA[2] ; PIN_B26       ; QSF Assignment ;
; Location                ;                ;              ; ENET1_TX_DATA[3] ; PIN_C26       ; QSF Assignment ;
; Location                ;                ;              ; ENET1_TX_EN      ; PIN_B25       ; QSF Assignment ;
; Location                ;                ;              ; ENET1_TX_ER      ; PIN_A25       ; QSF Assignment ;
; Location                ;                ;              ; ENETCLK_25       ; PIN_A14       ; QSF Assignment ;
; Location                ;                ;              ; EXT_IO[0]        ; PIN_J10       ; QSF Assignment ;
; Location                ;                ;              ; EXT_IO[1]        ; PIN_J14       ; QSF Assignment ;
; Location                ;                ;              ; EXT_IO[2]        ; PIN_H13       ; QSF Assignment ;
; Location                ;                ;              ; EXT_IO[3]        ; PIN_H14       ; QSF Assignment ;
; Location                ;                ;              ; EXT_IO[4]        ; PIN_F14       ; QSF Assignment ;
; Location                ;                ;              ; EXT_IO[5]        ; PIN_E10       ; QSF Assignment ;
; Location                ;                ;              ; EXT_IO[6]        ; PIN_D9        ; QSF Assignment ;
; Location                ;                ;              ; FL_ADDR[0]       ; PIN_AG12      ; QSF Assignment ;
; Location                ;                ;              ; FL_ADDR[10]      ; PIN_AE9       ; QSF Assignment ;
; Location                ;                ;              ; FL_ADDR[11]      ; PIN_AF9       ; QSF Assignment ;
; Location                ;                ;              ; FL_ADDR[12]      ; PIN_AA10      ; QSF Assignment ;
; Location                ;                ;              ; FL_ADDR[13]      ; PIN_AD8       ; QSF Assignment ;
; Location                ;                ;              ; FL_ADDR[14]      ; PIN_AC8       ; QSF Assignment ;
; Location                ;                ;              ; FL_ADDR[15]      ; PIN_Y10       ; QSF Assignment ;
; Location                ;                ;              ; FL_ADDR[16]      ; PIN_AA8       ; QSF Assignment ;
; Location                ;                ;              ; FL_ADDR[17]      ; PIN_AH12      ; QSF Assignment ;
; Location                ;                ;              ; FL_ADDR[18]      ; PIN_AC12      ; QSF Assignment ;
; Location                ;                ;              ; FL_ADDR[19]      ; PIN_AD12      ; QSF Assignment ;
; Location                ;                ;              ; FL_ADDR[1]       ; PIN_AH7       ; QSF Assignment ;
; Location                ;                ;              ; FL_ADDR[20]      ; PIN_AE10      ; QSF Assignment ;
; Location                ;                ;              ; FL_ADDR[21]      ; PIN_AD10      ; QSF Assignment ;
; Location                ;                ;              ; FL_ADDR[22]      ; PIN_AD11      ; QSF Assignment ;
; Location                ;                ;              ; FL_ADDR[2]       ; PIN_Y13       ; QSF Assignment ;
; Location                ;                ;              ; FL_ADDR[3]       ; PIN_Y14       ; QSF Assignment ;
; Location                ;                ;              ; FL_ADDR[4]       ; PIN_Y12       ; QSF Assignment ;
; Location                ;                ;              ; FL_ADDR[5]       ; PIN_AA13      ; QSF Assignment ;
; Location                ;                ;              ; FL_ADDR[6]       ; PIN_AA12      ; QSF Assignment ;
; Location                ;                ;              ; FL_ADDR[7]       ; PIN_AB13      ; QSF Assignment ;
; Location                ;                ;              ; FL_ADDR[8]       ; PIN_AB12      ; QSF Assignment ;
; Location                ;                ;              ; FL_ADDR[9]       ; PIN_AB10      ; QSF Assignment ;
; Location                ;                ;              ; FL_CE_N          ; PIN_AG7       ; QSF Assignment ;
; Location                ;                ;              ; FL_DQ[0]         ; PIN_AH8       ; QSF Assignment ;
; Location                ;                ;              ; FL_DQ[1]         ; PIN_AF10      ; QSF Assignment ;
; Location                ;                ;              ; FL_DQ[2]         ; PIN_AG10      ; QSF Assignment ;
; Location                ;                ;              ; FL_DQ[3]         ; PIN_AH10      ; QSF Assignment ;
; Location                ;                ;              ; FL_DQ[4]         ; PIN_AF11      ; QSF Assignment ;
; Location                ;                ;              ; FL_DQ[5]         ; PIN_AG11      ; QSF Assignment ;
; Location                ;                ;              ; FL_DQ[6]         ; PIN_AH11      ; QSF Assignment ;
; Location                ;                ;              ; FL_DQ[7]         ; PIN_AF12      ; QSF Assignment ;
; Location                ;                ;              ; FL_OE_N          ; PIN_AG8       ; QSF Assignment ;
; Location                ;                ;              ; FL_RESET_N       ; PIN_AE11      ; QSF Assignment ;
; Location                ;                ;              ; FL_RY            ; PIN_Y1        ; QSF Assignment ;
; Location                ;                ;              ; FL_WE_N          ; PIN_AC10      ; QSF Assignment ;
; Location                ;                ;              ; FL_WP_N          ; PIN_AE12      ; QSF Assignment ;
; Location                ;                ;              ; GPIO[0]          ; PIN_AB22      ; QSF Assignment ;
; Location                ;                ;              ; GPIO[10]         ; PIN_AC19      ; QSF Assignment ;
; Location                ;                ;              ; GPIO[11]         ; PIN_AF16      ; QSF Assignment ;
; Location                ;                ;              ; GPIO[12]         ; PIN_AD19      ; QSF Assignment ;
; Location                ;                ;              ; GPIO[13]         ; PIN_AF15      ; QSF Assignment ;
; Location                ;                ;              ; GPIO[14]         ; PIN_AF24      ; QSF Assignment ;
; Location                ;                ;              ; GPIO[15]         ; PIN_AE21      ; QSF Assignment ;
; Location                ;                ;              ; GPIO[16]         ; PIN_AF25      ; QSF Assignment ;
; Location                ;                ;              ; GPIO[17]         ; PIN_AC22      ; QSF Assignment ;
; Location                ;                ;              ; GPIO[18]         ; PIN_AE22      ; QSF Assignment ;
; Location                ;                ;              ; GPIO[19]         ; PIN_AF21      ; QSF Assignment ;
; Location                ;                ;              ; GPIO[1]          ; PIN_AC15      ; QSF Assignment ;
; Location                ;                ;              ; GPIO[20]         ; PIN_AF22      ; QSF Assignment ;
; Location                ;                ;              ; GPIO[21]         ; PIN_AD22      ; QSF Assignment ;
; Location                ;                ;              ; GPIO[22]         ; PIN_AG25      ; QSF Assignment ;
; Location                ;                ;              ; GPIO[23]         ; PIN_AD25      ; QSF Assignment ;
; Location                ;                ;              ; GPIO[24]         ; PIN_AH25      ; QSF Assignment ;
; Location                ;                ;              ; GPIO[25]         ; PIN_AE25      ; QSF Assignment ;
; Location                ;                ;              ; GPIO[26]         ; PIN_AG22      ; QSF Assignment ;
; Location                ;                ;              ; GPIO[27]         ; PIN_AE24      ; QSF Assignment ;
; Location                ;                ;              ; GPIO[28]         ; PIN_AH22      ; QSF Assignment ;
; Location                ;                ;              ; GPIO[29]         ; PIN_AF26      ; QSF Assignment ;
; Location                ;                ;              ; GPIO[2]          ; PIN_AB21      ; QSF Assignment ;
; Location                ;                ;              ; GPIO[30]         ; PIN_AE20      ; QSF Assignment ;
; Location                ;                ;              ; GPIO[31]         ; PIN_AG23      ; QSF Assignment ;
; Location                ;                ;              ; GPIO[32]         ; PIN_AF20      ; QSF Assignment ;
; Location                ;                ;              ; GPIO[33]         ; PIN_AH26      ; QSF Assignment ;
; Location                ;                ;              ; GPIO[34]         ; PIN_AH23      ; QSF Assignment ;
; Location                ;                ;              ; GPIO[35]         ; PIN_AG26      ; QSF Assignment ;
; Location                ;                ;              ; GPIO[3]          ; PIN_Y17       ; QSF Assignment ;
; Location                ;                ;              ; GPIO[4]          ; PIN_AC21      ; QSF Assignment ;
; Location                ;                ;              ; GPIO[5]          ; PIN_Y16       ; QSF Assignment ;
; Location                ;                ;              ; GPIO[6]          ; PIN_AD21      ; QSF Assignment ;
; Location                ;                ;              ; GPIO[7]          ; PIN_AE16      ; QSF Assignment ;
; Location                ;                ;              ; GPIO[8]          ; PIN_AD15      ; QSF Assignment ;
; Location                ;                ;              ; GPIO[9]          ; PIN_AE15      ; QSF Assignment ;
; Location                ;                ;              ; HEX0[0]          ; PIN_G18       ; QSF Assignment ;
; Location                ;                ;              ; HEX0[1]          ; PIN_F22       ; QSF Assignment ;
; Location                ;                ;              ; HEX0[2]          ; PIN_E17       ; QSF Assignment ;
; Location                ;                ;              ; HEX0[3]          ; PIN_L26       ; QSF Assignment ;
; Location                ;                ;              ; HEX0[4]          ; PIN_L25       ; QSF Assignment ;
; Location                ;                ;              ; HEX0[5]          ; PIN_J22       ; QSF Assignment ;
; Location                ;                ;              ; HEX0[6]          ; PIN_H22       ; QSF Assignment ;
; Location                ;                ;              ; HEX1[0]          ; PIN_M24       ; QSF Assignment ;
; Location                ;                ;              ; HEX1[1]          ; PIN_Y22       ; QSF Assignment ;
; Location                ;                ;              ; HEX1[2]          ; PIN_W21       ; QSF Assignment ;
; Location                ;                ;              ; HEX1[3]          ; PIN_W22       ; QSF Assignment ;
; Location                ;                ;              ; HEX1[4]          ; PIN_W25       ; QSF Assignment ;
; Location                ;                ;              ; HEX1[5]          ; PIN_U23       ; QSF Assignment ;
; Location                ;                ;              ; HEX1[6]          ; PIN_U24       ; QSF Assignment ;
; Location                ;                ;              ; HEX2[0]          ; PIN_AA25      ; QSF Assignment ;
; Location                ;                ;              ; HEX2[1]          ; PIN_AA26      ; QSF Assignment ;
; Location                ;                ;              ; HEX2[2]          ; PIN_Y25       ; QSF Assignment ;
; Location                ;                ;              ; HEX2[3]          ; PIN_W26       ; QSF Assignment ;
; Location                ;                ;              ; HEX2[4]          ; PIN_Y26       ; QSF Assignment ;
; Location                ;                ;              ; HEX2[5]          ; PIN_W27       ; QSF Assignment ;
; Location                ;                ;              ; HEX2[6]          ; PIN_W28       ; QSF Assignment ;
; Location                ;                ;              ; HEX3[0]          ; PIN_V21       ; QSF Assignment ;
; Location                ;                ;              ; HEX3[1]          ; PIN_U21       ; QSF Assignment ;
; Location                ;                ;              ; HEX3[2]          ; PIN_AB20      ; QSF Assignment ;
; Location                ;                ;              ; HEX3[3]          ; PIN_AA21      ; QSF Assignment ;
; Location                ;                ;              ; HEX3[4]          ; PIN_AD24      ; QSF Assignment ;
; Location                ;                ;              ; HEX3[5]          ; PIN_AF23      ; QSF Assignment ;
; Location                ;                ;              ; HEX3[6]          ; PIN_Y19       ; QSF Assignment ;
; Location                ;                ;              ; HEX4[0]          ; PIN_AB19      ; QSF Assignment ;
; Location                ;                ;              ; HEX4[1]          ; PIN_AA19      ; QSF Assignment ;
; Location                ;                ;              ; HEX4[2]          ; PIN_AG21      ; QSF Assignment ;
; Location                ;                ;              ; HEX4[3]          ; PIN_AH21      ; QSF Assignment ;
; Location                ;                ;              ; HEX4[4]          ; PIN_AE19      ; QSF Assignment ;
; Location                ;                ;              ; HEX4[5]          ; PIN_AF19      ; QSF Assignment ;
; Location                ;                ;              ; HEX4[6]          ; PIN_AE18      ; QSF Assignment ;
; Location                ;                ;              ; HEX5[0]          ; PIN_AD18      ; QSF Assignment ;
; Location                ;                ;              ; HEX5[1]          ; PIN_AC18      ; QSF Assignment ;
; Location                ;                ;              ; HEX5[2]          ; PIN_AB18      ; QSF Assignment ;
; Location                ;                ;              ; HEX5[3]          ; PIN_AH19      ; QSF Assignment ;
; Location                ;                ;              ; HEX5[4]          ; PIN_AG19      ; QSF Assignment ;
; Location                ;                ;              ; HEX5[5]          ; PIN_AF18      ; QSF Assignment ;
; Location                ;                ;              ; HEX5[6]          ; PIN_AH18      ; QSF Assignment ;
; Location                ;                ;              ; HEX6[0]          ; PIN_AA17      ; QSF Assignment ;
; Location                ;                ;              ; HEX6[1]          ; PIN_AB16      ; QSF Assignment ;
; Location                ;                ;              ; HEX6[2]          ; PIN_AA16      ; QSF Assignment ;
; Location                ;                ;              ; HEX6[3]          ; PIN_AB17      ; QSF Assignment ;
; Location                ;                ;              ; HEX6[4]          ; PIN_AB15      ; QSF Assignment ;
; Location                ;                ;              ; HEX6[5]          ; PIN_AA15      ; QSF Assignment ;
; Location                ;                ;              ; HEX6[6]          ; PIN_AC17      ; QSF Assignment ;
; Location                ;                ;              ; HEX7[0]          ; PIN_AD17      ; QSF Assignment ;
; Location                ;                ;              ; HEX7[1]          ; PIN_AE17      ; QSF Assignment ;
; Location                ;                ;              ; HEX7[2]          ; PIN_AG17      ; QSF Assignment ;
; Location                ;                ;              ; HEX7[3]          ; PIN_AH17      ; QSF Assignment ;
; Location                ;                ;              ; HEX7[4]          ; PIN_AF17      ; QSF Assignment ;
; Location                ;                ;              ; HEX7[5]          ; PIN_AG18      ; QSF Assignment ;
; Location                ;                ;              ; HEX7[6]          ; PIN_AA14      ; QSF Assignment ;
; Location                ;                ;              ; HSMC_CLKIN0      ; PIN_AH15      ; QSF Assignment ;
; Location                ;                ;              ; HSMC_CLKIN_N1    ; PIN_J28       ; QSF Assignment ;
; Location                ;                ;              ; HSMC_CLKIN_N2    ; PIN_Y28       ; QSF Assignment ;
; Location                ;                ;              ; HSMC_CLKIN_P1    ; PIN_J27       ; QSF Assignment ;
; Location                ;                ;              ; HSMC_CLKIN_P2    ; PIN_Y27       ; QSF Assignment ;
; Location                ;                ;              ; HSMC_CLKOUT0     ; PIN_AD28      ; QSF Assignment ;
; Location                ;                ;              ; HSMC_CLKOUT_N1   ; PIN_G24       ; QSF Assignment ;
; Location                ;                ;              ; HSMC_CLKOUT_N2   ; PIN_V24       ; QSF Assignment ;
; Location                ;                ;              ; HSMC_CLKOUT_P1   ; PIN_G23       ; QSF Assignment ;
; Location                ;                ;              ; HSMC_CLKOUT_P2   ; PIN_V23       ; QSF Assignment ;
; Location                ;                ;              ; HSMC_D[0]        ; PIN_AE26      ; QSF Assignment ;
; Location                ;                ;              ; HSMC_D[1]        ; PIN_AE28      ; QSF Assignment ;
; Location                ;                ;              ; HSMC_D[2]        ; PIN_AE27      ; QSF Assignment ;
; Location                ;                ;              ; HSMC_D[3]        ; PIN_AF27      ; QSF Assignment ;
; Location                ;                ;              ; HSMC_RX_D_N[0]   ; PIN_F25       ; QSF Assignment ;
; Location                ;                ;              ; HSMC_RX_D_N[10]  ; PIN_U26       ; QSF Assignment ;
; Location                ;                ;              ; HSMC_RX_D_N[11]  ; PIN_L22       ; QSF Assignment ;
; Location                ;                ;              ; HSMC_RX_D_N[12]  ; PIN_N26       ; QSF Assignment ;
; Location                ;                ;              ; HSMC_RX_D_N[13]  ; PIN_P26       ; QSF Assignment ;
; Location                ;                ;              ; HSMC_RX_D_N[14]  ; PIN_R21       ; QSF Assignment ;
; Location                ;                ;              ; HSMC_RX_D_N[15]  ; PIN_R23       ; QSF Assignment ;
; Location                ;                ;              ; HSMC_RX_D_N[16]  ; PIN_T22       ; QSF Assignment ;
; Location                ;                ;              ; HSMC_RX_D_N[1]   ; PIN_C27       ; QSF Assignment ;
; Location                ;                ;              ; HSMC_RX_D_N[2]   ; PIN_E26       ; QSF Assignment ;
; Location                ;                ;              ; HSMC_RX_D_N[3]   ; PIN_G26       ; QSF Assignment ;
; Location                ;                ;              ; HSMC_RX_D_N[4]   ; PIN_H26       ; QSF Assignment ;
; Location                ;                ;              ; HSMC_RX_D_N[5]   ; PIN_K26       ; QSF Assignment ;
; Location                ;                ;              ; HSMC_RX_D_N[6]   ; PIN_L24       ; QSF Assignment ;
; Location                ;                ;              ; HSMC_RX_D_N[7]   ; PIN_M26       ; QSF Assignment ;
; Location                ;                ;              ; HSMC_RX_D_N[8]   ; PIN_R26       ; QSF Assignment ;
; Location                ;                ;              ; HSMC_RX_D_N[9]   ; PIN_T26       ; QSF Assignment ;
; Location                ;                ;              ; HSMC_RX_D_P[0]   ; PIN_F24       ; QSF Assignment ;
; Location                ;                ;              ; HSMC_RX_D_P[10]  ; PIN_U25       ; QSF Assignment ;
; Location                ;                ;              ; HSMC_RX_D_P[11]  ; PIN_L21       ; QSF Assignment ;
; Location                ;                ;              ; HSMC_RX_D_P[12]  ; PIN_N25       ; QSF Assignment ;
; Location                ;                ;              ; HSMC_RX_D_P[13]  ; PIN_P25       ; QSF Assignment ;
; Location                ;                ;              ; HSMC_RX_D_P[14]  ; PIN_P21       ; QSF Assignment ;
; Location                ;                ;              ; HSMC_RX_D_P[15]  ; PIN_R22       ; QSF Assignment ;
; Location                ;                ;              ; HSMC_RX_D_P[16]  ; PIN_T21       ; QSF Assignment ;
; Location                ;                ;              ; HSMC_RX_D_P[1]   ; PIN_D26       ; QSF Assignment ;
; Location                ;                ;              ; HSMC_RX_D_P[2]   ; PIN_F26       ; QSF Assignment ;
; Location                ;                ;              ; HSMC_RX_D_P[3]   ; PIN_G25       ; QSF Assignment ;
; Location                ;                ;              ; HSMC_RX_D_P[4]   ; PIN_H25       ; QSF Assignment ;
; Location                ;                ;              ; HSMC_RX_D_P[5]   ; PIN_K25       ; QSF Assignment ;
; Location                ;                ;              ; HSMC_RX_D_P[6]   ; PIN_L23       ; QSF Assignment ;
; Location                ;                ;              ; HSMC_RX_D_P[7]   ; PIN_M25       ; QSF Assignment ;
; Location                ;                ;              ; HSMC_RX_D_P[8]   ; PIN_R25       ; QSF Assignment ;
; Location                ;                ;              ; HSMC_RX_D_P[9]   ; PIN_T25       ; QSF Assignment ;
; Location                ;                ;              ; HSMC_TX_D_N[0]   ; PIN_D28       ; QSF Assignment ;
; Location                ;                ;              ; HSMC_TX_D_N[10]  ; PIN_J26       ; QSF Assignment ;
; Location                ;                ;              ; HSMC_TX_D_N[11]  ; PIN_L28       ; QSF Assignment ;
; Location                ;                ;              ; HSMC_TX_D_N[12]  ; PIN_V26       ; QSF Assignment ;
; Location                ;                ;              ; HSMC_TX_D_N[13]  ; PIN_R28       ; QSF Assignment ;
; Location                ;                ;              ; HSMC_TX_D_N[14]  ; PIN_U28       ; QSF Assignment ;
; Location                ;                ;              ; HSMC_TX_D_N[15]  ; PIN_V28       ; QSF Assignment ;
; Location                ;                ;              ; HSMC_TX_D_N[16]  ; PIN_V22       ; QSF Assignment ;
; Location                ;                ;              ; HSMC_TX_D_N[1]   ; PIN_E28       ; QSF Assignment ;
; Location                ;                ;              ; HSMC_TX_D_N[2]   ; PIN_F28       ; QSF Assignment ;
; Location                ;                ;              ; HSMC_TX_D_N[3]   ; PIN_G28       ; QSF Assignment ;
; Location                ;                ;              ; HSMC_TX_D_N[4]   ; PIN_K28       ; QSF Assignment ;
; Location                ;                ;              ; HSMC_TX_D_N[5]   ; PIN_M28       ; QSF Assignment ;
; Location                ;                ;              ; HSMC_TX_D_N[6]   ; PIN_K22       ; QSF Assignment ;
; Location                ;                ;              ; HSMC_TX_D_N[7]   ; PIN_H24       ; QSF Assignment ;
; Location                ;                ;              ; HSMC_TX_D_N[8]   ; PIN_J24       ; QSF Assignment ;
; Location                ;                ;              ; HSMC_TX_D_N[9]   ; PIN_P28       ; QSF Assignment ;
; Location                ;                ;              ; HSMC_TX_D_P[0]   ; PIN_D27       ; QSF Assignment ;
; Location                ;                ;              ; HSMC_TX_D_P[10]  ; PIN_J25       ; QSF Assignment ;
; Location                ;                ;              ; HSMC_TX_D_P[11]  ; PIN_L27       ; QSF Assignment ;
; Location                ;                ;              ; HSMC_TX_D_P[12]  ; PIN_V25       ; QSF Assignment ;
; Location                ;                ;              ; HSMC_TX_D_P[13]  ; PIN_R27       ; QSF Assignment ;
; Location                ;                ;              ; HSMC_TX_D_P[14]  ; PIN_U27       ; QSF Assignment ;
; Location                ;                ;              ; HSMC_TX_D_P[15]  ; PIN_V27       ; QSF Assignment ;
; Location                ;                ;              ; HSMC_TX_D_P[16]  ; PIN_U22       ; QSF Assignment ;
; Location                ;                ;              ; HSMC_TX_D_P[1]   ; PIN_E27       ; QSF Assignment ;
; Location                ;                ;              ; HSMC_TX_D_P[2]   ; PIN_F27       ; QSF Assignment ;
; Location                ;                ;              ; HSMC_TX_D_P[3]   ; PIN_G27       ; QSF Assignment ;
; Location                ;                ;              ; HSMC_TX_D_P[4]   ; PIN_K27       ; QSF Assignment ;
; Location                ;                ;              ; HSMC_TX_D_P[5]   ; PIN_M27       ; QSF Assignment ;
; Location                ;                ;              ; HSMC_TX_D_P[6]   ; PIN_K21       ; QSF Assignment ;
; Location                ;                ;              ; HSMC_TX_D_P[7]   ; PIN_H23       ; QSF Assignment ;
; Location                ;                ;              ; HSMC_TX_D_P[8]   ; PIN_J23       ; QSF Assignment ;
; Location                ;                ;              ; HSMC_TX_D_P[9]   ; PIN_P27       ; QSF Assignment ;
; Location                ;                ;              ; I2C_SCLK         ; PIN_B7        ; QSF Assignment ;
; Location                ;                ;              ; I2C_SDAT         ; PIN_A8        ; QSF Assignment ;
; Location                ;                ;              ; IRDA_RXD         ; PIN_Y15       ; QSF Assignment ;
; Location                ;                ;              ; KEY[0]           ; PIN_M23       ; QSF Assignment ;
; Location                ;                ;              ; KEY[1]           ; PIN_M21       ; QSF Assignment ;
; Location                ;                ;              ; KEY[2]           ; PIN_N21       ; QSF Assignment ;
; Location                ;                ;              ; KEY[3]           ; PIN_R24       ; QSF Assignment ;
; Location                ;                ;              ; LCD_BLON         ; PIN_L6        ; QSF Assignment ;
; Location                ;                ;              ; LCD_DATA[0]      ; PIN_L3        ; QSF Assignment ;
; Location                ;                ;              ; LCD_DATA[1]      ; PIN_L1        ; QSF Assignment ;
; Location                ;                ;              ; LCD_DATA[2]      ; PIN_L2        ; QSF Assignment ;
; Location                ;                ;              ; LCD_DATA[3]      ; PIN_K7        ; QSF Assignment ;
; Location                ;                ;              ; LCD_DATA[4]      ; PIN_K1        ; QSF Assignment ;
; Location                ;                ;              ; LCD_DATA[5]      ; PIN_K2        ; QSF Assignment ;
; Location                ;                ;              ; LCD_DATA[6]      ; PIN_M3        ; QSF Assignment ;
; Location                ;                ;              ; LCD_DATA[7]      ; PIN_M5        ; QSF Assignment ;
; Location                ;                ;              ; LCD_EN           ; PIN_L4        ; QSF Assignment ;
; Location                ;                ;              ; LCD_ON           ; PIN_L5        ; QSF Assignment ;
; Location                ;                ;              ; LCD_RS           ; PIN_M2        ; QSF Assignment ;
; Location                ;                ;              ; LCD_RW           ; PIN_M1        ; QSF Assignment ;
; Location                ;                ;              ; LEDG[0]          ; PIN_E21       ; QSF Assignment ;
; Location                ;                ;              ; LEDG[1]          ; PIN_E22       ; QSF Assignment ;
; Location                ;                ;              ; LEDG[2]          ; PIN_E25       ; QSF Assignment ;
; Location                ;                ;              ; LEDG[3]          ; PIN_E24       ; QSF Assignment ;
; Location                ;                ;              ; LEDG[4]          ; PIN_H21       ; QSF Assignment ;
; Location                ;                ;              ; LEDG[5]          ; PIN_G20       ; QSF Assignment ;
; Location                ;                ;              ; LEDG[6]          ; PIN_G22       ; QSF Assignment ;
; Location                ;                ;              ; LEDG[7]          ; PIN_G21       ; QSF Assignment ;
; Location                ;                ;              ; LEDG[8]          ; PIN_F17       ; QSF Assignment ;
; Location                ;                ;              ; LEDR[0]          ; PIN_G19       ; QSF Assignment ;
; Location                ;                ;              ; LEDR[10]         ; PIN_J15       ; QSF Assignment ;
; Location                ;                ;              ; LEDR[11]         ; PIN_H16       ; QSF Assignment ;
; Location                ;                ;              ; LEDR[12]         ; PIN_J16       ; QSF Assignment ;
; Location                ;                ;              ; LEDR[13]         ; PIN_H17       ; QSF Assignment ;
; Location                ;                ;              ; LEDR[14]         ; PIN_F15       ; QSF Assignment ;
; Location                ;                ;              ; LEDR[15]         ; PIN_G15       ; QSF Assignment ;
; Location                ;                ;              ; LEDR[16]         ; PIN_G16       ; QSF Assignment ;
; Location                ;                ;              ; LEDR[17]         ; PIN_H15       ; QSF Assignment ;
; Location                ;                ;              ; LEDR[1]          ; PIN_F19       ; QSF Assignment ;
; Location                ;                ;              ; LEDR[2]          ; PIN_E19       ; QSF Assignment ;
; Location                ;                ;              ; LEDR[3]          ; PIN_F21       ; QSF Assignment ;
; Location                ;                ;              ; LEDR[4]          ; PIN_F18       ; QSF Assignment ;
; Location                ;                ;              ; LEDR[5]          ; PIN_E18       ; QSF Assignment ;
; Location                ;                ;              ; LEDR[6]          ; PIN_J19       ; QSF Assignment ;
; Location                ;                ;              ; LEDR[7]          ; PIN_H19       ; QSF Assignment ;
; Location                ;                ;              ; LEDR[8]          ; PIN_J17       ; QSF Assignment ;
; Location                ;                ;              ; LEDR[9]          ; PIN_G17       ; QSF Assignment ;
; Location                ;                ;              ; OTG_ADDR[0]      ; PIN_H7        ; QSF Assignment ;
; Location                ;                ;              ; OTG_ADDR[1]      ; PIN_C3        ; QSF Assignment ;
; Location                ;                ;              ; OTG_CS_N         ; PIN_A3        ; QSF Assignment ;
; Location                ;                ;              ; OTG_DACK_N[0]    ; PIN_C4        ; QSF Assignment ;
; Location                ;                ;              ; OTG_DACK_N[1]    ; PIN_D4        ; QSF Assignment ;
; Location                ;                ;              ; OTG_DATA[0]      ; PIN_J6        ; QSF Assignment ;
; Location                ;                ;              ; OTG_DATA[10]     ; PIN_G1        ; QSF Assignment ;
; Location                ;                ;              ; OTG_DATA[11]     ; PIN_G2        ; QSF Assignment ;
; Location                ;                ;              ; OTG_DATA[12]     ; PIN_G3        ; QSF Assignment ;
; Location                ;                ;              ; OTG_DATA[13]     ; PIN_F1        ; QSF Assignment ;
; Location                ;                ;              ; OTG_DATA[14]     ; PIN_F3        ; QSF Assignment ;
; Location                ;                ;              ; OTG_DATA[15]     ; PIN_G4        ; QSF Assignment ;
; Location                ;                ;              ; OTG_DATA[1]      ; PIN_K4        ; QSF Assignment ;
; Location                ;                ;              ; OTG_DATA[2]      ; PIN_J5        ; QSF Assignment ;
; Location                ;                ;              ; OTG_DATA[3]      ; PIN_K3        ; QSF Assignment ;
; Location                ;                ;              ; OTG_DATA[4]      ; PIN_J4        ; QSF Assignment ;
; Location                ;                ;              ; OTG_DATA[5]      ; PIN_J3        ; QSF Assignment ;
; Location                ;                ;              ; OTG_DATA[6]      ; PIN_J7        ; QSF Assignment ;
; Location                ;                ;              ; OTG_DATA[7]      ; PIN_H6        ; QSF Assignment ;
; Location                ;                ;              ; OTG_DATA[8]      ; PIN_H3        ; QSF Assignment ;
; Location                ;                ;              ; OTG_DATA[9]      ; PIN_H4        ; QSF Assignment ;
; Location                ;                ;              ; OTG_DREQ[0]      ; PIN_J1        ; QSF Assignment ;
; Location                ;                ;              ; OTG_DREQ[1]      ; PIN_B4        ; QSF Assignment ;
; Location                ;                ;              ; OTG_FSPEED       ; PIN_C6        ; QSF Assignment ;
; Location                ;                ;              ; OTG_INT[0]       ; PIN_A6        ; QSF Assignment ;
; Location                ;                ;              ; OTG_INT[1]       ; PIN_D5        ; QSF Assignment ;
; Location                ;                ;              ; OTG_LSPEED       ; PIN_B6        ; QSF Assignment ;
; Location                ;                ;              ; OTG_OE_N         ; PIN_B3        ; QSF Assignment ;
; Location                ;                ;              ; OTG_RST_N        ; PIN_C5        ; QSF Assignment ;
; Location                ;                ;              ; OTG_WE_N         ; PIN_A4        ; QSF Assignment ;
; Location                ;                ;              ; PS2_KBCLK        ; PIN_G6        ; QSF Assignment ;
; Location                ;                ;              ; PS2_KBDAT        ; PIN_H5        ; QSF Assignment ;
; Location                ;                ;              ; PS2_MSCLK        ; PIN_G5        ; QSF Assignment ;
; Location                ;                ;              ; PS2_MSDAT        ; PIN_F5        ; QSF Assignment ;
; Location                ;                ;              ; SD_CLK           ; PIN_AE13      ; QSF Assignment ;
; Location                ;                ;              ; SD_CMD           ; PIN_AD14      ; QSF Assignment ;
; Location                ;                ;              ; SD_DAT[0]        ; PIN_AE14      ; QSF Assignment ;
; Location                ;                ;              ; SD_DAT[1]        ; PIN_AF13      ; QSF Assignment ;
; Location                ;                ;              ; SD_DAT[2]        ; PIN_AB14      ; QSF Assignment ;
; Location                ;                ;              ; SD_DAT[3]        ; PIN_AC14      ; QSF Assignment ;
; Location                ;                ;              ; SD_WP_N          ; PIN_AF14      ; QSF Assignment ;
; Location                ;                ;              ; SMA_CLKIN        ; PIN_AH14      ; QSF Assignment ;
; Location                ;                ;              ; SMA_CLKOUT       ; PIN_AE23      ; QSF Assignment ;
; Location                ;                ;              ; SRAM_ADDR[0]     ; PIN_AB7       ; QSF Assignment ;
; Location                ;                ;              ; SRAM_ADDR[10]    ; PIN_AF2       ; QSF Assignment ;
; Location                ;                ;              ; SRAM_ADDR[11]    ; PIN_AD3       ; QSF Assignment ;
; Location                ;                ;              ; SRAM_ADDR[12]    ; PIN_AB4       ; QSF Assignment ;
; Location                ;                ;              ; SRAM_ADDR[13]    ; PIN_AC3       ; QSF Assignment ;
; Location                ;                ;              ; SRAM_ADDR[14]    ; PIN_AA4       ; QSF Assignment ;
; Location                ;                ;              ; SRAM_ADDR[15]    ; PIN_AB11      ; QSF Assignment ;
; Location                ;                ;              ; SRAM_ADDR[16]    ; PIN_AC11      ; QSF Assignment ;
; Location                ;                ;              ; SRAM_ADDR[17]    ; PIN_AB9       ; QSF Assignment ;
; Location                ;                ;              ; SRAM_ADDR[18]    ; PIN_AB8       ; QSF Assignment ;
; Location                ;                ;              ; SRAM_ADDR[19]    ; PIN_T8        ; QSF Assignment ;
; Location                ;                ;              ; SRAM_ADDR[1]     ; PIN_AD7       ; QSF Assignment ;
; Location                ;                ;              ; SRAM_ADDR[2]     ; PIN_AE7       ; QSF Assignment ;
; Location                ;                ;              ; SRAM_ADDR[3]     ; PIN_AC7       ; QSF Assignment ;
; Location                ;                ;              ; SRAM_ADDR[4]     ; PIN_AB6       ; QSF Assignment ;
; Location                ;                ;              ; SRAM_ADDR[5]     ; PIN_AE6       ; QSF Assignment ;
; Location                ;                ;              ; SRAM_ADDR[6]     ; PIN_AB5       ; QSF Assignment ;
; Location                ;                ;              ; SRAM_ADDR[7]     ; PIN_AC5       ; QSF Assignment ;
; Location                ;                ;              ; SRAM_ADDR[8]     ; PIN_AF5       ; QSF Assignment ;
; Location                ;                ;              ; SRAM_ADDR[9]     ; PIN_T7        ; QSF Assignment ;
; Location                ;                ;              ; SRAM_CE_N        ; PIN_AF8       ; QSF Assignment ;
; Location                ;                ;              ; SRAM_DQ[0]       ; PIN_AH3       ; QSF Assignment ;
; Location                ;                ;              ; SRAM_DQ[10]      ; PIN_AE2       ; QSF Assignment ;
; Location                ;                ;              ; SRAM_DQ[11]      ; PIN_AE1       ; QSF Assignment ;
; Location                ;                ;              ; SRAM_DQ[12]      ; PIN_AE3       ; QSF Assignment ;
; Location                ;                ;              ; SRAM_DQ[13]      ; PIN_AE4       ; QSF Assignment ;
; Location                ;                ;              ; SRAM_DQ[14]      ; PIN_AF3       ; QSF Assignment ;
; Location                ;                ;              ; SRAM_DQ[15]      ; PIN_AG3       ; QSF Assignment ;
; Location                ;                ;              ; SRAM_DQ[1]       ; PIN_AF4       ; QSF Assignment ;
; Location                ;                ;              ; SRAM_DQ[2]       ; PIN_AG4       ; QSF Assignment ;
; Location                ;                ;              ; SRAM_DQ[3]       ; PIN_AH4       ; QSF Assignment ;
; Location                ;                ;              ; SRAM_DQ[4]       ; PIN_AF6       ; QSF Assignment ;
; Location                ;                ;              ; SRAM_DQ[5]       ; PIN_AG6       ; QSF Assignment ;
; Location                ;                ;              ; SRAM_DQ[6]       ; PIN_AH6       ; QSF Assignment ;
; Location                ;                ;              ; SRAM_DQ[7]       ; PIN_AF7       ; QSF Assignment ;
; Location                ;                ;              ; SRAM_DQ[8]       ; PIN_AD1       ; QSF Assignment ;
; Location                ;                ;              ; SRAM_DQ[9]       ; PIN_AD2       ; QSF Assignment ;
; Location                ;                ;              ; SRAM_LB_N        ; PIN_AD4       ; QSF Assignment ;
; Location                ;                ;              ; SRAM_OE_N        ; PIN_AD5       ; QSF Assignment ;
; Location                ;                ;              ; SRAM_UB_N        ; PIN_AC4       ; QSF Assignment ;
; Location                ;                ;              ; SRAM_WE_N        ; PIN_AE8       ; QSF Assignment ;
; Location                ;                ;              ; SW[0]            ; PIN_AB28      ; QSF Assignment ;
; Location                ;                ;              ; SW[10]           ; PIN_AC24      ; QSF Assignment ;
; Location                ;                ;              ; SW[11]           ; PIN_AB24      ; QSF Assignment ;
; Location                ;                ;              ; SW[12]           ; PIN_AB23      ; QSF Assignment ;
; Location                ;                ;              ; SW[13]           ; PIN_AA24      ; QSF Assignment ;
; Location                ;                ;              ; SW[14]           ; PIN_AA23      ; QSF Assignment ;
; Location                ;                ;              ; SW[15]           ; PIN_AA22      ; QSF Assignment ;
; Location                ;                ;              ; SW[16]           ; PIN_Y24       ; QSF Assignment ;
; Location                ;                ;              ; SW[17]           ; PIN_Y23       ; QSF Assignment ;
; Location                ;                ;              ; SW[1]            ; PIN_AC28      ; QSF Assignment ;
; Location                ;                ;              ; SW[2]            ; PIN_AC27      ; QSF Assignment ;
; Location                ;                ;              ; SW[3]            ; PIN_AD27      ; QSF Assignment ;
; Location                ;                ;              ; SW[4]            ; PIN_AB27      ; QSF Assignment ;
; Location                ;                ;              ; SW[5]            ; PIN_AC26      ; QSF Assignment ;
; Location                ;                ;              ; SW[6]            ; PIN_AD26      ; QSF Assignment ;
; Location                ;                ;              ; SW[7]            ; PIN_AB26      ; QSF Assignment ;
; Location                ;                ;              ; SW[8]            ; PIN_AC25      ; QSF Assignment ;
; Location                ;                ;              ; SW[9]            ; PIN_AB25      ; QSF Assignment ;
; Location                ;                ;              ; TD_CLK27         ; PIN_B14       ; QSF Assignment ;
; Location                ;                ;              ; TD_DATA[0]       ; PIN_E8        ; QSF Assignment ;
; Location                ;                ;              ; TD_DATA[1]       ; PIN_A7        ; QSF Assignment ;
; Location                ;                ;              ; TD_DATA[2]       ; PIN_D8        ; QSF Assignment ;
; Location                ;                ;              ; TD_DATA[3]       ; PIN_C7        ; QSF Assignment ;
; Location                ;                ;              ; TD_DATA[4]       ; PIN_D7        ; QSF Assignment ;
; Location                ;                ;              ; TD_DATA[5]       ; PIN_D6        ; QSF Assignment ;
; Location                ;                ;              ; TD_DATA[6]       ; PIN_E7        ; QSF Assignment ;
; Location                ;                ;              ; TD_DATA[7]       ; PIN_F7        ; QSF Assignment ;
; Location                ;                ;              ; TD_HS            ; PIN_E5        ; QSF Assignment ;
; Location                ;                ;              ; TD_RESET_N       ; PIN_G7        ; QSF Assignment ;
; Location                ;                ;              ; TD_VS            ; PIN_E4        ; QSF Assignment ;
; Location                ;                ;              ; UART_CTS         ; PIN_G14       ; QSF Assignment ;
; Location                ;                ;              ; UART_RTS         ; PIN_J13       ; QSF Assignment ;
; Location                ;                ;              ; UART_RXD         ; PIN_G12       ; QSF Assignment ;
; Location                ;                ;              ; UART_TXD         ; PIN_G9        ; QSF Assignment ;
; Location                ;                ;              ; VGA_BLANK_N      ; PIN_F11       ; QSF Assignment ;
; Location                ;                ;              ; VGA_B[0]         ; PIN_B10       ; QSF Assignment ;
; Location                ;                ;              ; VGA_B[1]         ; PIN_A10       ; QSF Assignment ;
; Location                ;                ;              ; VGA_B[2]         ; PIN_C11       ; QSF Assignment ;
; Location                ;                ;              ; VGA_B[3]         ; PIN_B11       ; QSF Assignment ;
; Location                ;                ;              ; VGA_B[4]         ; PIN_A11       ; QSF Assignment ;
; Location                ;                ;              ; VGA_B[5]         ; PIN_C12       ; QSF Assignment ;
; Location                ;                ;              ; VGA_B[6]         ; PIN_D11       ; QSF Assignment ;
; Location                ;                ;              ; VGA_B[7]         ; PIN_D12       ; QSF Assignment ;
; Location                ;                ;              ; VGA_CLK          ; PIN_A12       ; QSF Assignment ;
; Location                ;                ;              ; VGA_G[0]         ; PIN_G8        ; QSF Assignment ;
; Location                ;                ;              ; VGA_G[1]         ; PIN_G11       ; QSF Assignment ;
; Location                ;                ;              ; VGA_G[2]         ; PIN_F8        ; QSF Assignment ;
; Location                ;                ;              ; VGA_G[3]         ; PIN_H12       ; QSF Assignment ;
; Location                ;                ;              ; VGA_G[4]         ; PIN_C8        ; QSF Assignment ;
; Location                ;                ;              ; VGA_G[5]         ; PIN_B8        ; QSF Assignment ;
; Location                ;                ;              ; VGA_G[6]         ; PIN_F10       ; QSF Assignment ;
; Location                ;                ;              ; VGA_G[7]         ; PIN_C9        ; QSF Assignment ;
; Location                ;                ;              ; VGA_HS           ; PIN_G13       ; QSF Assignment ;
; Location                ;                ;              ; VGA_R[0]         ; PIN_E12       ; QSF Assignment ;
; Location                ;                ;              ; VGA_R[1]         ; PIN_E11       ; QSF Assignment ;
; Location                ;                ;              ; VGA_R[2]         ; PIN_D10       ; QSF Assignment ;
; Location                ;                ;              ; VGA_R[3]         ; PIN_F12       ; QSF Assignment ;
; Location                ;                ;              ; VGA_R[4]         ; PIN_G10       ; QSF Assignment ;
; Location                ;                ;              ; VGA_R[5]         ; PIN_J12       ; QSF Assignment ;
; Location                ;                ;              ; VGA_R[6]         ; PIN_H8        ; QSF Assignment ;
; Location                ;                ;              ; VGA_R[7]         ; PIN_H10       ; QSF Assignment ;
; Location                ;                ;              ; VGA_SYNC_N       ; PIN_C10       ; QSF Assignment ;
; Location                ;                ;              ; VGA_VS           ; PIN_C13       ; QSF Assignment ;
; Fast Input Register     ; alu            ;              ; *                ; ON            ; QSF Assignment ;
; Fast Output Register    ; alu            ;              ; *                ; ON            ; QSF Assignment ;
; I/O Maximum Toggle Rate ; alu            ;              ; HEX0             ; 0 MHz         ; QSF Assignment ;
; I/O Maximum Toggle Rate ; alu            ;              ; HEX1             ; 0 MHz         ; QSF Assignment ;
; I/O Maximum Toggle Rate ; alu            ;              ; HEX2             ; 0 MHz         ; QSF Assignment ;
; I/O Maximum Toggle Rate ; alu            ;              ; HEX3[0]          ; 0 MHz         ; QSF Assignment ;
; I/O Maximum Toggle Rate ; alu            ;              ; HEX3[1]          ; 0 MHz         ; QSF Assignment ;
; I/O Maximum Toggle Rate ; alu            ;              ; KEY              ; 0 MHz         ; QSF Assignment ;
; I/O Maximum Toggle Rate ; alu            ;              ; SW               ; 0 MHz         ; QSF Assignment ;
; I/O Standard            ; alu            ;              ; AUD_ADCDAT       ; 3.3-V LVTTL   ; QSF Assignment ;
; I/O Standard            ; alu            ;              ; AUD_ADCLRCK      ; 3.3-V LVTTL   ; QSF Assignment ;
; I/O Standard            ; alu            ;              ; AUD_BCLK         ; 3.3-V LVTTL   ; QSF Assignment ;
; I/O Standard            ; alu            ;              ; AUD_DACDAT       ; 3.3-V LVTTL   ; QSF Assignment ;
; I/O Standard            ; alu            ;              ; AUD_DACLRCK      ; 3.3-V LVTTL   ; QSF Assignment ;
; I/O Standard            ; alu            ;              ; AUD_XCK          ; 3.3-V LVTTL   ; QSF Assignment ;
; I/O Standard            ; alu            ;              ; CLOCK2_50        ; 3.3-V LVTTL   ; QSF Assignment ;
; I/O Standard            ; alu            ;              ; CLOCK3_50        ; 3.3-V LVTTL   ; QSF Assignment ;
; I/O Standard            ; alu            ;              ; CLOCK_50         ; 3.3-V LVTTL   ; QSF Assignment ;
; I/O Standard            ; alu            ;              ; DRAM_ADDR[0]     ; 3.3-V LVTTL   ; QSF Assignment ;
; I/O Standard            ; alu            ;              ; DRAM_ADDR[10]    ; 3.3-V LVTTL   ; QSF Assignment ;
; I/O Standard            ; alu            ;              ; DRAM_ADDR[11]    ; 3.3-V LVTTL   ; QSF Assignment ;
; I/O Standard            ; alu            ;              ; DRAM_ADDR[12]    ; 3.3-V LVTTL   ; QSF Assignment ;
; I/O Standard            ; alu            ;              ; DRAM_ADDR[1]     ; 3.3-V LVTTL   ; QSF Assignment ;
; I/O Standard            ; alu            ;              ; DRAM_ADDR[2]     ; 3.3-V LVTTL   ; QSF Assignment ;
; I/O Standard            ; alu            ;              ; DRAM_ADDR[3]     ; 3.3-V LVTTL   ; QSF Assignment ;
; I/O Standard            ; alu            ;              ; DRAM_ADDR[4]     ; 3.3-V LVTTL   ; QSF Assignment ;
; I/O Standard            ; alu            ;              ; DRAM_ADDR[5]     ; 3.3-V LVTTL   ; QSF Assignment ;
; I/O Standard            ; alu            ;              ; DRAM_ADDR[6]     ; 3.3-V LVTTL   ; QSF Assignment ;
; I/O Standard            ; alu            ;              ; DRAM_ADDR[7]     ; 3.3-V LVTTL   ; QSF Assignment ;
; I/O Standard            ; alu            ;              ; DRAM_ADDR[8]     ; 3.3-V LVTTL   ; QSF Assignment ;
; I/O Standard            ; alu            ;              ; DRAM_ADDR[9]     ; 3.3-V LVTTL   ; QSF Assignment ;
; I/O Standard            ; alu            ;              ; DRAM_BA[0]       ; 3.3-V LVTTL   ; QSF Assignment ;
; I/O Standard            ; alu            ;              ; DRAM_BA[1]       ; 3.3-V LVTTL   ; QSF Assignment ;
; I/O Standard            ; alu            ;              ; DRAM_CAS_N       ; 3.3-V LVTTL   ; QSF Assignment ;
; I/O Standard            ; alu            ;              ; DRAM_CKE         ; 3.3-V LVTTL   ; QSF Assignment ;
; I/O Standard            ; alu            ;              ; DRAM_CLK         ; 3.3-V LVTTL   ; QSF Assignment ;
; I/O Standard            ; alu            ;              ; DRAM_CS_N        ; 3.3-V LVTTL   ; QSF Assignment ;
; I/O Standard            ; alu            ;              ; DRAM_DQM[0]      ; 3.3-V LVTTL   ; QSF Assignment ;
; I/O Standard            ; alu            ;              ; DRAM_DQM[1]      ; 3.3-V LVTTL   ; QSF Assignment ;
; I/O Standard            ; alu            ;              ; DRAM_DQM[2]      ; 3.3-V LVTTL   ; QSF Assignment ;
; I/O Standard            ; alu            ;              ; DRAM_DQM[3]      ; 3.3-V LVTTL   ; QSF Assignment ;
; I/O Standard            ; alu            ;              ; DRAM_DQ[0]       ; 3.3-V LVTTL   ; QSF Assignment ;
; I/O Standard            ; alu            ;              ; DRAM_DQ[10]      ; 3.3-V LVTTL   ; QSF Assignment ;
; I/O Standard            ; alu            ;              ; DRAM_DQ[11]      ; 3.3-V LVTTL   ; QSF Assignment ;
; I/O Standard            ; alu            ;              ; DRAM_DQ[12]      ; 3.3-V LVTTL   ; QSF Assignment ;
; I/O Standard            ; alu            ;              ; DRAM_DQ[13]      ; 3.3-V LVTTL   ; QSF Assignment ;
; I/O Standard            ; alu            ;              ; DRAM_DQ[14]      ; 3.3-V LVTTL   ; QSF Assignment ;
; I/O Standard            ; alu            ;              ; DRAM_DQ[15]      ; 3.3-V LVTTL   ; QSF Assignment ;
; I/O Standard            ; alu            ;              ; DRAM_DQ[16]      ; 3.3-V LVTTL   ; QSF Assignment ;
; I/O Standard            ; alu            ;              ; DRAM_DQ[17]      ; 3.3-V LVTTL   ; QSF Assignment ;
; I/O Standard            ; alu            ;              ; DRAM_DQ[18]      ; 3.3-V LVTTL   ; QSF Assignment ;
; I/O Standard            ; alu            ;              ; DRAM_DQ[19]      ; 3.3-V LVTTL   ; QSF Assignment ;
; I/O Standard            ; alu            ;              ; DRAM_DQ[1]       ; 3.3-V LVTTL   ; QSF Assignment ;
; I/O Standard            ; alu            ;              ; DRAM_DQ[20]      ; 3.3-V LVTTL   ; QSF Assignment ;
; I/O Standard            ; alu            ;              ; DRAM_DQ[21]      ; 3.3-V LVTTL   ; QSF Assignment ;
; I/O Standard            ; alu            ;              ; DRAM_DQ[22]      ; 3.3-V LVTTL   ; QSF Assignment ;
; I/O Standard            ; alu            ;              ; DRAM_DQ[23]      ; 3.3-V LVTTL   ; QSF Assignment ;
; I/O Standard            ; alu            ;              ; DRAM_DQ[24]      ; 3.3-V LVTTL   ; QSF Assignment ;
; I/O Standard            ; alu            ;              ; DRAM_DQ[25]      ; 3.3-V LVTTL   ; QSF Assignment ;
; I/O Standard            ; alu            ;              ; DRAM_DQ[26]      ; 3.3-V LVTTL   ; QSF Assignment ;
; I/O Standard            ; alu            ;              ; DRAM_DQ[27]      ; 3.3-V LVTTL   ; QSF Assignment ;
; I/O Standard            ; alu            ;              ; DRAM_DQ[28]      ; 3.3-V LVTTL   ; QSF Assignment ;
; I/O Standard            ; alu            ;              ; DRAM_DQ[29]      ; 3.3-V LVTTL   ; QSF Assignment ;
; I/O Standard            ; alu            ;              ; DRAM_DQ[2]       ; 3.3-V LVTTL   ; QSF Assignment ;
; I/O Standard            ; alu            ;              ; DRAM_DQ[30]      ; 3.3-V LVTTL   ; QSF Assignment ;
; I/O Standard            ; alu            ;              ; DRAM_DQ[31]      ; 3.3-V LVTTL   ; QSF Assignment ;
; I/O Standard            ; alu            ;              ; DRAM_DQ[3]       ; 3.3-V LVTTL   ; QSF Assignment ;
; I/O Standard            ; alu            ;              ; DRAM_DQ[4]       ; 3.3-V LVTTL   ; QSF Assignment ;
; I/O Standard            ; alu            ;              ; DRAM_DQ[5]       ; 3.3-V LVTTL   ; QSF Assignment ;
; I/O Standard            ; alu            ;              ; DRAM_DQ[6]       ; 3.3-V LVTTL   ; QSF Assignment ;
; I/O Standard            ; alu            ;              ; DRAM_DQ[7]       ; 3.3-V LVTTL   ; QSF Assignment ;
; I/O Standard            ; alu            ;              ; DRAM_DQ[8]       ; 3.3-V LVTTL   ; QSF Assignment ;
; I/O Standard            ; alu            ;              ; DRAM_DQ[9]       ; 3.3-V LVTTL   ; QSF Assignment ;
; I/O Standard            ; alu            ;              ; DRAM_RAS_N       ; 3.3-V LVTTL   ; QSF Assignment ;
; I/O Standard            ; alu            ;              ; DRAM_WE_N        ; 3.3-V LVTTL   ; QSF Assignment ;
; I/O Standard            ; alu            ;              ; EEP_I2C_SCLK     ; 3.3-V LVTTL   ; QSF Assignment ;
; I/O Standard            ; alu            ;              ; EEP_I2C_SDAT     ; 3.3-V LVTTL   ; QSF Assignment ;
; I/O Standard            ; alu            ;              ; ENET0_GTX_CLK    ; 2.5 V         ; QSF Assignment ;
; I/O Standard            ; alu            ;              ; ENET0_INT_N      ; 2.5 V         ; QSF Assignment ;
; I/O Standard            ; alu            ;              ; ENET0_LINK100    ; 3.3-V LVTTL   ; QSF Assignment ;
; I/O Standard            ; alu            ;              ; ENET0_MDC        ; 2.5 V         ; QSF Assignment ;
; I/O Standard            ; alu            ;              ; ENET0_MDIO       ; 2.5 V         ; QSF Assignment ;
; I/O Standard            ; alu            ;              ; ENET0_RESET_N    ; 2.5 V         ; QSF Assignment ;
; I/O Standard            ; alu            ;              ; ENET0_RX_CLK     ; 2.5 V         ; QSF Assignment ;
; I/O Standard            ; alu            ;              ; ENET0_RX_COL     ; 2.5 V         ; QSF Assignment ;
; I/O Standard            ; alu            ;              ; ENET0_RX_CRS     ; 2.5 V         ; QSF Assignment ;
; I/O Standard            ; alu            ;              ; ENET0_RX_DATA[0] ; 2.5 V         ; QSF Assignment ;
; I/O Standard            ; alu            ;              ; ENET0_RX_DATA[1] ; 2.5 V         ; QSF Assignment ;
; I/O Standard            ; alu            ;              ; ENET0_RX_DATA[2] ; 2.5 V         ; QSF Assignment ;
; I/O Standard            ; alu            ;              ; ENET0_RX_DATA[3] ; 2.5 V         ; QSF Assignment ;
; I/O Standard            ; alu            ;              ; ENET0_RX_DV      ; 2.5 V         ; QSF Assignment ;
; I/O Standard            ; alu            ;              ; ENET0_RX_ER      ; 2.5 V         ; QSF Assignment ;
; I/O Standard            ; alu            ;              ; ENET0_TX_CLK     ; 2.5 V         ; QSF Assignment ;
; I/O Standard            ; alu            ;              ; ENET0_TX_DATA[0] ; 2.5 V         ; QSF Assignment ;
; I/O Standard            ; alu            ;              ; ENET0_TX_DATA[1] ; 2.5 V         ; QSF Assignment ;
; I/O Standard            ; alu            ;              ; ENET0_TX_DATA[2] ; 2.5 V         ; QSF Assignment ;
; I/O Standard            ; alu            ;              ; ENET0_TX_DATA[3] ; 2.5 V         ; QSF Assignment ;
; I/O Standard            ; alu            ;              ; ENET0_TX_EN      ; 2.5 V         ; QSF Assignment ;
; I/O Standard            ; alu            ;              ; ENET0_TX_ER      ; 2.5 V         ; QSF Assignment ;
; I/O Standard            ; alu            ;              ; ENET1_GTX_CLK    ; 2.5 V         ; QSF Assignment ;
; I/O Standard            ; alu            ;              ; ENET1_INT_N      ; 2.5 V         ; QSF Assignment ;
; I/O Standard            ; alu            ;              ; ENET1_LINK100    ; 3.3-V LVTTL   ; QSF Assignment ;
; I/O Standard            ; alu            ;              ; ENET1_MDC        ; 2.5 V         ; QSF Assignment ;
; I/O Standard            ; alu            ;              ; ENET1_MDIO       ; 2.5 V         ; QSF Assignment ;
; I/O Standard            ; alu            ;              ; ENET1_RESET_N    ; 2.5 V         ; QSF Assignment ;
; I/O Standard            ; alu            ;              ; ENET1_RX_CLK     ; 2.5 V         ; QSF Assignment ;
; I/O Standard            ; alu            ;              ; ENET1_RX_COL     ; 2.5 V         ; QSF Assignment ;
; I/O Standard            ; alu            ;              ; ENET1_RX_CRS     ; 2.5 V         ; QSF Assignment ;
; I/O Standard            ; alu            ;              ; ENET1_RX_DATA[0] ; 2.5 V         ; QSF Assignment ;
; I/O Standard            ; alu            ;              ; ENET1_RX_DATA[1] ; 2.5 V         ; QSF Assignment ;
; I/O Standard            ; alu            ;              ; ENET1_RX_DATA[2] ; 2.5 V         ; QSF Assignment ;
; I/O Standard            ; alu            ;              ; ENET1_RX_DATA[3] ; 2.5 V         ; QSF Assignment ;
; I/O Standard            ; alu            ;              ; ENET1_RX_DV      ; 2.5 V         ; QSF Assignment ;
; I/O Standard            ; alu            ;              ; ENET1_RX_ER      ; 2.5 V         ; QSF Assignment ;
; I/O Standard            ; alu            ;              ; ENET1_TX_CLK     ; 2.5 V         ; QSF Assignment ;
; I/O Standard            ; alu            ;              ; ENET1_TX_DATA[0] ; 2.5 V         ; QSF Assignment ;
; I/O Standard            ; alu            ;              ; ENET1_TX_DATA[1] ; 2.5 V         ; QSF Assignment ;
; I/O Standard            ; alu            ;              ; ENET1_TX_DATA[2] ; 2.5 V         ; QSF Assignment ;
; I/O Standard            ; alu            ;              ; ENET1_TX_DATA[3] ; 2.5 V         ; QSF Assignment ;
; I/O Standard            ; alu            ;              ; ENET1_TX_EN      ; 2.5 V         ; QSF Assignment ;
; I/O Standard            ; alu            ;              ; ENET1_TX_ER      ; 2.5 V         ; QSF Assignment ;
; I/O Standard            ; alu            ;              ; ENETCLK_25       ; 3.3-V LVTTL   ; QSF Assignment ;
; I/O Standard            ; alu            ;              ; EXT_IO[0]        ; 3.3-V LVTTL   ; QSF Assignment ;
; I/O Standard            ; alu            ;              ; EXT_IO[1]        ; 3.3-V LVTTL   ; QSF Assignment ;
; I/O Standard            ; alu            ;              ; EXT_IO[2]        ; 3.3-V LVTTL   ; QSF Assignment ;
; I/O Standard            ; alu            ;              ; EXT_IO[3]        ; 3.3-V LVTTL   ; QSF Assignment ;
; I/O Standard            ; alu            ;              ; EXT_IO[4]        ; 3.3-V LVTTL   ; QSF Assignment ;
; I/O Standard            ; alu            ;              ; EXT_IO[5]        ; 3.3-V LVTTL   ; QSF Assignment ;
; I/O Standard            ; alu            ;              ; EXT_IO[6]        ; 3.3-V LVTTL   ; QSF Assignment ;
; I/O Standard            ; alu            ;              ; FL_ADDR[0]       ; 3.3-V LVTTL   ; QSF Assignment ;
; I/O Standard            ; alu            ;              ; FL_ADDR[10]      ; 3.3-V LVTTL   ; QSF Assignment ;
; I/O Standard            ; alu            ;              ; FL_ADDR[11]      ; 3.3-V LVTTL   ; QSF Assignment ;
; I/O Standard            ; alu            ;              ; FL_ADDR[12]      ; 3.3-V LVTTL   ; QSF Assignment ;
; I/O Standard            ; alu            ;              ; FL_ADDR[13]      ; 3.3-V LVTTL   ; QSF Assignment ;
; I/O Standard            ; alu            ;              ; FL_ADDR[14]      ; 3.3-V LVTTL   ; QSF Assignment ;
; I/O Standard            ; alu            ;              ; FL_ADDR[15]      ; 3.3-V LVTTL   ; QSF Assignment ;
; I/O Standard            ; alu            ;              ; FL_ADDR[16]      ; 3.3-V LVTTL   ; QSF Assignment ;
; I/O Standard            ; alu            ;              ; FL_ADDR[17]      ; 3.3-V LVTTL   ; QSF Assignment ;
; I/O Standard            ; alu            ;              ; FL_ADDR[18]      ; 3.3-V LVTTL   ; QSF Assignment ;
; I/O Standard            ; alu            ;              ; FL_ADDR[19]      ; 3.3-V LVTTL   ; QSF Assignment ;
; I/O Standard            ; alu            ;              ; FL_ADDR[1]       ; 3.3-V LVTTL   ; QSF Assignment ;
; I/O Standard            ; alu            ;              ; FL_ADDR[20]      ; 3.3-V LVTTL   ; QSF Assignment ;
; I/O Standard            ; alu            ;              ; FL_ADDR[21]      ; 3.3-V LVTTL   ; QSF Assignment ;
; I/O Standard            ; alu            ;              ; FL_ADDR[22]      ; 3.3-V LVTTL   ; QSF Assignment ;
; I/O Standard            ; alu            ;              ; FL_ADDR[2]       ; 3.3-V LVTTL   ; QSF Assignment ;
; I/O Standard            ; alu            ;              ; FL_ADDR[3]       ; 3.3-V LVTTL   ; QSF Assignment ;
; I/O Standard            ; alu            ;              ; FL_ADDR[4]       ; 3.3-V LVTTL   ; QSF Assignment ;
; I/O Standard            ; alu            ;              ; FL_ADDR[5]       ; 3.3-V LVTTL   ; QSF Assignment ;
; I/O Standard            ; alu            ;              ; FL_ADDR[6]       ; 3.3-V LVTTL   ; QSF Assignment ;
; I/O Standard            ; alu            ;              ; FL_ADDR[7]       ; 3.3-V LVTTL   ; QSF Assignment ;
; I/O Standard            ; alu            ;              ; FL_ADDR[8]       ; 3.3-V LVTTL   ; QSF Assignment ;
; I/O Standard            ; alu            ;              ; FL_ADDR[9]       ; 3.3-V LVTTL   ; QSF Assignment ;
; I/O Standard            ; alu            ;              ; FL_CE_N          ; 3.3-V LVTTL   ; QSF Assignment ;
; I/O Standard            ; alu            ;              ; FL_DQ[0]         ; 3.3-V LVTTL   ; QSF Assignment ;
; I/O Standard            ; alu            ;              ; FL_DQ[1]         ; 3.3-V LVTTL   ; QSF Assignment ;
; I/O Standard            ; alu            ;              ; FL_DQ[2]         ; 3.3-V LVTTL   ; QSF Assignment ;
; I/O Standard            ; alu            ;              ; FL_DQ[3]         ; 3.3-V LVTTL   ; QSF Assignment ;
; I/O Standard            ; alu            ;              ; FL_DQ[4]         ; 3.3-V LVTTL   ; QSF Assignment ;
; I/O Standard            ; alu            ;              ; FL_DQ[5]         ; 3.3-V LVTTL   ; QSF Assignment ;
; I/O Standard            ; alu            ;              ; FL_DQ[6]         ; 3.3-V LVTTL   ; QSF Assignment ;
; I/O Standard            ; alu            ;              ; FL_DQ[7]         ; 3.3-V LVTTL   ; QSF Assignment ;
; I/O Standard            ; alu            ;              ; FL_OE_N          ; 3.3-V LVTTL   ; QSF Assignment ;
; I/O Standard            ; alu            ;              ; FL_RESET_N       ; 3.3-V LVTTL   ; QSF Assignment ;
; I/O Standard            ; alu            ;              ; FL_RY            ; 3.3-V LVTTL   ; QSF Assignment ;
; I/O Standard            ; alu            ;              ; FL_WE_N          ; 3.3-V LVTTL   ; QSF Assignment ;
; I/O Standard            ; alu            ;              ; FL_WP_N          ; 3.3-V LVTTL   ; QSF Assignment ;
; I/O Standard            ; alu            ;              ; GPIO[0]          ; 3.3-V LVTTL   ; QSF Assignment ;
; I/O Standard            ; alu            ;              ; GPIO[10]         ; 3.3-V LVTTL   ; QSF Assignment ;
; I/O Standard            ; alu            ;              ; GPIO[11]         ; 3.3-V LVTTL   ; QSF Assignment ;
; I/O Standard            ; alu            ;              ; GPIO[12]         ; 3.3-V LVTTL   ; QSF Assignment ;
; I/O Standard            ; alu            ;              ; GPIO[13]         ; 3.3-V LVTTL   ; QSF Assignment ;
; I/O Standard            ; alu            ;              ; GPIO[14]         ; 3.3-V LVTTL   ; QSF Assignment ;
; I/O Standard            ; alu            ;              ; GPIO[15]         ; 3.3-V LVTTL   ; QSF Assignment ;
; I/O Standard            ; alu            ;              ; GPIO[16]         ; 3.3-V LVTTL   ; QSF Assignment ;
; I/O Standard            ; alu            ;              ; GPIO[17]         ; 3.3-V LVTTL   ; QSF Assignment ;
; I/O Standard            ; alu            ;              ; GPIO[18]         ; 3.3-V LVTTL   ; QSF Assignment ;
; I/O Standard            ; alu            ;              ; GPIO[19]         ; 3.3-V LVTTL   ; QSF Assignment ;
; I/O Standard            ; alu            ;              ; GPIO[1]          ; 3.3-V LVTTL   ; QSF Assignment ;
; I/O Standard            ; alu            ;              ; GPIO[20]         ; 3.3-V LVTTL   ; QSF Assignment ;
; I/O Standard            ; alu            ;              ; GPIO[21]         ; 3.3-V LVTTL   ; QSF Assignment ;
; I/O Standard            ; alu            ;              ; GPIO[22]         ; 3.3-V LVTTL   ; QSF Assignment ;
; I/O Standard            ; alu            ;              ; GPIO[23]         ; 3.3-V LVTTL   ; QSF Assignment ;
; I/O Standard            ; alu            ;              ; GPIO[24]         ; 3.3-V LVTTL   ; QSF Assignment ;
; I/O Standard            ; alu            ;              ; GPIO[25]         ; 3.3-V LVTTL   ; QSF Assignment ;
; I/O Standard            ; alu            ;              ; GPIO[26]         ; 3.3-V LVTTL   ; QSF Assignment ;
; I/O Standard            ; alu            ;              ; GPIO[27]         ; 3.3-V LVTTL   ; QSF Assignment ;
; I/O Standard            ; alu            ;              ; GPIO[28]         ; 3.3-V LVTTL   ; QSF Assignment ;
; I/O Standard            ; alu            ;              ; GPIO[29]         ; 3.3-V LVTTL   ; QSF Assignment ;
; I/O Standard            ; alu            ;              ; GPIO[2]          ; 3.3-V LVTTL   ; QSF Assignment ;
; I/O Standard            ; alu            ;              ; GPIO[30]         ; 3.3-V LVTTL   ; QSF Assignment ;
; I/O Standard            ; alu            ;              ; GPIO[31]         ; 3.3-V LVTTL   ; QSF Assignment ;
; I/O Standard            ; alu            ;              ; GPIO[32]         ; 3.3-V LVTTL   ; QSF Assignment ;
; I/O Standard            ; alu            ;              ; GPIO[33]         ; 3.3-V LVTTL   ; QSF Assignment ;
; I/O Standard            ; alu            ;              ; GPIO[34]         ; 3.3-V LVTTL   ; QSF Assignment ;
; I/O Standard            ; alu            ;              ; GPIO[35]         ; 3.3-V LVTTL   ; QSF Assignment ;
; I/O Standard            ; alu            ;              ; GPIO[3]          ; 3.3-V LVTTL   ; QSF Assignment ;
; I/O Standard            ; alu            ;              ; GPIO[4]          ; 3.3-V LVTTL   ; QSF Assignment ;
; I/O Standard            ; alu            ;              ; GPIO[5]          ; 3.3-V LVTTL   ; QSF Assignment ;
; I/O Standard            ; alu            ;              ; GPIO[6]          ; 3.3-V LVTTL   ; QSF Assignment ;
; I/O Standard            ; alu            ;              ; GPIO[7]          ; 3.3-V LVTTL   ; QSF Assignment ;
; I/O Standard            ; alu            ;              ; GPIO[8]          ; 3.3-V LVTTL   ; QSF Assignment ;
; I/O Standard            ; alu            ;              ; GPIO[9]          ; 3.3-V LVTTL   ; QSF Assignment ;
; I/O Standard            ; alu            ;              ; HEX0[0]          ; 2.5 V         ; QSF Assignment ;
; I/O Standard            ; alu            ;              ; HEX0[1]          ; 2.5 V         ; QSF Assignment ;
; I/O Standard            ; alu            ;              ; HEX0[2]          ; 2.5 V         ; QSF Assignment ;
; I/O Standard            ; alu            ;              ; HEX0[3]          ; 2.5 V         ; QSF Assignment ;
; I/O Standard            ; alu            ;              ; HEX0[4]          ; 2.5 V         ; QSF Assignment ;
; I/O Standard            ; alu            ;              ; HEX0[5]          ; 2.5 V         ; QSF Assignment ;
; I/O Standard            ; alu            ;              ; HEX0[6]          ; 2.5 V         ; QSF Assignment ;
; I/O Standard            ; alu            ;              ; HEX1[0]          ; 2.5 V         ; QSF Assignment ;
; I/O Standard            ; alu            ;              ; HEX1[1]          ; 2.5 V         ; QSF Assignment ;
; I/O Standard            ; alu            ;              ; HEX1[2]          ; 2.5 V         ; QSF Assignment ;
; I/O Standard            ; alu            ;              ; HEX1[3]          ; 2.5 V         ; QSF Assignment ;
; I/O Standard            ; alu            ;              ; HEX1[4]          ; 2.5 V         ; QSF Assignment ;
; I/O Standard            ; alu            ;              ; HEX1[5]          ; 2.5 V         ; QSF Assignment ;
; I/O Standard            ; alu            ;              ; HEX1[6]          ; 2.5 V         ; QSF Assignment ;
; I/O Standard            ; alu            ;              ; HEX2[0]          ; 2.5 V         ; QSF Assignment ;
; I/O Standard            ; alu            ;              ; HEX2[1]          ; 2.5 V         ; QSF Assignment ;
; I/O Standard            ; alu            ;              ; HEX2[2]          ; 2.5 V         ; QSF Assignment ;
; I/O Standard            ; alu            ;              ; HEX2[3]          ; 2.5 V         ; QSF Assignment ;
; I/O Standard            ; alu            ;              ; HEX2[4]          ; 2.5 V         ; QSF Assignment ;
; I/O Standard            ; alu            ;              ; HEX2[5]          ; 2.5 V         ; QSF Assignment ;
; I/O Standard            ; alu            ;              ; HEX2[6]          ; 2.5 V         ; QSF Assignment ;
; I/O Standard            ; alu            ;              ; HEX3[0]          ; 2.5 V         ; QSF Assignment ;
; I/O Standard            ; alu            ;              ; HEX3[1]          ; 2.5 V         ; QSF Assignment ;
; I/O Standard            ; alu            ;              ; HEX3[2]          ; 3.3-V LVTTL   ; QSF Assignment ;
; I/O Standard            ; alu            ;              ; HEX3[3]          ; 3.3-V LVTTL   ; QSF Assignment ;
; I/O Standard            ; alu            ;              ; HEX3[4]          ; 3.3-V LVTTL   ; QSF Assignment ;
; I/O Standard            ; alu            ;              ; HEX3[5]          ; 3.3-V LVTTL   ; QSF Assignment ;
; I/O Standard            ; alu            ;              ; HEX3[6]          ; 3.3-V LVTTL   ; QSF Assignment ;
; I/O Standard            ; alu            ;              ; HEX4[0]          ; 3.3-V LVTTL   ; QSF Assignment ;
; I/O Standard            ; alu            ;              ; HEX4[1]          ; 3.3-V LVTTL   ; QSF Assignment ;
; I/O Standard            ; alu            ;              ; HEX4[2]          ; 3.3-V LVTTL   ; QSF Assignment ;
; I/O Standard            ; alu            ;              ; HEX4[3]          ; 3.3-V LVTTL   ; QSF Assignment ;
; I/O Standard            ; alu            ;              ; HEX4[4]          ; 3.3-V LVTTL   ; QSF Assignment ;
; I/O Standard            ; alu            ;              ; HEX4[5]          ; 3.3-V LVTTL   ; QSF Assignment ;
; I/O Standard            ; alu            ;              ; HEX4[6]          ; 3.3-V LVTTL   ; QSF Assignment ;
; I/O Standard            ; alu            ;              ; HEX5[0]          ; 3.3-V LVTTL   ; QSF Assignment ;
; I/O Standard            ; alu            ;              ; HEX5[1]          ; 3.3-V LVTTL   ; QSF Assignment ;
; I/O Standard            ; alu            ;              ; HEX5[2]          ; 3.3-V LVTTL   ; QSF Assignment ;
; I/O Standard            ; alu            ;              ; HEX5[3]          ; 3.3-V LVTTL   ; QSF Assignment ;
; I/O Standard            ; alu            ;              ; HEX5[4]          ; 3.3-V LVTTL   ; QSF Assignment ;
; I/O Standard            ; alu            ;              ; HEX5[5]          ; 3.3-V LVTTL   ; QSF Assignment ;
; I/O Standard            ; alu            ;              ; HEX5[6]          ; 3.3-V LVTTL   ; QSF Assignment ;
; I/O Standard            ; alu            ;              ; HEX6[0]          ; 3.3-V LVTTL   ; QSF Assignment ;
; I/O Standard            ; alu            ;              ; HEX6[1]          ; 3.3-V LVTTL   ; QSF Assignment ;
; I/O Standard            ; alu            ;              ; HEX6[2]          ; 3.3-V LVTTL   ; QSF Assignment ;
; I/O Standard            ; alu            ;              ; HEX6[3]          ; 3.3-V LVTTL   ; QSF Assignment ;
; I/O Standard            ; alu            ;              ; HEX6[4]          ; 3.3-V LVTTL   ; QSF Assignment ;
; I/O Standard            ; alu            ;              ; HEX6[5]          ; 3.3-V LVTTL   ; QSF Assignment ;
; I/O Standard            ; alu            ;              ; HEX6[6]          ; 3.3-V LVTTL   ; QSF Assignment ;
; I/O Standard            ; alu            ;              ; HEX7[0]          ; 3.3-V LVTTL   ; QSF Assignment ;
; I/O Standard            ; alu            ;              ; HEX7[1]          ; 3.3-V LVTTL   ; QSF Assignment ;
; I/O Standard            ; alu            ;              ; HEX7[2]          ; 3.3-V LVTTL   ; QSF Assignment ;
; I/O Standard            ; alu            ;              ; HEX7[3]          ; 3.3-V LVTTL   ; QSF Assignment ;
; I/O Standard            ; alu            ;              ; HEX7[4]          ; 3.3-V LVTTL   ; QSF Assignment ;
; I/O Standard            ; alu            ;              ; HEX7[5]          ; 3.3-V LVTTL   ; QSF Assignment ;
; I/O Standard            ; alu            ;              ; HEX7[6]          ; 3.3-V LVTTL   ; QSF Assignment ;
; I/O Standard            ; alu            ;              ; HSMC_CLKIN0      ; 3.0-V LVTTL   ; QSF Assignment ;
; I/O Standard            ; alu            ;              ; HSMC_CLKIN_N1    ; LVDS          ; QSF Assignment ;
; I/O Standard            ; alu            ;              ; HSMC_CLKIN_N2    ; LVDS          ; QSF Assignment ;
; I/O Standard            ; alu            ;              ; HSMC_CLKIN_P1    ; LVDS          ; QSF Assignment ;
; I/O Standard            ; alu            ;              ; HSMC_CLKIN_P2    ; LVDS          ; QSF Assignment ;
; I/O Standard            ; alu            ;              ; HSMC_CLKOUT0     ; 2.5 V         ; QSF Assignment ;
; I/O Standard            ; alu            ;              ; HSMC_CLKOUT_N1   ; LVDS          ; QSF Assignment ;
; I/O Standard            ; alu            ;              ; HSMC_CLKOUT_N2   ; LVDS          ; QSF Assignment ;
; I/O Standard            ; alu            ;              ; HSMC_CLKOUT_P1   ; LVDS          ; QSF Assignment ;
; I/O Standard            ; alu            ;              ; HSMC_CLKOUT_P2   ; LVDS          ; QSF Assignment ;
; I/O Standard            ; alu            ;              ; HSMC_D[0]        ; 2.5 V         ; QSF Assignment ;
; I/O Standard            ; alu            ;              ; HSMC_D[1]        ; 2.5 V         ; QSF Assignment ;
; I/O Standard            ; alu            ;              ; HSMC_D[2]        ; 2.5 V         ; QSF Assignment ;
; I/O Standard            ; alu            ;              ; HSMC_D[3]        ; 2.5 V         ; QSF Assignment ;
; I/O Standard            ; alu            ;              ; HSMC_RX_D_N[0]   ; LVDS          ; QSF Assignment ;
; I/O Standard            ; alu            ;              ; HSMC_RX_D_N[10]  ; LVDS          ; QSF Assignment ;
; I/O Standard            ; alu            ;              ; HSMC_RX_D_N[11]  ; LVDS          ; QSF Assignment ;
; I/O Standard            ; alu            ;              ; HSMC_RX_D_N[12]  ; LVDS          ; QSF Assignment ;
; I/O Standard            ; alu            ;              ; HSMC_RX_D_N[13]  ; LVDS          ; QSF Assignment ;
; I/O Standard            ; alu            ;              ; HSMC_RX_D_N[14]  ; LVDS          ; QSF Assignment ;
; I/O Standard            ; alu            ;              ; HSMC_RX_D_N[15]  ; LVDS          ; QSF Assignment ;
; I/O Standard            ; alu            ;              ; HSMC_RX_D_N[16]  ; LVDS          ; QSF Assignment ;
; I/O Standard            ; alu            ;              ; HSMC_RX_D_N[1]   ; LVDS          ; QSF Assignment ;
; I/O Standard            ; alu            ;              ; HSMC_RX_D_N[2]   ; LVDS          ; QSF Assignment ;
; I/O Standard            ; alu            ;              ; HSMC_RX_D_N[3]   ; LVDS          ; QSF Assignment ;
; I/O Standard            ; alu            ;              ; HSMC_RX_D_N[4]   ; LVDS          ; QSF Assignment ;
; I/O Standard            ; alu            ;              ; HSMC_RX_D_N[5]   ; LVDS          ; QSF Assignment ;
; I/O Standard            ; alu            ;              ; HSMC_RX_D_N[6]   ; LVDS          ; QSF Assignment ;
; I/O Standard            ; alu            ;              ; HSMC_RX_D_N[7]   ; LVDS          ; QSF Assignment ;
; I/O Standard            ; alu            ;              ; HSMC_RX_D_N[8]   ; LVDS          ; QSF Assignment ;
; I/O Standard            ; alu            ;              ; HSMC_RX_D_N[9]   ; LVDS          ; QSF Assignment ;
; I/O Standard            ; alu            ;              ; HSMC_RX_D_P[0]   ; LVDS          ; QSF Assignment ;
; I/O Standard            ; alu            ;              ; HSMC_RX_D_P[10]  ; LVDS          ; QSF Assignment ;
; I/O Standard            ; alu            ;              ; HSMC_RX_D_P[11]  ; LVDS          ; QSF Assignment ;
; I/O Standard            ; alu            ;              ; HSMC_RX_D_P[12]  ; LVDS          ; QSF Assignment ;
; I/O Standard            ; alu            ;              ; HSMC_RX_D_P[13]  ; LVDS          ; QSF Assignment ;
; I/O Standard            ; alu            ;              ; HSMC_RX_D_P[14]  ; LVDS          ; QSF Assignment ;
; I/O Standard            ; alu            ;              ; HSMC_RX_D_P[15]  ; LVDS          ; QSF Assignment ;
; I/O Standard            ; alu            ;              ; HSMC_RX_D_P[16]  ; LVDS          ; QSF Assignment ;
; I/O Standard            ; alu            ;              ; HSMC_RX_D_P[1]   ; LVDS          ; QSF Assignment ;
; I/O Standard            ; alu            ;              ; HSMC_RX_D_P[2]   ; LVDS          ; QSF Assignment ;
; I/O Standard            ; alu            ;              ; HSMC_RX_D_P[3]   ; LVDS          ; QSF Assignment ;
; I/O Standard            ; alu            ;              ; HSMC_RX_D_P[4]   ; LVDS          ; QSF Assignment ;
; I/O Standard            ; alu            ;              ; HSMC_RX_D_P[5]   ; LVDS          ; QSF Assignment ;
; I/O Standard            ; alu            ;              ; HSMC_RX_D_P[6]   ; LVDS          ; QSF Assignment ;
; I/O Standard            ; alu            ;              ; HSMC_RX_D_P[7]   ; LVDS          ; QSF Assignment ;
; I/O Standard            ; alu            ;              ; HSMC_RX_D_P[8]   ; LVDS          ; QSF Assignment ;
; I/O Standard            ; alu            ;              ; HSMC_RX_D_P[9]   ; LVDS          ; QSF Assignment ;
; I/O Standard            ; alu            ;              ; HSMC_TX_D_N[0]   ; LVDS          ; QSF Assignment ;
; I/O Standard            ; alu            ;              ; HSMC_TX_D_N[10]  ; LVDS          ; QSF Assignment ;
; I/O Standard            ; alu            ;              ; HSMC_TX_D_N[11]  ; LVDS          ; QSF Assignment ;
; I/O Standard            ; alu            ;              ; HSMC_TX_D_N[12]  ; LVDS          ; QSF Assignment ;
; I/O Standard            ; alu            ;              ; HSMC_TX_D_N[13]  ; LVDS          ; QSF Assignment ;
; I/O Standard            ; alu            ;              ; HSMC_TX_D_N[14]  ; LVDS          ; QSF Assignment ;
; I/O Standard            ; alu            ;              ; HSMC_TX_D_N[15]  ; LVDS          ; QSF Assignment ;
; I/O Standard            ; alu            ;              ; HSMC_TX_D_N[16]  ; LVDS          ; QSF Assignment ;
; I/O Standard            ; alu            ;              ; HSMC_TX_D_N[1]   ; LVDS          ; QSF Assignment ;
; I/O Standard            ; alu            ;              ; HSMC_TX_D_N[2]   ; LVDS          ; QSF Assignment ;
; I/O Standard            ; alu            ;              ; HSMC_TX_D_N[3]   ; LVDS          ; QSF Assignment ;
; I/O Standard            ; alu            ;              ; HSMC_TX_D_N[4]   ; LVDS          ; QSF Assignment ;
; I/O Standard            ; alu            ;              ; HSMC_TX_D_N[5]   ; LVDS          ; QSF Assignment ;
; I/O Standard            ; alu            ;              ; HSMC_TX_D_N[6]   ; LVDS          ; QSF Assignment ;
; I/O Standard            ; alu            ;              ; HSMC_TX_D_N[7]   ; LVDS          ; QSF Assignment ;
; I/O Standard            ; alu            ;              ; HSMC_TX_D_N[8]   ; LVDS          ; QSF Assignment ;
; I/O Standard            ; alu            ;              ; HSMC_TX_D_N[9]   ; LVDS          ; QSF Assignment ;
; I/O Standard            ; alu            ;              ; HSMC_TX_D_P[0]   ; LVDS          ; QSF Assignment ;
; I/O Standard            ; alu            ;              ; HSMC_TX_D_P[10]  ; LVDS          ; QSF Assignment ;
; I/O Standard            ; alu            ;              ; HSMC_TX_D_P[11]  ; LVDS          ; QSF Assignment ;
; I/O Standard            ; alu            ;              ; HSMC_TX_D_P[12]  ; LVDS          ; QSF Assignment ;
; I/O Standard            ; alu            ;              ; HSMC_TX_D_P[13]  ; LVDS          ; QSF Assignment ;
; I/O Standard            ; alu            ;              ; HSMC_TX_D_P[14]  ; LVDS          ; QSF Assignment ;
; I/O Standard            ; alu            ;              ; HSMC_TX_D_P[15]  ; LVDS          ; QSF Assignment ;
; I/O Standard            ; alu            ;              ; HSMC_TX_D_P[16]  ; LVDS          ; QSF Assignment ;
; I/O Standard            ; alu            ;              ; HSMC_TX_D_P[1]   ; LVDS          ; QSF Assignment ;
; I/O Standard            ; alu            ;              ; HSMC_TX_D_P[2]   ; LVDS          ; QSF Assignment ;
; I/O Standard            ; alu            ;              ; HSMC_TX_D_P[3]   ; LVDS          ; QSF Assignment ;
; I/O Standard            ; alu            ;              ; HSMC_TX_D_P[4]   ; LVDS          ; QSF Assignment ;
; I/O Standard            ; alu            ;              ; HSMC_TX_D_P[5]   ; LVDS          ; QSF Assignment ;
; I/O Standard            ; alu            ;              ; HSMC_TX_D_P[6]   ; LVDS          ; QSF Assignment ;
; I/O Standard            ; alu            ;              ; HSMC_TX_D_P[7]   ; LVDS          ; QSF Assignment ;
; I/O Standard            ; alu            ;              ; HSMC_TX_D_P[8]   ; LVDS          ; QSF Assignment ;
; I/O Standard            ; alu            ;              ; HSMC_TX_D_P[9]   ; LVDS          ; QSF Assignment ;
; I/O Standard            ; alu            ;              ; I2C_SCLK         ; 3.3-V LVTTL   ; QSF Assignment ;
; I/O Standard            ; alu            ;              ; I2C_SDAT         ; 3.3-V LVTTL   ; QSF Assignment ;
; I/O Standard            ; alu            ;              ; IRDA_RXD         ; 3.3-V LVTTL   ; QSF Assignment ;
; I/O Standard            ; alu            ;              ; KEY[0]           ; 2.5 V         ; QSF Assignment ;
; I/O Standard            ; alu            ;              ; KEY[1]           ; 2.5 V         ; QSF Assignment ;
; I/O Standard            ; alu            ;              ; KEY[2]           ; 2.5 V         ; QSF Assignment ;
; I/O Standard            ; alu            ;              ; KEY[3]           ; 2.5 V         ; QSF Assignment ;
; I/O Standard            ; alu            ;              ; LCD_BLON         ; 3.3-V LVTTL   ; QSF Assignment ;
; I/O Standard            ; alu            ;              ; LCD_DATA[0]      ; 3.3-V LVTTL   ; QSF Assignment ;
; I/O Standard            ; alu            ;              ; LCD_DATA[1]      ; 3.3-V LVTTL   ; QSF Assignment ;
; I/O Standard            ; alu            ;              ; LCD_DATA[2]      ; 3.3-V LVTTL   ; QSF Assignment ;
; I/O Standard            ; alu            ;              ; LCD_DATA[3]      ; 3.3-V LVTTL   ; QSF Assignment ;
; I/O Standard            ; alu            ;              ; LCD_DATA[4]      ; 3.3-V LVTTL   ; QSF Assignment ;
; I/O Standard            ; alu            ;              ; LCD_DATA[5]      ; 3.3-V LVTTL   ; QSF Assignment ;
; I/O Standard            ; alu            ;              ; LCD_DATA[6]      ; 3.3-V LVTTL   ; QSF Assignment ;
; I/O Standard            ; alu            ;              ; LCD_DATA[7]      ; 3.3-V LVTTL   ; QSF Assignment ;
; I/O Standard            ; alu            ;              ; LCD_EN           ; 3.3-V LVTTL   ; QSF Assignment ;
; I/O Standard            ; alu            ;              ; LCD_ON           ; 3.3-V LVTTL   ; QSF Assignment ;
; I/O Standard            ; alu            ;              ; LCD_RS           ; 3.3-V LVTTL   ; QSF Assignment ;
; I/O Standard            ; alu            ;              ; LCD_RW           ; 3.3-V LVTTL   ; QSF Assignment ;
; I/O Standard            ; alu            ;              ; LEDG[0]          ; 2.5 V         ; QSF Assignment ;
; I/O Standard            ; alu            ;              ; LEDG[1]          ; 2.5 V         ; QSF Assignment ;
; I/O Standard            ; alu            ;              ; LEDG[2]          ; 2.5 V         ; QSF Assignment ;
; I/O Standard            ; alu            ;              ; LEDG[3]          ; 2.5 V         ; QSF Assignment ;
; I/O Standard            ; alu            ;              ; LEDG[4]          ; 2.5 V         ; QSF Assignment ;
; I/O Standard            ; alu            ;              ; LEDG[5]          ; 2.5 V         ; QSF Assignment ;
; I/O Standard            ; alu            ;              ; LEDG[6]          ; 2.5 V         ; QSF Assignment ;
; I/O Standard            ; alu            ;              ; LEDG[7]          ; 2.5 V         ; QSF Assignment ;
; I/O Standard            ; alu            ;              ; LEDG[8]          ; 2.5 V         ; QSF Assignment ;
; I/O Standard            ; alu            ;              ; LEDR[0]          ; 2.5 V         ; QSF Assignment ;
; I/O Standard            ; alu            ;              ; LEDR[10]         ; 2.5 V         ; QSF Assignment ;
; I/O Standard            ; alu            ;              ; LEDR[11]         ; 2.5 V         ; QSF Assignment ;
; I/O Standard            ; alu            ;              ; LEDR[12]         ; 2.5 V         ; QSF Assignment ;
; I/O Standard            ; alu            ;              ; LEDR[13]         ; 2.5 V         ; QSF Assignment ;
; I/O Standard            ; alu            ;              ; LEDR[14]         ; 2.5 V         ; QSF Assignment ;
; I/O Standard            ; alu            ;              ; LEDR[15]         ; 2.5 V         ; QSF Assignment ;
; I/O Standard            ; alu            ;              ; LEDR[16]         ; 2.5 V         ; QSF Assignment ;
; I/O Standard            ; alu            ;              ; LEDR[17]         ; 2.5 V         ; QSF Assignment ;
; I/O Standard            ; alu            ;              ; LEDR[1]          ; 2.5 V         ; QSF Assignment ;
; I/O Standard            ; alu            ;              ; LEDR[2]          ; 2.5 V         ; QSF Assignment ;
; I/O Standard            ; alu            ;              ; LEDR[3]          ; 2.5 V         ; QSF Assignment ;
; I/O Standard            ; alu            ;              ; LEDR[4]          ; 2.5 V         ; QSF Assignment ;
; I/O Standard            ; alu            ;              ; LEDR[5]          ; 2.5 V         ; QSF Assignment ;
; I/O Standard            ; alu            ;              ; LEDR[6]          ; 2.5 V         ; QSF Assignment ;
; I/O Standard            ; alu            ;              ; LEDR[7]          ; 2.5 V         ; QSF Assignment ;
; I/O Standard            ; alu            ;              ; LEDR[8]          ; 2.5 V         ; QSF Assignment ;
; I/O Standard            ; alu            ;              ; LEDR[9]          ; 2.5 V         ; QSF Assignment ;
; I/O Standard            ; alu            ;              ; OTG_ADDR[0]      ; 3.3-V LVTTL   ; QSF Assignment ;
; I/O Standard            ; alu            ;              ; OTG_ADDR[1]      ; 3.3-V LVTTL   ; QSF Assignment ;
; I/O Standard            ; alu            ;              ; OTG_CS_N         ; 3.3-V LVTTL   ; QSF Assignment ;
; I/O Standard            ; alu            ;              ; OTG_DACK_N[0]    ; 3.3-V LVTTL   ; QSF Assignment ;
; I/O Standard            ; alu            ;              ; OTG_DACK_N[1]    ; 3.3-V LVTTL   ; QSF Assignment ;
; I/O Standard            ; alu            ;              ; OTG_DATA[0]      ; 3.3-V LVTTL   ; QSF Assignment ;
; I/O Standard            ; alu            ;              ; OTG_DATA[10]     ; 3.3-V LVTTL   ; QSF Assignment ;
; I/O Standard            ; alu            ;              ; OTG_DATA[11]     ; 3.3-V LVTTL   ; QSF Assignment ;
; I/O Standard            ; alu            ;              ; OTG_DATA[12]     ; 3.3-V LVTTL   ; QSF Assignment ;
; I/O Standard            ; alu            ;              ; OTG_DATA[13]     ; 3.3-V LVTTL   ; QSF Assignment ;
; I/O Standard            ; alu            ;              ; OTG_DATA[14]     ; 3.3-V LVTTL   ; QSF Assignment ;
; I/O Standard            ; alu            ;              ; OTG_DATA[15]     ; 3.3-V LVTTL   ; QSF Assignment ;
; I/O Standard            ; alu            ;              ; OTG_DATA[1]      ; 3.3-V LVTTL   ; QSF Assignment ;
; I/O Standard            ; alu            ;              ; OTG_DATA[2]      ; 3.3-V LVTTL   ; QSF Assignment ;
; I/O Standard            ; alu            ;              ; OTG_DATA[3]      ; 3.3-V LVTTL   ; QSF Assignment ;
; I/O Standard            ; alu            ;              ; OTG_DATA[4]      ; 3.3-V LVTTL   ; QSF Assignment ;
; I/O Standard            ; alu            ;              ; OTG_DATA[5]      ; 3.3-V LVTTL   ; QSF Assignment ;
; I/O Standard            ; alu            ;              ; OTG_DATA[6]      ; 3.3-V LVTTL   ; QSF Assignment ;
; I/O Standard            ; alu            ;              ; OTG_DATA[7]      ; 3.3-V LVTTL   ; QSF Assignment ;
; I/O Standard            ; alu            ;              ; OTG_DATA[8]      ; 3.3-V LVTTL   ; QSF Assignment ;
; I/O Standard            ; alu            ;              ; OTG_DATA[9]      ; 3.3-V LVTTL   ; QSF Assignment ;
; I/O Standard            ; alu            ;              ; OTG_DREQ[0]      ; 3.3-V LVTTL   ; QSF Assignment ;
; I/O Standard            ; alu            ;              ; OTG_DREQ[1]      ; 3.3-V LVTTL   ; QSF Assignment ;
; I/O Standard            ; alu            ;              ; OTG_FSPEED       ; 3.3-V LVTTL   ; QSF Assignment ;
; I/O Standard            ; alu            ;              ; OTG_INT[0]       ; 3.3-V LVTTL   ; QSF Assignment ;
; I/O Standard            ; alu            ;              ; OTG_INT[1]       ; 3.3-V LVTTL   ; QSF Assignment ;
; I/O Standard            ; alu            ;              ; OTG_LSPEED       ; 3.3-V LVTTL   ; QSF Assignment ;
; I/O Standard            ; alu            ;              ; OTG_OE_N         ; 3.3-V LVTTL   ; QSF Assignment ;
; I/O Standard            ; alu            ;              ; OTG_RST_N        ; 3.3-V LVTTL   ; QSF Assignment ;
; I/O Standard            ; alu            ;              ; OTG_WE_N         ; 3.3-V LVTTL   ; QSF Assignment ;
; I/O Standard            ; alu            ;              ; PS2_KBCLK        ; 3.3-V LVTTL   ; QSF Assignment ;
; I/O Standard            ; alu            ;              ; PS2_KBDAT        ; 3.3-V LVTTL   ; QSF Assignment ;
; I/O Standard            ; alu            ;              ; PS2_MSCLK        ; 3.3-V LVTTL   ; QSF Assignment ;
; I/O Standard            ; alu            ;              ; PS2_MSDAT        ; 3.3-V LVTTL   ; QSF Assignment ;
; I/O Standard            ; alu            ;              ; SD_CLK           ; 3.3-V LVTTL   ; QSF Assignment ;
; I/O Standard            ; alu            ;              ; SD_CMD           ; 3.3-V LVTTL   ; QSF Assignment ;
; I/O Standard            ; alu            ;              ; SD_DAT[0]        ; 3.3-V LVTTL   ; QSF Assignment ;
; I/O Standard            ; alu            ;              ; SD_DAT[1]        ; 3.3-V LVTTL   ; QSF Assignment ;
; I/O Standard            ; alu            ;              ; SD_DAT[2]        ; 3.3-V LVTTL   ; QSF Assignment ;
; I/O Standard            ; alu            ;              ; SD_DAT[3]        ; 3.3-V LVTTL   ; QSF Assignment ;
; I/O Standard            ; alu            ;              ; SD_WP_N          ; 3.3-V LVTTL   ; QSF Assignment ;
; I/O Standard            ; alu            ;              ; SMA_CLKIN        ; 3.3-V LVTTL   ; QSF Assignment ;
; I/O Standard            ; alu            ;              ; SMA_CLKOUT       ; 3.3-V LVTTL   ; QSF Assignment ;
; I/O Standard            ; alu            ;              ; SRAM_ADDR[0]     ; 3.3-V LVTTL   ; QSF Assignment ;
; I/O Standard            ; alu            ;              ; SRAM_ADDR[10]    ; 3.3-V LVTTL   ; QSF Assignment ;
; I/O Standard            ; alu            ;              ; SRAM_ADDR[11]    ; 3.3-V LVTTL   ; QSF Assignment ;
; I/O Standard            ; alu            ;              ; SRAM_ADDR[12]    ; 3.3-V LVTTL   ; QSF Assignment ;
; I/O Standard            ; alu            ;              ; SRAM_ADDR[13]    ; 3.3-V LVTTL   ; QSF Assignment ;
; I/O Standard            ; alu            ;              ; SRAM_ADDR[14]    ; 3.3-V LVTTL   ; QSF Assignment ;
; I/O Standard            ; alu            ;              ; SRAM_ADDR[15]    ; 3.3-V LVTTL   ; QSF Assignment ;
; I/O Standard            ; alu            ;              ; SRAM_ADDR[16]    ; 3.3-V LVTTL   ; QSF Assignment ;
; I/O Standard            ; alu            ;              ; SRAM_ADDR[17]    ; 3.3-V LVTTL   ; QSF Assignment ;
; I/O Standard            ; alu            ;              ; SRAM_ADDR[18]    ; 3.3-V LVTTL   ; QSF Assignment ;
; I/O Standard            ; alu            ;              ; SRAM_ADDR[19]    ; 3.3-V LVTTL   ; QSF Assignment ;
; I/O Standard            ; alu            ;              ; SRAM_ADDR[1]     ; 3.3-V LVTTL   ; QSF Assignment ;
; I/O Standard            ; alu            ;              ; SRAM_ADDR[2]     ; 3.3-V LVTTL   ; QSF Assignment ;
; I/O Standard            ; alu            ;              ; SRAM_ADDR[3]     ; 3.3-V LVTTL   ; QSF Assignment ;
; I/O Standard            ; alu            ;              ; SRAM_ADDR[4]     ; 3.3-V LVTTL   ; QSF Assignment ;
; I/O Standard            ; alu            ;              ; SRAM_ADDR[5]     ; 3.3-V LVTTL   ; QSF Assignment ;
; I/O Standard            ; alu            ;              ; SRAM_ADDR[6]     ; 3.3-V LVTTL   ; QSF Assignment ;
; I/O Standard            ; alu            ;              ; SRAM_ADDR[7]     ; 3.3-V LVTTL   ; QSF Assignment ;
; I/O Standard            ; alu            ;              ; SRAM_ADDR[8]     ; 3.3-V LVTTL   ; QSF Assignment ;
; I/O Standard            ; alu            ;              ; SRAM_ADDR[9]     ; 3.3-V LVTTL   ; QSF Assignment ;
; I/O Standard            ; alu            ;              ; SRAM_CE_N        ; 3.3-V LVTTL   ; QSF Assignment ;
; I/O Standard            ; alu            ;              ; SRAM_DQ[0]       ; 3.3-V LVTTL   ; QSF Assignment ;
; I/O Standard            ; alu            ;              ; SRAM_DQ[10]      ; 3.3-V LVTTL   ; QSF Assignment ;
; I/O Standard            ; alu            ;              ; SRAM_DQ[11]      ; 3.3-V LVTTL   ; QSF Assignment ;
; I/O Standard            ; alu            ;              ; SRAM_DQ[12]      ; 3.3-V LVTTL   ; QSF Assignment ;
; I/O Standard            ; alu            ;              ; SRAM_DQ[13]      ; 3.3-V LVTTL   ; QSF Assignment ;
; I/O Standard            ; alu            ;              ; SRAM_DQ[14]      ; 3.3-V LVTTL   ; QSF Assignment ;
; I/O Standard            ; alu            ;              ; SRAM_DQ[15]      ; 3.3-V LVTTL   ; QSF Assignment ;
; I/O Standard            ; alu            ;              ; SRAM_DQ[1]       ; 3.3-V LVTTL   ; QSF Assignment ;
; I/O Standard            ; alu            ;              ; SRAM_DQ[2]       ; 3.3-V LVTTL   ; QSF Assignment ;
; I/O Standard            ; alu            ;              ; SRAM_DQ[3]       ; 3.3-V LVTTL   ; QSF Assignment ;
; I/O Standard            ; alu            ;              ; SRAM_DQ[4]       ; 3.3-V LVTTL   ; QSF Assignment ;
; I/O Standard            ; alu            ;              ; SRAM_DQ[5]       ; 3.3-V LVTTL   ; QSF Assignment ;
; I/O Standard            ; alu            ;              ; SRAM_DQ[6]       ; 3.3-V LVTTL   ; QSF Assignment ;
; I/O Standard            ; alu            ;              ; SRAM_DQ[7]       ; 3.3-V LVTTL   ; QSF Assignment ;
; I/O Standard            ; alu            ;              ; SRAM_DQ[8]       ; 3.3-V LVTTL   ; QSF Assignment ;
; I/O Standard            ; alu            ;              ; SRAM_DQ[9]       ; 3.3-V LVTTL   ; QSF Assignment ;
; I/O Standard            ; alu            ;              ; SRAM_LB_N        ; 3.3-V LVTTL   ; QSF Assignment ;
; I/O Standard            ; alu            ;              ; SRAM_OE_N        ; 3.3-V LVTTL   ; QSF Assignment ;
; I/O Standard            ; alu            ;              ; SRAM_UB_N        ; 3.3-V LVTTL   ; QSF Assignment ;
; I/O Standard            ; alu            ;              ; SRAM_WE_N        ; 3.3-V LVTTL   ; QSF Assignment ;
; I/O Standard            ; alu            ;              ; SW[0]            ; 2.5 V         ; QSF Assignment ;
; I/O Standard            ; alu            ;              ; SW[10]           ; 2.5 V         ; QSF Assignment ;
; I/O Standard            ; alu            ;              ; SW[11]           ; 2.5 V         ; QSF Assignment ;
; I/O Standard            ; alu            ;              ; SW[12]           ; 2.5 V         ; QSF Assignment ;
; I/O Standard            ; alu            ;              ; SW[13]           ; 2.5 V         ; QSF Assignment ;
; I/O Standard            ; alu            ;              ; SW[14]           ; 2.5 V         ; QSF Assignment ;
; I/O Standard            ; alu            ;              ; SW[15]           ; 2.5 V         ; QSF Assignment ;
; I/O Standard            ; alu            ;              ; SW[16]           ; 2.5 V         ; QSF Assignment ;
; I/O Standard            ; alu            ;              ; SW[17]           ; 2.5 V         ; QSF Assignment ;
; I/O Standard            ; alu            ;              ; SW[1]            ; 2.5 V         ; QSF Assignment ;
; I/O Standard            ; alu            ;              ; SW[2]            ; 2.5 V         ; QSF Assignment ;
; I/O Standard            ; alu            ;              ; SW[3]            ; 2.5 V         ; QSF Assignment ;
; I/O Standard            ; alu            ;              ; SW[4]            ; 2.5 V         ; QSF Assignment ;
; I/O Standard            ; alu            ;              ; SW[5]            ; 2.5 V         ; QSF Assignment ;
; I/O Standard            ; alu            ;              ; SW[6]            ; 2.5 V         ; QSF Assignment ;
; I/O Standard            ; alu            ;              ; SW[7]            ; 2.5 V         ; QSF Assignment ;
; I/O Standard            ; alu            ;              ; SW[8]            ; 2.5 V         ; QSF Assignment ;
; I/O Standard            ; alu            ;              ; SW[9]            ; 2.5 V         ; QSF Assignment ;
; I/O Standard            ; alu            ;              ; TD_CLK27         ; 3.3-V LVTTL   ; QSF Assignment ;
; I/O Standard            ; alu            ;              ; TD_DATA[0]       ; 3.3-V LVTTL   ; QSF Assignment ;
; I/O Standard            ; alu            ;              ; TD_DATA[1]       ; 3.3-V LVTTL   ; QSF Assignment ;
; I/O Standard            ; alu            ;              ; TD_DATA[2]       ; 3.3-V LVTTL   ; QSF Assignment ;
; I/O Standard            ; alu            ;              ; TD_DATA[3]       ; 3.3-V LVTTL   ; QSF Assignment ;
; I/O Standard            ; alu            ;              ; TD_DATA[4]       ; 3.3-V LVTTL   ; QSF Assignment ;
; I/O Standard            ; alu            ;              ; TD_DATA[5]       ; 3.3-V LVTTL   ; QSF Assignment ;
; I/O Standard            ; alu            ;              ; TD_DATA[6]       ; 3.3-V LVTTL   ; QSF Assignment ;
; I/O Standard            ; alu            ;              ; TD_DATA[7]       ; 3.3-V LVTTL   ; QSF Assignment ;
; I/O Standard            ; alu            ;              ; TD_HS            ; 3.3-V LVTTL   ; QSF Assignment ;
; I/O Standard            ; alu            ;              ; TD_RESET_N       ; 3.3-V LVTTL   ; QSF Assignment ;
; I/O Standard            ; alu            ;              ; TD_VS            ; 3.3-V LVTTL   ; QSF Assignment ;
; I/O Standard            ; alu            ;              ; UART_CTS         ; 3.3-V LVTTL   ; QSF Assignment ;
; I/O Standard            ; alu            ;              ; UART_RTS         ; 3.3-V LVTTL   ; QSF Assignment ;
; I/O Standard            ; alu            ;              ; UART_RXD         ; 3.3-V LVTTL   ; QSF Assignment ;
; I/O Standard            ; alu            ;              ; UART_TXD         ; 3.3-V LVTTL   ; QSF Assignment ;
; I/O Standard            ; alu            ;              ; VGA_BLANK_N      ; 3.3-V LVTTL   ; QSF Assignment ;
; I/O Standard            ; alu            ;              ; VGA_B[0]         ; 3.3-V LVTTL   ; QSF Assignment ;
; I/O Standard            ; alu            ;              ; VGA_B[1]         ; 3.3-V LVTTL   ; QSF Assignment ;
; I/O Standard            ; alu            ;              ; VGA_B[2]         ; 3.3-V LVTTL   ; QSF Assignment ;
; I/O Standard            ; alu            ;              ; VGA_B[3]         ; 3.3-V LVTTL   ; QSF Assignment ;
; I/O Standard            ; alu            ;              ; VGA_B[4]         ; 3.3-V LVTTL   ; QSF Assignment ;
; I/O Standard            ; alu            ;              ; VGA_B[5]         ; 3.3-V LVTTL   ; QSF Assignment ;
; I/O Standard            ; alu            ;              ; VGA_B[6]         ; 3.3-V LVTTL   ; QSF Assignment ;
; I/O Standard            ; alu            ;              ; VGA_B[7]         ; 3.3-V LVTTL   ; QSF Assignment ;
; I/O Standard            ; alu            ;              ; VGA_CLK          ; 3.3-V LVTTL   ; QSF Assignment ;
; I/O Standard            ; alu            ;              ; VGA_G[0]         ; 3.3-V LVTTL   ; QSF Assignment ;
; I/O Standard            ; alu            ;              ; VGA_G[1]         ; 3.3-V LVTTL   ; QSF Assignment ;
; I/O Standard            ; alu            ;              ; VGA_G[2]         ; 3.3-V LVTTL   ; QSF Assignment ;
; I/O Standard            ; alu            ;              ; VGA_G[3]         ; 3.3-V LVTTL   ; QSF Assignment ;
; I/O Standard            ; alu            ;              ; VGA_G[4]         ; 3.3-V LVTTL   ; QSF Assignment ;
; I/O Standard            ; alu            ;              ; VGA_G[5]         ; 3.3-V LVTTL   ; QSF Assignment ;
; I/O Standard            ; alu            ;              ; VGA_G[6]         ; 3.3-V LVTTL   ; QSF Assignment ;
; I/O Standard            ; alu            ;              ; VGA_G[7]         ; 3.3-V LVTTL   ; QSF Assignment ;
; I/O Standard            ; alu            ;              ; VGA_HS           ; 3.3-V LVTTL   ; QSF Assignment ;
; I/O Standard            ; alu            ;              ; VGA_R[0]         ; 3.3-V LVTTL   ; QSF Assignment ;
; I/O Standard            ; alu            ;              ; VGA_R[1]         ; 3.3-V LVTTL   ; QSF Assignment ;
; I/O Standard            ; alu            ;              ; VGA_R[2]         ; 3.3-V LVTTL   ; QSF Assignment ;
; I/O Standard            ; alu            ;              ; VGA_R[3]         ; 3.3-V LVTTL   ; QSF Assignment ;
; I/O Standard            ; alu            ;              ; VGA_R[4]         ; 3.3-V LVTTL   ; QSF Assignment ;
; I/O Standard            ; alu            ;              ; VGA_R[5]         ; 3.3-V LVTTL   ; QSF Assignment ;
; I/O Standard            ; alu            ;              ; VGA_R[6]         ; 3.3-V LVTTL   ; QSF Assignment ;
; I/O Standard            ; alu            ;              ; VGA_R[7]         ; 3.3-V LVTTL   ; QSF Assignment ;
; I/O Standard            ; alu            ;              ; VGA_SYNC_N       ; 3.3-V LVTTL   ; QSF Assignment ;
; I/O Standard            ; alu            ;              ; VGA_VS           ; 3.3-V LVTTL   ; QSF Assignment ;
+-------------------------+----------------+--------------+------------------+---------------+----------------+


+--------------------------------------------------------------------------------------------------+
; Incremental Compilation Preservation Summary                                                     ;
+---------------------+--------------------+----------------------------+--------------------------+
; Type                ; Total [A + B]      ; From Design Partitions [A] ; From Rapid Recompile [B] ;
+---------------------+--------------------+----------------------------+--------------------------+
; Placement (by node) ;                    ;                            ;                          ;
;     -- Requested    ; 0.00 % ( 0 / 904 ) ; 0.00 % ( 0 / 904 )         ; 0.00 % ( 0 / 904 )       ;
;     -- Achieved     ; 0.00 % ( 0 / 904 ) ; 0.00 % ( 0 / 904 )         ; 0.00 % ( 0 / 904 )       ;
;                     ;                    ;                            ;                          ;
; Routing (by net)    ;                    ;                            ;                          ;
;     -- Requested    ; 0.00 % ( 0 / 0 )   ; 0.00 % ( 0 / 0 )           ; 0.00 % ( 0 / 0 )         ;
;     -- Achieved     ; 0.00 % ( 0 / 0 )   ; 0.00 % ( 0 / 0 )           ; 0.00 % ( 0 / 0 )         ;
+---------------------+--------------------+----------------------------+--------------------------+


+----------------------------------------------------------------------------------------------------------------------------------------------------------------------------------------+
; Incremental Compilation Partition Settings                                                                                                                                             ;
+--------------------------------+----------------+-------------------+-------------------------+------------------------+------------------------------+--------------------------------+
; Partition Name                 ; Partition Type ; Netlist Type Used ; Preservation Level Used ; Netlist Type Requested ; Preservation Level Requested ; Contents                       ;
+--------------------------------+----------------+-------------------+-------------------------+------------------------+------------------------------+--------------------------------+
; Top                            ; User-created   ; Source File       ; N/A                     ; Source File            ; N/A                          ;                                ;
; hard_block:auto_generated_inst ; Auto-generated ; Source File       ; N/A                     ; Source File            ; N/A                          ; hard_block:auto_generated_inst ;
+--------------------------------+----------------+-------------------+-------------------------+------------------------+------------------------------+--------------------------------+


+------------------------------------------------------------------------------------------------------------------------------------+
; Incremental Compilation Placement Preservation                                                                                     ;
+--------------------------------+-----------------------+-------------------------+-------------------+---------------------+-------+
; Partition Name                 ; Preservation Achieved ; Preservation Level Used ; Netlist Type Used ; Preservation Method ; Notes ;
+--------------------------------+-----------------------+-------------------------+-------------------+---------------------+-------+
; Top                            ; 0.00 % ( 0 / 896 )    ; N/A                     ; Source File       ; N/A                 ;       ;
; hard_block:auto_generated_inst ; 0.00 % ( 0 / 8 )      ; N/A                     ; Source File       ; N/A                 ;       ;
+--------------------------------+-----------------------+-------------------------+-------------------+---------------------+-------+


+--------------+
; Pin-Out File ;
+--------------+
The pin-out file can be found in /home/ecegridfs/a/437mg063/ece437/processors/._alu/alu.pin.


+-----------------------------------------------------------------------+
; Fitter Resource Usage Summary                                         ;
+---------------------------------------------+-------------------------+
; Resource                                    ; Usage                   ;
+---------------------------------------------+-------------------------+
; Total logic elements                        ; 689 / 114,480 ( < 1 % ) ;
;     -- Combinational with no register       ; 689                     ;
;     -- Register only                        ; 0                       ;
;     -- Combinational with a register        ; 0                       ;
;                                             ;                         ;
; Logic element usage by number of LUT inputs ;                         ;
;     -- 4 input functions                    ; 360                     ;
;     -- 3 input functions                    ; 293                     ;
;     -- <=2 input functions                  ; 36                      ;
;     -- Register only                        ; 0                       ;
;                                             ;                         ;
; Logic elements by mode                      ;                         ;
;     -- normal mode                          ; 565                     ;
;     -- arithmetic mode                      ; 124                     ;
;                                             ;                         ;
; Total registers*                            ; 0 / 117,053 ( 0 % )     ;
;     -- Dedicated logic registers            ; 0 / 114,480 ( 0 % )     ;
;     -- I/O registers                        ; 0 / 2,573 ( 0 % )       ;
;                                             ;                         ;
; Total LABs:  partially or completely used   ; 46 / 7,155 ( < 1 % )    ;
; Virtual pins                                ; 0                       ;
; I/O pins                                    ; 103 / 529 ( 19 % )      ;
;     -- Clock pins                           ; 1 / 7 ( 14 % )          ;
;     -- Dedicated input pins                 ; 0 / 9 ( 0 % )           ;
;                                             ;                         ;
; M9Ks                                        ; 0 / 432 ( 0 % )         ;
; Total block memory bits                     ; 0 / 3,981,312 ( 0 % )   ;
; Total block memory implementation bits      ; 0 / 3,981,312 ( 0 % )   ;
; Embedded Multiplier 9-bit elements          ; 0 / 532 ( 0 % )         ;
; PLLs                                        ; 0 / 4 ( 0 % )           ;
; Global signals                              ; 0                       ;
;     -- Global clocks                        ; 0 / 20 ( 0 % )          ;
; JTAGs                                       ; 0 / 1 ( 0 % )           ;
; CRC blocks                                  ; 0 / 1 ( 0 % )           ;
; ASMI blocks                                 ; 0 / 1 ( 0 % )           ;
; Oscillator blocks                           ; 0 / 1 ( 0 % )           ;
; Impedance control blocks                    ; 0 / 4 ( 0 % )           ;
; Average interconnect usage (total/H/V)      ; 0.4% / 0.4% / 0.4%      ;
; Peak interconnect usage (total/H/V)         ; 10.8% / 9.0% / 13.3%    ;
; Maximum fan-out                             ; 95                      ;
; Highest non-global fan-out                  ; 95                      ;
; Total fan-out                               ; 2533                    ;
; Average fan-out                             ; 2.81                    ;
+---------------------------------------------+-------------------------+
*  Register count does not include registers inside RAM blocks or DSP blocks.



+-------------------------------------------------------------------------------------------------------+
; Fitter Partition Statistics                                                                           ;
+---------------------------------------------+------------------------+--------------------------------+
; Statistic                                   ; Top                    ; hard_block:auto_generated_inst ;
+---------------------------------------------+------------------------+--------------------------------+
; Difficulty Clustering Region                ; Low                    ; Low                            ;
;                                             ;                        ;                                ;
; Total logic elements                        ; 689 / 114480 ( < 1 % ) ; 0 / 114480 ( 0 % )             ;
;     -- Combinational with no register       ; 689                    ; 0                              ;
;     -- Register only                        ; 0                      ; 0                              ;
;     -- Combinational with a register        ; 0                      ; 0                              ;
;                                             ;                        ;                                ;
; Logic element usage by number of LUT inputs ;                        ;                                ;
;     -- 4 input functions                    ; 360                    ; 0                              ;
;     -- 3 input functions                    ; 293                    ; 0                              ;
;     -- <=2 input functions                  ; 36                     ; 0                              ;
;     -- Register only                        ; 0                      ; 0                              ;
;                                             ;                        ;                                ;
; Logic elements by mode                      ;                        ;                                ;
;     -- normal mode                          ; 565                    ; 0                              ;
;     -- arithmetic mode                      ; 124                    ; 0                              ;
;                                             ;                        ;                                ;
; Total registers                             ; 0                      ; 0                              ;
;     -- Dedicated logic registers            ; 0 / 114480 ( 0 % )     ; 0 / 114480 ( 0 % )             ;
;     -- I/O registers                        ; 0                      ; 0                              ;
;                                             ;                        ;                                ;
; Total LABs:  partially or completely used   ; 46 / 7155 ( < 1 % )    ; 0 / 7155 ( 0 % )               ;
;                                             ;                        ;                                ;
; Virtual pins                                ; 0                      ; 0                              ;
; I/O pins                                    ; 103                    ; 0                              ;
; Embedded Multiplier 9-bit elements          ; 0 / 532 ( 0 % )        ; 0 / 532 ( 0 % )                ;
; Total memory bits                           ; 0                      ; 0                              ;
; Total RAM block bits                        ; 0                      ; 0                              ;
;                                             ;                        ;                                ;
; Connections                                 ;                        ;                                ;
;     -- Input Connections                    ; 0                      ; 0                              ;
;     -- Registered Input Connections         ; 0                      ; 0                              ;
;     -- Output Connections                   ; 0                      ; 0                              ;
;     -- Registered Output Connections        ; 0                      ; 0                              ;
;                                             ;                        ;                                ;
; Internal Connections                        ;                        ;                                ;
;     -- Total Connections                    ; 2529                   ; 4                              ;
;     -- Registered Connections               ; 0                      ; 0                              ;
;                                             ;                        ;                                ;
; External Connections                        ;                        ;                                ;
;     -- Top                                  ; 0                      ; 0                              ;
;     -- hard_block:auto_generated_inst       ; 0                      ; 0                              ;
;                                             ;                        ;                                ;
; Partition Interface                         ;                        ;                                ;
;     -- Input Ports                          ; 68                     ; 0                              ;
;     -- Output Ports                         ; 35                     ; 0                              ;
;     -- Bidir Ports                          ; 0                      ; 0                              ;
;                                             ;                        ;                                ;
; Registered Ports                            ;                        ;                                ;
;     -- Registered Input Ports               ; 0                      ; 0                              ;
;     -- Registered Output Ports              ; 0                      ; 0                              ;
;                                             ;                        ;                                ;
; Port Connectivity                           ;                        ;                                ;
;     -- Input Ports driven by GND            ; 0                      ; 0                              ;
;     -- Output Ports driven by GND           ; 0                      ; 0                              ;
;     -- Input Ports driven by VCC            ; 0                      ; 0                              ;
;     -- Output Ports driven by VCC           ; 0                      ; 0                              ;
;     -- Input Ports with no Source           ; 0                      ; 0                              ;
;     -- Output Ports with no Source          ; 0                      ; 0                              ;
;     -- Input Ports with no Fanout           ; 0                      ; 0                              ;
;     -- Output Ports with no Fanout          ; 0                      ; 0                              ;
+---------------------------------------------+------------------------+--------------------------------+


+--------------------------------------------------------------------------------------------------------------------------------------------------------------------------------------------------------------------------------------------------------------------------------------------------+
; Input Pins                                                                                                                                                                                                                                                                                       ;
+-----------------+-------+----------+--------------+--------------+--------------+-----------------------+--------------------+--------+----------------+---------------+-----------------+----------+--------------+--------------+---------------------------+----------------------+-----------+
; Name            ; Pin # ; I/O Bank ; X coordinate ; Y coordinate ; Z coordinate ; Combinational Fan-Out ; Registered Fan-Out ; Global ; Input Register ; Power Up High ; PCI I/O Enabled ; Bus Hold ; Weak Pull Up ; I/O Standard ; Termination Control Block ; Location assigned by ; Slew Rate ;
+-----------------+-------+----------+--------------+--------------+--------------+-----------------------+--------------------+--------+----------------+---------------+-----------------+----------+--------------+--------------+---------------------------+----------------------+-----------+
; aluif.a[0]      ; AE20  ; 4        ; 85           ; 0            ; 21           ; 11                    ; 0                  ; no     ; no             ; no            ; yes             ; no       ; Off          ; 2.5 V        ; --                        ; Fitter               ; no        ;
; aluif.a[10]     ; AG18  ; 4        ; 69           ; 0            ; 7            ; 10                    ; 0                  ; no     ; no             ; no            ; yes             ; no       ; Off          ; 2.5 V        ; --                        ; Fitter               ; no        ;
; aluif.a[11]     ; Y19   ; 4        ; 105          ; 0            ; 0            ; 10                    ; 0                  ; no     ; no             ; no            ; yes             ; no       ; Off          ; 2.5 V        ; --                        ; Fitter               ; no        ;
; aluif.a[12]     ; AF15  ; 4        ; 60           ; 0            ; 0            ; 10                    ; 0                  ; no     ; no             ; no            ; yes             ; no       ; Off          ; 2.5 V        ; --                        ; Fitter               ; no        ;
; aluif.a[13]     ; AB14  ; 3        ; 54           ; 0            ; 14           ; 10                    ; 0                  ; no     ; no             ; no            ; yes             ; no       ; Off          ; 2.5 V        ; --                        ; Fitter               ; no        ;
; aluif.a[14]     ; AC17  ; 4        ; 74           ; 0            ; 21           ; 10                    ; 0                  ; no     ; no             ; no            ; yes             ; no       ; Off          ; 2.5 V        ; --                        ; Fitter               ; no        ;
; aluif.a[15]     ; AD21  ; 4        ; 102          ; 0            ; 14           ; 10                    ; 0                  ; no     ; no             ; no            ; yes             ; no       ; Off          ; 2.5 V        ; --                        ; Fitter               ; no        ;
; aluif.a[16]     ; AA16  ; 4        ; 65           ; 0            ; 7            ; 10                    ; 0                  ; no     ; no             ; no            ; yes             ; no       ; Off          ; 2.5 V        ; --                        ; Fitter               ; no        ;
; aluif.a[17]     ; AA21  ; 4        ; 111          ; 0            ; 0            ; 11                    ; 0                  ; no     ; no             ; no            ; yes             ; no       ; Off          ; 2.5 V        ; --                        ; Fitter               ; no        ;
; aluif.a[18]     ; AD17  ; 4        ; 74           ; 0            ; 14           ; 10                    ; 0                  ; no     ; no             ; no            ; yes             ; no       ; Off          ; 2.5 V        ; --                        ; Fitter               ; no        ;
; aluif.a[19]     ; AH21  ; 4        ; 74           ; 0            ; 0            ; 11                    ; 0                  ; no     ; no             ; no            ; yes             ; no       ; Off          ; 2.5 V        ; --                        ; Fitter               ; no        ;
; aluif.a[1]      ; AH17  ; 4        ; 62           ; 0            ; 14           ; 11                    ; 0                  ; no     ; no             ; no            ; yes             ; no       ; Off          ; 2.5 V        ; --                        ; Fitter               ; no        ;
; aluif.a[20]     ; AG22  ; 4        ; 79           ; 0            ; 7            ; 10                    ; 0                  ; no     ; no             ; no            ; yes             ; no       ; Off          ; 2.5 V        ; --                        ; Fitter               ; no        ;
; aluif.a[21]     ; AB15  ; 4        ; 67           ; 0            ; 14           ; 11                    ; 0                  ; no     ; no             ; no            ; yes             ; no       ; Off          ; 2.5 V        ; --                        ; Fitter               ; no        ;
; aluif.a[22]     ; AH22  ; 4        ; 79           ; 0            ; 0            ; 10                    ; 0                  ; no     ; no             ; no            ; yes             ; no       ; Off          ; 2.5 V        ; --                        ; Fitter               ; no        ;
; aluif.a[23]     ; AB20  ; 4        ; 100          ; 0            ; 0            ; 11                    ; 0                  ; no     ; no             ; no            ; yes             ; no       ; Off          ; 2.5 V        ; --                        ; Fitter               ; no        ;
; aluif.a[24]     ; AC24  ; 5        ; 115          ; 4            ; 14           ; 11                    ; 0                  ; no     ; no             ; no            ; yes             ; no       ; Off          ; 2.5 V        ; --                        ; Fitter               ; no        ;
; aluif.a[25]     ; Y16   ; 4        ; 96           ; 0            ; 14           ; 11                    ; 0                  ; no     ; no             ; no            ; yes             ; no       ; Off          ; 2.5 V        ; --                        ; Fitter               ; no        ;
; aluif.a[26]     ; AA22  ; 5        ; 115          ; 6            ; 14           ; 10                    ; 0                  ; no     ; no             ; no            ; yes             ; no       ; Off          ; 2.5 V        ; --                        ; Fitter               ; no        ;
; aluif.a[27]     ; AB22  ; 4        ; 107          ; 0            ; 0            ; 11                    ; 0                  ; no     ; no             ; no            ; yes             ; no       ; Off          ; 2.5 V        ; --                        ; Fitter               ; no        ;
; aluif.a[28]     ; Y17   ; 4        ; 96           ; 0            ; 21           ; 11                    ; 0                  ; no     ; no             ; no            ; yes             ; no       ; Off          ; 2.5 V        ; --                        ; Fitter               ; no        ;
; aluif.a[29]     ; AC21  ; 4        ; 102          ; 0            ; 21           ; 11                    ; 0                  ; no     ; no             ; no            ; yes             ; no       ; Off          ; 2.5 V        ; --                        ; Fitter               ; no        ;
; aluif.a[2]      ; AA15  ; 4        ; 67           ; 0            ; 21           ; 11                    ; 0                  ; no     ; no             ; no            ; yes             ; no       ; Off          ; 2.5 V        ; --                        ; Fitter               ; no        ;
; aluif.a[30]     ; AF21  ; 4        ; 87           ; 0            ; 21           ; 13                    ; 0                  ; no     ; no             ; no            ; yes             ; no       ; Off          ; 2.5 V        ; --                        ; Fitter               ; no        ;
; aluif.a[31]     ; AD19  ; 4        ; 94           ; 0            ; 0            ; 35                    ; 0                  ; no     ; no             ; no            ; yes             ; no       ; Off          ; 2.5 V        ; --                        ; Fitter               ; no        ;
; aluif.a[3]      ; AB19  ; 4        ; 98           ; 0            ; 21           ; 12                    ; 0                  ; no     ; no             ; no            ; yes             ; no       ; Off          ; 2.5 V        ; --                        ; Fitter               ; no        ;
; aluif.a[4]      ; AC25  ; 5        ; 115          ; 4            ; 21           ; 10                    ; 0                  ; no     ; no             ; no            ; yes             ; no       ; Off          ; 2.5 V        ; --                        ; Fitter               ; no        ;
; aluif.a[5]      ; AG19  ; 4        ; 72           ; 0            ; 7            ; 10                    ; 0                  ; no     ; no             ; no            ; yes             ; no       ; Off          ; 2.5 V        ; --                        ; Fitter               ; no        ;
; aluif.a[6]      ; AE16  ; 4        ; 65           ; 0            ; 21           ; 11                    ; 0                  ; no     ; no             ; no            ; yes             ; no       ; Off          ; 2.5 V        ; --                        ; Fitter               ; no        ;
; aluif.a[7]      ; AE24  ; 4        ; 100          ; 0            ; 14           ; 11                    ; 0                  ; no     ; no             ; no            ; yes             ; no       ; Off          ; 2.5 V        ; --                        ; Fitter               ; no        ;
; aluif.a[8]      ; AH18  ; 4        ; 69           ; 0            ; 0            ; 11                    ; 0                  ; no     ; no             ; no            ; yes             ; no       ; Off          ; 2.5 V        ; --                        ; Fitter               ; no        ;
; aluif.a[9]      ; AH19  ; 4        ; 72           ; 0            ; 0            ; 10                    ; 0                  ; no     ; no             ; no            ; yes             ; no       ; Off          ; 2.5 V        ; --                        ; Fitter               ; no        ;
; aluif.b[0]      ; AG25  ; 4        ; 91           ; 0            ; 21           ; 89                    ; 0                  ; no     ; no             ; no            ; yes             ; no       ; Off          ; 2.5 V        ; --                        ; Fitter               ; no        ;
; aluif.b[10]     ; AF24  ; 4        ; 83           ; 0            ; 7            ; 6                     ; 0                  ; no     ; no             ; no            ; yes             ; no       ; Off          ; 2.5 V        ; --                        ; Fitter               ; no        ;
; aluif.b[11]     ; AG17  ; 4        ; 62           ; 0            ; 21           ; 6                     ; 0                  ; no     ; no             ; no            ; yes             ; no       ; Off          ; 2.5 V        ; --                        ; Fitter               ; no        ;
; aluif.b[12]     ; AE17  ; 4        ; 67           ; 0            ; 7            ; 6                     ; 0                  ; no     ; no             ; no            ; yes             ; no       ; Off          ; 2.5 V        ; --                        ; Fitter               ; no        ;
; aluif.b[13]     ; AE22  ; 4        ; 96           ; 0            ; 7            ; 6                     ; 0                  ; no     ; no             ; no            ; yes             ; no       ; Off          ; 2.5 V        ; --                        ; Fitter               ; no        ;
; aluif.b[14]     ; AD14  ; 3        ; 56           ; 0            ; 14           ; 6                     ; 0                  ; no     ; no             ; no            ; yes             ; no       ; Off          ; 2.5 V        ; --                        ; Fitter               ; no        ;
; aluif.b[15]     ; AC18  ; 4        ; 87           ; 0            ; 14           ; 6                     ; 0                  ; no     ; no             ; no            ; yes             ; no       ; Off          ; 2.5 V        ; --                        ; Fitter               ; no        ;
; aluif.b[16]     ; AE19  ; 4        ; 83           ; 0            ; 21           ; 6                     ; 0                  ; no     ; no             ; no            ; yes             ; no       ; Off          ; 2.5 V        ; --                        ; Fitter               ; no        ;
; aluif.b[17]     ; AA19  ; 4        ; 107          ; 0            ; 7            ; 7                     ; 0                  ; no     ; no             ; no            ; yes             ; no       ; Off          ; 2.5 V        ; --                        ; Fitter               ; no        ;
; aluif.b[18]     ; AF16  ; 4        ; 65           ; 0            ; 14           ; 6                     ; 0                  ; no     ; no             ; no            ; yes             ; no       ; Off          ; 2.5 V        ; --                        ; Fitter               ; no        ;
; aluif.b[19]     ; AH23  ; 4        ; 81           ; 0            ; 14           ; 6                     ; 0                  ; no     ; no             ; no            ; yes             ; no       ; Off          ; 2.5 V        ; --                        ; Fitter               ; no        ;
; aluif.b[1]      ; AF26  ; 4        ; 89           ; 0            ; 0            ; 95                    ; 0                  ; no     ; no             ; no            ; yes             ; no       ; Off          ; 2.5 V        ; --                        ; Fitter               ; no        ;
; aluif.b[20]     ; AD25  ; 4        ; 100          ; 0            ; 21           ; 6                     ; 0                  ; no     ; no             ; no            ; yes             ; no       ; Off          ; 2.5 V        ; --                        ; Fitter               ; no        ;
; aluif.b[21]     ; Y14   ; 3        ; 56           ; 0            ; 7            ; 6                     ; 0                  ; no     ; no             ; no            ; yes             ; no       ; Off          ; 2.5 V        ; --                        ; Fitter               ; no        ;
; aluif.b[22]     ; AF18  ; 4        ; 79           ; 0            ; 14           ; 6                     ; 0                  ; no     ; no             ; no            ; yes             ; no       ; Off          ; 2.5 V        ; --                        ; Fitter               ; no        ;
; aluif.b[23]     ; AD18  ; 4        ; 85           ; 0            ; 7            ; 6                     ; 0                  ; no     ; no             ; no            ; yes             ; no       ; Off          ; 2.5 V        ; --                        ; Fitter               ; no        ;
; aluif.b[24]     ; AF23  ; 4        ; 105          ; 0            ; 7            ; 6                     ; 0                  ; no     ; no             ; no            ; yes             ; no       ; Off          ; 2.5 V        ; --                        ; Fitter               ; no        ;
; aluif.b[25]     ; AB17  ; 4        ; 89           ; 0            ; 14           ; 6                     ; 0                  ; no     ; no             ; no            ; yes             ; no       ; Off          ; 2.5 V        ; --                        ; Fitter               ; no        ;
; aluif.b[26]     ; AF25  ; 4        ; 83           ; 0            ; 0            ; 6                     ; 0                  ; no     ; no             ; no            ; yes             ; no       ; Off          ; 2.5 V        ; --                        ; Fitter               ; no        ;
; aluif.b[27]     ; AF20  ; 4        ; 85           ; 0            ; 14           ; 6                     ; 0                  ; no     ; no             ; no            ; yes             ; no       ; Off          ; 2.5 V        ; --                        ; Fitter               ; no        ;
; aluif.b[28]     ; AF22  ; 4        ; 96           ; 0            ; 0            ; 6                     ; 0                  ; no     ; no             ; no            ; yes             ; no       ; Off          ; 2.5 V        ; --                        ; Fitter               ; no        ;
; aluif.b[29]     ; AE21  ; 4        ; 85           ; 0            ; 0            ; 6                     ; 0                  ; no     ; no             ; no            ; yes             ; no       ; Off          ; 2.5 V        ; --                        ; Fitter               ; no        ;
; aluif.b[2]      ; AC19  ; 4        ; 94           ; 0            ; 7            ; 95                    ; 0                  ; no     ; no             ; no            ; yes             ; no       ; Off          ; 2.5 V        ; --                        ; Fitter               ; no        ;
; aluif.b[30]     ; AG21  ; 4        ; 74           ; 0            ; 7            ; 6                     ; 0                  ; no     ; no             ; no            ; yes             ; no       ; Off          ; 2.5 V        ; --                        ; Fitter               ; no        ;
; aluif.b[31]     ; AG23  ; 4        ; 81           ; 0            ; 21           ; 7                     ; 0                  ; no     ; no             ; no            ; yes             ; no       ; Off          ; 2.5 V        ; --                        ; Fitter               ; no        ;
; aluif.b[3]      ; AA17  ; 4        ; 89           ; 0            ; 21           ; 78                    ; 0                  ; no     ; no             ; no            ; yes             ; no       ; Off          ; 2.5 V        ; --                        ; Fitter               ; no        ;
; aluif.b[4]      ; AE25  ; 4        ; 89           ; 0            ; 7            ; 34                    ; 0                  ; no     ; no             ; no            ; yes             ; no       ; Off          ; 2.5 V        ; --                        ; Fitter               ; no        ;
; aluif.b[5]      ; Y15   ; 3        ; 56           ; 0            ; 0            ; 6                     ; 0                  ; no     ; no             ; no            ; yes             ; no       ; Off          ; 2.5 V        ; --                        ; Fitter               ; no        ;
; aluif.b[6]      ; AF17  ; 4        ; 67           ; 0            ; 0            ; 6                     ; 0                  ; no     ; no             ; no            ; yes             ; no       ; Off          ; 2.5 V        ; --                        ; Fitter               ; no        ;
; aluif.b[7]      ; AF19  ; 4        ; 83           ; 0            ; 14           ; 6                     ; 0                  ; no     ; no             ; no            ; yes             ; no       ; Off          ; 2.5 V        ; --                        ; Fitter               ; no        ;
; aluif.b[8]      ; AE18  ; 4        ; 79           ; 0            ; 21           ; 6                     ; 0                  ; no     ; no             ; no            ; yes             ; no       ; Off          ; 2.5 V        ; --                        ; Fitter               ; no        ;
; aluif.b[9]      ; AB16  ; 4        ; 65           ; 0            ; 0            ; 6                     ; 0                  ; no     ; no             ; no            ; yes             ; no       ; Off          ; 2.5 V        ; --                        ; Fitter               ; no        ;
; aluif.opcode[0] ; AG15  ; 4        ; 58           ; 0            ; 7            ; 19                    ; 0                  ; no     ; no             ; no            ; yes             ; no       ; Off          ; 2.5 V        ; --                        ; Fitter               ; no        ;
; aluif.opcode[1] ; AH15  ; 4        ; 58           ; 0            ; 0            ; 19                    ; 0                  ; no     ; no             ; no            ; yes             ; no       ; Off          ; 2.5 V        ; --                        ; Fitter               ; no        ;
; aluif.opcode[2] ; AD26  ; 5        ; 115          ; 10           ; 0            ; 14                    ; 0                  ; no     ; no             ; no            ; yes             ; no       ; Off          ; 2.5 V        ; --                        ; Fitter               ; no        ;
; aluif.opcode[3] ; AC26  ; 5        ; 115          ; 11           ; 7            ; 17                    ; 0                  ; no     ; no             ; no            ; yes             ; no       ; Off          ; 2.5 V        ; --                        ; Fitter               ; no        ;
+-----------------+-------+----------+--------------+--------------+--------------+-----------------------+--------------------+--------+----------------+---------------+-----------------+----------+--------------+--------------+---------------------------+----------------------+-----------+


+-----------------------------------------------------------------------------------------------------------------------------------------------------------------------------------------------------------------------------------------------------------------------------------------------------------------------------------------------------------------------------------------------------------------------------------------------------------------+
; Output Pins                                                                                                                                                                                                                                                                                                                                                                                                                                                     ;
+----------------+-------+----------+--------------+--------------+--------------+-----------------+------------------------+---------------+-----------+-----------------+------------+---------------+----------+--------------+--------------+------------------+-----------------------------------+---------------------------+----------------------------+-----------------------------+----------------------+----------------------+---------------------+
; Name           ; Pin # ; I/O Bank ; X coordinate ; Y coordinate ; Z coordinate ; Output Register ; Output Enable Register ; Power Up High ; Slew Rate ; PCI I/O Enabled ; Open Drain ; TRI Primitive ; Bus Hold ; Weak Pull Up ; I/O Standard ; Current Strength ; Termination                       ; Termination Control Block ; Output Buffer Pre-emphasis ; Voltage Output Differential ; Location assigned by ; Output Enable Source ; Output Enable Group ;
+----------------+-------+----------+--------------+--------------+--------------+-----------------+------------------------+---------------+-----------+-----------------+------------+---------------+----------+--------------+--------------+------------------+-----------------------------------+---------------------------+----------------------------+-----------------------------+----------------------+----------------------+---------------------+
; aluif.negative ; AH26  ; 4        ; 113          ; 0            ; 0            ; no              ; no                     ; no            ; 2         ; no              ; no         ; no            ; no       ; Off          ; 2.5 V        ; Default          ; Series 50 Ohm without Calibration ; --                        ; no                         ; no                          ; Fitter               ; -                    ; -                   ;
; aluif.out[0]   ; AD28  ; 5        ; 115          ; 12           ; 0            ; no              ; no                     ; no            ; 2         ; no              ; no         ; no            ; no       ; Off          ; 2.5 V        ; Default          ; Series 50 Ohm without Calibration ; --                        ; no                         ; no                          ; Fitter               ; -                    ; -                   ;
; aluif.out[10]  ; AE28  ; 5        ; 115          ; 11           ; 0            ; no              ; no                     ; no            ; 2         ; no              ; no         ; no            ; no       ; Off          ; 2.5 V        ; Default          ; Series 50 Ohm without Calibration ; --                        ; no                         ; no                          ; Fitter               ; -                    ; -                   ;
; aluif.out[11]  ; AB25  ; 5        ; 115          ; 16           ; 7            ; no              ; no                     ; no            ; 2         ; no              ; no         ; no            ; no       ; Off          ; 2.5 V        ; Default          ; Series 50 Ohm without Calibration ; --                        ; no                         ; no                          ; Fitter               ; -                    ; -                   ;
; aluif.out[12]  ; Y13   ; 3        ; 52           ; 0            ; 7            ; no              ; no                     ; no            ; 2         ; no              ; no         ; no            ; no       ; Off          ; 2.5 V        ; Default          ; Series 50 Ohm without Calibration ; --                        ; no                         ; no                          ; Fitter               ; -                    ; -                   ;
; aluif.out[13]  ; AE26  ; 5        ; 115          ; 8            ; 14           ; no              ; no                     ; no            ; 2         ; no              ; no         ; no            ; no       ; Off          ; 2.5 V        ; Default          ; Series 50 Ohm without Calibration ; --                        ; no                         ; no                          ; Fitter               ; -                    ; -                   ;
; aluif.out[14]  ; AB26  ; 5        ; 115          ; 15           ; 0            ; no              ; no                     ; no            ; 2         ; no              ; no         ; no            ; no       ; Off          ; 2.5 V        ; Default          ; Series 50 Ohm without Calibration ; --                        ; no                         ; no                          ; Fitter               ; -                    ; -                   ;
; aluif.out[15]  ; AD27  ; 5        ; 115          ; 13           ; 7            ; no              ; no                     ; no            ; 2         ; no              ; no         ; no            ; no       ; Off          ; 2.5 V        ; Default          ; Series 50 Ohm without Calibration ; --                        ; no                         ; no                          ; Fitter               ; -                    ; -                   ;
; aluif.out[16]  ; AD15  ; 4        ; 60           ; 0            ; 14           ; no              ; no                     ; no            ; 2         ; no              ; no         ; no            ; no       ; Off          ; 2.5 V        ; Default          ; Series 50 Ohm without Calibration ; --                        ; no                         ; no                          ; Fitter               ; -                    ; -                   ;
; aluif.out[17]  ; AB18  ; 4        ; 98           ; 0            ; 14           ; no              ; no                     ; no            ; 2         ; no              ; no         ; no            ; no       ; Off          ; 2.5 V        ; Default          ; Series 50 Ohm without Calibration ; --                        ; no                         ; no                          ; Fitter               ; -                    ; -                   ;
; aluif.out[18]  ; AB23  ; 5        ; 115          ; 7            ; 14           ; no              ; no                     ; no            ; 2         ; no              ; no         ; no            ; no       ; Off          ; 2.5 V        ; Default          ; Series 50 Ohm without Calibration ; --                        ; no                         ; no                          ; Fitter               ; -                    ; -                   ;
; aluif.out[19]  ; AE27  ; 5        ; 115          ; 12           ; 7            ; no              ; no                     ; no            ; 2         ; no              ; no         ; no            ; no       ; Off          ; 2.5 V        ; Default          ; Series 50 Ohm without Calibration ; --                        ; no                         ; no                          ; Fitter               ; -                    ; -                   ;
; aluif.out[1]   ; AA25  ; 5        ; 115          ; 17           ; 7            ; no              ; no                     ; no            ; 2         ; no              ; no         ; no            ; no       ; Off          ; 2.5 V        ; Default          ; Series 50 Ohm without Calibration ; --                        ; no                         ; no                          ; Fitter               ; -                    ; -                   ;
; aluif.out[20]  ; AH12  ; 3        ; 54           ; 0            ; 0            ; no              ; no                     ; no            ; 2         ; no              ; no         ; no            ; no       ; Off          ; 2.5 V        ; Default          ; Series 50 Ohm without Calibration ; --                        ; no                         ; no                          ; Fitter               ; -                    ; -                   ;
; aluif.out[21]  ; AA23  ; 5        ; 115          ; 10           ; 7            ; no              ; no                     ; no            ; 2         ; no              ; no         ; no            ; no       ; Off          ; 2.5 V        ; Default          ; Series 50 Ohm without Calibration ; --                        ; no                         ; no                          ; Fitter               ; -                    ; -                   ;
; aluif.out[22]  ; AA14  ; 3        ; 54           ; 0            ; 21           ; no              ; no                     ; no            ; 2         ; no              ; no         ; no            ; no       ; Off          ; 2.5 V        ; Default          ; Series 50 Ohm without Calibration ; --                        ; no                         ; no                          ; Fitter               ; -                    ; -                   ;
; aluif.out[23]  ; AA26  ; 5        ; 115          ; 16           ; 0            ; no              ; no                     ; no            ; 2         ; no              ; no         ; no            ; no       ; Off          ; 2.5 V        ; Default          ; Series 50 Ohm without Calibration ; --                        ; no                         ; no                          ; Fitter               ; -                    ; -                   ;
; aluif.out[24]  ; AE23  ; 4        ; 105          ; 0            ; 14           ; no              ; no                     ; no            ; 2         ; no              ; no         ; no            ; no       ; Off          ; 2.5 V        ; Default          ; Series 50 Ohm without Calibration ; --                        ; no                         ; no                          ; Fitter               ; -                    ; -                   ;
; aluif.out[25]  ; AD24  ; 4        ; 105          ; 0            ; 21           ; no              ; no                     ; no            ; 2         ; no              ; no         ; no            ; no       ; Off          ; 2.5 V        ; Default          ; Series 50 Ohm without Calibration ; --                        ; no                         ; no                          ; Fitter               ; -                    ; -                   ;
; aluif.out[26]  ; AC28  ; 5        ; 115          ; 14           ; 0            ; no              ; no                     ; no            ; 2         ; no              ; no         ; no            ; no       ; Off          ; 2.5 V        ; Default          ; Series 50 Ohm without Calibration ; --                        ; no                         ; no                          ; Fitter               ; -                    ; -                   ;
; aluif.out[27]  ; AA24  ; 5        ; 115          ; 9            ; 21           ; no              ; no                     ; no            ; 2         ; no              ; no         ; no            ; no       ; Off          ; 2.5 V        ; Default          ; Series 50 Ohm without Calibration ; --                        ; no                         ; no                          ; Fitter               ; -                    ; -                   ;
; aluif.out[28]  ; AE15  ; 4        ; 60           ; 0            ; 7            ; no              ; no                     ; no            ; 2         ; no              ; no         ; no            ; no       ; Off          ; 2.5 V        ; Default          ; Series 50 Ohm without Calibration ; --                        ; no                         ; no                          ; Fitter               ; -                    ; -                   ;
; aluif.out[29]  ; AB21  ; 4        ; 109          ; 0            ; 7            ; no              ; no                     ; no            ; 2         ; no              ; no         ; no            ; no       ; Off          ; 2.5 V        ; Default          ; Series 50 Ohm without Calibration ; --                        ; no                         ; no                          ; Fitter               ; -                    ; -                   ;
; aluif.out[2]   ; Y24   ; 5        ; 115          ; 13           ; 0            ; no              ; no                     ; no            ; 2         ; no              ; no         ; no            ; no       ; Off          ; 2.5 V        ; Default          ; Series 50 Ohm without Calibration ; --                        ; no                         ; no                          ; Fitter               ; -                    ; -                   ;
; aluif.out[30]  ; AC14  ; 3        ; 56           ; 0            ; 21           ; no              ; no                     ; no            ; 2         ; no              ; no         ; no            ; no       ; Off          ; 2.5 V        ; Default          ; Series 50 Ohm without Calibration ; --                        ; no                         ; no                          ; Fitter               ; -                    ; -                   ;
; aluif.out[31]  ; AD22  ; 4        ; 111          ; 0            ; 7            ; no              ; no                     ; no            ; 2         ; no              ; no         ; no            ; no       ; Off          ; 2.5 V        ; Default          ; Series 50 Ohm without Calibration ; --                        ; no                         ; no                          ; Fitter               ; -                    ; -                   ;
; aluif.out[3]   ; AC27  ; 5        ; 115          ; 15           ; 7            ; no              ; no                     ; no            ; 2         ; no              ; no         ; no            ; no       ; Off          ; 2.5 V        ; Default          ; Series 50 Ohm without Calibration ; --                        ; no                         ; no                          ; Fitter               ; -                    ; -                   ;
; aluif.out[4]   ; Y23   ; 5        ; 115          ; 14           ; 7            ; no              ; no                     ; no            ; 2         ; no              ; no         ; no            ; no       ; Off          ; 2.5 V        ; Default          ; Series 50 Ohm without Calibration ; --                        ; no                         ; no                          ; Fitter               ; -                    ; -                   ;
; aluif.out[5]   ; AB28  ; 5        ; 115          ; 17           ; 0            ; no              ; no                     ; no            ; 2         ; no              ; no         ; no            ; no       ; Off          ; 2.5 V        ; Default          ; Series 50 Ohm without Calibration ; --                        ; no                         ; no                          ; Fitter               ; -                    ; -                   ;
; aluif.out[6]   ; AF27  ; 5        ; 115          ; 8            ; 21           ; no              ; no                     ; no            ; 2         ; no              ; no         ; no            ; no       ; Off          ; 2.5 V        ; Default          ; Series 50 Ohm without Calibration ; --                        ; no                         ; no                          ; Fitter               ; -                    ; -                   ;
; aluif.out[7]   ; AG12  ; 3        ; 54           ; 0            ; 7            ; no              ; no                     ; no            ; 2         ; no              ; no         ; no            ; no       ; Off          ; 2.5 V        ; Default          ; Series 50 Ohm without Calibration ; --                        ; no                         ; no                          ; Fitter               ; -                    ; -                   ;
; aluif.out[8]   ; AC22  ; 4        ; 109          ; 0            ; 0            ; no              ; no                     ; no            ; 2         ; no              ; no         ; no            ; no       ; Off          ; 2.5 V        ; Default          ; Series 50 Ohm without Calibration ; --                        ; no                         ; no                          ; Fitter               ; -                    ; -                   ;
; aluif.out[9]   ; AH25  ; 4        ; 91           ; 0            ; 14           ; no              ; no                     ; no            ; 2         ; no              ; no         ; no            ; no       ; Off          ; 2.5 V        ; Default          ; Series 50 Ohm without Calibration ; --                        ; no                         ; no                          ; Fitter               ; -                    ; -                   ;
; aluif.overflow ; AC15  ; 4        ; 60           ; 0            ; 21           ; no              ; no                     ; no            ; 2         ; no              ; no         ; no            ; no       ; Off          ; 2.5 V        ; Default          ; Series 50 Ohm without Calibration ; --                        ; no                         ; no                          ; Fitter               ; -                    ; -                   ;
; aluif.zero     ; AB24  ; 5        ; 115          ; 5            ; 14           ; no              ; no                     ; no            ; 2         ; no              ; no         ; no            ; no       ; Off          ; 2.5 V        ; Default          ; Series 50 Ohm without Calibration ; --                        ; no                         ; no                          ; Fitter               ; -                    ; -                   ;
+----------------+-------+----------+--------------+--------------+--------------+-----------------+------------------------+---------------+-----------+-----------------+------------+---------------+----------+--------------+--------------+------------------+-----------------------------------+---------------------------+----------------------------+-----------------------------+----------------------+----------------------+---------------------+


+-------------------------------------------------------------------------------------------------------------------------+
; Dual Purpose and Dedicated Pins                                                                                         ;
+----------+-----------------------------+--------------------------+-------------------------+---------------------------+
; Location ; Pin Name                    ; Reserved As              ; User Signal Name        ; Pin Type                  ;
+----------+-----------------------------+--------------------------+-------------------------+---------------------------+
; F4       ; DIFFIO_L5n, DATA1, ASDO     ; As input tri-stated      ; ~ALTERA_ASDO_DATA1~     ; Dual Purpose Pin          ;
; E2       ; DIFFIO_L8p, FLASH_nCE, nCSO ; As input tri-stated      ; ~ALTERA_FLASH_nCE_nCSO~ ; Dual Purpose Pin          ;
; M6       ; nSTATUS                     ; -                        ; -                       ; Dedicated Programming Pin ;
; P3       ; DCLK                        ; As output driving ground ; ~ALTERA_DCLK~           ; Dual Purpose Pin          ;
; N7       ; DATA0                       ; As input tri-stated      ; ~ALTERA_DATA0~          ; Dual Purpose Pin          ;
; P4       ; nCONFIG                     ; -                        ; -                       ; Dedicated Programming Pin ;
; R8       ; nCE                         ; -                        ; -                       ; Dedicated Programming Pin ;
; P24      ; CONF_DONE                   ; -                        ; -                       ; Dedicated Programming Pin ;
; N22      ; MSEL0                       ; -                        ; -                       ; Dedicated Programming Pin ;
; P23      ; MSEL1                       ; -                        ; -                       ; Dedicated Programming Pin ;
; M22      ; MSEL2                       ; -                        ; -                       ; Dedicated Programming Pin ;
; P22      ; MSEL3                       ; -                        ; -                       ; Dedicated Programming Pin ;
+----------+-----------------------------+--------------------------+-------------------------+---------------------------+


+------------------------------------------------------------+
; I/O Bank Usage                                             ;
+----------+------------------+---------------+--------------+
; I/O Bank ; Usage            ; VCCIO Voltage ; VREF Voltage ;
+----------+------------------+---------------+--------------+
; 1        ; 4 / 56 ( 7 % )   ; 2.5V          ; --           ;
; 2        ; 0 / 63 ( 0 % )   ; 2.5V          ; --           ;
; 3        ; 9 / 73 ( 12 % )  ; 2.5V          ; --           ;
; 4        ; 70 / 71 ( 99 % ) ; 2.5V          ; --           ;
; 5        ; 24 / 65 ( 37 % ) ; 2.5V          ; --           ;
; 6        ; 0 / 58 ( 0 % )   ; 2.5V          ; --           ;
; 7        ; 0 / 72 ( 0 % )   ; 2.5V          ; --           ;
; 8        ; 0 / 71 ( 0 % )   ; 2.5V          ; --           ;
+----------+------------------+---------------+--------------+


+-----------------------------------------------------------------------------------------------------------------------------------------------------------------------------------------+
; All Package Pins                                                                                                                                                                        ;
+----------+------------+----------+-----------------------------------------------------------+--------+--------------+---------+------------+-----------------+----------+--------------+
; Location ; Pad Number ; I/O Bank ; Pin Name/Usage                                            ; Dir.   ; I/O Standard ; Voltage ; I/O Type   ; User Assignment ; Bus Hold ; Weak Pull Up ;
+----------+------------+----------+-----------------------------------------------------------+--------+--------------+---------+------------+-----------------+----------+--------------+
; A2       ;            ; 8        ; VCCIO8                                                    ; power  ;              ; 2.5V    ; --         ;                 ; --       ; --           ;
; A3       ; 535        ; 8        ; RESERVED_INPUT_WITH_WEAK_PULLUP                           ;        ;              ;         ; Column I/O ;                 ; no       ; On           ;
; A4       ; 532        ; 8        ; RESERVED_INPUT_WITH_WEAK_PULLUP                           ;        ;              ;         ; Column I/O ;                 ; no       ; On           ;
; A5       ;            ; 8        ; VCCIO8                                                    ; power  ;              ; 2.5V    ; --         ;                 ; --       ; --           ;
; A6       ; 504        ; 8        ; RESERVED_INPUT_WITH_WEAK_PULLUP                           ;        ;              ;         ; Column I/O ;                 ; no       ; On           ;
; A7       ; 501        ; 8        ; RESERVED_INPUT_WITH_WEAK_PULLUP                           ;        ;              ;         ; Column I/O ;                 ; no       ; On           ;
; A8       ; 517        ; 8        ; RESERVED_INPUT_WITH_WEAK_PULLUP                           ;        ;              ;         ; Column I/O ;                 ; no       ; On           ;
; A9       ;            ; 8        ; VCCIO8                                                    ; power  ;              ; 2.5V    ; --         ;                 ; --       ; --           ;
; A10      ; 491        ; 8        ; RESERVED_INPUT_WITH_WEAK_PULLUP                           ;        ;              ;         ; Column I/O ;                 ; no       ; On           ;
; A11      ; 487        ; 8        ; RESERVED_INPUT_WITH_WEAK_PULLUP                           ;        ;              ;         ; Column I/O ;                 ; no       ; On           ;
; A12      ; 482        ; 8        ; RESERVED_INPUT_WITH_WEAK_PULLUP                           ;        ;              ;         ; Column I/O ;                 ; no       ; On           ;
; A13      ;            ; 8        ; VCCIO8                                                    ; power  ;              ; 2.5V    ; --         ;                 ; --       ; --           ;
; A14      ; 472        ; 8        ; GND+                                                      ;        ;              ;         ; Column I/O ;                 ; --       ; --           ;
; A15      ; 470        ; 7        ; GND+                                                      ;        ;              ;         ; Column I/O ;                 ; --       ; --           ;
; A16      ;            ; 7        ; VCCIO7                                                    ; power  ;              ; 2.5V    ; --         ;                 ; --       ; --           ;
; A17      ; 462        ; 7        ; RESERVED_INPUT_WITH_WEAK_PULLUP                           ;        ;              ;         ; Column I/O ;                 ; no       ; On           ;
; A18      ; 442        ; 7        ; RESERVED_INPUT_WITH_WEAK_PULLUP                           ;        ;              ;         ; Column I/O ;                 ; no       ; On           ;
; A19      ; 440        ; 7        ; RESERVED_INPUT_WITH_WEAK_PULLUP                           ;        ;              ;         ; Column I/O ;                 ; no       ; On           ;
; A20      ;            ; 7        ; VCCIO7                                                    ; power  ;              ; 2.5V    ; --         ;                 ; --       ; --           ;
; A21      ; 425        ; 7        ; RESERVED_INPUT_WITH_WEAK_PULLUP                           ;        ;              ;         ; Column I/O ;                 ; no       ; On           ;
; A22      ; 423        ; 7        ; RESERVED_INPUT_WITH_WEAK_PULLUP                           ;        ;              ;         ; Column I/O ;                 ; no       ; On           ;
; A23      ; 412        ; 7        ; RESERVED_INPUT_WITH_WEAK_PULLUP                           ;        ;              ;         ; Column I/O ;                 ; no       ; On           ;
; A24      ;            ; 7        ; VCCIO7                                                    ; power  ;              ; 2.5V    ; --         ;                 ; --       ; --           ;
; A25      ; 405        ; 7        ; RESERVED_INPUT_WITH_WEAK_PULLUP                           ;        ;              ;         ; Column I/O ;                 ; no       ; On           ;
; A26      ; 404        ; 7        ; RESERVED_INPUT_WITH_WEAK_PULLUP                           ;        ;              ;         ; Column I/O ;                 ; no       ; On           ;
; A27      ;            ; 7        ; VCCIO7                                                    ; power  ;              ; 2.5V    ; --         ;                 ; --       ; --           ;
; AA1      ;            ; 2        ; VCCIO2                                                    ; power  ;              ; 2.5V    ; --         ;                 ; --       ; --           ;
; AA2      ;            ;          ; GND                                                       ; gnd    ;              ;         ; --         ;                 ; --       ; --           ;
; AA3      ; 102        ; 2        ; RESERVED_INPUT_WITH_WEAK_PULLUP                           ;        ;              ;         ; Row I/O    ;                 ; no       ; On           ;
; AA4      ; 101        ; 2        ; RESERVED_INPUT_WITH_WEAK_PULLUP                           ;        ;              ;         ; Row I/O    ;                 ; no       ; On           ;
; AA5      ; 119        ; 2        ; RESERVED_INPUT_WITH_WEAK_PULLUP                           ;        ;              ;         ; Row I/O    ;                 ; no       ; On           ;
; AA6      ; 118        ; 2        ; RESERVED_INPUT_WITH_WEAK_PULLUP                           ;        ;              ;         ; Row I/O    ;                 ; no       ; On           ;
; AA7      ; 120        ; 2        ; RESERVED_INPUT_WITH_WEAK_PULLUP                           ;        ;              ;         ; Row I/O    ;                 ; no       ; On           ;
; AA8      ; 154        ; 3        ; RESERVED_INPUT_WITH_WEAK_PULLUP                           ;        ;              ;         ; Column I/O ;                 ; no       ; On           ;
; AA9      ;            ;          ; GNDA1                                                     ; gnd    ;              ;         ; --         ;                 ; --       ; --           ;
; AA10     ; 155        ; 3        ; RESERVED_INPUT_WITH_WEAK_PULLUP                           ;        ;              ;         ; Column I/O ;                 ; no       ; On           ;
; AA11     ;            ; 3        ; VCCIO3                                                    ; power  ;              ; 2.5V    ; --         ;                 ; --       ; --           ;
; AA12     ; 188        ; 3        ; RESERVED_INPUT_WITH_WEAK_PULLUP                           ;        ;              ;         ; Column I/O ;                 ; no       ; On           ;
; AA13     ; 190        ; 3        ; RESERVED_INPUT_WITH_WEAK_PULLUP                           ;        ;              ;         ; Column I/O ;                 ; no       ; On           ;
; AA14     ; 191        ; 3        ; aluif.out[22]                                             ; output ; 2.5 V        ;         ; Column I/O ; N               ; no       ; Off          ;
; AA15     ; 213        ; 4        ; aluif.a[2]                                                ; input  ; 2.5 V        ;         ; Column I/O ; N               ; no       ; Off          ;
; AA16     ; 211        ; 4        ; aluif.a[16]                                               ; input  ; 2.5 V        ;         ; Column I/O ; N               ; no       ; Off          ;
; AA17     ; 241        ; 4        ; aluif.b[3]                                                ; input  ; 2.5 V        ;         ; Column I/O ; N               ; no       ; Off          ;
; AA18     ;            ; 4        ; VCCIO4                                                    ; power  ;              ; 2.5V    ; --         ;                 ; --       ; --           ;
; AA19     ; 264        ; 4        ; aluif.b[17]                                               ; input  ; 2.5 V        ;         ; Column I/O ; N               ; no       ; Off          ;
; AA20     ;            ;          ; GNDA4                                                     ; gnd    ;              ;         ; --         ;                 ; --       ; --           ;
; AA21     ; 269        ; 4        ; aluif.a[17]                                               ; input  ; 2.5 V        ;         ; Column I/O ; N               ; no       ; Off          ;
; AA22     ; 275        ; 5        ; aluif.a[26]                                               ; input  ; 2.5 V        ;         ; Row I/O    ; N               ; no       ; Off          ;
; AA23     ; 280        ; 5        ; aluif.out[21]                                             ; output ; 2.5 V        ;         ; Row I/O    ; N               ; no       ; Off          ;
; AA24     ; 279        ; 5        ; aluif.out[27]                                             ; output ; 2.5 V        ;         ; Row I/O    ; N               ; no       ; Off          ;
; AA25     ; 294        ; 5        ; aluif.out[1]                                              ; output ; 2.5 V        ;         ; Row I/O    ; N               ; no       ; Off          ;
; AA26     ; 293        ; 5        ; aluif.out[23]                                             ; output ; 2.5 V        ;         ; Row I/O    ; N               ; no       ; Off          ;
; AA27     ;            ;          ; GND                                                       ; gnd    ;              ;         ; --         ;                 ; --       ; --           ;
; AA28     ;            ; 5        ; VCCIO5                                                    ; power  ;              ; 2.5V    ; --         ;                 ; --       ; --           ;
; AB1      ; 86         ; 2        ; RESERVED_INPUT_WITH_WEAK_PULLUP                           ;        ;              ;         ; Row I/O    ;                 ; no       ; On           ;
; AB2      ; 85         ; 2        ; RESERVED_INPUT_WITH_WEAK_PULLUP                           ;        ;              ;         ; Row I/O    ;                 ; no       ; On           ;
; AB3      ; 99         ; 2        ; RESERVED_INPUT_WITH_WEAK_PULLUP                           ;        ;              ;         ; Row I/O    ;                 ; no       ; On           ;
; AB4      ; 121        ; 2        ; RESERVED_INPUT_WITH_WEAK_PULLUP                           ;        ;              ;         ; Row I/O    ;                 ; --       ; --           ;
; AB5      ; 127        ; 2        ; RESERVED_INPUT_WITH_WEAK_PULLUP                           ;        ;              ;         ; Row I/O    ;                 ; no       ; On           ;
; AB6      ; 126        ; 2        ; RESERVED_INPUT_WITH_WEAK_PULLUP                           ;        ;              ;         ; Row I/O    ;                 ; no       ; On           ;
; AB7      ; 152        ; 3        ; RESERVED_INPUT_WITH_WEAK_PULLUP                           ;        ;              ;         ; Column I/O ;                 ; no       ; On           ;
; AB8      ; 148        ; 3        ; RESERVED_INPUT_WITH_WEAK_PULLUP                           ;        ;              ;         ; Column I/O ;                 ; no       ; On           ;
; AB9      ; 147        ; 3        ; RESERVED_INPUT_WITH_WEAK_PULLUP                           ;        ;              ;         ; Column I/O ;                 ; no       ; On           ;
; AB10     ; 173        ; 3        ; RESERVED_INPUT_WITH_WEAK_PULLUP                           ;        ;              ;         ; Column I/O ;                 ; no       ; On           ;
; AB11     ; 164        ; 3        ; RESERVED_INPUT_WITH_WEAK_PULLUP                           ;        ;              ;         ; Column I/O ;                 ; --       ; --           ;
; AB12     ; 180        ; 3        ; RESERVED_INPUT_WITH_WEAK_PULLUP                           ;        ;              ;         ; Column I/O ;                 ; no       ; On           ;
; AB13     ; 181        ; 3        ; RESERVED_INPUT_WITH_WEAK_PULLUP                           ;        ;              ;         ; Column I/O ;                 ; --       ; --           ;
; AB14     ; 192        ; 3        ; aluif.a[13]                                               ; input  ; 2.5 V        ;         ; Column I/O ; N               ; no       ; Off          ;
; AB15     ; 214        ; 4        ; aluif.a[21]                                               ; input  ; 2.5 V        ;         ; Column I/O ; N               ; no       ; Off          ;
; AB16     ; 212        ; 4        ; aluif.b[9]                                                ; input  ; 2.5 V        ;         ; Column I/O ; N               ; no       ; Off          ;
; AB17     ; 242        ; 4        ; aluif.b[25]                                               ; input  ; 2.5 V        ;         ; Column I/O ; N               ; no       ; Off          ;
; AB18     ; 254        ; 4        ; aluif.out[17]                                             ; output ; 2.5 V        ;         ; Column I/O ; N               ; no       ; Off          ;
; AB19     ; 253        ; 4        ; aluif.a[3]                                                ; input  ; 2.5 V        ;         ; Column I/O ; N               ; no       ; Off          ;
; AB20     ; 257        ; 4        ; aluif.a[23]                                               ; input  ; 2.5 V        ;         ; Column I/O ; N               ; no       ; Off          ;
; AB21     ; 266        ; 4        ; aluif.out[29]                                             ; output ; 2.5 V        ;         ; Column I/O ; N               ; no       ; Off          ;
; AB22     ; 265        ; 4        ; aluif.a[27]                                               ; input  ; 2.5 V        ;         ; Column I/O ; N               ; no       ; Off          ;
; AB23     ; 276        ; 5        ; aluif.out[18]                                             ; output ; 2.5 V        ;         ; Row I/O    ; N               ; no       ; Off          ;
; AB24     ; 274        ; 5        ; aluif.zero                                                ; output ; 2.5 V        ;         ; Row I/O    ; N               ; no       ; Off          ;
; AB25     ; 292        ; 5        ; aluif.out[11]                                             ; output ; 2.5 V        ;         ; Row I/O    ; N               ; no       ; Off          ;
; AB26     ; 291        ; 5        ; aluif.out[14]                                             ; output ; 2.5 V        ;         ; Row I/O    ; N               ; no       ; Off          ;
; AB27     ; 296        ; 5        ; RESERVED_INPUT_WITH_WEAK_PULLUP                           ;        ;              ;         ; Row I/O    ;                 ; no       ; On           ;
; AB28     ; 295        ; 5        ; aluif.out[5]                                              ; output ; 2.5 V        ;         ; Row I/O    ; N               ; no       ; Off          ;
; AC1      ; 94         ; 2        ; RESERVED_INPUT_WITH_WEAK_PULLUP                           ;        ;              ;         ; Row I/O    ;                 ; no       ; On           ;
; AC2      ; 93         ; 2        ; RESERVED_INPUT_WITH_WEAK_PULLUP                           ;        ;              ;         ; Row I/O    ;                 ; no       ; On           ;
; AC3      ; 95         ; 2        ; RESERVED_INPUT_WITH_WEAK_PULLUP                           ;        ;              ;         ; Row I/O    ;                 ; no       ; On           ;
; AC4      ; 125        ; 2        ; RESERVED_INPUT_WITH_WEAK_PULLUP                           ;        ;              ;         ; Row I/O    ;                 ; no       ; On           ;
; AC5      ; 124        ; 2        ; RESERVED_INPUT_WITH_WEAK_PULLUP                           ;        ;              ;         ; Row I/O    ;                 ; no       ; On           ;
; AC6      ;            ;          ; GND                                                       ; gnd    ;              ;         ; --         ;                 ; --       ; --           ;
; AC7      ; 144        ; 3        ; RESERVED_INPUT_WITH_WEAK_PULLUP                           ;        ;              ;         ; Column I/O ;                 ; no       ; On           ;
; AC8      ; 153        ; 3        ; RESERVED_INPUT_WITH_WEAK_PULLUP                           ;        ;              ;         ; Column I/O ;                 ; no       ; On           ;
; AC9      ;            ;          ; GND                                                       ; gnd    ;              ;         ; --         ;                 ; --       ; --           ;
; AC10     ; 174        ; 3        ; RESERVED_INPUT_WITH_WEAK_PULLUP                           ;        ;              ;         ; Column I/O ;                 ; no       ; On           ;
; AC11     ; 185        ; 3        ; RESERVED_INPUT_WITH_WEAK_PULLUP                           ;        ;              ;         ; Column I/O ;                 ; no       ; On           ;
; AC12     ; 179        ; 3        ; RESERVED_INPUT_WITH_WEAK_PULLUP                           ;        ;              ;         ; Column I/O ;                 ; no       ; On           ;
; AC13     ;            ;          ; GND                                                       ; gnd    ;              ;         ; --         ;                 ; --       ; --           ;
; AC14     ; 195        ; 3        ; aluif.out[30]                                             ; output ; 2.5 V        ;         ; Column I/O ; N               ; no       ; Off          ;
; AC15     ; 203        ; 4        ; aluif.overflow                                            ; output ; 2.5 V        ;         ; Column I/O ; N               ; no       ; Off          ;
; AC16     ;            ;          ; GND                                                       ; gnd    ;              ;         ; --         ;                 ; --       ; --           ;
; AC17     ; 221        ; 4        ; aluif.a[14]                                               ; input  ; 2.5 V        ;         ; Column I/O ; N               ; no       ; Off          ;
; AC18     ; 240        ; 4        ; aluif.b[15]                                               ; input  ; 2.5 V        ;         ; Column I/O ; N               ; no       ; Off          ;
; AC19     ; 247        ; 4        ; aluif.b[2]                                                ; input  ; 2.5 V        ;         ; Column I/O ; N               ; no       ; Off          ;
; AC20     ;            ;          ; GND                                                       ; gnd    ;              ;         ; --         ;                 ; --       ; --           ;
; AC21     ; 258        ; 4        ; aluif.a[29]                                               ; input  ; 2.5 V        ;         ; Column I/O ; N               ; no       ; Off          ;
; AC22     ; 267        ; 4        ; aluif.out[8]                                              ; output ; 2.5 V        ;         ; Column I/O ; N               ; no       ; Off          ;
; AC23     ;            ;          ; GND                                                       ; gnd    ;              ;         ; --         ;                 ; --       ; --           ;
; AC24     ; 273        ; 5        ; aluif.a[24]                                               ; input  ; 2.5 V        ;         ; Row I/O    ; N               ; no       ; Off          ;
; AC25     ; 272        ; 5        ; aluif.a[4]                                                ; input  ; 2.5 V        ;         ; Row I/O    ; N               ; no       ; Off          ;
; AC26     ; 282        ; 5        ; aluif.opcode[3]                                           ; input  ; 2.5 V        ;         ; Row I/O    ; N               ; no       ; Off          ;
; AC27     ; 290        ; 5        ; aluif.out[3]                                              ; output ; 2.5 V        ;         ; Row I/O    ; N               ; no       ; Off          ;
; AC28     ; 289        ; 5        ; aluif.out[26]                                             ; output ; 2.5 V        ;         ; Row I/O    ; N               ; no       ; Off          ;
; AD1      ; 98         ; 2        ; RESERVED_INPUT_WITH_WEAK_PULLUP                           ;        ;              ;         ; Row I/O    ;                 ; no       ; On           ;
; AD2      ; 97         ; 2        ; RESERVED_INPUT_WITH_WEAK_PULLUP                           ;        ;              ;         ; Row I/O    ;                 ; no       ; On           ;
; AD3      ; 96         ; 2        ; RESERVED_INPUT_WITH_WEAK_PULLUP                           ;        ;              ;         ; Row I/O    ;                 ; no       ; On           ;
; AD4      ; 130        ; 3        ; RESERVED_INPUT_WITH_WEAK_PULLUP                           ;        ;              ;         ; Column I/O ;                 ; no       ; On           ;
; AD5      ; 128        ; 3        ; RESERVED_INPUT_WITH_WEAK_PULLUP                           ;        ;              ;         ; Column I/O ;                 ; no       ; On           ;
; AD6      ;            ; 3        ; VCCIO3                                                    ; power  ;              ; 2.5V    ; --         ;                 ; --       ; --           ;
; AD7      ; 134        ; 3        ; RESERVED_INPUT_WITH_WEAK_PULLUP                           ;        ;              ;         ; Column I/O ;                 ; no       ; On           ;
; AD8      ; 143        ; 3        ; RESERVED_INPUT_WITH_WEAK_PULLUP                           ;        ;              ;         ; Column I/O ;                 ; no       ; On           ;
; AD9      ;            ; 3        ; VCCIO3                                                    ; power  ;              ; 2.5V    ; --         ;                 ; --       ; --           ;
; AD10     ; 149        ; 3        ; RESERVED_INPUT_WITH_WEAK_PULLUP                           ;        ;              ;         ; Column I/O ;                 ; no       ; On           ;
; AD11     ; 186        ; 3        ; RESERVED_INPUT_WITH_WEAK_PULLUP                           ;        ;              ;         ; Column I/O ;                 ; no       ; On           ;
; AD12     ; 182        ; 3        ; RESERVED_INPUT_WITH_WEAK_PULLUP                           ;        ;              ;         ; Column I/O ;                 ; no       ; On           ;
; AD13     ;            ; 3        ; VCCIO3                                                    ; power  ;              ; 2.5V    ; --         ;                 ; --       ; --           ;
; AD14     ; 196        ; 3        ; aluif.b[14]                                               ; input  ; 2.5 V        ;         ; Column I/O ; N               ; no       ; Off          ;
; AD15     ; 204        ; 4        ; aluif.out[16]                                             ; output ; 2.5 V        ;         ; Column I/O ; N               ; no       ; Off          ;
; AD16     ;            ; 4        ; VCCIO4                                                    ; power  ;              ; 2.5V    ; --         ;                 ; --       ; --           ;
; AD17     ; 222        ; 4        ; aluif.a[18]                                               ; input  ; 2.5 V        ;         ; Column I/O ; N               ; no       ; Off          ;
; AD18     ; 237        ; 4        ; aluif.b[23]                                               ; input  ; 2.5 V        ;         ; Column I/O ; N               ; no       ; Off          ;
; AD19     ; 248        ; 4        ; aluif.a[31]                                               ; input  ; 2.5 V        ;         ; Column I/O ; N               ; no       ; Off          ;
; AD20     ;            ; 4        ; VCCIO4                                                    ; power  ;              ; 2.5V    ; --         ;                 ; --       ; --           ;
; AD21     ; 259        ; 4        ; aluif.a[15]                                               ; input  ; 2.5 V        ;         ; Column I/O ; N               ; no       ; Off          ;
; AD22     ; 268        ; 4        ; aluif.out[31]                                             ; output ; 2.5 V        ;         ; Column I/O ; N               ; no       ; Off          ;
; AD23     ;            ; 4        ; VCCIO4                                                    ; power  ;              ; 2.5V    ; --         ;                 ; --       ; --           ;
; AD24     ; 260        ; 4        ; aluif.out[25]                                             ; output ; 2.5 V        ;         ; Column I/O ; N               ; no       ; Off          ;
; AD25     ; 255        ; 4        ; aluif.b[20]                                               ; input  ; 2.5 V        ;         ; Column I/O ; N               ; no       ; Off          ;
; AD26     ; 281        ; 5        ; aluif.opcode[2]                                           ; input  ; 2.5 V        ;         ; Row I/O    ; N               ; no       ; Off          ;
; AD27     ; 286        ; 5        ; aluif.out[15]                                             ; output ; 2.5 V        ;         ; Row I/O    ; N               ; no       ; Off          ;
; AD28     ; 285        ; 5        ; aluif.out[0]                                              ; output ; 2.5 V        ;         ; Row I/O    ; N               ; no       ; Off          ;
; AE1      ; 106        ; 2        ; RESERVED_INPUT_WITH_WEAK_PULLUP                           ;        ;              ;         ; Row I/O    ;                 ; no       ; On           ;
; AE2      ; 105        ; 2        ; RESERVED_INPUT_WITH_WEAK_PULLUP                           ;        ;              ;         ; Row I/O    ;                 ; no       ; On           ;
; AE3      ; 122        ; 2        ; RESERVED_INPUT_WITH_WEAK_PULLUP                           ;        ;              ;         ; Row I/O    ;                 ; no       ; On           ;
; AE4      ; 132        ; 3        ; RESERVED_INPUT_WITH_WEAK_PULLUP                           ;        ;              ;         ; Column I/O ;                 ; no       ; On           ;
; AE5      ; 135        ; 3        ; RESERVED_INPUT_WITH_WEAK_PULLUP                           ;        ;              ;         ; Column I/O ;                 ; no       ; On           ;
; AE6      ; 129        ; 3        ; RESERVED_INPUT_WITH_WEAK_PULLUP                           ;        ;              ;         ; Column I/O ;                 ; no       ; On           ;
; AE7      ; 158        ; 3        ; RESERVED_INPUT_WITH_WEAK_PULLUP                           ;        ;              ;         ; Column I/O ;                 ; no       ; On           ;
; AE8      ; 161        ; 3        ; RESERVED_INPUT_WITH_WEAK_PULLUP                           ;        ;              ;         ; Column I/O ;                 ; no       ; On           ;
; AE9      ; 163        ; 3        ; RESERVED_INPUT_WITH_WEAK_PULLUP                           ;        ;              ;         ; Column I/O ;                 ; no       ; On           ;
; AE10     ; 165        ; 3        ; RESERVED_INPUT_WITH_WEAK_PULLUP                           ;        ;              ;         ; Column I/O ;                 ; no       ; On           ;
; AE11     ; 171        ; 3        ; RESERVED_INPUT_WITH_WEAK_PULLUP                           ;        ;              ;         ; Column I/O ;                 ; no       ; On           ;
; AE12     ; 169        ; 3        ; RESERVED_INPUT_WITH_WEAK_PULLUP                           ;        ;              ;         ; Column I/O ;                 ; no       ; On           ;
; AE13     ; 177        ; 3        ; RESERVED_INPUT_WITH_WEAK_PULLUP                           ;        ;              ;         ; Column I/O ;                 ; no       ; On           ;
; AE14     ; 183        ; 3        ; RESERVED_INPUT_WITH_WEAK_PULLUP                           ;        ;              ;         ; Column I/O ;                 ; no       ; On           ;
; AE15     ; 205        ; 4        ; aluif.out[28]                                             ; output ; 2.5 V        ;         ; Column I/O ; N               ; no       ; Off          ;
; AE16     ; 209        ; 4        ; aluif.a[6]                                                ; input  ; 2.5 V        ;         ; Column I/O ; N               ; no       ; Off          ;
; AE17     ; 215        ; 4        ; aluif.b[12]                                               ; input  ; 2.5 V        ;         ; Column I/O ; N               ; no       ; Off          ;
; AE18     ; 225        ; 4        ; aluif.b[8]                                                ; input  ; 2.5 V        ;         ; Column I/O ; N               ; no       ; Off          ;
; AE19     ; 231        ; 4        ; aluif.b[16]                                               ; input  ; 2.5 V        ;         ; Column I/O ; N               ; no       ; Off          ;
; AE20     ; 235        ; 4        ; aluif.a[0]                                                ; input  ; 2.5 V        ;         ; Column I/O ; N               ; no       ; Off          ;
; AE21     ; 238        ; 4        ; aluif.b[29]                                               ; input  ; 2.5 V        ;         ; Column I/O ; N               ; no       ; Off          ;
; AE22     ; 251        ; 4        ; aluif.b[13]                                               ; input  ; 2.5 V        ;         ; Column I/O ; N               ; no       ; Off          ;
; AE23     ; 261        ; 4        ; aluif.out[24]                                             ; output ; 2.5 V        ;         ; Column I/O ; N               ; no       ; Off          ;
; AE24     ; 256        ; 4        ; aluif.a[7]                                                ; input  ; 2.5 V        ;         ; Column I/O ; N               ; no       ; Off          ;
; AE25     ; 243        ; 4        ; aluif.b[4]                                                ; input  ; 2.5 V        ;         ; Column I/O ; N               ; no       ; Off          ;
; AE26     ; 278        ; 5        ; aluif.out[13]                                             ; output ; 2.5 V        ;         ; Row I/O    ; N               ; no       ; Off          ;
; AE27     ; 284        ; 5        ; aluif.out[19]                                             ; output ; 2.5 V        ;         ; Row I/O    ; N               ; no       ; Off          ;
; AE28     ; 283        ; 5        ; aluif.out[10]                                             ; output ; 2.5 V        ;         ; Row I/O    ; N               ; no       ; Off          ;
; AF1      ;            ;          ; GND                                                       ; gnd    ;              ;         ; --         ;                 ; --       ; --           ;
; AF2      ; 123        ; 2        ; RESERVED_INPUT_WITH_WEAK_PULLUP                           ;        ;              ;         ; Row I/O    ;                 ; no       ; On           ;
; AF3      ; 138        ; 3        ; RESERVED_INPUT_WITH_WEAK_PULLUP                           ;        ;              ;         ; Column I/O ;                 ; no       ; On           ;
; AF4      ; 131        ; 3        ; RESERVED_INPUT_WITH_WEAK_PULLUP                           ;        ;              ;         ; Column I/O ;                 ; no       ; On           ;
; AF5      ; 136        ; 3        ; RESERVED_INPUT_WITH_WEAK_PULLUP                           ;        ;              ;         ; Column I/O ;                 ; no       ; On           ;
; AF6      ; 139        ; 3        ; RESERVED_INPUT_WITH_WEAK_PULLUP                           ;        ;              ;         ; Column I/O ;                 ; no       ; On           ;
; AF7      ; 159        ; 3        ; RESERVED_INPUT_WITH_WEAK_PULLUP                           ;        ;              ;         ; Column I/O ;                 ; no       ; On           ;
; AF8      ; 162        ; 3        ; RESERVED_INPUT_WITH_WEAK_PULLUP                           ;        ;              ;         ; Column I/O ;                 ; no       ; On           ;
; AF9      ; 160        ; 3        ; RESERVED_INPUT_WITH_WEAK_PULLUP                           ;        ;              ;         ; Column I/O ;                 ; no       ; On           ;
; AF10     ; 166        ; 3        ; RESERVED_INPUT_WITH_WEAK_PULLUP                           ;        ;              ;         ; Column I/O ;                 ; no       ; On           ;
; AF11     ; 172        ; 3        ; RESERVED_INPUT_WITH_WEAK_PULLUP                           ;        ;              ;         ; Column I/O ;                 ; no       ; On           ;
; AF12     ; 170        ; 3        ; RESERVED_INPUT_WITH_WEAK_PULLUP                           ;        ;              ;         ; Column I/O ;                 ; no       ; On           ;
; AF13     ; 178        ; 3        ; RESERVED_INPUT_WITH_WEAK_PULLUP                           ;        ;              ;         ; Column I/O ;                 ; no       ; On           ;
; AF14     ; 184        ; 3        ; RESERVED_INPUT_WITH_WEAK_PULLUP                           ;        ;              ;         ; Column I/O ;                 ; no       ; On           ;
; AF15     ; 206        ; 4        ; aluif.a[12]                                               ; input  ; 2.5 V        ;         ; Column I/O ; N               ; no       ; Off          ;
; AF16     ; 210        ; 4        ; aluif.b[18]                                               ; input  ; 2.5 V        ;         ; Column I/O ; N               ; no       ; Off          ;
; AF17     ; 216        ; 4        ; aluif.b[6]                                                ; input  ; 2.5 V        ;         ; Column I/O ; N               ; no       ; Off          ;
; AF18     ; 226        ; 4        ; aluif.b[22]                                               ; input  ; 2.5 V        ;         ; Column I/O ; N               ; no       ; Off          ;
; AF19     ; 232        ; 4        ; aluif.b[7]                                                ; input  ; 2.5 V        ;         ; Column I/O ; N               ; no       ; Off          ;
; AF20     ; 236        ; 4        ; aluif.b[27]                                               ; input  ; 2.5 V        ;         ; Column I/O ; N               ; no       ; Off          ;
; AF21     ; 239        ; 4        ; aluif.a[30]                                               ; input  ; 2.5 V        ;         ; Column I/O ; N               ; no       ; Off          ;
; AF22     ; 252        ; 4        ; aluif.b[28]                                               ; input  ; 2.5 V        ;         ; Column I/O ; N               ; no       ; Off          ;
; AF23     ; 262        ; 4        ; aluif.b[24]                                               ; input  ; 2.5 V        ;         ; Column I/O ; N               ; no       ; Off          ;
; AF24     ; 233        ; 4        ; aluif.b[10]                                               ; input  ; 2.5 V        ;         ; Column I/O ; N               ; no       ; Off          ;
; AF25     ; 234        ; 4        ; aluif.b[26]                                               ; input  ; 2.5 V        ;         ; Column I/O ; N               ; no       ; Off          ;
; AF26     ; 244        ; 4        ; aluif.b[1]                                                ; input  ; 2.5 V        ;         ; Column I/O ; N               ; no       ; Off          ;
; AF27     ; 277        ; 5        ; aluif.out[6]                                              ; output ; 2.5 V        ;         ; Row I/O    ; N               ; no       ; Off          ;
; AF28     ;            ;          ; GND                                                       ; gnd    ;              ;         ; --         ;                 ; --       ; --           ;
; AG1      ;            ; 2        ; VCCIO2                                                    ; power  ;              ; 2.5V    ; --         ;                 ; --       ; --           ;
; AG2      ;            ;          ; GND                                                       ; gnd    ;              ;         ; --         ;                 ; --       ; --           ;
; AG3      ; 133        ; 3        ; RESERVED_INPUT_WITH_WEAK_PULLUP                           ;        ;              ;         ; Column I/O ;                 ; no       ; On           ;
; AG4      ; 141        ; 3        ; RESERVED_INPUT_WITH_WEAK_PULLUP                           ;        ;              ;         ; Column I/O ;                 ; no       ; On           ;
; AG5      ;            ;          ; GND                                                       ; gnd    ;              ;         ; --         ;                 ; --       ; --           ;
; AG6      ; 145        ; 3        ; RESERVED_INPUT_WITH_WEAK_PULLUP                           ;        ;              ;         ; Column I/O ;                 ; no       ; On           ;
; AG7      ; 150        ; 3        ; RESERVED_INPUT_WITH_WEAK_PULLUP                           ;        ;              ;         ; Column I/O ;                 ; no       ; On           ;
; AG8      ; 156        ; 3        ; RESERVED_INPUT_WITH_WEAK_PULLUP                           ;        ;              ;         ; Column I/O ;                 ; no       ; On           ;
; AG9      ;            ;          ; GND                                                       ; gnd    ;              ;         ; --         ;                 ; --       ; --           ;
; AG10     ; 167        ; 3        ; RESERVED_INPUT_WITH_WEAK_PULLUP                           ;        ;              ;         ; Column I/O ;                 ; no       ; On           ;
; AG11     ; 175        ; 3        ; RESERVED_INPUT_WITH_WEAK_PULLUP                           ;        ;              ;         ; Column I/O ;                 ; no       ; On           ;
; AG12     ; 193        ; 3        ; aluif.out[7]                                              ; output ; 2.5 V        ;         ; Column I/O ; N               ; no       ; Off          ;
; AG13     ;            ;          ; GND                                                       ; gnd    ;              ;         ; --         ;                 ; --       ; --           ;
; AG14     ; 199        ; 3        ; GND+                                                      ;        ;              ;         ; Column I/O ;                 ; --       ; --           ;
; AG15     ; 201        ; 4        ; aluif.opcode[0]                                           ; input  ; 2.5 V        ;         ; Column I/O ; N               ; no       ; Off          ;
; AG16     ;            ;          ; GND                                                       ; gnd    ;              ;         ; --         ;                 ; --       ; --           ;
; AG17     ; 207        ; 4        ; aluif.b[11]                                               ; input  ; 2.5 V        ;         ; Column I/O ; N               ; no       ; Off          ;
; AG18     ; 217        ; 4        ; aluif.a[10]                                               ; input  ; 2.5 V        ;         ; Column I/O ; N               ; no       ; Off          ;
; AG19     ; 219        ; 4        ; aluif.a[5]                                                ; input  ; 2.5 V        ;         ; Column I/O ; N               ; no       ; Off          ;
; AG20     ;            ;          ; GND                                                       ; gnd    ;              ;         ; --         ;                 ; --       ; --           ;
; AG21     ; 223        ; 4        ; aluif.b[30]                                               ; input  ; 2.5 V        ;         ; Column I/O ; N               ; no       ; Off          ;
; AG22     ; 227        ; 4        ; aluif.a[20]                                               ; input  ; 2.5 V        ;         ; Column I/O ; N               ; no       ; Off          ;
; AG23     ; 229        ; 4        ; aluif.b[31]                                               ; input  ; 2.5 V        ;         ; Column I/O ; N               ; no       ; Off          ;
; AG24     ;            ;          ; GND                                                       ; gnd    ;              ;         ; --         ;                 ; --       ; --           ;
; AG25     ; 245        ; 4        ; aluif.b[0]                                                ; input  ; 2.5 V        ;         ; Column I/O ; N               ; no       ; Off          ;
; AG26     ; 270        ; 4        ; RESERVED_INPUT_WITH_WEAK_PULLUP                           ;        ;              ;         ; Column I/O ;                 ; no       ; On           ;
; AG27     ;            ;          ; GND                                                       ; gnd    ;              ;         ; --         ;                 ; --       ; --           ;
; AG28     ;            ; 5        ; VCCIO5                                                    ; power  ;              ; 2.5V    ; --         ;                 ; --       ; --           ;
; AH2      ;            ; 3        ; VCCIO3                                                    ; power  ;              ; 2.5V    ; --         ;                 ; --       ; --           ;
; AH3      ; 137        ; 3        ; RESERVED_INPUT_WITH_WEAK_PULLUP                           ;        ;              ;         ; Column I/O ;                 ; no       ; On           ;
; AH4      ; 142        ; 3        ; RESERVED_INPUT_WITH_WEAK_PULLUP                           ;        ;              ;         ; Column I/O ;                 ; no       ; On           ;
; AH5      ;            ; 3        ; VCCIO3                                                    ; power  ;              ; 2.5V    ; --         ;                 ; --       ; --           ;
; AH6      ; 146        ; 3        ; RESERVED_INPUT_WITH_WEAK_PULLUP                           ;        ;              ;         ; Column I/O ;                 ; no       ; On           ;
; AH7      ; 151        ; 3        ; RESERVED_INPUT_WITH_WEAK_PULLUP                           ;        ;              ;         ; Column I/O ;                 ; no       ; On           ;
; AH8      ; 157        ; 3        ; RESERVED_INPUT_WITH_WEAK_PULLUP                           ;        ;              ;         ; Column I/O ;                 ; no       ; On           ;
; AH9      ;            ; 3        ; VCCIO3                                                    ; power  ;              ; 2.5V    ; --         ;                 ; --       ; --           ;
; AH10     ; 168        ; 3        ; RESERVED_INPUT_WITH_WEAK_PULLUP                           ;        ;              ;         ; Column I/O ;                 ; no       ; On           ;
; AH11     ; 176        ; 3        ; RESERVED_INPUT_WITH_WEAK_PULLUP                           ;        ;              ;         ; Column I/O ;                 ; no       ; On           ;
; AH12     ; 194        ; 3        ; aluif.out[20]                                             ; output ; 2.5 V        ;         ; Column I/O ; N               ; no       ; Off          ;
; AH13     ;            ; 3        ; VCCIO3                                                    ; power  ;              ; 2.5V    ; --         ;                 ; --       ; --           ;
; AH14     ; 200        ; 3        ; GND+                                                      ;        ;              ;         ; Column I/O ;                 ; --       ; --           ;
; AH15     ; 202        ; 4        ; aluif.opcode[1]                                           ; input  ; 2.5 V        ;         ; Column I/O ; N               ; no       ; Off          ;
; AH16     ;            ; 4        ; VCCIO4                                                    ; power  ;              ; 2.5V    ; --         ;                 ; --       ; --           ;
; AH17     ; 208        ; 4        ; aluif.a[1]                                                ; input  ; 2.5 V        ;         ; Column I/O ; N               ; no       ; Off          ;
; AH18     ; 218        ; 4        ; aluif.a[8]                                                ; input  ; 2.5 V        ;         ; Column I/O ; N               ; no       ; Off          ;
; AH19     ; 220        ; 4        ; aluif.a[9]                                                ; input  ; 2.5 V        ;         ; Column I/O ; N               ; no       ; Off          ;
; AH20     ;            ; 4        ; VCCIO4                                                    ; power  ;              ; 2.5V    ; --         ;                 ; --       ; --           ;
; AH21     ; 224        ; 4        ; aluif.a[19]                                               ; input  ; 2.5 V        ;         ; Column I/O ; N               ; no       ; Off          ;
; AH22     ; 228        ; 4        ; aluif.a[22]                                               ; input  ; 2.5 V        ;         ; Column I/O ; N               ; no       ; Off          ;
; AH23     ; 230        ; 4        ; aluif.b[19]                                               ; input  ; 2.5 V        ;         ; Column I/O ; N               ; no       ; Off          ;
; AH24     ;            ; 4        ; VCCIO4                                                    ; power  ;              ; 2.5V    ; --         ;                 ; --       ; --           ;
; AH25     ; 246        ; 4        ; aluif.out[9]                                              ; output ; 2.5 V        ;         ; Column I/O ; N               ; no       ; Off          ;
; AH26     ; 271        ; 4        ; aluif.negative                                            ; output ; 2.5 V        ;         ; Column I/O ; N               ; no       ; Off          ;
; AH27     ;            ; 4        ; VCCIO4                                                    ; power  ;              ; 2.5V    ; --         ;                 ; --       ; --           ;
; B1       ;            ; 1        ; VCCIO1                                                    ; power  ;              ; 2.5V    ; --         ;                 ; --       ; --           ;
; B2       ;            ;          ; GND                                                       ; gnd    ;              ;         ; --         ;                 ; --       ; --           ;
; B3       ; 534        ; 8        ; RESERVED_INPUT_WITH_WEAK_PULLUP                           ;        ;              ;         ; Column I/O ;                 ; no       ; On           ;
; B4       ; 533        ; 8        ; RESERVED_INPUT_WITH_WEAK_PULLUP                           ;        ;              ;         ; Column I/O ;                 ; no       ; On           ;
; B5       ;            ;          ; GND                                                       ; gnd    ;              ;         ; --         ;                 ; --       ; --           ;
; B6       ; 505        ; 8        ; RESERVED_INPUT_WITH_WEAK_PULLUP                           ;        ;              ;         ; Column I/O ;                 ; no       ; On           ;
; B7       ; 502        ; 8        ; RESERVED_INPUT_WITH_WEAK_PULLUP                           ;        ;              ;         ; Column I/O ;                 ; no       ; On           ;
; B8       ; 518        ; 8        ; RESERVED_INPUT_WITH_WEAK_PULLUP                           ;        ;              ;         ; Column I/O ;                 ; no       ; On           ;
; B9       ;            ;          ; GND                                                       ; gnd    ;              ;         ; --         ;                 ; --       ; --           ;
; B10      ; 492        ; 8        ; RESERVED_INPUT_WITH_WEAK_PULLUP                           ;        ;              ;         ; Column I/O ;                 ; no       ; On           ;
; B11      ; 488        ; 8        ; RESERVED_INPUT_WITH_WEAK_PULLUP                           ;        ;              ;         ; Column I/O ;                 ; no       ; On           ;
; B12      ;            ;          ; GND                                                       ; gnd    ;              ;         ; --         ;                 ; --       ; --           ;
; B13      ;            ;          ; GND                                                       ; gnd    ;              ;         ; --         ;                 ; --       ; --           ;
; B14      ; 473        ; 8        ; GND+                                                      ;        ;              ;         ; Column I/O ;                 ; --       ; --           ;
; B15      ; 471        ; 7        ; GND+                                                      ;        ;              ;         ; Column I/O ;                 ; --       ; --           ;
; B16      ;            ;          ; GND                                                       ; gnd    ;              ;         ; --         ;                 ; --       ; --           ;
; B17      ; 463        ; 7        ; RESERVED_INPUT_WITH_WEAK_PULLUP                           ;        ;              ;         ; Column I/O ;                 ; no       ; On           ;
; B18      ; 443        ; 7        ; RESERVED_INPUT_WITH_WEAK_PULLUP                           ;        ;              ;         ; Column I/O ;                 ; no       ; On           ;
; B19      ; 441        ; 7        ; RESERVED_INPUT_WITH_WEAK_PULLUP                           ;        ;              ;         ; Column I/O ;                 ; no       ; On           ;
; B20      ;            ;          ; GND                                                       ; gnd    ;              ;         ; --         ;                 ; --       ; --           ;
; B21      ; 426        ; 7        ; RESERVED_INPUT_WITH_WEAK_PULLUP                           ;        ;              ;         ; Column I/O ;                 ; no       ; On           ;
; B22      ; 424        ; 7        ; RESERVED_INPUT_WITH_WEAK_PULLUP                           ;        ;              ;         ; Column I/O ;                 ; no       ; On           ;
; B23      ; 413        ; 7        ; RESERVED_INPUT_WITH_WEAK_PULLUP                           ;        ;              ;         ; Column I/O ;                 ; no       ; On           ;
; B24      ;            ;          ; GND                                                       ; gnd    ;              ;         ; --         ;                 ; --       ; --           ;
; B25      ; 406        ; 7        ; RESERVED_INPUT_WITH_WEAK_PULLUP                           ;        ;              ;         ; Column I/O ;                 ; no       ; On           ;
; B26      ; 401        ; 7        ; RESERVED_INPUT_WITH_WEAK_PULLUP                           ;        ;              ;         ; Column I/O ;                 ; no       ; On           ;
; B27      ;            ;          ; GND                                                       ; gnd    ;              ;         ; --         ;                 ; --       ; --           ;
; B28      ;            ; 6        ; VCCIO6                                                    ; power  ;              ; 2.5V    ; --         ;                 ; --       ; --           ;
; C1       ;            ;          ; GND                                                       ; gnd    ;              ;         ; --         ;                 ; --       ; --           ;
; C2       ; 1          ; 1        ; RESERVED_INPUT_WITH_WEAK_PULLUP                           ;        ;              ;         ; Row I/O    ;                 ; no       ; On           ;
; C3       ; 543        ; 8        ; RESERVED_INPUT_WITH_WEAK_PULLUP                           ;        ;              ;         ; Column I/O ;                 ; no       ; On           ;
; C4       ; 539        ; 8        ; RESERVED_INPUT_WITH_WEAK_PULLUP                           ;        ;              ;         ; Column I/O ;                 ; no       ; On           ;
; C5       ; 538        ; 8        ; RESERVED_INPUT_WITH_WEAK_PULLUP                           ;        ;              ;         ; Column I/O ;                 ; no       ; On           ;
; C6       ; 536        ; 8        ; RESERVED_INPUT_WITH_WEAK_PULLUP                           ;        ;              ;         ; Column I/O ;                 ; no       ; On           ;
; C7       ; 521        ; 8        ; RESERVED_INPUT_WITH_WEAK_PULLUP                           ;        ;              ;         ; Column I/O ;                 ; no       ; On           ;
; C8       ; 519        ; 8        ; RESERVED_INPUT_WITH_WEAK_PULLUP                           ;        ;              ;         ; Column I/O ;                 ; no       ; On           ;
; C9       ; 510        ; 8        ; RESERVED_INPUT_WITH_WEAK_PULLUP                           ;        ;              ;         ; Column I/O ;                 ; no       ; On           ;
; C10      ; 495        ; 8        ; RESERVED_INPUT_WITH_WEAK_PULLUP                           ;        ;              ;         ; Column I/O ;                 ; no       ; On           ;
; C11      ; 508        ; 8        ; RESERVED_INPUT_WITH_WEAK_PULLUP                           ;        ;              ;         ; Column I/O ;                 ; no       ; On           ;
; C12      ; 478        ; 8        ; RESERVED_INPUT_WITH_WEAK_PULLUP                           ;        ;              ;         ; Column I/O ;                 ; no       ; On           ;
; C13      ; 474        ; 8        ; RESERVED_INPUT_WITH_WEAK_PULLUP                           ;        ;              ;         ; Column I/O ;                 ; no       ; On           ;
; C14      ; 476        ; 8        ; RESERVED_INPUT_WITH_WEAK_PULLUP                           ;        ;              ;         ; Column I/O ;                 ; no       ; On           ;
; C15      ; 468        ; 7        ; RESERVED_INPUT_WITH_WEAK_PULLUP                           ;        ;              ;         ; Column I/O ;                 ; no       ; On           ;
; C16      ; 460        ; 7        ; RESERVED_INPUT_WITH_WEAK_PULLUP                           ;        ;              ;         ; Column I/O ;                 ; no       ; On           ;
; C17      ; 438        ; 7        ; RESERVED_INPUT_WITH_WEAK_PULLUP                           ;        ;              ;         ; Column I/O ;                 ; no       ; On           ;
; C18      ; 429        ; 7        ; RESERVED_INPUT_WITH_WEAK_PULLUP                           ;        ;              ;         ; Column I/O ;                 ; no       ; On           ;
; C19      ; 435        ; 7        ; RESERVED_INPUT_WITH_WEAK_PULLUP                           ;        ;              ;         ; Column I/O ;                 ; no       ; On           ;
; C20      ; 431        ; 7        ; RESERVED_INPUT_WITH_WEAK_PULLUP                           ;        ;              ;         ; Column I/O ;                 ; no       ; On           ;
; C21      ; 422        ; 7        ; RESERVED_INPUT_WITH_WEAK_PULLUP                           ;        ;              ;         ; Column I/O ;                 ; no       ; On           ;
; C22      ; 418        ; 7        ; RESERVED_INPUT_WITH_WEAK_PULLUP                           ;        ;              ;         ; Column I/O ;                 ; no       ; On           ;
; C23      ; 415        ; 7        ; RESERVED_INPUT_WITH_WEAK_PULLUP                           ;        ;              ;         ; Column I/O ;                 ; no       ; On           ;
; C24      ; 416        ; 7        ; RESERVED_INPUT_WITH_WEAK_PULLUP                           ;        ;              ;         ; Column I/O ;                 ; no       ; On           ;
; C25      ; 411        ; 7        ; RESERVED_INPUT_WITH_WEAK_PULLUP                           ;        ;              ;         ; Column I/O ;                 ; no       ; On           ;
; C26      ; 400        ; 7        ; RESERVED_INPUT_WITH_WEAK_PULLUP                           ;        ;              ;         ; Column I/O ;                 ; no       ; On           ;
; C27      ; 382        ; 6        ; RESERVED_INPUT_WITH_WEAK_PULLUP                           ;        ;              ;         ; Row I/O    ;                 ; no       ; On           ;
; C28      ;            ;          ; GND                                                       ; gnd    ;              ;         ; --         ;                 ; --       ; --           ;
; D1       ; 3          ; 1        ; RESERVED_INPUT_WITH_WEAK_PULLUP                           ;        ;              ;         ; Row I/O    ;                 ; no       ; On           ;
; D2       ; 2          ; 1        ; RESERVED_INPUT_WITH_WEAK_PULLUP                           ;        ;              ;         ; Row I/O    ;                 ; no       ; On           ;
; D3       ;            ;          ; GND                                                       ; gnd    ;              ;         ; --         ;                 ; --       ; --           ;
; D4       ; 540        ; 8        ; RESERVED_INPUT_WITH_WEAK_PULLUP                           ;        ;              ;         ; Column I/O ;                 ; no       ; On           ;
; D5       ; 537        ; 8        ; RESERVED_INPUT_WITH_WEAK_PULLUP                           ;        ;              ;         ; Column I/O ;                 ; no       ; On           ;
; D6       ; 524        ; 8        ; RESERVED_INPUT_WITH_WEAK_PULLUP                           ;        ;              ;         ; Column I/O ;                 ; no       ; On           ;
; D7       ; 522        ; 8        ; RESERVED_INPUT_WITH_WEAK_PULLUP                           ;        ;              ;         ; Column I/O ;                 ; no       ; On           ;
; D8       ; 520        ; 8        ; RESERVED_INPUT_WITH_WEAK_PULLUP                           ;        ;              ;         ; Column I/O ;                 ; no       ; On           ;
; D9       ; 511        ; 8        ; RESERVED_INPUT_WITH_WEAK_PULLUP                           ;        ;              ;         ; Column I/O ;                 ; no       ; On           ;
; D10      ; 496        ; 8        ; RESERVED_INPUT_WITH_WEAK_PULLUP                           ;        ;              ;         ; Column I/O ;                 ; no       ; On           ;
; D11      ; 509        ; 8        ; RESERVED_INPUT_WITH_WEAK_PULLUP                           ;        ;              ;         ; Column I/O ;                 ; no       ; On           ;
; D12      ; 479        ; 8        ; RESERVED_INPUT_WITH_WEAK_PULLUP                           ;        ;              ;         ; Column I/O ;                 ; no       ; On           ;
; D13      ; 475        ; 8        ; RESERVED_INPUT_WITH_WEAK_PULLUP                           ;        ;              ;         ; Column I/O ;                 ; no       ; On           ;
; D14      ; 477        ; 8        ; RESERVED_INPUT_WITH_WEAK_PULLUP                           ;        ;              ;         ; Column I/O ;                 ; no       ; On           ;
; D15      ; 469        ; 7        ; RESERVED_INPUT_WITH_WEAK_PULLUP                           ;        ;              ;         ; Column I/O ;                 ; no       ; On           ;
; D16      ; 461        ; 7        ; RESERVED_INPUT_WITH_WEAK_PULLUP                           ;        ;              ;         ; Column I/O ;                 ; no       ; On           ;
; D17      ; 439        ; 7        ; RESERVED_INPUT_WITH_WEAK_PULLUP                           ;        ;              ;         ; Column I/O ;                 ; no       ; On           ;
; D18      ; 430        ; 7        ; RESERVED_INPUT_WITH_WEAK_PULLUP                           ;        ;              ;         ; Column I/O ;                 ; no       ; On           ;
; D19      ; 436        ; 7        ; RESERVED_INPUT_WITH_WEAK_PULLUP                           ;        ;              ;         ; Column I/O ;                 ; no       ; On           ;
; D20      ; 432        ; 7        ; RESERVED_INPUT_WITH_WEAK_PULLUP                           ;        ;              ;         ; Column I/O ;                 ; no       ; On           ;
; D21      ; 419        ; 7        ; RESERVED_INPUT_WITH_WEAK_PULLUP                           ;        ;              ;         ; Column I/O ;                 ; no       ; On           ;
; D22      ; 402        ; 7        ; RESERVED_INPUT_WITH_WEAK_PULLUP                           ;        ;              ;         ; Column I/O ;                 ; no       ; On           ;
; D23      ; 414        ; 7        ; RESERVED_INPUT_WITH_WEAK_PULLUP                           ;        ;              ;         ; Column I/O ;                 ; no       ; On           ;
; D24      ; 417        ; 7        ; RESERVED_INPUT_WITH_WEAK_PULLUP                           ;        ;              ;         ; Column I/O ;                 ; no       ; On           ;
; D25      ; 410        ; 7        ; RESERVED_INPUT_WITH_WEAK_PULLUP                           ;        ;              ;         ; Column I/O ;                 ; no       ; On           ;
; D26      ; 383        ; 6        ; RESERVED_INPUT_WITH_WEAK_PULLUP                           ;        ;              ;         ; Row I/O    ;                 ; no       ; On           ;
; D27      ; 381        ; 6        ; RESERVED_INPUT_WITH_WEAK_PULLUP                           ;        ;              ;         ; Row I/O    ;                 ; no       ; On           ;
; D28      ; 380        ; 6        ; RESERVED_INPUT_WITH_WEAK_PULLUP                           ;        ;              ;         ; Row I/O    ;                 ; no       ; On           ;
; E1       ; 17         ; 1        ; RESERVED_INPUT_WITH_WEAK_PULLUP                           ;        ;              ;         ; Row I/O    ;                 ; no       ; On           ;
; E2       ; 16         ; 1        ; ~ALTERA_FLASH_nCE_nCSO~ / RESERVED_INPUT_WITH_WEAK_PULLUP ; input  ; 2.5 V        ;         ; Row I/O    ; N               ; no       ; On           ;
; E3       ; 7          ; 1        ; RESERVED_INPUT_WITH_WEAK_PULLUP                           ;        ;              ;         ; Row I/O    ;                 ; no       ; On           ;
; E4       ; 541        ; 8        ; RESERVED_INPUT_WITH_WEAK_PULLUP                           ;        ;              ;         ; Column I/O ;                 ; no       ; On           ;
; E5       ; 542        ; 8        ; RESERVED_INPUT_WITH_WEAK_PULLUP                           ;        ;              ;         ; Column I/O ;                 ; no       ; On           ;
; E6       ;            ; 8        ; VCCIO8                                                    ; power  ;              ; 2.5V    ; --         ;                 ; --       ; --           ;
; E7       ; 523        ; 8        ; RESERVED_INPUT_WITH_WEAK_PULLUP                           ;        ;              ;         ; Column I/O ;                 ; no       ; On           ;
; E8       ; 526        ; 8        ; RESERVED_INPUT_WITH_WEAK_PULLUP                           ;        ;              ;         ; Column I/O ;                 ; no       ; On           ;
; E9       ;            ; 8        ; VCCIO8                                                    ; power  ;              ; 2.5V    ; --         ;                 ; --       ; --           ;
; E10      ; 516        ; 8        ; RESERVED_INPUT_WITH_WEAK_PULLUP                           ;        ;              ;         ; Column I/O ;                 ; no       ; On           ;
; E11      ; 499        ; 8        ; RESERVED_INPUT_WITH_WEAK_PULLUP                           ;        ;              ;         ; Column I/O ;                 ; no       ; On           ;
; E12      ; 497        ; 8        ; RESERVED_INPUT_WITH_WEAK_PULLUP                           ;        ;              ;         ; Column I/O ;                 ; no       ; On           ;
; E13      ;            ; 8        ; VCCIO8                                                    ; power  ;              ; 2.5V    ; --         ;                 ; --       ; --           ;
; E14      ; 486        ; 8        ; RESERVED_INPUT_WITH_WEAK_PULLUP                           ;        ;              ;         ; Column I/O ;                 ; no       ; On           ;
; E15      ; 467        ; 7        ; RESERVED_INPUT_WITH_WEAK_PULLUP                           ;        ;              ;         ; Column I/O ;                 ; no       ; On           ;
; E16      ;            ; 7        ; VCCIO7                                                    ; power  ;              ; 2.5V    ; --         ;                 ; --       ; --           ;
; E17      ; 456        ; 7        ; RESERVED_INPUT_WITH_WEAK_PULLUP                           ;        ;              ;         ; Column I/O ;                 ; no       ; On           ;
; E18      ; 427        ; 7        ; RESERVED_INPUT_WITH_WEAK_PULLUP                           ;        ;              ;         ; Column I/O ;                 ; no       ; On           ;
; E19      ; 421        ; 7        ; RESERVED_INPUT_WITH_WEAK_PULLUP                           ;        ;              ;         ; Column I/O ;                 ; no       ; On           ;
; E20      ;            ; 7        ; VCCIO7                                                    ; power  ;              ; 2.5V    ; --         ;                 ; --       ; --           ;
; E21      ; 407        ; 7        ; RESERVED_INPUT_WITH_WEAK_PULLUP                           ;        ;              ;         ; Column I/O ;                 ; no       ; On           ;
; E22      ; 403        ; 7        ; RESERVED_INPUT_WITH_WEAK_PULLUP                           ;        ;              ;         ; Column I/O ;                 ; no       ; On           ;
; E23      ;            ; 7        ; VCCIO7                                                    ; power  ;              ; 2.5V    ; --         ;                 ; --       ; --           ;
; E24      ; 433        ; 7        ; RESERVED_INPUT_WITH_WEAK_PULLUP                           ;        ;              ;         ; Column I/O ;                 ; no       ; On           ;
; E25      ; 434        ; 7        ; RESERVED_INPUT_WITH_WEAK_PULLUP                           ;        ;              ;         ; Column I/O ;                 ; no       ; On           ;
; E26      ; 378        ; 6        ; RESERVED_INPUT_WITH_WEAK_PULLUP                           ;        ;              ;         ; Row I/O    ;                 ; no       ; On           ;
; E27      ; 375        ; 6        ; RESERVED_INPUT_WITH_WEAK_PULLUP                           ;        ;              ;         ; Row I/O    ;                 ; no       ; On           ;
; E28      ; 374        ; 6        ; RESERVED_INPUT_WITH_WEAK_PULLUP                           ;        ;              ;         ; Row I/O    ;                 ; no       ; On           ;
; F1       ; 19         ; 1        ; RESERVED_INPUT_WITH_WEAK_PULLUP                           ;        ;              ;         ; Row I/O    ;                 ; no       ; On           ;
; F2       ; 18         ; 1        ; RESERVED_INPUT_WITH_WEAK_PULLUP                           ;        ;              ;         ; Row I/O    ;                 ; no       ; On           ;
; F3       ; 8          ; 1        ; RESERVED_INPUT_WITH_WEAK_PULLUP                           ;        ;              ;         ; Row I/O    ;                 ; no       ; On           ;
; F4       ; 10         ; 1        ; ~ALTERA_ASDO_DATA1~ / RESERVED_INPUT_WITH_WEAK_PULLUP     ; input  ; 2.5 V        ;         ; Row I/O    ; N               ; no       ; On           ;
; F5       ; 9          ; 1        ; RESERVED_INPUT_WITH_WEAK_PULLUP                           ;        ;              ;         ; Row I/O    ;                 ; no       ; On           ;
; F6       ;            ;          ; GND                                                       ; gnd    ;              ;         ; --         ;                 ; --       ; --           ;
; F7       ; 531        ; 8        ; RESERVED_INPUT_WITH_WEAK_PULLUP                           ;        ;              ;         ; Column I/O ;                 ; no       ; On           ;
; F8       ; 527        ; 8        ; RESERVED_INPUT_WITH_WEAK_PULLUP                           ;        ;              ;         ; Column I/O ;                 ; no       ; On           ;
; F9       ;            ;          ; GND                                                       ; gnd    ;              ;         ; --         ;                 ; --       ; --           ;
; F10      ; 512        ; 8        ; RESERVED_INPUT_WITH_WEAK_PULLUP                           ;        ;              ;         ; Column I/O ;                 ; no       ; On           ;
; F11      ; 500        ; 8        ; RESERVED_INPUT_WITH_WEAK_PULLUP                           ;        ;              ;         ; Column I/O ;                 ; no       ; On           ;
; F12      ; 498        ; 8        ; RESERVED_INPUT_WITH_WEAK_PULLUP                           ;        ;              ;         ; Column I/O ;                 ; no       ; On           ;
; F13      ;            ;          ; GND                                                       ; gnd    ;              ;         ; --         ;                 ; --       ; --           ;
; F14      ; 485        ; 8        ; RESERVED_INPUT_WITH_WEAK_PULLUP                           ;        ;              ;         ; Column I/O ;                 ; no       ; On           ;
; F15      ; 466        ; 7        ; RESERVED_INPUT_WITH_WEAK_PULLUP                           ;        ;              ;         ; Column I/O ;                 ; no       ; On           ;
; F16      ;            ;          ; GND                                                       ; gnd    ;              ;         ; --         ;                 ; --       ; --           ;
; F17      ; 455        ; 7        ; RESERVED_INPUT_WITH_WEAK_PULLUP                           ;        ;              ;         ; Column I/O ;                 ; no       ; On           ;
; F18      ; 428        ; 7        ; RESERVED_INPUT_WITH_WEAK_PULLUP                           ;        ;              ;         ; Column I/O ;                 ; no       ; On           ;
; F19      ; 420        ; 7        ; RESERVED_INPUT_WITH_WEAK_PULLUP                           ;        ;              ;         ; Column I/O ;                 ; no       ; On           ;
; F20      ;            ;          ; GND                                                       ; gnd    ;              ;         ; --         ;                 ; --       ; --           ;
; F21      ; 408        ; 7        ; RESERVED_INPUT_WITH_WEAK_PULLUP                           ;        ;              ;         ; Column I/O ;                 ; no       ; On           ;
; F22      ; 409        ; 7        ; RESERVED_INPUT_WITH_WEAK_PULLUP                           ;        ;              ;         ; Column I/O ;                 ; --       ; --           ;
; F23      ;            ;          ; GND                                                       ; gnd    ;              ;         ; --         ;                 ; --       ; --           ;
; F24      ; 396        ; 6        ; RESERVED_INPUT_WITH_WEAK_PULLUP                           ;        ;              ;         ; Row I/O    ;                 ; no       ; On           ;
; F25      ; 395        ; 6        ; RESERVED_INPUT_WITH_WEAK_PULLUP                           ;        ;              ;         ; Row I/O    ;                 ; no       ; On           ;
; F26      ; 379        ; 6        ; RESERVED_INPUT_WITH_WEAK_PULLUP                           ;        ;              ;         ; Row I/O    ;                 ; no       ; On           ;
; F27      ; 373        ; 6        ; RESERVED_INPUT_WITH_WEAK_PULLUP                           ;        ;              ;         ; Row I/O    ;                 ; no       ; On           ;
; F28      ; 372        ; 6        ; RESERVED_INPUT_WITH_WEAK_PULLUP                           ;        ;              ;         ; Row I/O    ;                 ; no       ; On           ;
; G1       ; 26         ; 1        ; RESERVED_INPUT_WITH_WEAK_PULLUP                           ;        ;              ;         ; Row I/O    ;                 ; no       ; On           ;
; G2       ; 25         ; 1        ; RESERVED_INPUT_WITH_WEAK_PULLUP                           ;        ;              ;         ; Row I/O    ;                 ; no       ; On           ;
; G3       ; 13         ; 1        ; RESERVED_INPUT_WITH_WEAK_PULLUP                           ;        ;              ;         ; Row I/O    ;                 ; no       ; On           ;
; G4       ; 12         ; 1        ; RESERVED_INPUT_WITH_WEAK_PULLUP                           ;        ;              ;         ; Row I/O    ;                 ; no       ; On           ;
; G5       ; 6          ; 1        ; RESERVED_INPUT_WITH_WEAK_PULLUP                           ;        ;              ;         ; Row I/O    ;                 ; no       ; On           ;
; G6       ; 5          ; 1        ; RESERVED_INPUT_WITH_WEAK_PULLUP                           ;        ;              ;         ; Row I/O    ;                 ; no       ; On           ;
; G7       ; 530        ; 8        ; RESERVED_INPUT_WITH_WEAK_PULLUP                           ;        ;              ;         ; Column I/O ;                 ; no       ; On           ;
; G8       ; 528        ; 8        ; RESERVED_INPUT_WITH_WEAK_PULLUP                           ;        ;              ;         ; Column I/O ;                 ; no       ; On           ;
; G9       ; 525        ; 8        ; RESERVED_INPUT_WITH_WEAK_PULLUP                           ;        ;              ;         ; Column I/O ;                 ; --       ; --           ;
; G10      ; 513        ; 8        ; RESERVED_INPUT_WITH_WEAK_PULLUP                           ;        ;              ;         ; Column I/O ;                 ; no       ; On           ;
; G11      ; 506        ; 8        ; RESERVED_INPUT_WITH_WEAK_PULLUP                           ;        ;              ;         ; Column I/O ;                 ; no       ; On           ;
; G12      ; 503        ; 8        ; RESERVED_INPUT_WITH_WEAK_PULLUP                           ;        ;              ;         ; Column I/O ;                 ; --       ; --           ;
; G13      ; 493        ; 8        ; RESERVED_INPUT_WITH_WEAK_PULLUP                           ;        ;              ;         ; Column I/O ;                 ; no       ; On           ;
; G14      ; 484        ; 8        ; RESERVED_INPUT_WITH_WEAK_PULLUP                           ;        ;              ;         ; Column I/O ;                 ; --       ; --           ;
; G15      ; 457        ; 7        ; RESERVED_INPUT_WITH_WEAK_PULLUP                           ;        ;              ;         ; Column I/O ;                 ; --       ; --           ;
; G16      ; 453        ; 7        ; RESERVED_INPUT_WITH_WEAK_PULLUP                           ;        ;              ;         ; Column I/O ;                 ; no       ; On           ;
; G17      ; 437        ; 7        ; RESERVED_INPUT_WITH_WEAK_PULLUP                           ;        ;              ;         ; Column I/O ;                 ; --       ; --           ;
; G18      ; 452        ; 7        ; RESERVED_INPUT_WITH_WEAK_PULLUP                           ;        ;              ;         ; Column I/O ;                 ; no       ; On           ;
; G19      ; 451        ; 7        ; RESERVED_INPUT_WITH_WEAK_PULLUP                           ;        ;              ;         ; Column I/O ;                 ; no       ; On           ;
; G20      ; 444        ; 7        ; RESERVED_INPUT_WITH_WEAK_PULLUP                           ;        ;              ;         ; Column I/O ;                 ; no       ; On           ;
; G21      ; 445        ; 7        ; RESERVED_INPUT_WITH_WEAK_PULLUP                           ;        ;              ;         ; Column I/O ;                 ; no       ; On           ;
; G22      ; 449        ; 7        ; RESERVED_INPUT_WITH_WEAK_PULLUP                           ;        ;              ;         ; Column I/O ;                 ; no       ; On           ;
; G23      ; 398        ; 6        ; RESERVED_INPUT_WITH_WEAK_PULLUP                           ;        ;              ;         ; Row I/O    ;                 ; no       ; On           ;
; G24      ; 397        ; 6        ; RESERVED_INPUT_WITH_WEAK_PULLUP                           ;        ;              ;         ; Row I/O    ;                 ; no       ; On           ;
; G25      ; 393        ; 6        ; RESERVED_INPUT_WITH_WEAK_PULLUP                           ;        ;              ;         ; Row I/O    ;                 ; no       ; On           ;
; G26      ; 392        ; 6        ; RESERVED_INPUT_WITH_WEAK_PULLUP                           ;        ;              ;         ; Row I/O    ;                 ; no       ; On           ;
; G27      ; 367        ; 6        ; RESERVED_INPUT_WITH_WEAK_PULLUP                           ;        ;              ;         ; Row I/O    ;                 ; no       ; On           ;
; G28      ; 366        ; 6        ; RESERVED_INPUT_WITH_WEAK_PULLUP                           ;        ;              ;         ; Row I/O    ;                 ; no       ; On           ;
; H1       ;            ; 1        ; VCCIO1                                                    ; power  ;              ; 2.5V    ; --         ;                 ; --       ; --           ;
; H2       ;            ;          ; GND                                                       ; gnd    ;              ;         ; --         ;                 ; --       ; --           ;
; H3       ; 15         ; 1        ; RESERVED_INPUT_WITH_WEAK_PULLUP                           ;        ;              ;         ; Row I/O    ;                 ; no       ; On           ;
; H4       ; 14         ; 1        ; RESERVED_INPUT_WITH_WEAK_PULLUP                           ;        ;              ;         ; Row I/O    ;                 ; no       ; On           ;
; H5       ; 20         ; 1        ; RESERVED_INPUT_WITH_WEAK_PULLUP                           ;        ;              ;         ; Row I/O    ;                 ; no       ; On           ;
; H6       ; 11         ; 1        ; RESERVED_INPUT_WITH_WEAK_PULLUP                           ;        ;              ;         ; Row I/O    ;                 ; no       ; On           ;
; H7       ; 4          ; 1        ; RESERVED_INPUT_WITH_WEAK_PULLUP                           ;        ;              ;         ; Row I/O    ;                 ; --       ; --           ;
; H8       ; 529        ; 8        ; RESERVED_INPUT_WITH_WEAK_PULLUP                           ;        ;              ;         ; Column I/O ;                 ; no       ; On           ;
; H9       ;            ;          ; GNDA3                                                     ; gnd    ;              ;         ; --         ;                 ; --       ; --           ;
; H10      ; 514        ; 8        ; RESERVED_INPUT_WITH_WEAK_PULLUP                           ;        ;              ;         ; Column I/O ;                 ; no       ; On           ;
; H11      ;            ; 8        ; VCCIO8                                                    ; power  ;              ; 2.5V    ; --         ;                 ; --       ; --           ;
; H12      ; 507        ; 8        ; RESERVED_INPUT_WITH_WEAK_PULLUP                           ;        ;              ;         ; Column I/O ;                 ; no       ; On           ;
; H13      ; 494        ; 8        ; RESERVED_INPUT_WITH_WEAK_PULLUP                           ;        ;              ;         ; Column I/O ;                 ; no       ; On           ;
; H14      ; 480        ; 8        ; RESERVED_INPUT_WITH_WEAK_PULLUP                           ;        ;              ;         ; Column I/O ;                 ; no       ; On           ;
; H15      ; 464        ; 7        ; RESERVED_INPUT_WITH_WEAK_PULLUP                           ;        ;              ;         ; Column I/O ;                 ; no       ; On           ;
; H16      ; 459        ; 7        ; RESERVED_INPUT_WITH_WEAK_PULLUP                           ;        ;              ;         ; Column I/O ;                 ; no       ; On           ;
; H17      ; 454        ; 7        ; RESERVED_INPUT_WITH_WEAK_PULLUP                           ;        ;              ;         ; Column I/O ;                 ; no       ; On           ;
; H18      ;            ; 7        ; VCCIO7                                                    ; power  ;              ; 2.5V    ; --         ;                 ; --       ; --           ;
; H19      ; 446        ; 7        ; RESERVED_INPUT_WITH_WEAK_PULLUP                           ;        ;              ;         ; Column I/O ;                 ; no       ; On           ;
; H20      ;            ;          ; GNDA2                                                     ; gnd    ;              ;         ; --         ;                 ; --       ; --           ;
; H21      ; 448        ; 7        ; RESERVED_INPUT_WITH_WEAK_PULLUP                           ;        ;              ;         ; Column I/O ;                 ; no       ; On           ;
; H22      ; 399        ; 6        ; RESERVED_INPUT_WITH_WEAK_PULLUP                           ;        ;              ;         ; Row I/O    ;                 ; no       ; On           ;
; H23      ; 391        ; 6        ; RESERVED_INPUT_WITH_WEAK_PULLUP                           ;        ;              ;         ; Row I/O    ;                 ; no       ; On           ;
; H24      ; 390        ; 6        ; RESERVED_INPUT_WITH_WEAK_PULLUP                           ;        ;              ;         ; Row I/O    ;                 ; no       ; On           ;
; H25      ; 377        ; 6        ; RESERVED_INPUT_WITH_WEAK_PULLUP                           ;        ;              ;         ; Row I/O    ;                 ; no       ; On           ;
; H26      ; 376        ; 6        ; RESERVED_INPUT_WITH_WEAK_PULLUP                           ;        ;              ;         ; Row I/O    ;                 ; no       ; On           ;
; H27      ;            ;          ; GND                                                       ; gnd    ;              ;         ; --         ;                 ; --       ; --           ;
; H28      ;            ; 6        ; VCCIO6                                                    ; power  ;              ; 2.5V    ; --         ;                 ; --       ; --           ;
; J1       ; 64         ; 1        ; GND+                                                      ;        ;              ;         ; Row I/O    ;                 ; --       ; --           ;
; J2       ;            ;          ; GND                                                       ; gnd    ;              ;         ; --         ;                 ; --       ; --           ;
; J3       ; 23         ; 1        ; RESERVED_INPUT_WITH_WEAK_PULLUP                           ;        ;              ;         ; Row I/O    ;                 ; no       ; On           ;
; J4       ; 22         ; 1        ; RESERVED_INPUT_WITH_WEAK_PULLUP                           ;        ;              ;         ; Row I/O    ;                 ; no       ; On           ;
; J5       ; 36         ; 1        ; RESERVED_INPUT_WITH_WEAK_PULLUP                           ;        ;              ;         ; Row I/O    ;                 ; no       ; On           ;
; J6       ; 35         ; 1        ; RESERVED_INPUT_WITH_WEAK_PULLUP                           ;        ;              ;         ; Row I/O    ;                 ; no       ; On           ;
; J7       ; 37         ; 1        ; RESERVED_INPUT_WITH_WEAK_PULLUP                           ;        ;              ;         ; Row I/O    ;                 ; no       ; On           ;
; J8       ;            ; --       ; VCCA3                                                     ; power  ;              ; 2.5V    ; --         ;                 ; --       ; --           ;
; J9       ;            ;          ; VCCD_PLL3                                                 ; power  ;              ; 1.2V    ; --         ;                 ; --       ; --           ;
; J10      ; 515        ; 8        ; RESERVED_INPUT_WITH_WEAK_PULLUP                           ;        ;              ;         ; Column I/O ;                 ; no       ; On           ;
; J11      ;            ;          ; GND                                                       ; gnd    ;              ;         ; --         ;                 ; --       ; --           ;
; J12      ; 490        ; 8        ; RESERVED_INPUT_WITH_WEAK_PULLUP                           ;        ;              ;         ; Column I/O ;                 ; no       ; On           ;
; J13      ; 489        ; 8        ; RESERVED_INPUT_WITH_WEAK_PULLUP                           ;        ;              ;         ; Column I/O ;                 ; no       ; On           ;
; J14      ; 481        ; 8        ; RESERVED_INPUT_WITH_WEAK_PULLUP                           ;        ;              ;         ; Column I/O ;                 ; no       ; On           ;
; J15      ; 465        ; 7        ; RESERVED_INPUT_WITH_WEAK_PULLUP                           ;        ;              ;         ; Column I/O ;                 ; no       ; On           ;
; J16      ; 458        ; 7        ; RESERVED_INPUT_WITH_WEAK_PULLUP                           ;        ;              ;         ; Column I/O ;                 ; no       ; On           ;
; J17      ; 450        ; 7        ; RESERVED_INPUT_WITH_WEAK_PULLUP                           ;        ;              ;         ; Column I/O ;                 ; no       ; On           ;
; J18      ;            ;          ; GND                                                       ; gnd    ;              ;         ; --         ;                 ; --       ; --           ;
; J19      ; 447        ; 7        ; RESERVED_INPUT_WITH_WEAK_PULLUP                           ;        ;              ;         ; Column I/O ;                 ; no       ; On           ;
; J20      ;            ;          ; VCCD_PLL2                                                 ; power  ;              ; 1.2V    ; --         ;                 ; --       ; --           ;
; J21      ;            ; --       ; VCCA2                                                     ; power  ;              ; 2.5V    ; --         ;                 ; --       ; --           ;
; J22      ; 394        ; 6        ; RESERVED_INPUT_WITH_WEAK_PULLUP                           ;        ;              ;         ; Row I/O    ;                 ; --       ; --           ;
; J23      ; 387        ; 6        ; RESERVED_INPUT_WITH_WEAK_PULLUP                           ;        ;              ;         ; Row I/O    ;                 ; no       ; On           ;
; J24      ; 386        ; 6        ; RESERVED_INPUT_WITH_WEAK_PULLUP                           ;        ;              ;         ; Row I/O    ;                 ; no       ; On           ;
; J25      ; 365        ; 6        ; RESERVED_INPUT_WITH_WEAK_PULLUP                           ;        ;              ;         ; Row I/O    ;                 ; no       ; On           ;
; J26      ; 364        ; 6        ; RESERVED_INPUT_WITH_WEAK_PULLUP                           ;        ;              ;         ; Row I/O    ;                 ; no       ; On           ;
; J27      ; 338        ; 6        ; GND+                                                      ;        ;              ;         ; Row I/O    ;                 ; --       ; --           ;
; J28      ; 337        ; 6        ; GND+                                                      ;        ;              ;         ; Row I/O    ;                 ; --       ; --           ;
; K1       ; 28         ; 1        ; RESERVED_INPUT_WITH_WEAK_PULLUP                           ;        ;              ;         ; Row I/O    ;                 ; no       ; On           ;
; K2       ; 27         ; 1        ; RESERVED_INPUT_WITH_WEAK_PULLUP                           ;        ;              ;         ; Row I/O    ;                 ; no       ; On           ;
; K3       ; 30         ; 1        ; RESERVED_INPUT_WITH_WEAK_PULLUP                           ;        ;              ;         ; Row I/O    ;                 ; no       ; On           ;
; K4       ; 29         ; 1        ; RESERVED_INPUT_WITH_WEAK_PULLUP                           ;        ;              ;         ; Row I/O    ;                 ; no       ; On           ;
; K5       ;            ; 1        ; VCCIO1                                                    ; power  ;              ; 2.5V    ; --         ;                 ; --       ; --           ;
; K6       ;            ;          ; GND                                                       ; gnd    ;              ;         ; --         ;                 ; --       ; --           ;
; K7       ; 38         ; 1        ; RESERVED_INPUT_WITH_WEAK_PULLUP                           ;        ;              ;         ; Row I/O    ;                 ; no       ; On           ;
; K8       ; 39         ; 1        ; RESERVED_INPUT_WITH_WEAK_PULLUP                           ;        ;              ;         ; Row I/O    ;                 ; no       ; On           ;
; K9       ;            ;          ; VCCINT                                                    ; power  ;              ; 1.2V    ; --         ;                 ; --       ; --           ;
; K10      ;            ;          ; GND                                                       ; gnd    ;              ;         ; --         ;                 ; --       ; --           ;
; K11      ;            ;          ; VCCINT                                                    ; power  ;              ; 1.2V    ; --         ;                 ; --       ; --           ;
; K12      ;            ;          ; GND                                                       ; gnd    ;              ;         ; --         ;                 ; --       ; --           ;
; K13      ;            ;          ; VCCINT                                                    ; power  ;              ; 1.2V    ; --         ;                 ; --       ; --           ;
; K14      ;            ;          ; GND                                                       ; gnd    ;              ;         ; --         ;                 ; --       ; --           ;
; K15      ;            ;          ; VCCINT                                                    ; power  ;              ; 1.2V    ; --         ;                 ; --       ; --           ;
; K16      ;            ;          ; GND                                                       ; gnd    ;              ;         ; --         ;                 ; --       ; --           ;
; K17      ;            ;          ; VCCINT                                                    ; power  ;              ; 1.2V    ; --         ;                 ; --       ; --           ;
; K18      ;            ;          ; GND                                                       ; gnd    ;              ;         ; --         ;                 ; --       ; --           ;
; K19      ;            ;          ; VCCINT                                                    ; power  ;              ; 1.2V    ; --         ;                 ; --       ; --           ;
; K20      ;            ;          ; GND                                                       ; gnd    ;              ;         ; --         ;                 ; --       ; --           ;
; K21      ; 389        ; 6        ; RESERVED_INPUT_WITH_WEAK_PULLUP                           ;        ;              ;         ; Row I/O    ;                 ; no       ; On           ;
; K22      ; 388        ; 6        ; RESERVED_INPUT_WITH_WEAK_PULLUP                           ;        ;              ;         ; Row I/O    ;                 ; no       ; On           ;
; K23      ;            ;          ; GND                                                       ; gnd    ;              ;         ; --         ;                 ; --       ; --           ;
; K24      ;            ; 6        ; VCCIO6                                                    ; power  ;              ; 2.5V    ; --         ;                 ; --       ; --           ;
; K25      ; 371        ; 6        ; RESERVED_INPUT_WITH_WEAK_PULLUP                           ;        ;              ;         ; Row I/O    ;                 ; no       ; On           ;
; K26      ; 370        ; 6        ; RESERVED_INPUT_WITH_WEAK_PULLUP                           ;        ;              ;         ; Row I/O    ;                 ; no       ; On           ;
; K27      ; 362        ; 6        ; RESERVED_INPUT_WITH_WEAK_PULLUP                           ;        ;              ;         ; Row I/O    ;                 ; no       ; On           ;
; K28      ; 361        ; 6        ; RESERVED_INPUT_WITH_WEAK_PULLUP                           ;        ;              ;         ; Row I/O    ;                 ; no       ; On           ;
; L1       ; 49         ; 1        ; RESERVED_INPUT_WITH_WEAK_PULLUP                           ;        ;              ;         ; Row I/O    ;                 ; no       ; On           ;
; L2       ; 48         ; 1        ; RESERVED_INPUT_WITH_WEAK_PULLUP                           ;        ;              ;         ; Row I/O    ;                 ; no       ; On           ;
; L3       ; 32         ; 1        ; RESERVED_INPUT_WITH_WEAK_PULLUP                           ;        ;              ;         ; Row I/O    ;                 ; no       ; On           ;
; L4       ; 31         ; 1        ; RESERVED_INPUT_WITH_WEAK_PULLUP                           ;        ;              ;         ; Row I/O    ;                 ; no       ; On           ;
; L5       ; 21         ; 1        ; RESERVED_INPUT_WITH_WEAK_PULLUP                           ;        ;              ;         ; Row I/O    ;                 ; --       ; --           ;
; L6       ; 43         ; 1        ; RESERVED_INPUT_WITH_WEAK_PULLUP                           ;        ;              ;         ; Row I/O    ;                 ; no       ; On           ;
; L7       ; 42         ; 1        ; RESERVED_INPUT_WITH_WEAK_PULLUP                           ;        ;              ;         ; Row I/O    ;                 ; no       ; On           ;
; L8       ; 40         ; 1        ; RESERVED_INPUT_WITH_WEAK_PULLUP                           ;        ;              ;         ; Row I/O    ;                 ; no       ; On           ;
; L9       ;            ;          ; GND                                                       ; gnd    ;              ;         ; --         ;                 ; --       ; --           ;
; L10      ;            ;          ; VCCINT                                                    ; power  ;              ; 1.2V    ; --         ;                 ; --       ; --           ;
; L11      ;            ;          ; GND                                                       ; gnd    ;              ;         ; --         ;                 ; --       ; --           ;
; L12      ;            ;          ; VCCINT                                                    ; power  ;              ; 1.2V    ; --         ;                 ; --       ; --           ;
; L13      ;            ;          ; GND                                                       ; gnd    ;              ;         ; --         ;                 ; --       ; --           ;
; L14      ;            ;          ; VCCINT                                                    ; power  ;              ; 1.2V    ; --         ;                 ; --       ; --           ;
; L15      ;            ;          ; GND                                                       ; gnd    ;              ;         ; --         ;                 ; --       ; --           ;
; L16      ;            ;          ; VCCINT                                                    ; power  ;              ; 1.2V    ; --         ;                 ; --       ; --           ;
; L17      ;            ;          ; GND                                                       ; gnd    ;              ;         ; --         ;                 ; --       ; --           ;
; L18      ;            ;          ; VCCINT                                                    ; power  ;              ; 1.2V    ; --         ;                 ; --       ; --           ;
; L19      ;            ;          ; GND                                                       ; gnd    ;              ;         ; --         ;                 ; --       ; --           ;
; L20      ;            ;          ; VCCINT                                                    ; power  ;              ; 1.2V    ; --         ;                 ; --       ; --           ;
; L21      ; 385        ; 6        ; RESERVED_INPUT_WITH_WEAK_PULLUP                           ;        ;              ;         ; Row I/O    ;                 ; no       ; On           ;
; L22      ; 384        ; 6        ; RESERVED_INPUT_WITH_WEAK_PULLUP                           ;        ;              ;         ; Row I/O    ;                 ; no       ; On           ;
; L23      ; 360        ; 6        ; RESERVED_INPUT_WITH_WEAK_PULLUP                           ;        ;              ;         ; Row I/O    ;                 ; no       ; On           ;
; L24      ; 359        ; 6        ; RESERVED_INPUT_WITH_WEAK_PULLUP                           ;        ;              ;         ; Row I/O    ;                 ; no       ; On           ;
; L25      ; 369        ; 6        ; RESERVED_INPUT_WITH_WEAK_PULLUP                           ;        ;              ;         ; Row I/O    ;                 ; no       ; On           ;
; L26      ; 363        ; 6        ; RESERVED_INPUT_WITH_WEAK_PULLUP                           ;        ;              ;         ; Row I/O    ;                 ; no       ; On           ;
; L27      ; 358        ; 6        ; RESERVED_INPUT_WITH_WEAK_PULLUP                           ;        ;              ;         ; Row I/O    ;                 ; no       ; On           ;
; L28      ; 357        ; 6        ; RESERVED_INPUT_WITH_WEAK_PULLUP                           ;        ;              ;         ; Row I/O    ;                 ; no       ; On           ;
; M1       ; 51         ; 1        ; RESERVED_INPUT_WITH_WEAK_PULLUP                           ;        ;              ;         ; Row I/O    ;                 ; no       ; On           ;
; M2       ; 50         ; 1        ; RESERVED_INPUT_WITH_WEAK_PULLUP                           ;        ;              ;         ; Row I/O    ;                 ; no       ; On           ;
; M3       ; 34         ; 1        ; RESERVED_INPUT_WITH_WEAK_PULLUP                           ;        ;              ;         ; Row I/O    ;                 ; no       ; On           ;
; M4       ; 33         ; 1        ; RESERVED_INPUT_WITH_WEAK_PULLUP                           ;        ;              ;         ; Row I/O    ;                 ; no       ; On           ;
; M5       ; 41         ; 1        ; RESERVED_INPUT_WITH_WEAK_PULLUP                           ;        ;              ;         ; Row I/O    ;                 ; --       ; --           ;
; M6       ; 24         ; 1        ; ^nSTATUS                                                  ;        ;              ;         ; --         ;                 ; --       ; --           ;
; M7       ; 47         ; 1        ; RESERVED_INPUT_WITH_WEAK_PULLUP                           ;        ;              ;         ; Row I/O    ;                 ; no       ; On           ;
; M8       ; 46         ; 1        ; RESERVED_INPUT_WITH_WEAK_PULLUP                           ;        ;              ;         ; Row I/O    ;                 ; no       ; On           ;
; M9       ;            ;          ; VCCINT                                                    ; power  ;              ; 1.2V    ; --         ;                 ; --       ; --           ;
; M10      ;            ;          ; GND                                                       ; gnd    ;              ;         ; --         ;                 ; --       ; --           ;
; M11      ;            ;          ; VCCINT                                                    ; power  ;              ; 1.2V    ; --         ;                 ; --       ; --           ;
; M12      ;            ;          ; GND                                                       ; gnd    ;              ;         ; --         ;                 ; --       ; --           ;
; M13      ;            ;          ; VCCINT                                                    ; power  ;              ; 1.2V    ; --         ;                 ; --       ; --           ;
; M14      ;            ;          ; GND                                                       ; gnd    ;              ;         ; --         ;                 ; --       ; --           ;
; M15      ;            ;          ; VCCINT                                                    ; power  ;              ; 1.2V    ; --         ;                 ; --       ; --           ;
; M16      ;            ;          ; GND                                                       ; gnd    ;              ;         ; --         ;                 ; --       ; --           ;
; M17      ;            ;          ; VCCINT                                                    ; power  ;              ; 1.2V    ; --         ;                 ; --       ; --           ;
; M18      ;            ;          ; GND                                                       ; gnd    ;              ;         ; --         ;                 ; --       ; --           ;
; M19      ;            ;          ; VCCINT                                                    ; power  ;              ; 1.2V    ; --         ;                 ; --       ; --           ;
; M20      ;            ;          ; GND                                                       ; gnd    ;              ;         ; --         ;                 ; --       ; --           ;
; M21      ; 368        ; 6        ; RESERVED_INPUT_WITH_WEAK_PULLUP                           ;        ;              ;         ; Row I/O    ;                 ; --       ; --           ;
; M22      ; 342        ; 6        ; ^MSEL2                                                    ;        ;              ;         ; --         ;                 ; --       ; --           ;
; M23      ; 344        ; 6        ; RESERVED_INPUT_WITH_WEAK_PULLUP                           ;        ;              ;         ; Row I/O    ;                 ; no       ; On           ;
; M24      ; 347        ; 6        ; RESERVED_INPUT_WITH_WEAK_PULLUP                           ;        ;              ;         ; Row I/O    ;                 ; no       ; On           ;
; M25      ; 356        ; 6        ; RESERVED_INPUT_WITH_WEAK_PULLUP                           ;        ;              ;         ; Row I/O    ;                 ; no       ; On           ;
; M26      ; 355        ; 6        ; RESERVED_INPUT_WITH_WEAK_PULLUP                           ;        ;              ;         ; Row I/O    ;                 ; no       ; On           ;
; M27      ; 354        ; 6        ; RESERVED_INPUT_WITH_WEAK_PULLUP                           ;        ;              ;         ; Row I/O    ;                 ; no       ; On           ;
; M28      ; 353        ; 6        ; RESERVED_INPUT_WITH_WEAK_PULLUP                           ;        ;              ;         ; Row I/O    ;                 ; no       ; On           ;
; N1       ;            ; 1        ; VCCIO1                                                    ; power  ;              ; 2.5V    ; --         ;                 ; --       ; --           ;
; N2       ;            ;          ; GND                                                       ; gnd    ;              ;         ; --         ;                 ; --       ; --           ;
; N3       ; 45         ; 1        ; RESERVED_INPUT_WITH_WEAK_PULLUP                           ;        ;              ;         ; Row I/O    ;                 ; no       ; On           ;
; N4       ; 44         ; 1        ; RESERVED_INPUT_WITH_WEAK_PULLUP                           ;        ;              ;         ; Row I/O    ;                 ; no       ; On           ;
; N5       ;            ; 1        ; VCCIO1                                                    ; power  ;              ; 2.5V    ; --         ;                 ; --       ; --           ;
; N6       ;            ;          ; GND                                                       ; gnd    ;              ;         ; --         ;                 ; --       ; --           ;
; N7       ; 56         ; 1        ; ~ALTERA_DATA0~ / RESERVED_INPUT_WITH_WEAK_PULLUP          ; input  ; 2.5 V        ;         ; Row I/O    ; N               ; no       ; On           ;
; N8       ; 54         ; 1        ; RESERVED_INPUT_WITH_WEAK_PULLUP                           ;        ;              ;         ; Row I/O    ;                 ; no       ; On           ;
; N9       ;            ;          ; GND                                                       ; gnd    ;              ;         ; --         ;                 ; --       ; --           ;
; N10      ;            ;          ; VCCINT                                                    ; power  ;              ; 1.2V    ; --         ;                 ; --       ; --           ;
; N11      ;            ;          ; GND                                                       ; gnd    ;              ;         ; --         ;                 ; --       ; --           ;
; N12      ;            ;          ; VCCINT                                                    ; power  ;              ; 1.2V    ; --         ;                 ; --       ; --           ;
; N13      ;            ;          ; GND                                                       ; gnd    ;              ;         ; --         ;                 ; --       ; --           ;
; N14      ;            ;          ; VCCINT                                                    ; power  ;              ; 1.2V    ; --         ;                 ; --       ; --           ;
; N15      ;            ;          ; GND                                                       ; gnd    ;              ;         ; --         ;                 ; --       ; --           ;
; N16      ;            ;          ; VCCINT                                                    ; power  ;              ; 1.2V    ; --         ;                 ; --       ; --           ;
; N17      ;            ;          ; GND                                                       ; gnd    ;              ;         ; --         ;                 ; --       ; --           ;
; N18      ;            ;          ; VCCINT                                                    ; power  ;              ; 1.2V    ; --         ;                 ; --       ; --           ;
; N19      ;            ;          ; GND                                                       ; gnd    ;              ;         ; --         ;                 ; --       ; --           ;
; N20      ;            ;          ; VCCINT                                                    ; power  ;              ; 1.2V    ; --         ;                 ; --       ; --           ;
; N21      ; 348        ; 6        ; RESERVED_INPUT_WITH_WEAK_PULLUP                           ;        ;              ;         ; Row I/O    ;                 ; --       ; --           ;
; N22      ; 340        ; 6        ; ^MSEL0                                                    ;        ;              ;         ; --         ;                 ; --       ; --           ;
; N23      ;            ;          ; GND                                                       ; gnd    ;              ;         ; --         ;                 ; --       ; --           ;
; N24      ;            ; 6        ; VCCIO6                                                    ; power  ;              ; 2.5V    ; --         ;                 ; --       ; --           ;
; N25      ; 352        ; 6        ; RESERVED_INPUT_WITH_WEAK_PULLUP                           ;        ;              ;         ; Row I/O    ;                 ; no       ; On           ;
; N26      ; 351        ; 6        ; RESERVED_INPUT_WITH_WEAK_PULLUP                           ;        ;              ;         ; Row I/O    ;                 ; no       ; On           ;
; N27      ;            ;          ; GND                                                       ; gnd    ;              ;         ; --         ;                 ; --       ; --           ;
; N28      ;            ; 6        ; VCCIO6                                                    ; power  ;              ; 2.5V    ; --         ;                 ; --       ; --           ;
; P1       ; 53         ; 1        ; RESERVED_INPUT_WITH_WEAK_PULLUP                           ;        ;              ;         ; Row I/O    ;                 ; no       ; On           ;
; P2       ; 52         ; 1        ; RESERVED_INPUT_WITH_WEAK_PULLUP                           ;        ;              ;         ; Row I/O    ;                 ; no       ; On           ;
; P3       ; 55         ; 1        ; ~ALTERA_DCLK~                                             ; output ; 2.5 V        ;         ; Row I/O    ; N               ; no       ; On           ;
; P4       ; 57         ; 1        ; ^nCONFIG                                                  ;        ;              ;         ; --         ;                 ; --       ; --           ;
; P5       ; 59         ; 1        ; #TCK                                                      ; input  ;              ;         ; --         ;                 ; --       ; --           ;
; P6       ; 61         ; 1        ; #TDO                                                      ; output ;              ;         ; --         ;                 ; --       ; --           ;
; P7       ; 58         ; 1        ; #TDI                                                      ; input  ;              ;         ; --         ;                 ; --       ; --           ;
; P8       ; 60         ; 1        ; #TMS                                                      ; input  ;              ;         ; --         ;                 ; --       ; --           ;
; P9       ;            ;          ; VCCINT                                                    ; power  ;              ; 1.2V    ; --         ;                 ; --       ; --           ;
; P10      ;            ;          ; GND                                                       ; gnd    ;              ;         ; --         ;                 ; --       ; --           ;
; P11      ;            ;          ; VCCINT                                                    ; power  ;              ; 1.2V    ; --         ;                 ; --       ; --           ;
; P12      ;            ;          ; GND                                                       ; gnd    ;              ;         ; --         ;                 ; --       ; --           ;
; P13      ;            ;          ; VCCINT                                                    ; power  ;              ; 1.2V    ; --         ;                 ; --       ; --           ;
; P14      ;            ;          ; GND                                                       ; gnd    ;              ;         ; --         ;                 ; --       ; --           ;
; P15      ;            ;          ; VCCINT                                                    ; power  ;              ; 1.2V    ; --         ;                 ; --       ; --           ;
; P16      ;            ;          ; GND                                                       ; gnd    ;              ;         ; --         ;                 ; --       ; --           ;
; P17      ;            ;          ; VCCINT                                                    ; power  ;              ; 1.2V    ; --         ;                 ; --       ; --           ;
; P18      ;            ;          ; GND                                                       ; gnd    ;              ;         ; --         ;                 ; --       ; --           ;
; P19      ;            ;          ; VCCINT                                                    ; power  ;              ; 1.2V    ; --         ;                 ; --       ; --           ;
; P20      ;            ;          ; GND                                                       ; gnd    ;              ;         ; --         ;                 ; --       ; --           ;
; P21      ; 334        ; 5        ; RESERVED_INPUT_WITH_WEAK_PULLUP                           ;        ;              ;         ; Row I/O    ;                 ; no       ; On           ;
; P22      ; 343        ; 6        ; ^MSEL3                                                    ;        ;              ;         ; --         ;                 ; --       ; --           ;
; P23      ; 341        ; 6        ; ^MSEL1                                                    ;        ;              ;         ; --         ;                 ; --       ; --           ;
; P24      ; 339        ; 6        ; ^CONF_DONE                                                ;        ;              ;         ; --         ;                 ; --       ; --           ;
; P25      ; 346        ; 6        ; RESERVED_INPUT_WITH_WEAK_PULLUP                           ;        ;              ;         ; Row I/O    ;                 ; no       ; On           ;
; P26      ; 345        ; 6        ; RESERVED_INPUT_WITH_WEAK_PULLUP                           ;        ;              ;         ; Row I/O    ;                 ; no       ; On           ;
; P27      ; 350        ; 6        ; RESERVED_INPUT_WITH_WEAK_PULLUP                           ;        ;              ;         ; Row I/O    ;                 ; no       ; On           ;
; P28      ; 349        ; 6        ; RESERVED_INPUT_WITH_WEAK_PULLUP                           ;        ;              ;         ; Row I/O    ;                 ; no       ; On           ;
; R1       ; 68         ; 2        ; RESERVED_INPUT_WITH_WEAK_PULLUP                           ;        ;              ;         ; Row I/O    ;                 ; no       ; On           ;
; R2       ; 67         ; 2        ; RESERVED_INPUT_WITH_WEAK_PULLUP                           ;        ;              ;         ; Row I/O    ;                 ; no       ; On           ;
; R3       ; 73         ; 2        ; RESERVED_INPUT_WITH_WEAK_PULLUP                           ;        ;              ;         ; Row I/O    ;                 ; no       ; On           ;
; R4       ; 74         ; 2        ; RESERVED_INPUT_WITH_WEAK_PULLUP                           ;        ;              ;         ; Row I/O    ;                 ; no       ; On           ;
; R5       ; 77         ; 2        ; RESERVED_INPUT_WITH_WEAK_PULLUP                           ;        ;              ;         ; Row I/O    ;                 ; no       ; On           ;
; R6       ; 70         ; 2        ; RESERVED_INPUT_WITH_WEAK_PULLUP                           ;        ;              ;         ; Row I/O    ;                 ; no       ; On           ;
; R7       ; 69         ; 2        ; RESERVED_INPUT_WITH_WEAK_PULLUP                           ;        ;              ;         ; Row I/O    ;                 ; no       ; On           ;
; R8       ; 62         ; 1        ; ^nCE                                                      ;        ;              ;         ; --         ;                 ; --       ; --           ;
; R9       ;            ;          ; GND                                                       ; gnd    ;              ;         ; --         ;                 ; --       ; --           ;
; R10      ;            ;          ; VCCINT                                                    ; power  ;              ; 1.2V    ; --         ;                 ; --       ; --           ;
; R11      ;            ;          ; GND                                                       ; gnd    ;              ;         ; --         ;                 ; --       ; --           ;
; R12      ;            ;          ; VCCINT                                                    ; power  ;              ; 1.2V    ; --         ;                 ; --       ; --           ;
; R13      ;            ;          ; GND                                                       ; gnd    ;              ;         ; --         ;                 ; --       ; --           ;
; R14      ;            ;          ; VCCINT                                                    ; power  ;              ; 1.2V    ; --         ;                 ; --       ; --           ;
; R15      ;            ;          ; GND                                                       ; gnd    ;              ;         ; --         ;                 ; --       ; --           ;
; R16      ;            ;          ; VCCINT                                                    ; power  ;              ; 1.2V    ; --         ;                 ; --       ; --           ;
; R17      ;            ;          ; GND                                                       ; gnd    ;              ;         ; --         ;                 ; --       ; --           ;
; R18      ;            ;          ; VCCINT                                                    ; power  ;              ; 1.2V    ; --         ;                 ; --       ; --           ;
; R19      ;            ;          ; GND                                                       ; gnd    ;              ;         ; --         ;                 ; --       ; --           ;
; R20      ;            ;          ; VCCINT                                                    ; power  ;              ; 1.2V    ; --         ;                 ; --       ; --           ;
; R21      ; 333        ; 5        ; RESERVED_INPUT_WITH_WEAK_PULLUP                           ;        ;              ;         ; Row I/O    ;                 ; no       ; On           ;
; R22      ; 332        ; 5        ; RESERVED_INPUT_WITH_WEAK_PULLUP                           ;        ;              ;         ; Row I/O    ;                 ; no       ; On           ;
; R23      ; 331        ; 5        ; RESERVED_INPUT_WITH_WEAK_PULLUP                           ;        ;              ;         ; Row I/O    ;                 ; no       ; On           ;
; R24      ; 330        ; 5        ; RESERVED_INPUT_WITH_WEAK_PULLUP                           ;        ;              ;         ; Row I/O    ;                 ; no       ; On           ;
; R25      ; 327        ; 5        ; RESERVED_INPUT_WITH_WEAK_PULLUP                           ;        ;              ;         ; Row I/O    ;                 ; no       ; On           ;
; R26      ; 326        ; 5        ; RESERVED_INPUT_WITH_WEAK_PULLUP                           ;        ;              ;         ; Row I/O    ;                 ; no       ; On           ;
; R27      ; 329        ; 5        ; RESERVED_INPUT_WITH_WEAK_PULLUP                           ;        ;              ;         ; Row I/O    ;                 ; no       ; On           ;
; R28      ; 328        ; 5        ; RESERVED_INPUT_WITH_WEAK_PULLUP                           ;        ;              ;         ; Row I/O    ;                 ; no       ; On           ;
; T1       ;            ; 2        ; VCCIO2                                                    ; power  ;              ; 2.5V    ; --         ;                 ; --       ; --           ;
; T2       ;            ;          ; GND                                                       ; gnd    ;              ;         ; --         ;                 ; --       ; --           ;
; T3       ; 76         ; 2        ; RESERVED_INPUT_WITH_WEAK_PULLUP                           ;        ;              ;         ; Row I/O    ;                 ; no       ; On           ;
; T4       ; 75         ; 2        ; RESERVED_INPUT_WITH_WEAK_PULLUP                           ;        ;              ;         ; Row I/O    ;                 ; no       ; On           ;
; T5       ;            ; 2        ; VCCIO2                                                    ; power  ;              ; 2.5V    ; --         ;                 ; --       ; --           ;
; T6       ;            ;          ; GND                                                       ; gnd    ;              ;         ; --         ;                 ; --       ; --           ;
; T7       ; 78         ; 2        ; RESERVED_INPUT_WITH_WEAK_PULLUP                           ;        ;              ;         ; Row I/O    ;                 ; --       ; --           ;
; T8       ; 100        ; 2        ; RESERVED_INPUT_WITH_WEAK_PULLUP                           ;        ;              ;         ; Row I/O    ;                 ; --       ; --           ;
; T9       ;            ;          ; VCCINT                                                    ; power  ;              ; 1.2V    ; --         ;                 ; --       ; --           ;
; T10      ;            ;          ; GND                                                       ; gnd    ;              ;         ; --         ;                 ; --       ; --           ;
; T11      ;            ;          ; VCCINT                                                    ; power  ;              ; 1.2V    ; --         ;                 ; --       ; --           ;
; T12      ;            ;          ; GND                                                       ; gnd    ;              ;         ; --         ;                 ; --       ; --           ;
; T13      ;            ;          ; VCCINT                                                    ; power  ;              ; 1.2V    ; --         ;                 ; --       ; --           ;
; T14      ;            ;          ; GND                                                       ; gnd    ;              ;         ; --         ;                 ; --       ; --           ;
; T15      ;            ;          ; VCCINT                                                    ; power  ;              ; 1.2V    ; --         ;                 ; --       ; --           ;
; T16      ;            ;          ; GND                                                       ; gnd    ;              ;         ; --         ;                 ; --       ; --           ;
; T17      ;            ;          ; VCCINT                                                    ; power  ;              ; 1.2V    ; --         ;                 ; --       ; --           ;
; T18      ;            ;          ; GND                                                       ; gnd    ;              ;         ; --         ;                 ; --       ; --           ;
; T19      ;            ;          ; VCCINT                                                    ; power  ;              ; 1.2V    ; --         ;                 ; --       ; --           ;
; T20      ;            ;          ; GND                                                       ; gnd    ;              ;         ; --         ;                 ; --       ; --           ;
; T21      ; 325        ; 5        ; RESERVED_INPUT_WITH_WEAK_PULLUP                           ;        ;              ;         ; Row I/O    ;                 ; no       ; On           ;
; T22      ; 324        ; 5        ; RESERVED_INPUT_WITH_WEAK_PULLUP                           ;        ;              ;         ; Row I/O    ;                 ; no       ; On           ;
; T23      ;            ;          ; GND                                                       ; gnd    ;              ;         ; --         ;                 ; --       ; --           ;
; T24      ;            ; 5        ; VCCIO5                                                    ; power  ;              ; 2.5V    ; --         ;                 ; --       ; --           ;
; T25      ; 323        ; 5        ; RESERVED_INPUT_WITH_WEAK_PULLUP                           ;        ;              ;         ; Row I/O    ;                 ; no       ; On           ;
; T26      ; 322        ; 5        ; RESERVED_INPUT_WITH_WEAK_PULLUP                           ;        ;              ;         ; Row I/O    ;                 ; no       ; On           ;
; T27      ;            ;          ; GND                                                       ; gnd    ;              ;         ; --         ;                 ; --       ; --           ;
; T28      ;            ; 5        ; VCCIO5                                                    ; power  ;              ; 2.5V    ; --         ;                 ; --       ; --           ;
; U1       ; 80         ; 2        ; RESERVED_INPUT_WITH_WEAK_PULLUP                           ;        ;              ;         ; Row I/O    ;                 ; no       ; On           ;
; U2       ; 79         ; 2        ; RESERVED_INPUT_WITH_WEAK_PULLUP                           ;        ;              ;         ; Row I/O    ;                 ; no       ; On           ;
; U3       ; 71         ; 2        ; RESERVED_INPUT_WITH_WEAK_PULLUP                           ;        ;              ;         ; Row I/O    ;                 ; no       ; On           ;
; U4       ; 72         ; 2        ; RESERVED_INPUT_WITH_WEAK_PULLUP                           ;        ;              ;         ; Row I/O    ;                 ; no       ; On           ;
; U5       ; 90         ; 2        ; RESERVED_INPUT_WITH_WEAK_PULLUP                           ;        ;              ;         ; Row I/O    ;                 ; no       ; On           ;
; U6       ; 89         ; 2        ; RESERVED_INPUT_WITH_WEAK_PULLUP                           ;        ;              ;         ; Row I/O    ;                 ; no       ; On           ;
; U7       ; 103        ; 2        ; RESERVED_INPUT_WITH_WEAK_PULLUP                           ;        ;              ;         ; Row I/O    ;                 ; no       ; On           ;
; U8       ; 104        ; 2        ; RESERVED_INPUT_WITH_WEAK_PULLUP                           ;        ;              ;         ; Row I/O    ;                 ; no       ; On           ;
; U9       ;            ;          ; GND                                                       ; gnd    ;              ;         ; --         ;                 ; --       ; --           ;
; U10      ;            ;          ; VCCINT                                                    ; power  ;              ; 1.2V    ; --         ;                 ; --       ; --           ;
; U11      ;            ;          ; GND                                                       ; gnd    ;              ;         ; --         ;                 ; --       ; --           ;
; U12      ;            ;          ; VCCINT                                                    ; power  ;              ; 1.2V    ; --         ;                 ; --       ; --           ;
; U13      ;            ;          ; GND                                                       ; gnd    ;              ;         ; --         ;                 ; --       ; --           ;
; U14      ;            ;          ; VCCINT                                                    ; power  ;              ; 1.2V    ; --         ;                 ; --       ; --           ;
; U15      ;            ;          ; GND                                                       ; gnd    ;              ;         ; --         ;                 ; --       ; --           ;
; U16      ;            ;          ; VCCINT                                                    ; power  ;              ; 1.2V    ; --         ;                 ; --       ; --           ;
; U17      ;            ;          ; GND                                                       ; gnd    ;              ;         ; --         ;                 ; --       ; --           ;
; U18      ;            ;          ; VCCINT                                                    ; power  ;              ; 1.2V    ; --         ;                 ; --       ; --           ;
; U19      ;            ;          ; GND                                                       ; gnd    ;              ;         ; --         ;                 ; --       ; --           ;
; U20      ;            ;          ; VCCINT                                                    ; power  ;              ; 1.2V    ; --         ;                 ; --       ; --           ;
; U21      ; 319        ; 5        ; RESERVED_INPUT_WITH_WEAK_PULLUP                           ;        ;              ;         ; Row I/O    ;                 ; no       ; On           ;
; U22      ; 313        ; 5        ; RESERVED_INPUT_WITH_WEAK_PULLUP                           ;        ;              ;         ; Row I/O    ;                 ; no       ; On           ;
; U23      ; 305        ; 5        ; RESERVED_INPUT_WITH_WEAK_PULLUP                           ;        ;              ;         ; Row I/O    ;                 ; --       ; --           ;
; U24      ; 316        ; 5        ; RESERVED_INPUT_WITH_WEAK_PULLUP                           ;        ;              ;         ; Row I/O    ;                 ; --       ; --           ;
; U25      ; 315        ; 5        ; RESERVED_INPUT_WITH_WEAK_PULLUP                           ;        ;              ;         ; Row I/O    ;                 ; no       ; On           ;
; U26      ; 314        ; 5        ; RESERVED_INPUT_WITH_WEAK_PULLUP                           ;        ;              ;         ; Row I/O    ;                 ; no       ; On           ;
; U27      ; 318        ; 5        ; RESERVED_INPUT_WITH_WEAK_PULLUP                           ;        ;              ;         ; Row I/O    ;                 ; no       ; On           ;
; U28      ; 317        ; 5        ; RESERVED_INPUT_WITH_WEAK_PULLUP                           ;        ;              ;         ; Row I/O    ;                 ; no       ; On           ;
; V1       ; 84         ; 2        ; RESERVED_INPUT_WITH_WEAK_PULLUP                           ;        ;              ;         ; Row I/O    ;                 ; no       ; On           ;
; V2       ; 83         ; 2        ; RESERVED_INPUT_WITH_WEAK_PULLUP                           ;        ;              ;         ; Row I/O    ;                 ; no       ; On           ;
; V3       ; 82         ; 2        ; RESERVED_INPUT_WITH_WEAK_PULLUP                           ;        ;              ;         ; Row I/O    ;                 ; no       ; On           ;
; V4       ; 81         ; 2        ; RESERVED_INPUT_WITH_WEAK_PULLUP                           ;        ;              ;         ; Row I/O    ;                 ; no       ; On           ;
; V5       ; 108        ; 2        ; RESERVED_INPUT_WITH_WEAK_PULLUP                           ;        ;              ;         ; Row I/O    ;                 ; no       ; On           ;
; V6       ; 107        ; 2        ; RESERVED_INPUT_WITH_WEAK_PULLUP                           ;        ;              ;         ; Row I/O    ;                 ; no       ; On           ;
; V7       ; 110        ; 2        ; RESERVED_INPUT_WITH_WEAK_PULLUP                           ;        ;              ;         ; Row I/O    ;                 ; no       ; On           ;
; V8       ; 109        ; 2        ; RESERVED_INPUT_WITH_WEAK_PULLUP                           ;        ;              ;         ; Row I/O    ;                 ; no       ; On           ;
; V9       ;            ;          ; VCCINT                                                    ; power  ;              ; 1.2V    ; --         ;                 ; --       ; --           ;
; V10      ;            ;          ; GND                                                       ; gnd    ;              ;         ; --         ;                 ; --       ; --           ;
; V11      ;            ;          ; VCCINT                                                    ; power  ;              ; 1.2V    ; --         ;                 ; --       ; --           ;
; V12      ;            ;          ; GND                                                       ; gnd    ;              ;         ; --         ;                 ; --       ; --           ;
; V13      ;            ;          ; VCCINT                                                    ; power  ;              ; 1.2V    ; --         ;                 ; --       ; --           ;
; V14      ;            ;          ; GND                                                       ; gnd    ;              ;         ; --         ;                 ; --       ; --           ;
; V15      ;            ;          ; VCCINT                                                    ; power  ;              ; 1.2V    ; --         ;                 ; --       ; --           ;
; V16      ;            ;          ; GND                                                       ; gnd    ;              ;         ; --         ;                 ; --       ; --           ;
; V17      ;            ;          ; VCCINT                                                    ; power  ;              ; 1.2V    ; --         ;                 ; --       ; --           ;
; V18      ;            ;          ; GND                                                       ; gnd    ;              ;         ; --         ;                 ; --       ; --           ;
; V19      ;            ;          ; VCCINT                                                    ; power  ;              ; 1.2V    ; --         ;                 ; --       ; --           ;
; V20      ;            ;          ; GND                                                       ; gnd    ;              ;         ; --         ;                 ; --       ; --           ;
; V21      ; 311        ; 5        ; RESERVED_INPUT_WITH_WEAK_PULLUP                           ;        ;              ;         ; Row I/O    ;                 ; no       ; On           ;
; V22      ; 312        ; 5        ; RESERVED_INPUT_WITH_WEAK_PULLUP                           ;        ;              ;         ; Row I/O    ;                 ; no       ; On           ;
; V23      ; 309        ; 5        ; RESERVED_INPUT_WITH_WEAK_PULLUP                           ;        ;              ;         ; Row I/O    ;                 ; no       ; On           ;
; V24      ; 308        ; 5        ; RESERVED_INPUT_WITH_WEAK_PULLUP                           ;        ;              ;         ; Row I/O    ;                 ; no       ; On           ;
; V25      ; 307        ; 5        ; RESERVED_INPUT_WITH_WEAK_PULLUP                           ;        ;              ;         ; Row I/O    ;                 ; no       ; On           ;
; V26      ; 306        ; 5        ; RESERVED_INPUT_WITH_WEAK_PULLUP                           ;        ;              ;         ; Row I/O    ;                 ; no       ; On           ;
; V27      ; 304        ; 5        ; RESERVED_INPUT_WITH_WEAK_PULLUP                           ;        ;              ;         ; Row I/O    ;                 ; no       ; On           ;
; V28      ; 303        ; 5        ; RESERVED_INPUT_WITH_WEAK_PULLUP                           ;        ;              ;         ; Row I/O    ;                 ; no       ; On           ;
; W1       ; 88         ; 2        ; RESERVED_INPUT_WITH_WEAK_PULLUP                           ;        ;              ;         ; Row I/O    ;                 ; no       ; On           ;
; W2       ; 87         ; 2        ; RESERVED_INPUT_WITH_WEAK_PULLUP                           ;        ;              ;         ; Row I/O    ;                 ; no       ; On           ;
; W3       ; 112        ; 2        ; RESERVED_INPUT_WITH_WEAK_PULLUP                           ;        ;              ;         ; Row I/O    ;                 ; no       ; On           ;
; W4       ; 111        ; 2        ; RESERVED_INPUT_WITH_WEAK_PULLUP                           ;        ;              ;         ; Row I/O    ;                 ; no       ; On           ;
; W5       ;            ; 2        ; VCCIO2                                                    ; power  ;              ; 2.5V    ; --         ;                 ; --       ; --           ;
; W6       ;            ;          ; GND                                                       ; gnd    ;              ;         ; --         ;                 ; --       ; --           ;
; W7       ; 115        ; 2        ; RESERVED_INPUT_WITH_WEAK_PULLUP                           ;        ;              ;         ; Row I/O    ;                 ; no       ; On           ;
; W8       ; 116        ; 2        ; RESERVED_INPUT_WITH_WEAK_PULLUP                           ;        ;              ;         ; Row I/O    ;                 ; no       ; On           ;
; W9       ;            ;          ; GND                                                       ; gnd    ;              ;         ; --         ;                 ; --       ; --           ;
; W10      ;            ;          ; VCCINT                                                    ; power  ;              ; 1.2V    ; --         ;                 ; --       ; --           ;
; W11      ;            ;          ; GND                                                       ; gnd    ;              ;         ; --         ;                 ; --       ; --           ;
; W12      ;            ;          ; VCCINT                                                    ; power  ;              ; 1.2V    ; --         ;                 ; --       ; --           ;
; W13      ;            ;          ; GND                                                       ; gnd    ;              ;         ; --         ;                 ; --       ; --           ;
; W14      ;            ;          ; VCCINT                                                    ; power  ;              ; 1.2V    ; --         ;                 ; --       ; --           ;
; W15      ;            ;          ; GND                                                       ; gnd    ;              ;         ; --         ;                 ; --       ; --           ;
; W16      ;            ;          ; VCCINT                                                    ; power  ;              ; 1.2V    ; --         ;                 ; --       ; --           ;
; W17      ;            ;          ; GND                                                       ; gnd    ;              ;         ; --         ;                 ; --       ; --           ;
; W18      ;            ;          ; VCCINT                                                    ; power  ;              ; 1.2V    ; --         ;                 ; --       ; --           ;
; W19      ;            ;          ; GND                                                       ; gnd    ;              ;         ; --         ;                 ; --       ; --           ;
; W20      ;            ;          ; VCCINT                                                    ; power  ;              ; 1.2V    ; --         ;                 ; --       ; --           ;
; W21      ; 310        ; 5        ; RESERVED_INPUT_WITH_WEAK_PULLUP                           ;        ;              ;         ; Row I/O    ;                 ; no       ; On           ;
; W22      ; 321        ; 5        ; RESERVED_INPUT_WITH_WEAK_PULLUP                           ;        ;              ;         ; Row I/O    ;                 ; no       ; On           ;
; W23      ;            ;          ; GND                                                       ; gnd    ;              ;         ; --         ;                 ; --       ; --           ;
; W24      ;            ; 5        ; VCCIO5                                                    ; power  ;              ; 2.5V    ; --         ;                 ; --       ; --           ;
; W25      ; 300        ; 5        ; RESERVED_INPUT_WITH_WEAK_PULLUP                           ;        ;              ;         ; Row I/O    ;                 ; no       ; On           ;
; W26      ; 299        ; 5        ; RESERVED_INPUT_WITH_WEAK_PULLUP                           ;        ;              ;         ; Row I/O    ;                 ; no       ; On           ;
; W27      ; 301        ; 5        ; RESERVED_INPUT_WITH_WEAK_PULLUP                           ;        ;              ;         ; Row I/O    ;                 ; no       ; On           ;
; W28      ; 302        ; 5        ; RESERVED_INPUT_WITH_WEAK_PULLUP                           ;        ;              ;         ; Row I/O    ;                 ; no       ; On           ;
; Y1       ; 66         ; 2        ; GND+                                                      ;        ;              ;         ; Row I/O    ;                 ; --       ; --           ;
; Y2       ; 65         ; 2        ; GND+                                                      ;        ;              ;         ; Row I/O    ;                 ; --       ; --           ;
; Y3       ; 92         ; 2        ; RESERVED_INPUT_WITH_WEAK_PULLUP                           ;        ;              ;         ; Row I/O    ;                 ; no       ; On           ;
; Y4       ; 91         ; 2        ; RESERVED_INPUT_WITH_WEAK_PULLUP                           ;        ;              ;         ; Row I/O    ;                 ; no       ; On           ;
; Y5       ; 114        ; 2        ; RESERVED_INPUT_WITH_WEAK_PULLUP                           ;        ;              ;         ; Row I/O    ;                 ; no       ; On           ;
; Y6       ; 113        ; 2        ; RESERVED_INPUT_WITH_WEAK_PULLUP                           ;        ;              ;         ; Row I/O    ;                 ; no       ; On           ;
; Y7       ; 117        ; 2        ; RESERVED_INPUT_WITH_WEAK_PULLUP                           ;        ;              ;         ; Row I/O    ;                 ; no       ; On           ;
; Y8       ;            ; --       ; VCCA1                                                     ; power  ;              ; 2.5V    ; --         ;                 ; --       ; --           ;
; Y9       ;            ;          ; VCCD_PLL1                                                 ; power  ;              ; 1.2V    ; --         ;                 ; --       ; --           ;
; Y10      ; 140        ; 3        ; RESERVED_INPUT_WITH_WEAK_PULLUP                           ;        ;              ;         ; Column I/O ;                 ; --       ; --           ;
; Y11      ;            ;          ; GND                                                       ; gnd    ;              ;         ; --         ;                 ; --       ; --           ;
; Y12      ; 187        ; 3        ; RESERVED_INPUT_WITH_WEAK_PULLUP                           ;        ;              ;         ; Column I/O ;                 ; no       ; On           ;
; Y13      ; 189        ; 3        ; aluif.out[12]                                             ; output ; 2.5 V        ;         ; Column I/O ; N               ; no       ; Off          ;
; Y14      ; 197        ; 3        ; aluif.b[21]                                               ; input  ; 2.5 V        ;         ; Column I/O ; N               ; no       ; Off          ;
; Y15      ; 198        ; 3        ; aluif.b[5]                                                ; input  ; 2.5 V        ;         ; Column I/O ; N               ; no       ; Off          ;
; Y16      ; 250        ; 4        ; aluif.a[25]                                               ; input  ; 2.5 V        ;         ; Column I/O ; N               ; no       ; Off          ;
; Y17      ; 249        ; 4        ; aluif.a[28]                                               ; input  ; 2.5 V        ;         ; Column I/O ; N               ; no       ; Off          ;
; Y18      ;            ;          ; GND                                                       ; gnd    ;              ;         ; --         ;                 ; --       ; --           ;
; Y19      ; 263        ; 4        ; aluif.a[11]                                               ; input  ; 2.5 V        ;         ; Column I/O ; N               ; no       ; Off          ;
; Y20      ;            ;          ; VCCD_PLL4                                                 ; power  ;              ; 1.2V    ; --         ;                 ; --       ; --           ;
; Y21      ;            ; --       ; VCCA4                                                     ; power  ;              ; 2.5V    ; --         ;                 ; --       ; --           ;
; Y22      ; 320        ; 5        ; RESERVED_INPUT_WITH_WEAK_PULLUP                           ;        ;              ;         ; Row I/O    ;                 ; no       ; On           ;
; Y23      ; 288        ; 5        ; aluif.out[4]                                              ; output ; 2.5 V        ;         ; Row I/O    ; N               ; no       ; Off          ;
; Y24      ; 287        ; 5        ; aluif.out[2]                                              ; output ; 2.5 V        ;         ; Row I/O    ; N               ; no       ; Off          ;
; Y25      ; 298        ; 5        ; RESERVED_INPUT_WITH_WEAK_PULLUP                           ;        ;              ;         ; Row I/O    ;                 ; no       ; On           ;
; Y26      ; 297        ; 5        ; RESERVED_INPUT_WITH_WEAK_PULLUP                           ;        ;              ;         ; Row I/O    ;                 ; no       ; On           ;
; Y27      ; 336        ; 5        ; GND+                                                      ;        ;              ;         ; Row I/O    ;                 ; --       ; --           ;
; Y28      ; 335        ; 5        ; GND+                                                      ;        ;              ;         ; Row I/O    ;                 ; --       ; --           ;
+----------+------------+----------+-----------------------------------------------------------+--------+--------------+---------+------------+-----------------+----------+--------------+
Note: Pin directions (input, output or bidir) are based on device operating in user mode.


+-------------------------------------------------+
; I/O Assignment Warnings                         ;
+-----------------+-------------------------------+
; Pin Name        ; Reason                        ;
+-----------------+-------------------------------+
; aluif.zero      ; Incomplete set of assignments ;
; aluif.overflow  ; Incomplete set of assignments ;
; aluif.negative  ; Incomplete set of assignments ;
; aluif.out[0]    ; Incomplete set of assignments ;
; aluif.out[1]    ; Incomplete set of assignments ;
; aluif.out[2]    ; Incomplete set of assignments ;
; aluif.out[3]    ; Incomplete set of assignments ;
; aluif.out[4]    ; Incomplete set of assignments ;
; aluif.out[5]    ; Incomplete set of assignments ;
; aluif.out[6]    ; Incomplete set of assignments ;
; aluif.out[7]    ; Incomplete set of assignments ;
; aluif.out[8]    ; Incomplete set of assignments ;
; aluif.out[9]    ; Incomplete set of assignments ;
; aluif.out[10]   ; Incomplete set of assignments ;
; aluif.out[11]   ; Incomplete set of assignments ;
; aluif.out[12]   ; Incomplete set of assignments ;
; aluif.out[13]   ; Incomplete set of assignments ;
; aluif.out[14]   ; Incomplete set of assignments ;
; aluif.out[15]   ; Incomplete set of assignments ;
; aluif.out[16]   ; Incomplete set of assignments ;
; aluif.out[17]   ; Incomplete set of assignments ;
; aluif.out[18]   ; Incomplete set of assignments ;
; aluif.out[19]   ; Incomplete set of assignments ;
; aluif.out[20]   ; Incomplete set of assignments ;
; aluif.out[21]   ; Incomplete set of assignments ;
; aluif.out[22]   ; Incomplete set of assignments ;
; aluif.out[23]   ; Incomplete set of assignments ;
; aluif.out[24]   ; Incomplete set of assignments ;
; aluif.out[25]   ; Incomplete set of assignments ;
; aluif.out[26]   ; Incomplete set of assignments ;
; aluif.out[27]   ; Incomplete set of assignments ;
; aluif.out[28]   ; Incomplete set of assignments ;
; aluif.out[29]   ; Incomplete set of assignments ;
; aluif.out[30]   ; Incomplete set of assignments ;
; aluif.out[31]   ; Incomplete set of assignments ;
; aluif.opcode[0] ; Incomplete set of assignments ;
; aluif.opcode[1] ; Incomplete set of assignments ;
; aluif.opcode[2] ; Incomplete set of assignments ;
; aluif.opcode[3] ; Incomplete set of assignments ;
; aluif.a[23]     ; Incomplete set of assignments ;
; aluif.a[21]     ; Incomplete set of assignments ;
; aluif.b[1]      ; Incomplete set of assignments ;
; aluif.a[22]     ; Incomplete set of assignments ;
; aluif.a[20]     ; Incomplete set of assignments ;
; aluif.b[0]      ; Incomplete set of assignments ;
; aluif.a[19]     ; Incomplete set of assignments ;
; aluif.a[17]     ; Incomplete set of assignments ;
; aluif.a[18]     ; Incomplete set of assignments ;
; aluif.a[16]     ; Incomplete set of assignments ;
; aluif.b[2]      ; Incomplete set of assignments ;
; aluif.b[3]      ; Incomplete set of assignments ;
; aluif.a[29]     ; Incomplete set of assignments ;
; aluif.a[28]     ; Incomplete set of assignments ;
; aluif.a[31]     ; Incomplete set of assignments ;
; aluif.a[30]     ; Incomplete set of assignments ;
; aluif.a[27]     ; Incomplete set of assignments ;
; aluif.a[25]     ; Incomplete set of assignments ;
; aluif.a[26]     ; Incomplete set of assignments ;
; aluif.a[24]     ; Incomplete set of assignments ;
; aluif.a[15]     ; Incomplete set of assignments ;
; aluif.a[13]     ; Incomplete set of assignments ;
; aluif.a[14]     ; Incomplete set of assignments ;
; aluif.a[12]     ; Incomplete set of assignments ;
; aluif.a[11]     ; Incomplete set of assignments ;
; aluif.a[9]      ; Incomplete set of assignments ;
; aluif.a[10]     ; Incomplete set of assignments ;
; aluif.a[8]      ; Incomplete set of assignments ;
; aluif.a[7]      ; Incomplete set of assignments ;
; aluif.a[6]      ; Incomplete set of assignments ;
; aluif.a[5]      ; Incomplete set of assignments ;
; aluif.a[4]      ; Incomplete set of assignments ;
; aluif.a[1]      ; Incomplete set of assignments ;
; aluif.a[0]      ; Incomplete set of assignments ;
; aluif.a[3]      ; Incomplete set of assignments ;
; aluif.a[2]      ; Incomplete set of assignments ;
; aluif.b[4]      ; Incomplete set of assignments ;
; aluif.b[31]     ; Incomplete set of assignments ;
; aluif.b[30]     ; Incomplete set of assignments ;
; aluif.b[29]     ; Incomplete set of assignments ;
; aluif.b[28]     ; Incomplete set of assignments ;
; aluif.b[27]     ; Incomplete set of assignments ;
; aluif.b[26]     ; Incomplete set of assignments ;
; aluif.b[25]     ; Incomplete set of assignments ;
; aluif.b[24]     ; Incomplete set of assignments ;
; aluif.b[23]     ; Incomplete set of assignments ;
; aluif.b[22]     ; Incomplete set of assignments ;
; aluif.b[21]     ; Incomplete set of assignments ;
; aluif.b[20]     ; Incomplete set of assignments ;
; aluif.b[19]     ; Incomplete set of assignments ;
; aluif.b[18]     ; Incomplete set of assignments ;
; aluif.b[17]     ; Incomplete set of assignments ;
; aluif.b[16]     ; Incomplete set of assignments ;
; aluif.b[15]     ; Incomplete set of assignments ;
; aluif.b[14]     ; Incomplete set of assignments ;
; aluif.b[13]     ; Incomplete set of assignments ;
; aluif.b[12]     ; Incomplete set of assignments ;
; aluif.b[11]     ; Incomplete set of assignments ;
; aluif.b[10]     ; Incomplete set of assignments ;
; aluif.b[9]      ; Incomplete set of assignments ;
; aluif.b[8]      ; Incomplete set of assignments ;
; aluif.b[7]      ; Incomplete set of assignments ;
; aluif.b[6]      ; Incomplete set of assignments ;
; aluif.b[5]      ; Incomplete set of assignments ;
; aluif.zero      ; Missing location assignment   ;
; aluif.overflow  ; Missing location assignment   ;
; aluif.negative  ; Missing location assignment   ;
; aluif.out[0]    ; Missing location assignment   ;
; aluif.out[1]    ; Missing location assignment   ;
; aluif.out[2]    ; Missing location assignment   ;
; aluif.out[3]    ; Missing location assignment   ;
; aluif.out[4]    ; Missing location assignment   ;
; aluif.out[5]    ; Missing location assignment   ;
; aluif.out[6]    ; Missing location assignment   ;
; aluif.out[7]    ; Missing location assignment   ;
; aluif.out[8]    ; Missing location assignment   ;
; aluif.out[9]    ; Missing location assignment   ;
; aluif.out[10]   ; Missing location assignment   ;
; aluif.out[11]   ; Missing location assignment   ;
; aluif.out[12]   ; Missing location assignment   ;
; aluif.out[13]   ; Missing location assignment   ;
; aluif.out[14]   ; Missing location assignment   ;
; aluif.out[15]   ; Missing location assignment   ;
; aluif.out[16]   ; Missing location assignment   ;
; aluif.out[17]   ; Missing location assignment   ;
; aluif.out[18]   ; Missing location assignment   ;
; aluif.out[19]   ; Missing location assignment   ;
; aluif.out[20]   ; Missing location assignment   ;
; aluif.out[21]   ; Missing location assignment   ;
; aluif.out[22]   ; Missing location assignment   ;
; aluif.out[23]   ; Missing location assignment   ;
; aluif.out[24]   ; Missing location assignment   ;
; aluif.out[25]   ; Missing location assignment   ;
; aluif.out[26]   ; Missing location assignment   ;
; aluif.out[27]   ; Missing location assignment   ;
; aluif.out[28]   ; Missing location assignment   ;
; aluif.out[29]   ; Missing location assignment   ;
; aluif.out[30]   ; Missing location assignment   ;
; aluif.out[31]   ; Missing location assignment   ;
; aluif.opcode[0] ; Missing location assignment   ;
; aluif.opcode[1] ; Missing location assignment   ;
; aluif.opcode[2] ; Missing location assignment   ;
; aluif.opcode[3] ; Missing location assignment   ;
; aluif.a[23]     ; Missing location assignment   ;
; aluif.a[21]     ; Missing location assignment   ;
; aluif.b[1]      ; Missing location assignment   ;
; aluif.a[22]     ; Missing location assignment   ;
; aluif.a[20]     ; Missing location assignment   ;
; aluif.b[0]      ; Missing location assignment   ;
; aluif.a[19]     ; Missing location assignment   ;
; aluif.a[17]     ; Missing location assignment   ;
; aluif.a[18]     ; Missing location assignment   ;
; aluif.a[16]     ; Missing location assignment   ;
; aluif.b[2]      ; Missing location assignment   ;
; aluif.b[3]      ; Missing location assignment   ;
; aluif.a[29]     ; Missing location assignment   ;
; aluif.a[28]     ; Missing location assignment   ;
; aluif.a[31]     ; Missing location assignment   ;
; aluif.a[30]     ; Missing location assignment   ;
; aluif.a[27]     ; Missing location assignment   ;
; aluif.a[25]     ; Missing location assignment   ;
; aluif.a[26]     ; Missing location assignment   ;
; aluif.a[24]     ; Missing location assignment   ;
; aluif.a[15]     ; Missing location assignment   ;
; aluif.a[13]     ; Missing location assignment   ;
; aluif.a[14]     ; Missing location assignment   ;
; aluif.a[12]     ; Missing location assignment   ;
; aluif.a[11]     ; Missing location assignment   ;
; aluif.a[9]      ; Missing location assignment   ;
; aluif.a[10]     ; Missing location assignment   ;
; aluif.a[8]      ; Missing location assignment   ;
; aluif.a[7]      ; Missing location assignment   ;
; aluif.a[6]      ; Missing location assignment   ;
; aluif.a[5]      ; Missing location assignment   ;
; aluif.a[4]      ; Missing location assignment   ;
; aluif.a[1]      ; Missing location assignment   ;
; aluif.a[0]      ; Missing location assignment   ;
; aluif.a[3]      ; Missing location assignment   ;
; aluif.a[2]      ; Missing location assignment   ;
; aluif.b[4]      ; Missing location assignment   ;
; aluif.b[31]     ; Missing location assignment   ;
; aluif.b[30]     ; Missing location assignment   ;
; aluif.b[29]     ; Missing location assignment   ;
; aluif.b[28]     ; Missing location assignment   ;
; aluif.b[27]     ; Missing location assignment   ;
; aluif.b[26]     ; Missing location assignment   ;
; aluif.b[25]     ; Missing location assignment   ;
; aluif.b[24]     ; Missing location assignment   ;
; aluif.b[23]     ; Missing location assignment   ;
; aluif.b[22]     ; Missing location assignment   ;
; aluif.b[21]     ; Missing location assignment   ;
; aluif.b[20]     ; Missing location assignment   ;
; aluif.b[19]     ; Missing location assignment   ;
; aluif.b[18]     ; Missing location assignment   ;
; aluif.b[17]     ; Missing location assignment   ;
; aluif.b[16]     ; Missing location assignment   ;
; aluif.b[15]     ; Missing location assignment   ;
; aluif.b[14]     ; Missing location assignment   ;
; aluif.b[13]     ; Missing location assignment   ;
; aluif.b[12]     ; Missing location assignment   ;
; aluif.b[11]     ; Missing location assignment   ;
; aluif.b[10]     ; Missing location assignment   ;
; aluif.b[9]      ; Missing location assignment   ;
; aluif.b[8]      ; Missing location assignment   ;
; aluif.b[7]      ; Missing location assignment   ;
; aluif.b[6]      ; Missing location assignment   ;
; aluif.b[5]      ; Missing location assignment   ;
+-----------------+-------------------------------+


+-------------------------------------------------------------------------------------------------------------------------------------------------------------------------------------------------------------------------------------------------------------------------------+
; Fitter Resource Utilization by Entity                                                                                                                                                                                                                                         ;
+----------------------------+-------------+---------------------------+---------------+-------------+------+--------------+---------+-----------+------+--------------+--------------+-------------------+------------------+---------------------+-------------+--------------+
; Compilation Hierarchy Node ; Logic Cells ; Dedicated Logic Registers ; I/O Registers ; Memory Bits ; M9Ks ; DSP Elements ; DSP 9x9 ; DSP 18x18 ; Pins ; Virtual Pins ; LUT-Only LCs ; Register-Only LCs ; LUT/Register LCs ; Full Hierarchy Name ; Entity Name ; Library Name ;
+----------------------------+-------------+---------------------------+---------------+-------------+------+--------------+---------+-----------+------+--------------+--------------+-------------------+------------------+---------------------+-------------+--------------+
; |alu                       ; 689 (689)   ; 0 (0)                     ; 0 (0)         ; 0           ; 0    ; 0            ; 0       ; 0         ; 103  ; 0            ; 689 (689)    ; 0 (0)             ; 0 (0)            ; |alu                ; alu         ; work         ;
+----------------------------+-------------+---------------------------+---------------+-------------+------+--------------+---------+-----------+------+--------------+--------------+-------------------+------------------+---------------------+-------------+--------------+
Note: For table entries with two numbers listed, the numbers in parentheses indicate the number of resources of the given type used by the specific entity alone. The numbers listed outside of parentheses indicate the total resources of the given type used by the specific entity and all of its sub-entities in the hierarchy.


+-------------------------------------------------------------------------------------------------+
; Delay Chain Summary                                                                             ;
+-----------------+----------+---------------+---------------+-----------------------+-----+------+
; Name            ; Pin Type ; Pad to Core 0 ; Pad to Core 1 ; Pad to Input Register ; TCO ; TCOE ;
+-----------------+----------+---------------+---------------+-----------------------+-----+------+
; aluif.zero      ; Output   ; --            ; --            ; --                    ; --  ; --   ;
; aluif.overflow  ; Output   ; --            ; --            ; --                    ; --  ; --   ;
; aluif.negative  ; Output   ; --            ; --            ; --                    ; --  ; --   ;
; aluif.out[0]    ; Output   ; --            ; --            ; --                    ; --  ; --   ;
; aluif.out[1]    ; Output   ; --            ; --            ; --                    ; --  ; --   ;
; aluif.out[2]    ; Output   ; --            ; --            ; --                    ; --  ; --   ;
; aluif.out[3]    ; Output   ; --            ; --            ; --                    ; --  ; --   ;
; aluif.out[4]    ; Output   ; --            ; --            ; --                    ; --  ; --   ;
; aluif.out[5]    ; Output   ; --            ; --            ; --                    ; --  ; --   ;
; aluif.out[6]    ; Output   ; --            ; --            ; --                    ; --  ; --   ;
; aluif.out[7]    ; Output   ; --            ; --            ; --                    ; --  ; --   ;
; aluif.out[8]    ; Output   ; --            ; --            ; --                    ; --  ; --   ;
; aluif.out[9]    ; Output   ; --            ; --            ; --                    ; --  ; --   ;
; aluif.out[10]   ; Output   ; --            ; --            ; --                    ; --  ; --   ;
; aluif.out[11]   ; Output   ; --            ; --            ; --                    ; --  ; --   ;
; aluif.out[12]   ; Output   ; --            ; --            ; --                    ; --  ; --   ;
; aluif.out[13]   ; Output   ; --            ; --            ; --                    ; --  ; --   ;
; aluif.out[14]   ; Output   ; --            ; --            ; --                    ; --  ; --   ;
; aluif.out[15]   ; Output   ; --            ; --            ; --                    ; --  ; --   ;
; aluif.out[16]   ; Output   ; --            ; --            ; --                    ; --  ; --   ;
; aluif.out[17]   ; Output   ; --            ; --            ; --                    ; --  ; --   ;
; aluif.out[18]   ; Output   ; --            ; --            ; --                    ; --  ; --   ;
; aluif.out[19]   ; Output   ; --            ; --            ; --                    ; --  ; --   ;
; aluif.out[20]   ; Output   ; --            ; --            ; --                    ; --  ; --   ;
; aluif.out[21]   ; Output   ; --            ; --            ; --                    ; --  ; --   ;
; aluif.out[22]   ; Output   ; --            ; --            ; --                    ; --  ; --   ;
; aluif.out[23]   ; Output   ; --            ; --            ; --                    ; --  ; --   ;
; aluif.out[24]   ; Output   ; --            ; --            ; --                    ; --  ; --   ;
; aluif.out[25]   ; Output   ; --            ; --            ; --                    ; --  ; --   ;
; aluif.out[26]   ; Output   ; --            ; --            ; --                    ; --  ; --   ;
; aluif.out[27]   ; Output   ; --            ; --            ; --                    ; --  ; --   ;
; aluif.out[28]   ; Output   ; --            ; --            ; --                    ; --  ; --   ;
; aluif.out[29]   ; Output   ; --            ; --            ; --                    ; --  ; --   ;
; aluif.out[30]   ; Output   ; --            ; --            ; --                    ; --  ; --   ;
; aluif.out[31]   ; Output   ; --            ; --            ; --                    ; --  ; --   ;
; aluif.opcode[0] ; Input    ; (0) 0 ps      ; --            ; --                    ; --  ; --   ;
; aluif.opcode[1] ; Input    ; (0) 0 ps      ; --            ; --                    ; --  ; --   ;
; aluif.opcode[2] ; Input    ; (6) 1314 ps   ; --            ; --                    ; --  ; --   ;
; aluif.opcode[3] ; Input    ; --            ; (6) 1314 ps   ; --                    ; --  ; --   ;
; aluif.a[23]     ; Input    ; --            ; (6) 1314 ps   ; --                    ; --  ; --   ;
; aluif.a[21]     ; Input    ; --            ; (6) 1314 ps   ; --                    ; --  ; --   ;
; aluif.b[1]      ; Input    ; (6) 1314 ps   ; --            ; --                    ; --  ; --   ;
; aluif.a[22]     ; Input    ; --            ; (6) 1314 ps   ; --                    ; --  ; --   ;
; aluif.a[20]     ; Input    ; (6) 1314 ps   ; --            ; --                    ; --  ; --   ;
; aluif.b[0]      ; Input    ; --            ; (6) 1314 ps   ; --                    ; --  ; --   ;
; aluif.a[19]     ; Input    ; (6) 1314 ps   ; --            ; --                    ; --  ; --   ;
; aluif.a[17]     ; Input    ; (6) 1314 ps   ; --            ; --                    ; --  ; --   ;
; aluif.a[18]     ; Input    ; (6) 1314 ps   ; --            ; --                    ; --  ; --   ;
; aluif.a[16]     ; Input    ; (6) 1314 ps   ; --            ; --                    ; --  ; --   ;
; aluif.b[2]      ; Input    ; (6) 1314 ps   ; --            ; --                    ; --  ; --   ;
; aluif.b[3]      ; Input    ; (6) 1314 ps   ; --            ; --                    ; --  ; --   ;
; aluif.a[29]     ; Input    ; (6) 1314 ps   ; --            ; --                    ; --  ; --   ;
; aluif.a[28]     ; Input    ; (6) 1314 ps   ; --            ; --                    ; --  ; --   ;
; aluif.a[31]     ; Input    ; (6) 1314 ps   ; --            ; --                    ; --  ; --   ;
; aluif.a[30]     ; Input    ; (6) 1314 ps   ; --            ; --                    ; --  ; --   ;
; aluif.a[27]     ; Input    ; (6) 1314 ps   ; --            ; --                    ; --  ; --   ;
; aluif.a[25]     ; Input    ; (6) 1314 ps   ; --            ; --                    ; --  ; --   ;
; aluif.a[26]     ; Input    ; (6) 1314 ps   ; --            ; --                    ; --  ; --   ;
; aluif.a[24]     ; Input    ; (6) 1314 ps   ; --            ; --                    ; --  ; --   ;
; aluif.a[15]     ; Input    ; (6) 1314 ps   ; --            ; --                    ; --  ; --   ;
; aluif.a[13]     ; Input    ; (6) 1314 ps   ; --            ; --                    ; --  ; --   ;
; aluif.a[14]     ; Input    ; (6) 1314 ps   ; --            ; --                    ; --  ; --   ;
; aluif.a[12]     ; Input    ; (6) 1314 ps   ; --            ; --                    ; --  ; --   ;
; aluif.a[11]     ; Input    ; (6) 1314 ps   ; --            ; --                    ; --  ; --   ;
; aluif.a[9]      ; Input    ; (6) 1314 ps   ; --            ; --                    ; --  ; --   ;
; aluif.a[10]     ; Input    ; --            ; (6) 1314 ps   ; --                    ; --  ; --   ;
; aluif.a[8]      ; Input    ; (6) 1314 ps   ; --            ; --                    ; --  ; --   ;
; aluif.a[7]      ; Input    ; (6) 1314 ps   ; --            ; --                    ; --  ; --   ;
; aluif.a[6]      ; Input    ; --            ; (6) 1314 ps   ; --                    ; --  ; --   ;
; aluif.a[5]      ; Input    ; --            ; (6) 1314 ps   ; --                    ; --  ; --   ;
; aluif.a[4]      ; Input    ; (6) 1314 ps   ; --            ; --                    ; --  ; --   ;
; aluif.a[1]      ; Input    ; (6) 1314 ps   ; --            ; --                    ; --  ; --   ;
; aluif.a[0]      ; Input    ; (6) 1314 ps   ; --            ; --                    ; --  ; --   ;
; aluif.a[3]      ; Input    ; --            ; (6) 1314 ps   ; --                    ; --  ; --   ;
; aluif.a[2]      ; Input    ; (6) 1314 ps   ; --            ; --                    ; --  ; --   ;
; aluif.b[4]      ; Input    ; (6) 1314 ps   ; --            ; --                    ; --  ; --   ;
; aluif.b[31]     ; Input    ; (6) 1314 ps   ; --            ; --                    ; --  ; --   ;
; aluif.b[30]     ; Input    ; (6) 1314 ps   ; --            ; --                    ; --  ; --   ;
; aluif.b[29]     ; Input    ; (6) 1314 ps   ; --            ; --                    ; --  ; --   ;
; aluif.b[28]     ; Input    ; (6) 1314 ps   ; --            ; --                    ; --  ; --   ;
; aluif.b[27]     ; Input    ; (6) 1314 ps   ; --            ; --                    ; --  ; --   ;
; aluif.b[26]     ; Input    ; --            ; (6) 1314 ps   ; --                    ; --  ; --   ;
; aluif.b[25]     ; Input    ; (6) 1314 ps   ; --            ; --                    ; --  ; --   ;
; aluif.b[24]     ; Input    ; (6) 1314 ps   ; --            ; --                    ; --  ; --   ;
; aluif.b[23]     ; Input    ; --            ; (6) 1314 ps   ; --                    ; --  ; --   ;
; aluif.b[22]     ; Input    ; (6) 1314 ps   ; --            ; --                    ; --  ; --   ;
; aluif.b[21]     ; Input    ; --            ; (6) 1314 ps   ; --                    ; --  ; --   ;
; aluif.b[20]     ; Input    ; (6) 1314 ps   ; --            ; --                    ; --  ; --   ;
; aluif.b[19]     ; Input    ; (6) 1314 ps   ; --            ; --                    ; --  ; --   ;
; aluif.b[18]     ; Input    ; (6) 1314 ps   ; --            ; --                    ; --  ; --   ;
; aluif.b[17]     ; Input    ; (6) 1314 ps   ; --            ; --                    ; --  ; --   ;
; aluif.b[16]     ; Input    ; --            ; (6) 1314 ps   ; --                    ; --  ; --   ;
; aluif.b[15]     ; Input    ; (6) 1314 ps   ; --            ; --                    ; --  ; --   ;
; aluif.b[14]     ; Input    ; (6) 1314 ps   ; --            ; --                    ; --  ; --   ;
; aluif.b[13]     ; Input    ; --            ; (6) 1314 ps   ; --                    ; --  ; --   ;
; aluif.b[12]     ; Input    ; --            ; (6) 1314 ps   ; --                    ; --  ; --   ;
; aluif.b[11]     ; Input    ; (6) 1314 ps   ; --            ; --                    ; --  ; --   ;
; aluif.b[10]     ; Input    ; (6) 1314 ps   ; --            ; --                    ; --  ; --   ;
; aluif.b[9]      ; Input    ; --            ; (6) 1314 ps   ; --                    ; --  ; --   ;
; aluif.b[8]      ; Input    ; (6) 1314 ps   ; --            ; --                    ; --  ; --   ;
; aluif.b[7]      ; Input    ; (6) 1314 ps   ; --            ; --                    ; --  ; --   ;
; aluif.b[6]      ; Input    ; (6) 1314 ps   ; --            ; --                    ; --  ; --   ;
; aluif.b[5]      ; Input    ; (6) 1314 ps   ; --            ; --                    ; --  ; --   ;
+-----------------+----------+---------------+---------------+-----------------------+-----+------+


+-----------------------------------------------------+
; Pad To Core Delay Chain Fanout                      ;
+-----------------------+-------------------+---------+
; Source Pin / Fanout   ; Pad To Core Index ; Setting ;
+-----------------------+-------------------+---------+
; aluif.opcode[0]       ;                   ;         ;
; aluif.opcode[1]       ;                   ;         ;
; aluif.opcode[2]       ;                   ;         ;
;      - Selector0~0    ; 0                 ; 6       ;
;      - Selector0~1    ; 0                 ; 6       ;
;      - Selector0~2    ; 0                 ; 6       ;
;      - Selector0~3    ; 0                 ; 6       ;
;      - Selector0~4    ; 0                 ; 6       ;
;      - Selector31~3   ; 0                 ; 6       ;
;      - Selector0~5    ; 0                 ; 6       ;
;      - Selector0~6    ; 0                 ; 6       ;
;      - Selector0~7    ; 0                 ; 6       ;
;      - Selector23~0   ; 0                 ; 6       ;
;      - Selector0~19   ; 0                 ; 6       ;
;      - Selector0~20   ; 0                 ; 6       ;
;      - Selector0~21   ; 0                 ; 6       ;
;      - Selector23~2   ; 0                 ; 6       ;
; aluif.opcode[3]       ;                   ;         ;
;      - Selector0~0    ; 1                 ; 6       ;
;      - Selector0~1    ; 1                 ; 6       ;
;      - Selector0~2    ; 1                 ; 6       ;
;      - Selector0~3    ; 1                 ; 6       ;
;      - Selector0~4    ; 1                 ; 6       ;
;      - Selector31~3   ; 1                 ; 6       ;
;      - Selector0~5    ; 1                 ; 6       ;
;      - Selector0~6    ; 1                 ; 6       ;
;      - Selector0~7    ; 1                 ; 6       ;
;      - Selector23~0   ; 1                 ; 6       ;
;      - Selector0~19   ; 1                 ; 6       ;
;      - Selector0~20   ; 1                 ; 6       ;
;      - Selector0~21   ; 1                 ; 6       ;
;      - Selector23~3   ; 1                 ; 6       ;
;      - Selector23~4   ; 1                 ; 6       ;
;      - Selector26~0   ; 1                 ; 6       ;
;      - Selector29~1   ; 1                 ; 6       ;
; aluif.a[23]           ;                   ;         ;
;      - Add1~46        ; 1                 ; 6       ;
;      - Add0~46        ; 1                 ; 6       ;
;      - LessThan1~47   ; 1                 ; 6       ;
;      - LessThan0~47   ; 1                 ; 6       ;
;      - ShiftRight0~0  ; 1                 ; 6       ;
;      - ShiftLeft0~15  ; 1                 ; 6       ;
;      - ShiftRight1~30 ; 1                 ; 6       ;
;      - ShiftLeft0~55  ; 1                 ; 6       ;
;      - ShiftLeft0~74  ; 1                 ; 6       ;
;      - Selector8~4    ; 1                 ; 6       ;
;      - out~10         ; 1                 ; 6       ;
; aluif.a[21]           ;                   ;         ;
;      - Add1~42        ; 1                 ; 6       ;
;      - Add0~42        ; 1                 ; 6       ;
;      - LessThan1~43   ; 1                 ; 6       ;
;      - LessThan0~43   ; 1                 ; 6       ;
;      - ShiftRight0~0  ; 1                 ; 6       ;
;      - ShiftLeft0~15  ; 1                 ; 6       ;
;      - ShiftRight1~28 ; 1                 ; 6       ;
;      - ShiftLeft0~58  ; 1                 ; 6       ;
;      - ShiftLeft0~71  ; 1                 ; 6       ;
;      - Selector10~8   ; 1                 ; 6       ;
;      - Selector10~10  ; 1                 ; 6       ;
; aluif.b[1]            ;                   ;         ;
;      - Add1~2         ; 0                 ; 6       ;
;      - Add0~2         ; 0                 ; 6       ;
;      - LessThan1~3    ; 0                 ; 6       ;
;      - LessThan0~3    ; 0                 ; 6       ;
;      - ShiftRight0~0  ; 0                 ; 6       ;
;      - ShiftRight1~0  ; 0                 ; 6       ;
;      - ShiftRight0~2  ; 0                 ; 6       ;
;      - ShiftRight1~1  ; 0                 ; 6       ;
;      - ShiftRight0~5  ; 0                 ; 6       ;
;      - ShiftRight0~6  ; 0                 ; 6       ;
;      - ShiftRight0~7  ; 0                 ; 6       ;
;      - ShiftRight1~3  ; 0                 ; 6       ;
;      - ShiftRight0~11 ; 0                 ; 6       ;
;      - ShiftRight1~4  ; 0                 ; 6       ;
;      - ShiftRight0~13 ; 0                 ; 6       ;
;      - ShiftRight1~5  ; 0                 ; 6       ;
;      - ShiftRight0~16 ; 0                 ; 6       ;
;      - ShiftRight0~17 ; 0                 ; 6       ;
;      - ShiftRight0~18 ; 0                 ; 6       ;
;      - ShiftRight0~19 ; 0                 ; 6       ;
;      - Selector15~1   ; 0                 ; 6       ;
;      - Selector0~8    ; 0                 ; 6       ;
;      - Selector0~9    ; 0                 ; 6       ;
;      - ShiftLeft0~8   ; 0                 ; 6       ;
;      - ShiftLeft0~10  ; 0                 ; 6       ;
;      - ShiftLeft0~11  ; 0                 ; 6       ;
;      - ShiftLeft0~12  ; 0                 ; 6       ;
;      - ShiftLeft0~14  ; 0                 ; 6       ;
;      - ShiftLeft0~15  ; 0                 ; 6       ;
;      - ShiftLeft0~17  ; 0                 ; 6       ;
;      - ShiftLeft0~18  ; 0                 ; 6       ;
;      - ShiftLeft0~20  ; 0                 ; 6       ;
;      - ShiftLeft0~21  ; 0                 ; 6       ;
;      - ShiftLeft0~24  ; 0                 ; 6       ;
;      - ShiftLeft0~26  ; 0                 ; 6       ;
;      - ShiftLeft0~27  ; 0                 ; 6       ;
;      - ShiftLeft0~28  ; 0                 ; 6       ;
;      - ShiftRight1~8  ; 0                 ; 6       ;
;      - ShiftRight1~10 ; 0                 ; 6       ;
;      - ShiftRight1~12 ; 0                 ; 6       ;
;      - Selector30~1   ; 0                 ; 6       ;
;      - Selector30~2   ; 0                 ; 6       ;
;      - ShiftRight1~14 ; 0                 ; 6       ;
;      - ShiftRight1~17 ; 0                 ; 6       ;
;      - ShiftRight1~18 ; 0                 ; 6       ;
;      - Selector30~6   ; 0                 ; 6       ;
;      - ShiftRight0~21 ; 0                 ; 6       ;
;      - Selector30~11  ; 0                 ; 6       ;
;      - ShiftRight1~21 ; 0                 ; 6       ;
;      - ShiftRight1~23 ; 0                 ; 6       ;
;      - ShiftLeft0~34  ; 0                 ; 6       ;
;      - ShiftLeft0~35  ; 0                 ; 6       ;
;      - ShiftLeft0~37  ; 0                 ; 6       ;
;      - ShiftLeft0~38  ; 0                 ; 6       ;
;      - ShiftLeft0~40  ; 0                 ; 6       ;
;      - ShiftLeft0~41  ; 0                 ; 6       ;
;      - ShiftLeft0~43  ; 0                 ; 6       ;
;      - ShiftLeft0~44  ; 0                 ; 6       ;
;      - ShiftLeft0~47  ; 0                 ; 6       ;
;      - ShiftRight1~26 ; 0                 ; 6       ;
;      - ShiftRight1~27 ; 0                 ; 6       ;
;      - ShiftRight1~28 ; 0                 ; 6       ;
;      - ShiftRight1~30 ; 0                 ; 6       ;
;      - ShiftRight1~35 ; 0                 ; 6       ;
;      - ShiftRight1~37 ; 0                 ; 6       ;
;      - ShiftLeft0~50  ; 0                 ; 6       ;
;      - ShiftRight1~41 ; 0                 ; 6       ;
;      - ShiftLeft0~51  ; 0                 ; 6       ;
;      - Selector27~7   ; 0                 ; 6       ;
;      - Selector18~1   ; 0                 ; 6       ;
;      - Selector2~6    ; 0                 ; 6       ;
;      - ShiftLeft0~55  ; 0                 ; 6       ;
;      - ShiftLeft0~56  ; 0                 ; 6       ;
;      - ShiftLeft0~58  ; 0                 ; 6       ;
;      - ShiftLeft0~59  ; 0                 ; 6       ;
;      - ShiftLeft0~65  ; 0                 ; 6       ;
;      - ShiftLeft0~66  ; 0                 ; 6       ;
;      - ShiftLeft0~71  ; 0                 ; 6       ;
;      - Selector1~3    ; 0                 ; 6       ;
;      - Selector1~5    ; 0                 ; 6       ;
;      - Selector1~6    ; 0                 ; 6       ;
;      - ShiftLeft0~74  ; 0                 ; 6       ;
;      - ShiftLeft0~76  ; 0                 ; 6       ;
;      - ShiftRight1~45 ; 0                 ; 6       ;
;      - ShiftLeft0~84  ; 0                 ; 6       ;
;      - ShiftRight1~47 ; 0                 ; 6       ;
;      - ShiftRight0~24 ; 0                 ; 6       ;
;      - ShiftRight0~25 ; 0                 ; 6       ;
;      - ShiftRight1~51 ; 0                 ; 6       ;
;      - ShiftLeft0~87  ; 0                 ; 6       ;
;      - ShiftRight1~58 ; 0                 ; 6       ;
;      - ShiftRight1~59 ; 0                 ; 6       ;
;      - ShiftLeft0~91  ; 0                 ; 6       ;
;      - Selector14~14  ; 0                 ; 6       ;
;      - Selector17~11  ; 0                 ; 6       ;
; aluif.a[22]           ;                   ;         ;
;      - Add1~44        ; 1                 ; 6       ;
;      - Add0~44        ; 1                 ; 6       ;
;      - LessThan1~45   ; 1                 ; 6       ;
;      - LessThan0~45   ; 1                 ; 6       ;
;      - ShiftRight1~0  ; 1                 ; 6       ;
;      - ShiftLeft0~14  ; 1                 ; 6       ;
;      - ShiftRight1~21 ; 1                 ; 6       ;
;      - ShiftLeft0~56  ; 1                 ; 6       ;
;      - Selector9~5    ; 1                 ; 6       ;
;      - out~4          ; 1                 ; 6       ;
; aluif.a[20]           ;                   ;         ;
;      - Add1~40        ; 0                 ; 6       ;
;      - Add0~40        ; 0                 ; 6       ;
;      - LessThan1~41   ; 0                 ; 6       ;
;      - LessThan0~41   ; 0                 ; 6       ;
;      - ShiftRight1~0  ; 0                 ; 6       ;
;      - ShiftLeft0~14  ; 0                 ; 6       ;
;      - ShiftRight1~23 ; 0                 ; 6       ;
;      - ShiftLeft0~59  ; 0                 ; 6       ;
;      - Selector11~2   ; 0                 ; 6       ;
;      - Selector11~6   ; 0                 ; 6       ;
; aluif.b[0]            ;                   ;         ;
;      - Add0~0         ; 1                 ; 6       ;
;      - Add1~0         ; 1                 ; 6       ;
;      - LessThan1~1    ; 1                 ; 6       ;
;      - LessThan0~1    ; 1                 ; 6       ;
;      - ShiftRight0~1  ; 1                 ; 6       ;
;      - ShiftRight0~3  ; 1                 ; 6       ;
;      - ShiftRight0~5  ; 1                 ; 6       ;
;      - ShiftRight1~2  ; 1                 ; 6       ;
;      - ShiftRight0~8  ; 1                 ; 6       ;
;      - ShiftRight0~12 ; 1                 ; 6       ;
;      - ShiftRight0~14 ; 1                 ; 6       ;
;      - ShiftRight0~16 ; 1                 ; 6       ;
;      - ShiftRight1~6  ; 1                 ; 6       ;
;      - ShiftRight0~18 ; 1                 ; 6       ;
;      - ShiftRight1~7  ; 1                 ; 6       ;
;      - Selector31~1   ; 1                 ; 6       ;
;      - Selector15~1   ; 1                 ; 6       ;
;      - Selector31~5   ; 1                 ; 6       ;
;      - Selector0~8    ; 1                 ; 6       ;
;      - ShiftLeft0~7   ; 1                 ; 6       ;
;      - ShiftLeft0~8   ; 1                 ; 6       ;
;      - ShiftLeft0~9   ; 1                 ; 6       ;
;      - ShiftLeft0~13  ; 1                 ; 6       ;
;      - ShiftLeft0~16  ; 1                 ; 6       ;
;      - ShiftLeft0~19  ; 1                 ; 6       ;
;      - ShiftLeft0~22  ; 1                 ; 6       ;
;      - ShiftLeft0~24  ; 1                 ; 6       ;
;      - ShiftLeft0~25  ; 1                 ; 6       ;
;      - ShiftLeft0~29  ; 1                 ; 6       ;
;      - ShiftRight1~9  ; 1                 ; 6       ;
;      - ShiftRight1~10 ; 1                 ; 6       ;
;      - ShiftRight1~11 ; 1                 ; 6       ;
;      - Selector30~1   ; 1                 ; 6       ;
;      - ShiftRight1~13 ; 1                 ; 6       ;
;      - ShiftRight1~15 ; 1                 ; 6       ;
;      - ShiftRight1~16 ; 1                 ; 6       ;
;      - ShiftRight1~19 ; 1                 ; 6       ;
;      - ShiftRight0~21 ; 1                 ; 6       ;
;      - ShiftRight1~22 ; 1                 ; 6       ;
;      - ShiftRight1~24 ; 1                 ; 6       ;
;      - ShiftLeft0~36  ; 1                 ; 6       ;
;      - ShiftLeft0~39  ; 1                 ; 6       ;
;      - ShiftLeft0~42  ; 1                 ; 6       ;
;      - ShiftLeft0~45  ; 1                 ; 6       ;
;      - ShiftLeft0~47  ; 1                 ; 6       ;
;      - ShiftRight1~26 ; 1                 ; 6       ;
;      - ShiftRight1~29 ; 1                 ; 6       ;
;      - ShiftRight1~31 ; 1                 ; 6       ;
;      - ShiftRight1~36 ; 1                 ; 6       ;
;      - ShiftRight1~38 ; 1                 ; 6       ;
;      - ShiftLeft0~51  ; 1                 ; 6       ;
;      - ShiftLeft0~52  ; 1                 ; 6       ;
;      - ShiftLeft0~55  ; 1                 ; 6       ;
;      - ShiftLeft0~57  ; 1                 ; 6       ;
;      - ShiftLeft0~58  ; 1                 ; 6       ;
;      - ShiftLeft0~60  ; 1                 ; 6       ;
;      - ShiftLeft0~62  ; 1                 ; 6       ;
;      - ShiftLeft0~63  ; 1                 ; 6       ;
;      - ShiftLeft0~65  ; 1                 ; 6       ;
;      - ShiftLeft0~66  ; 1                 ; 6       ;
;      - ShiftLeft0~67  ; 1                 ; 6       ;
;      - ShiftLeft0~70  ; 1                 ; 6       ;
;      - ShiftLeft0~72  ; 1                 ; 6       ;
;      - Selector1~5    ; 1                 ; 6       ;
;      - ShiftLeft0~73  ; 1                 ; 6       ;
;      - ShiftLeft0~74  ; 1                 ; 6       ;
;      - ShiftLeft0~75  ; 1                 ; 6       ;
;      - ShiftLeft0~77  ; 1                 ; 6       ;
;      - ShiftLeft0~78  ; 1                 ; 6       ;
;      - ShiftLeft0~79  ; 1                 ; 6       ;
;      - ShiftLeft0~80  ; 1                 ; 6       ;
;      - ShiftLeft0~82  ; 1                 ; 6       ;
;      - ShiftLeft0~83  ; 1                 ; 6       ;
;      - ShiftLeft0~84  ; 1                 ; 6       ;
;      - ShiftRight1~47 ; 1                 ; 6       ;
;      - ShiftRight1~48 ; 1                 ; 6       ;
;      - ShiftRight1~49 ; 1                 ; 6       ;
;      - ShiftRight1~51 ; 1                 ; 6       ;
;      - ShiftRight1~53 ; 1                 ; 6       ;
;      - ShiftRight1~54 ; 1                 ; 6       ;
;      - ShiftRight1~56 ; 1                 ; 6       ;
;      - ShiftLeft0~86  ; 1                 ; 6       ;
;      - ShiftRight1~58 ; 1                 ; 6       ;
;      - ShiftRight1~60 ; 1                 ; 6       ;
;      - Selector25~6   ; 1                 ; 6       ;
;      - ShiftLeft0~91  ; 1                 ; 6       ;
;      - Selector24~7   ; 1                 ; 6       ;
;      - ShiftRight1~63 ; 1                 ; 6       ;
;      - ShiftLeft0~94  ; 1                 ; 6       ;
; aluif.a[19]           ;                   ;         ;
;      - Add1~38        ; 0                 ; 6       ;
;      - Add0~38        ; 0                 ; 6       ;
;      - LessThan1~39   ; 0                 ; 6       ;
;      - LessThan0~39   ; 0                 ; 6       ;
;      - ShiftRight0~2  ; 0                 ; 6       ;
;      - ShiftLeft0~12  ; 0                 ; 6       ;
;      - Selector12~4   ; 0                 ; 6       ;
;      - out~1          ; 0                 ; 6       ;
;      - ShiftRight1~28 ; 0                 ; 6       ;
;      - ShiftLeft0~58  ; 0                 ; 6       ;
;      - ShiftLeft0~71  ; 0                 ; 6       ;
; aluif.a[17]           ;                   ;         ;
;      - Add1~34        ; 0                 ; 6       ;
;      - Add0~34        ; 0                 ; 6       ;
;      - LessThan1~35   ; 0                 ; 6       ;
;      - LessThan0~35   ; 0                 ; 6       ;
;      - ShiftRight0~2  ; 0                 ; 6       ;
;      - ShiftLeft0~12  ; 0                 ; 6       ;
;      - ShiftLeft0~44  ; 0                 ; 6       ;
;      - out~0          ; 0                 ; 6       ;
;      - Selector14~10  ; 0                 ; 6       ;
;      - Selector14~12  ; 0                 ; 6       ;
;      - ShiftRight1~37 ; 0                 ; 6       ;
; aluif.a[18]           ;                   ;         ;
;      - Add1~36        ; 0                 ; 6       ;
;      - Add0~36        ; 0                 ; 6       ;
;      - LessThan1~37   ; 0                 ; 6       ;
;      - LessThan0~37   ; 0                 ; 6       ;
;      - ShiftRight1~1  ; 0                 ; 6       ;
;      - ShiftLeft0~11  ; 0                 ; 6       ;
;      - ShiftRight1~23 ; 0                 ; 6       ;
;      - ShiftLeft0~59  ; 0                 ; 6       ;
;      - Selector13~2   ; 0                 ; 6       ;
;      - out~7          ; 0                 ; 6       ;
; aluif.a[16]           ;                   ;         ;
;      - Add1~32        ; 0                 ; 6       ;
;      - Add0~32        ; 0                 ; 6       ;
;      - LessThan1~33   ; 0                 ; 6       ;
;      - LessThan0~33   ; 0                 ; 6       ;
;      - ShiftRight1~1  ; 0                 ; 6       ;
;      - ShiftLeft0~11  ; 0                 ; 6       ;
;      - ShiftRight1~14 ; 0                 ; 6       ;
;      - ShiftLeft0~43  ; 0                 ; 6       ;
;      - Selector15~3   ; 0                 ; 6       ;
;      - Selector15~5   ; 0                 ; 6       ;
; aluif.b[2]            ;                   ;         ;
;      - Add1~4         ; 0                 ; 6       ;
;      - Add0~4         ; 0                 ; 6       ;
;      - LessThan1~5    ; 0                 ; 6       ;
;      - LessThan0~5    ; 0                 ; 6       ;
;      - ShiftRight0~4  ; 0                 ; 6       ;
;      - ShiftRight0~9  ; 0                 ; 6       ;
;      - ShiftRight0~15 ; 0                 ; 6       ;
;      - ShiftRight0~17 ; 0                 ; 6       ;
;      - ShiftRight0~19 ; 0                 ; 6       ;
;      - Selector15~1   ; 0                 ; 6       ;
;      - Selector0~9    ; 0                 ; 6       ;
;      - Selector0~10   ; 0                 ; 6       ;
;      - Selector0~11   ; 0                 ; 6       ;
;      - ShiftLeft0~23  ; 0                 ; 6       ;
;      - ShiftLeft0~30  ; 0                 ; 6       ;
;      - Selector7~2    ; 0                 ; 6       ;
;      - ShiftLeft0~32  ; 0                 ; 6       ;
;      - ShiftLeft0~33  ; 0                 ; 6       ;
;      - Selector30~3   ; 0                 ; 6       ;
;      - ShiftRight1~17 ; 0                 ; 6       ;
;      - ShiftRight1~20 ; 0                 ; 6       ;
;      - ShiftRight0~22 ; 0                 ; 6       ;
;      - Selector14~2   ; 0                 ; 6       ;
;      - Selector14~3   ; 0                 ; 6       ;
;      - ShiftLeft0~46  ; 0                 ; 6       ;
;      - ShiftRight0~23 ; 0                 ; 6       ;
;      - ShiftLeft0~48  ; 0                 ; 6       ;
;      - ShiftRight1~33 ; 0                 ; 6       ;
;      - Selector12~9   ; 0                 ; 6       ;
;      - Selector20~2   ; 0                 ; 6       ;
;      - Selector20~7   ; 0                 ; 6       ;
;      - ShiftRight1~36 ; 0                 ; 6       ;
;      - ShiftRight1~39 ; 0                 ; 6       ;
;      - Selector26~0   ; 0                 ; 6       ;
;      - ShiftLeft0~50  ; 0                 ; 6       ;
;      - Selector26~6   ; 0                 ; 6       ;
;      - ShiftRight1~41 ; 0                 ; 6       ;
;      - Selector27~3   ; 0                 ; 6       ;
;      - Selector27~5   ; 0                 ; 6       ;
;      - ShiftLeft0~53  ; 0                 ; 6       ;
;      - Selector10~6   ; 0                 ; 6       ;
;      - Selector2~6    ; 0                 ; 6       ;
;      - ShiftLeft0~61  ; 0                 ; 6       ;
;      - ShiftLeft0~64  ; 0                 ; 6       ;
;      - ShiftLeft0~68  ; 0                 ; 6       ;
;      - Selector1~2    ; 0                 ; 6       ;
;      - Selector1~6    ; 0                 ; 6       ;
;      - Selector1~7    ; 0                 ; 6       ;
;      - ShiftLeft0~77  ; 0                 ; 6       ;
;      - ShiftLeft0~78  ; 0                 ; 6       ;
;      - ShiftLeft0~81  ; 0                 ; 6       ;
;      - Selector11~5   ; 0                 ; 6       ;
;      - ShiftLeft0~84  ; 0                 ; 6       ;
;      - Selector9~4    ; 0                 ; 6       ;
;      - Selector16~2   ; 0                 ; 6       ;
;      - Selector16~7   ; 0                 ; 6       ;
;      - ShiftLeft0~85  ; 0                 ; 6       ;
;      - ShiftRight0~25 ; 0                 ; 6       ;
;      - ShiftRight1~52 ; 0                 ; 6       ;
;      - ShiftRight1~53 ; 0                 ; 6       ;
;      - ShiftRight1~55 ; 0                 ; 6       ;
;      - Selector21~4   ; 0                 ; 6       ;
;      - Selector22~5   ; 0                 ; 6       ;
;      - ShiftLeft0~87  ; 0                 ; 6       ;
;      - Selector22~7   ; 0                 ; 6       ;
;      - Selector25~1   ; 0                 ; 6       ;
;      - Selector25~7   ; 0                 ; 6       ;
;      - Selector29~0   ; 0                 ; 6       ;
;      - Selector29~7   ; 0                 ; 6       ;
;      - Selector15~2   ; 0                 ; 6       ;
;      - ShiftLeft0~89  ; 0                 ; 6       ;
;      - ShiftLeft0~90  ; 0                 ; 6       ;
;      - Selector13~6   ; 0                 ; 6       ;
;      - Selector23~8   ; 0                 ; 6       ;
;      - Selector23~11  ; 0                 ; 6       ;
;      - ShiftLeft0~91  ; 0                 ; 6       ;
;      - Selector18~6   ; 0                 ; 6       ;
;      - Selector18~8   ; 0                 ; 6       ;
;      - Selector19~4   ; 0                 ; 6       ;
;      - Selector19~6   ; 0                 ; 6       ;
;      - Selector11~10  ; 0                 ; 6       ;
;      - Selector24~8   ; 0                 ; 6       ;
;      - Selector24~12  ; 0                 ; 6       ;
;      - Selector8~3    ; 0                 ; 6       ;
;      - Selector17~3   ; 0                 ; 6       ;
;      - Selector17~9   ; 0                 ; 6       ;
;      - Selector6~3    ; 0                 ; 6       ;
;      - Selector7~4    ; 0                 ; 6       ;
;      - Selector14~14  ; 0                 ; 6       ;
;      - Selector20~12  ; 0                 ; 6       ;
;      - ShiftLeft0~95  ; 0                 ; 6       ;
;      - Selector13~11  ; 0                 ; 6       ;
;      - ShiftLeft0~96  ; 0                 ; 6       ;
;      - Selector17~11  ; 0                 ; 6       ;
;      - ShiftLeft0~97  ; 0                 ; 6       ;
; aluif.b[3]            ;                   ;         ;
;      - Add1~6         ; 0                 ; 6       ;
;      - Add0~6         ; 0                 ; 6       ;
;      - LessThan1~7    ; 0                 ; 6       ;
;      - LessThan0~7    ; 0                 ; 6       ;
;      - ShiftRight0~4  ; 0                 ; 6       ;
;      - ShiftRight0~10 ; 0                 ; 6       ;
;      - ShiftRight0~15 ; 0                 ; 6       ;
;      - ShiftRight0~20 ; 0                 ; 6       ;
;      - Selector15~1   ; 0                 ; 6       ;
;      - Selector0~10   ; 0                 ; 6       ;
;      - Selector0~11   ; 0                 ; 6       ;
;      - ShiftLeft0~23  ; 0                 ; 6       ;
;      - ShiftLeft0~31  ; 0                 ; 6       ;
;      - Selector7~2    ; 0                 ; 6       ;
;      - ShiftLeft0~32  ; 0                 ; 6       ;
;      - ShiftLeft0~33  ; 0                 ; 6       ;
;      - Selector30~3   ; 0                 ; 6       ;
;      - Selector30~5   ; 0                 ; 6       ;
;      - Selector30~9   ; 0                 ; 6       ;
;      - Selector10~2   ; 0                 ; 6       ;
;      - Selector14~3   ; 0                 ; 6       ;
;      - Selector14~6   ; 0                 ; 6       ;
;      - Selector14~9   ; 0                 ; 6       ;
;      - Selector12~3   ; 0                 ; 6       ;
;      - Selector12~5   ; 0                 ; 6       ;
;      - ShiftRight1~33 ; 0                 ; 6       ;
;      - Selector20~2   ; 0                 ; 6       ;
;      - Selector20~5   ; 0                 ; 6       ;
;      - Selector23~3   ; 0                 ; 6       ;
;      - Selector23~4   ; 0                 ; 6       ;
;      - Selector26~0   ; 0                 ; 6       ;
;      - Selector7~3    ; 0                 ; 6       ;
;      - ShiftRight1~42 ; 0                 ; 6       ;
;      - ShiftLeft0~54  ; 0                 ; 6       ;
;      - Selector2~6    ; 0                 ; 6       ;
;      - ShiftLeft0~64  ; 0                 ; 6       ;
;      - ShiftLeft0~69  ; 0                 ; 6       ;
;      - Selector1~1    ; 0                 ; 6       ;
;      - Selector1~4    ; 0                 ; 6       ;
;      - Selector10~9   ; 0                 ; 6       ;
;      - Selector10~12  ; 0                 ; 6       ;
;      - Selector11~3   ; 0                 ; 6       ;
;      - ShiftRight1~46 ; 0                 ; 6       ;
;      - Selector9~2    ; 0                 ; 6       ;
;      - Selector9~3    ; 0                 ; 6       ;
;      - Selector16~3   ; 0                 ; 6       ;
;      - ShiftLeft0~85  ; 0                 ; 6       ;
;      - Selector21~1   ; 0                 ; 6       ;
;      - ShiftRight1~57 ; 0                 ; 6       ;
;      - Selector22~0   ; 0                 ; 6       ;
;      - Selector22~2   ; 0                 ; 6       ;
;      - ShiftLeft0~87  ; 0                 ; 6       ;
;      - Selector29~9   ; 0                 ; 6       ;
;      - Selector15~8   ; 0                 ; 6       ;
;      - Selector13~3   ; 0                 ; 6       ;
;      - Selector13~10  ; 0                 ; 6       ;
;      - Selector23~10  ; 0                 ; 6       ;
;      - ShiftLeft0~91  ; 0                 ; 6       ;
;      - ShiftLeft0~93  ; 0                 ; 6       ;
;      - Selector8~1    ; 0                 ; 6       ;
;      - Selector8~2    ; 0                 ; 6       ;
;      - Selector8~8    ; 0                 ; 6       ;
;      - Selector28~1   ; 0                 ; 6       ;
;      - out~12         ; 0                 ; 6       ;
;      - Selector7~4    ; 0                 ; 6       ;
;      - Selector7~5    ; 0                 ; 6       ;
;      - Selector14~14  ; 0                 ; 6       ;
;      - Selector20~12  ; 0                 ; 6       ;
;      - ShiftLeft0~95  ; 0                 ; 6       ;
;      - Selector24~14  ; 0                 ; 6       ;
;      - Selector13~11  ; 0                 ; 6       ;
;      - ShiftLeft0~96  ; 0                 ; 6       ;
;      - Selector24~15  ; 0                 ; 6       ;
;      - Selector17~11  ; 0                 ; 6       ;
;      - Selector6~11   ; 0                 ; 6       ;
;      - Selector5~10   ; 0                 ; 6       ;
;      - Selector7~13   ; 0                 ; 6       ;
;      - ShiftLeft0~97  ; 0                 ; 6       ;
; aluif.a[29]           ;                   ;         ;
;      - Add1~58        ; 0                 ; 6       ;
;      - Add0~58        ; 0                 ; 6       ;
;      - LessThan1~59   ; 0                 ; 6       ;
;      - LessThan0~59   ; 0                 ; 6       ;
;      - ShiftRight0~5  ; 0                 ; 6       ;
;      - ShiftLeft0~7   ; 0                 ; 6       ;
;      - ShiftRight1~16 ; 0                 ; 6       ;
;      - Selector2~3    ; 0                 ; 6       ;
;      - Selector2~4    ; 0                 ; 6       ;
;      - Selector1~5    ; 0                 ; 6       ;
;      - ShiftRight1~47 ; 0                 ; 6       ;
; aluif.a[28]           ;                   ;         ;
;      - Add1~56        ; 0                 ; 6       ;
;      - Add0~56        ; 0                 ; 6       ;
;      - LessThan1~57   ; 0                 ; 6       ;
;      - LessThan0~57   ; 0                 ; 6       ;
;      - ShiftRight0~5  ; 0                 ; 6       ;
;      - ShiftLeft0~7   ; 0                 ; 6       ;
;      - ShiftRight1~18 ; 0                 ; 6       ;
;      - ShiftRight1~26 ; 0                 ; 6       ;
;      - ShiftLeft0~73  ; 0                 ; 6       ;
;      - Selector3~1    ; 0                 ; 6       ;
;      - Selector3~4    ; 0                 ; 6       ;
; aluif.a[31]           ;                   ;         ;
;      - LessThan1~62   ; 0                 ; 6       ;
;      - LessThan0~62   ; 0                 ; 6       ;
;      - Add1~62        ; 0                 ; 6       ;
;      - Add0~62        ; 0                 ; 6       ;
;      - ShiftRight1~2  ; 0                 ; 6       ;
;      - Selector0~8    ; 0                 ; 6       ;
;      - Selector0~15   ; 0                 ; 6       ;
;      - Selector0~16   ; 0                 ; 6       ;
;      - ShiftRight1~17 ; 0                 ; 6       ;
;      - ShiftRight0~21 ; 0                 ; 6       ;
;      - Selector10~5   ; 0                 ; 6       ;
;      - ShiftRight0~23 ; 0                 ; 6       ;
;      - ShiftRight1~33 ; 0                 ; 6       ;
;      - Selector20~2   ; 0                 ; 6       ;
;      - ShiftRight1~41 ; 0                 ; 6       ;
;      - Selector18~1   ; 0                 ; 6       ;
;      - Selector1~13   ; 0                 ; 6       ;
;      - ShiftRight1~46 ; 0                 ; 6       ;
;      - Selector16~3   ; 0                 ; 6       ;
;      - ShiftRight1~51 ; 0                 ; 6       ;
;      - ShiftRight1~57 ; 0                 ; 6       ;
;      - Selector8~8    ; 0                 ; 6       ;
;      - Selector17~5   ; 0                 ; 6       ;
;      - Selector5~5    ; 0                 ; 6       ;
;      - Selector3~2    ; 0                 ; 6       ;
;      - overflow~0     ; 0                 ; 6       ;
;      - overflow~1     ; 0                 ; 6       ;
;      - Selector12~11  ; 0                 ; 6       ;
;      - Selector10~17  ; 0                 ; 6       ;
;      - Selector11~11  ; 0                 ; 6       ;
;      - Selector24~14  ; 0                 ; 6       ;
;      - Selector24~15  ; 0                 ; 6       ;
;      - Selector6~11   ; 0                 ; 6       ;
;      - Selector5~10   ; 0                 ; 6       ;
;      - Selector7~13   ; 0                 ; 6       ;
; aluif.a[30]           ;                   ;         ;
;      - Add1~60        ; 0                 ; 6       ;
;      - Add0~60        ; 0                 ; 6       ;
;      - LessThan1~61   ; 0                 ; 6       ;
;      - LessThan0~61   ; 0                 ; 6       ;
;      - ShiftRight1~2  ; 0                 ; 6       ;
;      - Selector0~8    ; 0                 ; 6       ;
;      - ShiftRight1~16 ; 0                 ; 6       ;
;      - Selector1~5    ; 0                 ; 6       ;
;      - Selector1~10   ; 0                 ; 6       ;
;      - Selector1~11   ; 0                 ; 6       ;
;      - ShiftRight1~46 ; 0                 ; 6       ;
;      - ShiftRight1~51 ; 0                 ; 6       ;
;      - Selector17~5   ; 0                 ; 6       ;
; aluif.a[27]           ;                   ;         ;
;      - Add1~54        ; 0                 ; 6       ;
;      - Add0~54        ; 0                 ; 6       ;
;      - LessThan1~55   ; 0                 ; 6       ;
;      - LessThan0~55   ; 0                 ; 6       ;
;      - ShiftRight0~7  ; 0                 ; 6       ;
;      - ShiftLeft0~9   ; 0                 ; 6       ;
;      - ShiftRight1~26 ; 0                 ; 6       ;
;      - ShiftLeft0~73  ; 0                 ; 6       ;
;      - ShiftRight1~47 ; 0                 ; 6       ;
;      - Selector4~2    ; 0                 ; 6       ;
;      - Selector4~3    ; 0                 ; 6       ;
; aluif.a[25]           ;                   ;         ;
;      - Add1~50        ; 0                 ; 6       ;
;      - Add0~50        ; 0                 ; 6       ;
;      - LessThan1~51   ; 0                 ; 6       ;
;      - LessThan0~51   ; 0                 ; 6       ;
;      - ShiftRight0~7  ; 0                 ; 6       ;
;      - ShiftLeft0~8   ; 0                 ; 6       ;
;      - ShiftRight1~30 ; 0                 ; 6       ;
;      - ShiftLeft0~55  ; 0                 ; 6       ;
;      - ShiftLeft0~75  ; 0                 ; 6       ;
;      - Selector6~4    ; 0                 ; 6       ;
;      - Selector6~6    ; 0                 ; 6       ;
; aluif.a[26]           ;                   ;         ;
;      - Add1~52        ; 0                 ; 6       ;
;      - Add0~52        ; 0                 ; 6       ;
;      - LessThan1~53   ; 0                 ; 6       ;
;      - LessThan0~53   ; 0                 ; 6       ;
;      - ShiftRight1~3  ; 0                 ; 6       ;
;      - ShiftLeft0~9   ; 0                 ; 6       ;
;      - ShiftRight1~18 ; 0                 ; 6       ;
;      - ShiftLeft0~75  ; 0                 ; 6       ;
;      - Selector5~6    ; 0                 ; 6       ;
;      - Selector5~7    ; 0                 ; 6       ;
; aluif.a[24]           ;                   ;         ;
;      - Add1~48        ; 0                 ; 6       ;
;      - Add0~48        ; 0                 ; 6       ;
;      - LessThan1~49   ; 0                 ; 6       ;
;      - LessThan0~49   ; 0                 ; 6       ;
;      - ShiftRight1~3  ; 0                 ; 6       ;
;      - ShiftLeft0~8   ; 0                 ; 6       ;
;      - ShiftRight1~21 ; 0                 ; 6       ;
;      - ShiftLeft0~56  ; 0                 ; 6       ;
;      - ShiftLeft0~74  ; 0                 ; 6       ;
;      - Selector7~6    ; 0                 ; 6       ;
;      - Selector7~7    ; 0                 ; 6       ;
; aluif.a[15]           ;                   ;         ;
;      - Add1~30        ; 0                 ; 6       ;
;      - Add0~30        ; 0                 ; 6       ;
;      - LessThan1~31   ; 0                 ; 6       ;
;      - LessThan0~31   ; 0                 ; 6       ;
;      - ShiftRight0~11 ; 0                 ; 6       ;
;      - ShiftLeft0~21  ; 0                 ; 6       ;
;      - ShiftLeft0~44  ; 0                 ; 6       ;
;      - ShiftRight1~37 ; 0                 ; 6       ;
;      - Selector16~0   ; 0                 ; 6       ;
;      - out~5          ; 0                 ; 6       ;
; aluif.a[13]           ;                   ;         ;
;      - Add1~26        ; 0                 ; 6       ;
;      - Add0~26        ; 0                 ; 6       ;
;      - LessThan1~27   ; 0                 ; 6       ;
;      - LessThan0~27   ; 0                 ; 6       ;
;      - ShiftRight0~11 ; 0                 ; 6       ;
;      - ShiftLeft0~21  ; 0                 ; 6       ;
;      - ShiftLeft0~41  ; 0                 ; 6       ;
;      - ShiftRight1~35 ; 0                 ; 6       ;
;      - Selector18~3   ; 0                 ; 6       ;
;      - Selector18~4   ; 0                 ; 6       ;
; aluif.a[14]           ;                   ;         ;
;      - Add1~28        ; 0                 ; 6       ;
;      - Add0~28        ; 0                 ; 6       ;
;      - LessThan1~29   ; 0                 ; 6       ;
;      - LessThan0~29   ; 0                 ; 6       ;
;      - ShiftRight1~4  ; 0                 ; 6       ;
;      - ShiftLeft0~20  ; 0                 ; 6       ;
;      - ShiftRight1~14 ; 0                 ; 6       ;
;      - ShiftLeft0~43  ; 0                 ; 6       ;
;      - Selector17~4   ; 0                 ; 6       ;
;      - out~11         ; 0                 ; 6       ;
; aluif.a[12]           ;                   ;         ;
;      - Add1~24        ; 0                 ; 6       ;
;      - Add0~24        ; 0                 ; 6       ;
;      - LessThan1~25   ; 0                 ; 6       ;
;      - LessThan0~25   ; 0                 ; 6       ;
;      - ShiftRight1~4  ; 0                 ; 6       ;
;      - ShiftLeft0~20  ; 0                 ; 6       ;
;      - ShiftRight1~8  ; 0                 ; 6       ;
;      - ShiftLeft0~40  ; 0                 ; 6       ;
;      - Selector19~2   ; 0                 ; 6       ;
;      - out~9          ; 0                 ; 6       ;
; aluif.a[11]           ;                   ;         ;
;      - Add1~22        ; 0                 ; 6       ;
;      - Add0~22        ; 0                 ; 6       ;
;      - LessThan1~23   ; 0                 ; 6       ;
;      - LessThan0~23   ; 0                 ; 6       ;
;      - ShiftRight0~13 ; 0                 ; 6       ;
;      - ShiftLeft0~18  ; 0                 ; 6       ;
;      - ShiftLeft0~41  ; 0                 ; 6       ;
;      - Selector20~6   ; 0                 ; 6       ;
;      - Selector20~8   ; 0                 ; 6       ;
;      - ShiftRight1~35 ; 0                 ; 6       ;
; aluif.a[9]            ;                   ;         ;
;      - Add1~18        ; 0                 ; 6       ;
;      - Add0~18        ; 0                 ; 6       ;
;      - LessThan1~19   ; 0                 ; 6       ;
;      - LessThan0~19   ; 0                 ; 6       ;
;      - ShiftRight0~13 ; 0                 ; 6       ;
;      - ShiftLeft0~18  ; 0                 ; 6       ;
;      - ShiftLeft0~38  ; 0                 ; 6       ;
;      - Selector22~1   ; 0                 ; 6       ;
;      - out~6          ; 0                 ; 6       ;
;      - ShiftRight1~59 ; 0                 ; 6       ;
; aluif.a[10]           ;                   ;         ;
;      - Add1~20        ; 1                 ; 6       ;
;      - Add0~20        ; 1                 ; 6       ;
;      - LessThan1~21   ; 1                 ; 6       ;
;      - LessThan0~21   ; 1                 ; 6       ;
;      - ShiftRight1~5  ; 1                 ; 6       ;
;      - ShiftLeft0~17  ; 1                 ; 6       ;
;      - ShiftRight1~8  ; 1                 ; 6       ;
;      - ShiftLeft0~40  ; 1                 ; 6       ;
;      - Selector21~2   ; 1                 ; 6       ;
;      - Selector21~5   ; 1                 ; 6       ;
; aluif.a[8]            ;                   ;         ;
;      - Add1~16        ; 0                 ; 6       ;
;      - Add0~16        ; 0                 ; 6       ;
;      - LessThan1~17   ; 0                 ; 6       ;
;      - LessThan0~17   ; 0                 ; 6       ;
;      - ShiftRight1~5  ; 0                 ; 6       ;
;      - ShiftLeft0~17  ; 0                 ; 6       ;
;      - ShiftRight1~10 ; 0                 ; 6       ;
;      - ShiftLeft0~37  ; 0                 ; 6       ;
;      - ShiftRight1~58 ; 0                 ; 6       ;
;      - Selector23~6   ; 0                 ; 6       ;
;      - out~8          ; 0                 ; 6       ;
; aluif.a[7]            ;                   ;         ;
;      - Add1~14        ; 0                 ; 6       ;
;      - Add0~14        ; 0                 ; 6       ;
;      - LessThan1~15   ; 0                 ; 6       ;
;      - LessThan0~15   ; 0                 ; 6       ;
;      - ShiftRight0~16 ; 0                 ; 6       ;
;      - ShiftLeft0~28  ; 0                 ; 6       ;
;      - ShiftRight1~10 ; 0                 ; 6       ;
;      - ShiftLeft0~38  ; 0                 ; 6       ;
;      - ShiftRight1~59 ; 0                 ; 6       ;
;      - Selector24~5   ; 0                 ; 6       ;
;      - Selector24~9   ; 0                 ; 6       ;
; aluif.a[6]            ;                   ;         ;
;      - Add1~12        ; 1                 ; 6       ;
;      - Add0~12        ; 1                 ; 6       ;
;      - LessThan1~13   ; 1                 ; 6       ;
;      - LessThan0~13   ; 1                 ; 6       ;
;      - ShiftRight0~16 ; 1                 ; 6       ;
;      - ShiftLeft0~27  ; 1                 ; 6       ;
;      - ShiftRight1~11 ; 1                 ; 6       ;
;      - ShiftLeft0~37  ; 1                 ; 6       ;
;      - ShiftRight1~58 ; 1                 ; 6       ;
;      - Selector25~4   ; 1                 ; 6       ;
;      - Selector25~8   ; 1                 ; 6       ;
; aluif.a[5]            ;                   ;         ;
;      - Add1~10        ; 1                 ; 6       ;
;      - Add0~10        ; 1                 ; 6       ;
;      - LessThan1~11   ; 1                 ; 6       ;
;      - LessThan0~11   ; 1                 ; 6       ;
;      - ShiftRight1~6  ; 1                 ; 6       ;
;      - ShiftLeft0~28  ; 1                 ; 6       ;
;      - ShiftRight1~11 ; 1                 ; 6       ;
;      - ShiftLeft0~35  ; 1                 ; 6       ;
;      - Selector26~2   ; 1                 ; 6       ;
;      - out~2          ; 1                 ; 6       ;
; aluif.a[4]            ;                   ;         ;
;      - Add1~8         ; 0                 ; 6       ;
;      - Add0~8         ; 0                 ; 6       ;
;      - LessThan1~9    ; 0                 ; 6       ;
;      - LessThan0~9    ; 0                 ; 6       ;
;      - ShiftRight1~6  ; 0                 ; 6       ;
;      - ShiftLeft0~27  ; 0                 ; 6       ;
;      - ShiftRight1~13 ; 0                 ; 6       ;
;      - ShiftLeft0~34  ; 0                 ; 6       ;
;      - Selector27~1   ; 0                 ; 6       ;
;      - out~3          ; 0                 ; 6       ;
; aluif.a[1]            ;                   ;         ;
;      - Add1~2         ; 0                 ; 6       ;
;      - Add0~2         ; 0                 ; 6       ;
;      - LessThan1~3    ; 0                 ; 6       ;
;      - LessThan0~3    ; 0                 ; 6       ;
;      - ShiftRight0~18 ; 0                 ; 6       ;
;      - ShiftLeft0~25  ; 0                 ; 6       ;
;      - Selector30~1   ; 0                 ; 6       ;
;      - Selector30~6   ; 0                 ; 6       ;
;      - Selector30~11  ; 0                 ; 6       ;
;      - ShiftLeft0~51  ; 0                 ; 6       ;
;      - ShiftLeft0~66  ; 0                 ; 6       ;
; aluif.a[0]            ;                   ;         ;
;      - Add0~0         ; 0                 ; 6       ;
;      - Add1~0         ; 0                 ; 6       ;
;      - LessThan1~1    ; 0                 ; 6       ;
;      - LessThan0~1    ; 0                 ; 6       ;
;      - ShiftRight0~18 ; 0                 ; 6       ;
;      - Selector31~2   ; 0                 ; 6       ;
;      - ShiftLeft0~25  ; 0                 ; 6       ;
;      - ShiftLeft0~53  ; 0                 ; 6       ;
;      - ShiftLeft0~65  ; 0                 ; 6       ;
;      - Selector15~6   ; 0                 ; 6       ;
;      - ShiftLeft0~92  ; 0                 ; 6       ;
; aluif.a[3]            ;                   ;         ;
;      - Add1~6         ; 1                 ; 6       ;
;      - Add0~6         ; 1                 ; 6       ;
;      - LessThan1~7    ; 1                 ; 6       ;
;      - LessThan0~7    ; 1                 ; 6       ;
;      - ShiftRight1~7  ; 1                 ; 6       ;
;      - ShiftLeft0~24  ; 1                 ; 6       ;
;      - ShiftRight1~13 ; 1                 ; 6       ;
;      - ShiftLeft0~35  ; 1                 ; 6       ;
;      - ShiftLeft0~51  ; 1                 ; 6       ;
;      - Selector28~0   ; 1                 ; 6       ;
;      - out~12         ; 1                 ; 6       ;
;      - Selector28~4   ; 1                 ; 6       ;
; aluif.a[2]            ;                   ;         ;
;      - Add1~4         ; 0                 ; 6       ;
;      - Add0~4         ; 0                 ; 6       ;
;      - LessThan1~5    ; 0                 ; 6       ;
;      - LessThan0~5    ; 0                 ; 6       ;
;      - ShiftRight1~7  ; 0                 ; 6       ;
;      - ShiftLeft0~24  ; 0                 ; 6       ;
;      - Selector30~1   ; 0                 ; 6       ;
;      - ShiftLeft0~34  ; 0                 ; 6       ;
;      - ShiftLeft0~65  ; 0                 ; 6       ;
;      - Selector29~0   ; 0                 ; 6       ;
;      - Selector29~7   ; 0                 ; 6       ;
; aluif.b[4]            ;                   ;         ;
;      - Add1~8         ; 0                 ; 6       ;
;      - Add0~8         ; 0                 ; 6       ;
;      - LessThan1~9    ; 0                 ; 6       ;
;      - LessThan0~9    ; 0                 ; 6       ;
;      - Selector31~0   ; 0                 ; 6       ;
;      - ShiftLeft0~6   ; 0                 ; 6       ;
;      - Selector0~12   ; 0                 ; 6       ;
;      - Selector0~13   ; 0                 ; 6       ;
;      - Selector30~4   ; 0                 ; 6       ;
;      - Selector30~5   ; 0                 ; 6       ;
;      - Selector30~7   ; 0                 ; 6       ;
;      - Selector30~9   ; 0                 ; 6       ;
;      - Selector30~13  ; 0                 ; 6       ;
;      - Selector10~2   ; 0                 ; 6       ;
;      - Selector9~0    ; 0                 ; 6       ;
;      - Selector14~5   ; 0                 ; 6       ;
;      - Selector10~3   ; 0                 ; 6       ;
;      - Selector10~4   ; 0                 ; 6       ;
;      - Selector12~2   ; 0                 ; 6       ;
;      - Selector23~1   ; 0                 ; 6       ;
;      - Selector23~2   ; 0                 ; 6       ;
;      - Selector7~3    ; 0                 ; 6       ;
;      - Selector27~1   ; 0                 ; 6       ;
;      - out~3          ; 0                 ; 6       ;
;      - Selector2~2    ; 0                 ; 6       ;
;      - Selector1~0    ; 0                 ; 6       ;
;      - Selector1~8    ; 0                 ; 6       ;
;      - Selector10~12  ; 0                 ; 6       ;
;      - Selector23~5   ; 0                 ; 6       ;
;      - Selector15~7   ; 0                 ; 6       ;
;      - Selector28~3   ; 0                 ; 6       ;
;      - Selector7~4    ; 0                 ; 6       ;
;      - Selector10~16  ; 0                 ; 6       ;
;      - Selector13~11  ; 0                 ; 6       ;
; aluif.b[31]           ;                   ;         ;
;      - LessThan1~62   ; 0                 ; 6       ;
;      - LessThan0~62   ; 0                 ; 6       ;
;      - Add1~62        ; 0                 ; 6       ;
;      - Add0~62        ; 0                 ; 6       ;
;      - Selector0~14   ; 0                 ; 6       ;
;      - Selector0~16   ; 0                 ; 6       ;
;      - overflow~0     ; 0                 ; 6       ;
; aluif.b[30]           ;                   ;         ;
;      - Add1~60        ; 0                 ; 6       ;
;      - Add0~60        ; 0                 ; 6       ;
;      - LessThan1~61   ; 0                 ; 6       ;
;      - LessThan0~61   ; 0                 ; 6       ;
;      - Selector1~9    ; 0                 ; 6       ;
;      - Selector1~11   ; 0                 ; 6       ;
; aluif.b[29]           ;                   ;         ;
;      - Add1~58        ; 0                 ; 6       ;
;      - Add0~58        ; 0                 ; 6       ;
;      - LessThan1~59   ; 0                 ; 6       ;
;      - LessThan0~59   ; 0                 ; 6       ;
;      - Selector2~3    ; 0                 ; 6       ;
;      - Selector2~4    ; 0                 ; 6       ;
; aluif.b[28]           ;                   ;         ;
;      - Add1~56        ; 0                 ; 6       ;
;      - Add0~56        ; 0                 ; 6       ;
;      - LessThan1~57   ; 0                 ; 6       ;
;      - LessThan0~57   ; 0                 ; 6       ;
;      - Selector3~1    ; 0                 ; 6       ;
;      - Selector3~4    ; 0                 ; 6       ;
; aluif.b[27]           ;                   ;         ;
;      - Add1~54        ; 0                 ; 6       ;
;      - Add0~54        ; 0                 ; 6       ;
;      - LessThan1~55   ; 0                 ; 6       ;
;      - LessThan0~55   ; 0                 ; 6       ;
;      - Selector4~2    ; 0                 ; 6       ;
;      - Selector4~3    ; 0                 ; 6       ;
; aluif.b[26]           ;                   ;         ;
;      - Add1~52        ; 1                 ; 6       ;
;      - Add0~52        ; 1                 ; 6       ;
;      - LessThan1~53   ; 1                 ; 6       ;
;      - LessThan0~53   ; 1                 ; 6       ;
;      - Selector5~6    ; 1                 ; 6       ;
;      - Selector5~7    ; 1                 ; 6       ;
; aluif.b[25]           ;                   ;         ;
;      - Add1~50        ; 0                 ; 6       ;
;      - Add0~50        ; 0                 ; 6       ;
;      - LessThan1~51   ; 0                 ; 6       ;
;      - LessThan0~51   ; 0                 ; 6       ;
;      - Selector6~4    ; 0                 ; 6       ;
;      - Selector6~6    ; 0                 ; 6       ;
; aluif.b[24]           ;                   ;         ;
;      - Add1~48        ; 0                 ; 6       ;
;      - Add0~48        ; 0                 ; 6       ;
;      - LessThan1~49   ; 0                 ; 6       ;
;      - LessThan0~49   ; 0                 ; 6       ;
;      - Selector7~6    ; 0                 ; 6       ;
;      - Selector7~7    ; 0                 ; 6       ;
; aluif.b[23]           ;                   ;         ;
;      - Add1~46        ; 1                 ; 6       ;
;      - Add0~46        ; 1                 ; 6       ;
;      - LessThan1~47   ; 1                 ; 6       ;
;      - LessThan0~47   ; 1                 ; 6       ;
;      - Selector8~4    ; 1                 ; 6       ;
;      - out~10         ; 1                 ; 6       ;
; aluif.b[22]           ;                   ;         ;
;      - Add1~44        ; 0                 ; 6       ;
;      - Add0~44        ; 0                 ; 6       ;
;      - LessThan1~45   ; 0                 ; 6       ;
;      - LessThan0~45   ; 0                 ; 6       ;
;      - Selector9~5    ; 0                 ; 6       ;
;      - out~4          ; 0                 ; 6       ;
; aluif.b[21]           ;                   ;         ;
;      - Add1~42        ; 1                 ; 6       ;
;      - Add0~42        ; 1                 ; 6       ;
;      - LessThan1~43   ; 1                 ; 6       ;
;      - LessThan0~43   ; 1                 ; 6       ;
;      - Selector10~8   ; 1                 ; 6       ;
;      - Selector10~10  ; 1                 ; 6       ;
; aluif.b[20]           ;                   ;         ;
;      - Add1~40        ; 0                 ; 6       ;
;      - Add0~40        ; 0                 ; 6       ;
;      - LessThan1~41   ; 0                 ; 6       ;
;      - LessThan0~41   ; 0                 ; 6       ;
;      - Selector11~2   ; 0                 ; 6       ;
;      - Selector11~6   ; 0                 ; 6       ;
; aluif.b[19]           ;                   ;         ;
;      - Add1~38        ; 0                 ; 6       ;
;      - Add0~38        ; 0                 ; 6       ;
;      - LessThan1~39   ; 0                 ; 6       ;
;      - LessThan0~39   ; 0                 ; 6       ;
;      - Selector12~4   ; 0                 ; 6       ;
;      - out~1          ; 0                 ; 6       ;
; aluif.b[18]           ;                   ;         ;
;      - Add1~36        ; 0                 ; 6       ;
;      - Add0~36        ; 0                 ; 6       ;
;      - LessThan1~37   ; 0                 ; 6       ;
;      - LessThan0~37   ; 0                 ; 6       ;
;      - Selector13~2   ; 0                 ; 6       ;
;      - out~7          ; 0                 ; 6       ;
; aluif.b[17]           ;                   ;         ;
;      - Add1~34        ; 0                 ; 6       ;
;      - Add0~34        ; 0                 ; 6       ;
;      - LessThan1~35   ; 0                 ; 6       ;
;      - LessThan0~35   ; 0                 ; 6       ;
;      - out~0          ; 0                 ; 6       ;
;      - Selector14~10  ; 0                 ; 6       ;
;      - Selector14~12  ; 0                 ; 6       ;
; aluif.b[16]           ;                   ;         ;
;      - Add1~32        ; 1                 ; 6       ;
;      - Add0~32        ; 1                 ; 6       ;
;      - LessThan1~33   ; 1                 ; 6       ;
;      - LessThan0~33   ; 1                 ; 6       ;
;      - Selector15~3   ; 1                 ; 6       ;
;      - Selector15~5   ; 1                 ; 6       ;
; aluif.b[15]           ;                   ;         ;
;      - Add1~30        ; 0                 ; 6       ;
;      - Add0~30        ; 0                 ; 6       ;
;      - LessThan1~31   ; 0                 ; 6       ;
;      - LessThan0~31   ; 0                 ; 6       ;
;      - Selector16~0   ; 0                 ; 6       ;
;      - out~5          ; 0                 ; 6       ;
; aluif.b[14]           ;                   ;         ;
;      - Add1~28        ; 0                 ; 6       ;
;      - Add0~28        ; 0                 ; 6       ;
;      - LessThan1~29   ; 0                 ; 6       ;
;      - LessThan0~29   ; 0                 ; 6       ;
;      - Selector17~4   ; 0                 ; 6       ;
;      - out~11         ; 0                 ; 6       ;
; aluif.b[13]           ;                   ;         ;
;      - Add1~26        ; 1                 ; 6       ;
;      - Add0~26        ; 1                 ; 6       ;
;      - LessThan1~27   ; 1                 ; 6       ;
;      - LessThan0~27   ; 1                 ; 6       ;
;      - Selector18~3   ; 1                 ; 6       ;
;      - Selector18~4   ; 1                 ; 6       ;
; aluif.b[12]           ;                   ;         ;
;      - Add1~24        ; 1                 ; 6       ;
;      - Add0~24        ; 1                 ; 6       ;
;      - LessThan1~25   ; 1                 ; 6       ;
;      - LessThan0~25   ; 1                 ; 6       ;
;      - Selector19~2   ; 1                 ; 6       ;
;      - out~9          ; 1                 ; 6       ;
; aluif.b[11]           ;                   ;         ;
;      - Add1~22        ; 0                 ; 6       ;
;      - Add0~22        ; 0                 ; 6       ;
;      - LessThan1~23   ; 0                 ; 6       ;
;      - LessThan0~23   ; 0                 ; 6       ;
;      - Selector20~6   ; 0                 ; 6       ;
;      - Selector20~8   ; 0                 ; 6       ;
; aluif.b[10]           ;                   ;         ;
;      - Add1~20        ; 0                 ; 6       ;
;      - Add0~20        ; 0                 ; 6       ;
;      - LessThan1~21   ; 0                 ; 6       ;
;      - LessThan0~21   ; 0                 ; 6       ;
;      - Selector21~2   ; 0                 ; 6       ;
;      - Selector21~5   ; 0                 ; 6       ;
; aluif.b[9]            ;                   ;         ;
;      - Add1~18        ; 1                 ; 6       ;
;      - Add0~18        ; 1                 ; 6       ;
;      - LessThan1~19   ; 1                 ; 6       ;
;      - LessThan0~19   ; 1                 ; 6       ;
;      - Selector22~1   ; 1                 ; 6       ;
;      - out~6          ; 1                 ; 6       ;
; aluif.b[8]            ;                   ;         ;
;      - Add1~16        ; 0                 ; 6       ;
;      - Add0~16        ; 0                 ; 6       ;
;      - LessThan1~17   ; 0                 ; 6       ;
;      - LessThan0~17   ; 0                 ; 6       ;
;      - Selector23~6   ; 0                 ; 6       ;
;      - out~8          ; 0                 ; 6       ;
; aluif.b[7]            ;                   ;         ;
;      - Add1~14        ; 0                 ; 6       ;
;      - Add0~14        ; 0                 ; 6       ;
;      - LessThan1~15   ; 0                 ; 6       ;
;      - LessThan0~15   ; 0                 ; 6       ;
;      - Selector24~5   ; 0                 ; 6       ;
;      - Selector24~9   ; 0                 ; 6       ;
; aluif.b[6]            ;                   ;         ;
;      - Add1~12        ; 0                 ; 6       ;
;      - Add0~12        ; 0                 ; 6       ;
;      - LessThan1~13   ; 0                 ; 6       ;
;      - LessThan0~13   ; 0                 ; 6       ;
;      - Selector25~4   ; 0                 ; 6       ;
;      - Selector25~8   ; 0                 ; 6       ;
; aluif.b[5]            ;                   ;         ;
;      - Add1~10        ; 0                 ; 6       ;
;      - Add0~10        ; 0                 ; 6       ;
;      - LessThan1~11   ; 0                 ; 6       ;
;      - LessThan0~11   ; 0                 ; 6       ;
;      - Selector26~2   ; 0                 ; 6       ;
;      - out~2          ; 0                 ; 6       ;
+-----------------------+-------------------+---------+


+---------------------------------------------------+
; Routing Usage Summary                             ;
+-----------------------+---------------------------+
; Routing Resource Type ; Usage                     ;
+-----------------------+---------------------------+
; Block interconnects   ; 1,169 / 342,891 ( < 1 % ) ;
; C16 interconnects     ; 103 / 10,120 ( 1 % )      ;
; C4 interconnects      ; 685 / 209,544 ( < 1 % )   ;
; Direct links          ; 64 / 342,891 ( < 1 % )    ;
; Global clocks         ; 0 / 20 ( 0 % )            ;
; Local interconnects   ; 295 / 119,088 ( < 1 % )   ;
; R24 interconnects     ; 96 / 9,963 ( < 1 % )      ;
; R4 interconnects      ; 694 / 289,782 ( < 1 % )   ;
+-----------------------+---------------------------+


+----------------------------------------------------------------------------+
; LAB Logic Elements                                                         ;
+---------------------------------------------+------------------------------+
; Number of Logic Elements  (Average = 14.98) ; Number of LABs  (Total = 46) ;
+---------------------------------------------+------------------------------+
; 1                                           ; 1                            ;
; 2                                           ; 0                            ;
; 3                                           ; 0                            ;
; 4                                           ; 0                            ;
; 5                                           ; 0                            ;
; 6                                           ; 0                            ;
; 7                                           ; 0                            ;
; 8                                           ; 0                            ;
; 9                                           ; 1                            ;
; 10                                          ; 0                            ;
; 11                                          ; 1                            ;
; 12                                          ; 1                            ;
; 13                                          ; 3                            ;
; 14                                          ; 0                            ;
; 15                                          ; 7                            ;
; 16                                          ; 32                           ;
+---------------------------------------------+------------------------------+


+-----------------------------------------------------------------------------+
; LAB Signals Sourced                                                         ;
+----------------------------------------------+------------------------------+
; Number of Signals Sourced  (Average = 13.63) ; Number of LABs  (Total = 46) ;
+----------------------------------------------+------------------------------+
; 0                                            ; 2                            ;
; 1                                            ; 3                            ;
; 2                                            ; 0                            ;
; 3                                            ; 0                            ;
; 4                                            ; 0                            ;
; 5                                            ; 0                            ;
; 6                                            ; 0                            ;
; 7                                            ; 0                            ;
; 8                                            ; 0                            ;
; 9                                            ; 1                            ;
; 10                                           ; 0                            ;
; 11                                           ; 1                            ;
; 12                                           ; 1                            ;
; 13                                           ; 3                            ;
; 14                                           ; 0                            ;
; 15                                           ; 7                            ;
; 16                                           ; 28                           ;
+----------------------------------------------+------------------------------+


+--------------------------------------------------------------------------------+
; LAB Signals Sourced Out                                                        ;
+-------------------------------------------------+------------------------------+
; Number of Signals Sourced Out  (Average = 8.13) ; Number of LABs  (Total = 46) ;
+-------------------------------------------------+------------------------------+
; 0                                               ; 2                            ;
; 1                                               ; 3                            ;
; 2                                               ; 0                            ;
; 3                                               ; 2                            ;
; 4                                               ; 1                            ;
; 5                                               ; 5                            ;
; 6                                               ; 3                            ;
; 7                                               ; 3                            ;
; 8                                               ; 6                            ;
; 9                                               ; 6                            ;
; 10                                              ; 1                            ;
; 11                                              ; 5                            ;
; 12                                              ; 2                            ;
; 13                                              ; 2                            ;
; 14                                              ; 0                            ;
; 15                                              ; 0                            ;
; 16                                              ; 5                            ;
+-------------------------------------------------+------------------------------+


+-----------------------------------------------------------------------------+
; LAB Distinct Inputs                                                         ;
+----------------------------------------------+------------------------------+
; Number of Distinct Inputs  (Average = 23.78) ; Number of LABs  (Total = 46) ;
+----------------------------------------------+------------------------------+
; 0                                            ; 0                            ;
; 1                                            ; 0                            ;
; 2                                            ; 0                            ;
; 3                                            ; 0                            ;
; 4                                            ; 1                            ;
; 5                                            ; 1                            ;
; 6                                            ; 0                            ;
; 7                                            ; 0                            ;
; 8                                            ; 1                            ;
; 9                                            ; 1                            ;
; 10                                           ; 0                            ;
; 11                                           ; 2                            ;
; 12                                           ; 1                            ;
; 13                                           ; 0                            ;
; 14                                           ; 1                            ;
; 15                                           ; 1                            ;
; 16                                           ; 0                            ;
; 17                                           ; 1                            ;
; 18                                           ; 1                            ;
; 19                                           ; 0                            ;
; 20                                           ; 2                            ;
; 21                                           ; 2                            ;
; 22                                           ; 1                            ;
; 23                                           ; 4                            ;
; 24                                           ; 3                            ;
; 25                                           ; 1                            ;
; 26                                           ; 2                            ;
; 27                                           ; 2                            ;
; 28                                           ; 1                            ;
; 29                                           ; 2                            ;
; 30                                           ; 2                            ;
; 31                                           ; 0                            ;
; 32                                           ; 6                            ;
; 33                                           ; 6                            ;
; 34                                           ; 0                            ;
; 35                                           ; 1                            ;
+----------------------------------------------+------------------------------+


+------------------------------------------+
; I/O Rules Summary                        ;
+----------------------------------+-------+
; I/O Rules Statistic              ; Total ;
+----------------------------------+-------+
; Total I/O Rules                  ; 30    ;
; Number of I/O Rules Passed       ; 9     ;
; Number of I/O Rules Failed       ; 0     ;
; Number of I/O Rules Unchecked    ; 0     ;
; Number of I/O Rules Inapplicable ; 21    ;
+----------------------------------+-------+


+-----------------------------------------------------------------------------------------------------------------------------------------------------------------------------------------------------------------------------------------------------------------------------------------------------+
; I/O Rules Details                                                                                                                                                                                                                                                                                   ;
+--------------+-----------+-----------------------------------+------------------------------------------------------------------------------------------------------+----------+--------------------------------------------------------------------------+---------------------+-------------------+
; Status       ; ID        ; Category                          ; Rule Description                                                                                     ; Severity ; Information                                                              ; Area                ; Extra Information ;
+--------------+-----------+-----------------------------------+------------------------------------------------------------------------------------------------------+----------+--------------------------------------------------------------------------+---------------------+-------------------+
; Inapplicable ; IO_000002 ; Capacity Checks                   ; Number of clocks in an I/O bank should not exceed the number of clocks available.                    ; Critical ; No Global Signal assignments found.                                      ; I/O                 ;                   ;
; Inapplicable ; IO_000001 ; Capacity Checks                   ; Number of pins in an I/O bank should not exceed the number of locations available.                   ; Critical ; No Location assignments found.                                           ; I/O                 ;                   ;
; Inapplicable ; IO_000003 ; Capacity Checks                   ; Number of pins in a Vrefgroup should not exceed the number of locations available.                   ; Critical ; No Location assignments found.                                           ; I/O                 ;                   ;
; Inapplicable ; IO_000004 ; Voltage Compatibility Checks      ; The I/O bank should support the requested VCCIO.                                                     ; Critical ; No IOBANK_VCCIO assignments found.                                       ; I/O                 ;                   ;
; Inapplicable ; IO_000005 ; Voltage Compatibility Checks      ; The I/O bank should not have competing VREF values.                                                  ; Critical ; No VREF I/O Standard assignments found.                                  ; I/O                 ;                   ;
; Pass         ; IO_000006 ; Voltage Compatibility Checks      ; The I/O bank should not have competing VCCIO values.                                                 ; Critical ; 0 such failures found.                                                   ; I/O                 ;                   ;
; Inapplicable ; IO_000007 ; Valid Location Checks             ; Checks for unavailable locations.                                                                    ; Critical ; No Location assignments found.                                           ; I/O                 ;                   ;
; Inapplicable ; IO_000008 ; Valid Location Checks             ; Checks for reserved locations.                                                                       ; Critical ; No reserved LogicLock region found.                                      ; I/O                 ;                   ;
; Inapplicable ; IO_000047 ; I/O Properties Checks for One I/O ; On Chip Termination and Slew Rate should not be used at the same time.                               ; Critical ; No Slew Rate assignments found.                                          ; I/O                 ;                   ;
; Inapplicable ; IO_000046 ; I/O Properties Checks for One I/O ; The location should support the requested Slew Rate value.                                           ; Critical ; No Slew Rate assignments found.                                          ; I/O                 ;                   ;
; Inapplicable ; IO_000045 ; I/O Properties Checks for One I/O ; The I/O standard should support the requested Slew Rate value.                                       ; Critical ; No Slew Rate assignments found.                                          ; I/O                 ;                   ;
; Inapplicable ; IO_000027 ; I/O Properties Checks for One I/O ; Weak Pull Up and Bus Hold should not be used at the same time.                                       ; Critical ; No Enable Bus-Hold Circuitry or Weak Pull-Up Resistor assignments found. ; I/O                 ;                   ;
; Inapplicable ; IO_000026 ; I/O Properties Checks for One I/O ; On Chip Termination and Current Strength should not be used at the same time.                        ; Critical ; No Current Strength assignments found.                                   ; I/O                 ;                   ;
; Pass         ; IO_000024 ; I/O Properties Checks for One I/O ; The I/O direction should support the On Chip Termination value.                                      ; Critical ; 0 such failures found.                                                   ; I/O                 ;                   ;
; Inapplicable ; IO_000023 ; I/O Properties Checks for One I/O ; The I/O standard should support the Open Drain value.                                                ; Critical ; No open drain assignments found.                                         ; I/O                 ;                   ;
; Inapplicable ; IO_000022 ; I/O Properties Checks for One I/O ; The I/O standard should support the requested Bus Hold value.                                        ; Critical ; No Enable Bus-Hold Circuitry assignments found.                          ; I/O                 ;                   ;
; Inapplicable ; IO_000021 ; I/O Properties Checks for One I/O ; The I/O standard should support the requested Weak Pull Up value.                                    ; Critical ; No Weak Pull-Up Resistor assignments found.                              ; I/O                 ;                   ;
; Pass         ; IO_000020 ; I/O Properties Checks for One I/O ; The I/O standard should support the requested PCI Clamp Diode.                                       ; Critical ; 0 such failures found.                                                   ; I/O                 ;                   ;
; Pass         ; IO_000019 ; I/O Properties Checks for One I/O ; The I/O standard should support the requested On Chip Termination value.                             ; Critical ; 0 such failures found.                                                   ; I/O                 ;                   ;
; Inapplicable ; IO_000018 ; I/O Properties Checks for One I/O ; The I/O standard should support the requested Current Strength.                                      ; Critical ; No Current Strength assignments found.                                   ; I/O                 ;                   ;
; Pass         ; IO_000015 ; I/O Properties Checks for One I/O ; The location should support the requested PCI Clamp Diode.                                           ; Critical ; 0 such failures found.                                                   ; I/O                 ;                   ;
; Inapplicable ; IO_000014 ; I/O Properties Checks for One I/O ; The location should support the requested Weak Pull Up value.                                        ; Critical ; No Weak Pull-Up Resistor assignments found.                              ; I/O                 ;                   ;
; Inapplicable ; IO_000013 ; I/O Properties Checks for One I/O ; The location should support the requested Bus Hold value.                                            ; Critical ; No Enable Bus-Hold Circuitry assignments found.                          ; I/O                 ;                   ;
; Pass         ; IO_000012 ; I/O Properties Checks for One I/O ; The location should support the requested On Chip Termination value.                                 ; Critical ; 0 such failures found.                                                   ; I/O                 ;                   ;
; Inapplicable ; IO_000011 ; I/O Properties Checks for One I/O ; The location should support the requested Current Strength.                                          ; Critical ; No Current Strength assignments found.                                   ; I/O                 ;                   ;
; Pass         ; IO_000010 ; I/O Properties Checks for One I/O ; The location should support the requested I/O direction.                                             ; Critical ; 0 such failures found.                                                   ; I/O                 ;                   ;
; Pass         ; IO_000009 ; I/O Properties Checks for One I/O ; The location should support the requested I/O standard.                                              ; Critical ; 0 such failures found.                                                   ; I/O                 ;                   ;
; Pass         ; IO_000033 ; Electromigration Checks           ; Current density for consecutive I/Os should not exceed 240mA for row I/Os and 240mA for column I/Os. ; Critical ; 0 such failures found.                                                   ; I/O                 ;                   ;
; Inapplicable ; IO_000034 ; SI Related Distance Checks        ; Single-ended outputs should be 5 LAB row(s) away from a differential I/O.                            ; High     ; No Differential I/O Standard assignments found.                          ; I/O                 ;                   ;
; Inapplicable ; IO_000042 ; SI Related SSO Limit Checks       ; No more than 20 outputs are allowed in a VREF group when VREF is being read from.                    ; High     ; No VREF I/O Standard assignments found.                                  ; I/O                 ;                   ;
; ----         ; ----      ; Disclaimer                        ; OCT rules are checked but not reported.                                                              ; None     ; ----                                                                     ; On Chip Termination ;                   ;
+--------------+-----------+-----------------------------------+------------------------------------------------------------------------------------------------------+----------+--------------------------------------------------------------------------+---------------------+-------------------+


+--------------------------------------------------------------------------------------------------------------------------------------------------------------------------------------------------------------------------------------------------------------------------------------------------------------------------------------------------------------------------------------------------------------------------------------------------------------------------+
; I/O Rules Matrix                                                                                                                                                                                                                                                                                                                                                                                                                                                         ;
+--------------------+--------------+--------------+--------------+--------------+--------------+-----------+--------------+--------------+--------------+--------------+--------------+--------------+--------------+--------------+--------------+--------------+--------------+--------------+--------------+--------------+--------------+--------------+--------------+--------------+--------------+-----------+-----------+-----------+--------------+--------------+
; Pin/Rules          ; IO_000002    ; IO_000001    ; IO_000003    ; IO_000004    ; IO_000005    ; IO_000006 ; IO_000007    ; IO_000008    ; IO_000047    ; IO_000046    ; IO_000045    ; IO_000027    ; IO_000026    ; IO_000024    ; IO_000023    ; IO_000022    ; IO_000021    ; IO_000020    ; IO_000019    ; IO_000018    ; IO_000015    ; IO_000014    ; IO_000013    ; IO_000012    ; IO_000011    ; IO_000010 ; IO_000009 ; IO_000033 ; IO_000034    ; IO_000042    ;
+--------------------+--------------+--------------+--------------+--------------+--------------+-----------+--------------+--------------+--------------+--------------+--------------+--------------+--------------+--------------+--------------+--------------+--------------+--------------+--------------+--------------+--------------+--------------+--------------+--------------+--------------+-----------+-----------+-----------+--------------+--------------+
; Total Pass         ; 0            ; 0            ; 0            ; 0            ; 0            ; 103       ; 0            ; 0            ; 0            ; 0            ; 0            ; 0            ; 0            ; 35           ; 0            ; 0            ; 0            ; 68           ; 35           ; 0            ; 68           ; 0            ; 0            ; 35           ; 0            ; 103       ; 103       ; 103       ; 0            ; 0            ;
; Total Unchecked    ; 0            ; 0            ; 0            ; 0            ; 0            ; 0         ; 0            ; 0            ; 0            ; 0            ; 0            ; 0            ; 0            ; 0            ; 0            ; 0            ; 0            ; 0            ; 0            ; 0            ; 0            ; 0            ; 0            ; 0            ; 0            ; 0         ; 0         ; 0         ; 0            ; 0            ;
; Total Inapplicable ; 103          ; 103          ; 103          ; 103          ; 103          ; 0         ; 103          ; 103          ; 103          ; 103          ; 103          ; 103          ; 103          ; 68           ; 103          ; 103          ; 103          ; 35           ; 68           ; 103          ; 35           ; 103          ; 103          ; 68           ; 103          ; 0         ; 0         ; 0         ; 103          ; 103          ;
; Total Fail         ; 0            ; 0            ; 0            ; 0            ; 0            ; 0         ; 0            ; 0            ; 0            ; 0            ; 0            ; 0            ; 0            ; 0            ; 0            ; 0            ; 0            ; 0            ; 0            ; 0            ; 0            ; 0            ; 0            ; 0            ; 0            ; 0         ; 0         ; 0         ; 0            ; 0            ;
; aluif.zero         ; Inapplicable ; Inapplicable ; Inapplicable ; Inapplicable ; Inapplicable ; Pass      ; Inapplicable ; Inapplicable ; Inapplicable ; Inapplicable ; Inapplicable ; Inapplicable ; Inapplicable ; Pass         ; Inapplicable ; Inapplicable ; Inapplicable ; Inapplicable ; Pass         ; Inapplicable ; Inapplicable ; Inapplicable ; Inapplicable ; Pass         ; Inapplicable ; Pass      ; Pass      ; Pass      ; Inapplicable ; Inapplicable ;
; aluif.overflow     ; Inapplicable ; Inapplicable ; Inapplicable ; Inapplicable ; Inapplicable ; Pass      ; Inapplicable ; Inapplicable ; Inapplicable ; Inapplicable ; Inapplicable ; Inapplicable ; Inapplicable ; Pass         ; Inapplicable ; Inapplicable ; Inapplicable ; Inapplicable ; Pass         ; Inapplicable ; Inapplicable ; Inapplicable ; Inapplicable ; Pass         ; Inapplicable ; Pass      ; Pass      ; Pass      ; Inapplicable ; Inapplicable ;
; aluif.negative     ; Inapplicable ; Inapplicable ; Inapplicable ; Inapplicable ; Inapplicable ; Pass      ; Inapplicable ; Inapplicable ; Inapplicable ; Inapplicable ; Inapplicable ; Inapplicable ; Inapplicable ; Pass         ; Inapplicable ; Inapplicable ; Inapplicable ; Inapplicable ; Pass         ; Inapplicable ; Inapplicable ; Inapplicable ; Inapplicable ; Pass         ; Inapplicable ; Pass      ; Pass      ; Pass      ; Inapplicable ; Inapplicable ;
; aluif.out[0]       ; Inapplicable ; Inapplicable ; Inapplicable ; Inapplicable ; Inapplicable ; Pass      ; Inapplicable ; Inapplicable ; Inapplicable ; Inapplicable ; Inapplicable ; Inapplicable ; Inapplicable ; Pass         ; Inapplicable ; Inapplicable ; Inapplicable ; Inapplicable ; Pass         ; Inapplicable ; Inapplicable ; Inapplicable ; Inapplicable ; Pass         ; Inapplicable ; Pass      ; Pass      ; Pass      ; Inapplicable ; Inapplicable ;
; aluif.out[1]       ; Inapplicable ; Inapplicable ; Inapplicable ; Inapplicable ; Inapplicable ; Pass      ; Inapplicable ; Inapplicable ; Inapplicable ; Inapplicable ; Inapplicable ; Inapplicable ; Inapplicable ; Pass         ; Inapplicable ; Inapplicable ; Inapplicable ; Inapplicable ; Pass         ; Inapplicable ; Inapplicable ; Inapplicable ; Inapplicable ; Pass         ; Inapplicable ; Pass      ; Pass      ; Pass      ; Inapplicable ; Inapplicable ;
; aluif.out[2]       ; Inapplicable ; Inapplicable ; Inapplicable ; Inapplicable ; Inapplicable ; Pass      ; Inapplicable ; Inapplicable ; Inapplicable ; Inapplicable ; Inapplicable ; Inapplicable ; Inapplicable ; Pass         ; Inapplicable ; Inapplicable ; Inapplicable ; Inapplicable ; Pass         ; Inapplicable ; Inapplicable ; Inapplicable ; Inapplicable ; Pass         ; Inapplicable ; Pass      ; Pass      ; Pass      ; Inapplicable ; Inapplicable ;
; aluif.out[3]       ; Inapplicable ; Inapplicable ; Inapplicable ; Inapplicable ; Inapplicable ; Pass      ; Inapplicable ; Inapplicable ; Inapplicable ; Inapplicable ; Inapplicable ; Inapplicable ; Inapplicable ; Pass         ; Inapplicable ; Inapplicable ; Inapplicable ; Inapplicable ; Pass         ; Inapplicable ; Inapplicable ; Inapplicable ; Inapplicable ; Pass         ; Inapplicable ; Pass      ; Pass      ; Pass      ; Inapplicable ; Inapplicable ;
; aluif.out[4]       ; Inapplicable ; Inapplicable ; Inapplicable ; Inapplicable ; Inapplicable ; Pass      ; Inapplicable ; Inapplicable ; Inapplicable ; Inapplicable ; Inapplicable ; Inapplicable ; Inapplicable ; Pass         ; Inapplicable ; Inapplicable ; Inapplicable ; Inapplicable ; Pass         ; Inapplicable ; Inapplicable ; Inapplicable ; Inapplicable ; Pass         ; Inapplicable ; Pass      ; Pass      ; Pass      ; Inapplicable ; Inapplicable ;
; aluif.out[5]       ; Inapplicable ; Inapplicable ; Inapplicable ; Inapplicable ; Inapplicable ; Pass      ; Inapplicable ; Inapplicable ; Inapplicable ; Inapplicable ; Inapplicable ; Inapplicable ; Inapplicable ; Pass         ; Inapplicable ; Inapplicable ; Inapplicable ; Inapplicable ; Pass         ; Inapplicable ; Inapplicable ; Inapplicable ; Inapplicable ; Pass         ; Inapplicable ; Pass      ; Pass      ; Pass      ; Inapplicable ; Inapplicable ;
; aluif.out[6]       ; Inapplicable ; Inapplicable ; Inapplicable ; Inapplicable ; Inapplicable ; Pass      ; Inapplicable ; Inapplicable ; Inapplicable ; Inapplicable ; Inapplicable ; Inapplicable ; Inapplicable ; Pass         ; Inapplicable ; Inapplicable ; Inapplicable ; Inapplicable ; Pass         ; Inapplicable ; Inapplicable ; Inapplicable ; Inapplicable ; Pass         ; Inapplicable ; Pass      ; Pass      ; Pass      ; Inapplicable ; Inapplicable ;
; aluif.out[7]       ; Inapplicable ; Inapplicable ; Inapplicable ; Inapplicable ; Inapplicable ; Pass      ; Inapplicable ; Inapplicable ; Inapplicable ; Inapplicable ; Inapplicable ; Inapplicable ; Inapplicable ; Pass         ; Inapplicable ; Inapplicable ; Inapplicable ; Inapplicable ; Pass         ; Inapplicable ; Inapplicable ; Inapplicable ; Inapplicable ; Pass         ; Inapplicable ; Pass      ; Pass      ; Pass      ; Inapplicable ; Inapplicable ;
; aluif.out[8]       ; Inapplicable ; Inapplicable ; Inapplicable ; Inapplicable ; Inapplicable ; Pass      ; Inapplicable ; Inapplicable ; Inapplicable ; Inapplicable ; Inapplicable ; Inapplicable ; Inapplicable ; Pass         ; Inapplicable ; Inapplicable ; Inapplicable ; Inapplicable ; Pass         ; Inapplicable ; Inapplicable ; Inapplicable ; Inapplicable ; Pass         ; Inapplicable ; Pass      ; Pass      ; Pass      ; Inapplicable ; Inapplicable ;
; aluif.out[9]       ; Inapplicable ; Inapplicable ; Inapplicable ; Inapplicable ; Inapplicable ; Pass      ; Inapplicable ; Inapplicable ; Inapplicable ; Inapplicable ; Inapplicable ; Inapplicable ; Inapplicable ; Pass         ; Inapplicable ; Inapplicable ; Inapplicable ; Inapplicable ; Pass         ; Inapplicable ; Inapplicable ; Inapplicable ; Inapplicable ; Pass         ; Inapplicable ; Pass      ; Pass      ; Pass      ; Inapplicable ; Inapplicable ;
; aluif.out[10]      ; Inapplicable ; Inapplicable ; Inapplicable ; Inapplicable ; Inapplicable ; Pass      ; Inapplicable ; Inapplicable ; Inapplicable ; Inapplicable ; Inapplicable ; Inapplicable ; Inapplicable ; Pass         ; Inapplicable ; Inapplicable ; Inapplicable ; Inapplicable ; Pass         ; Inapplicable ; Inapplicable ; Inapplicable ; Inapplicable ; Pass         ; Inapplicable ; Pass      ; Pass      ; Pass      ; Inapplicable ; Inapplicable ;
; aluif.out[11]      ; Inapplicable ; Inapplicable ; Inapplicable ; Inapplicable ; Inapplicable ; Pass      ; Inapplicable ; Inapplicable ; Inapplicable ; Inapplicable ; Inapplicable ; Inapplicable ; Inapplicable ; Pass         ; Inapplicable ; Inapplicable ; Inapplicable ; Inapplicable ; Pass         ; Inapplicable ; Inapplicable ; Inapplicable ; Inapplicable ; Pass         ; Inapplicable ; Pass      ; Pass      ; Pass      ; Inapplicable ; Inapplicable ;
; aluif.out[12]      ; Inapplicable ; Inapplicable ; Inapplicable ; Inapplicable ; Inapplicable ; Pass      ; Inapplicable ; Inapplicable ; Inapplicable ; Inapplicable ; Inapplicable ; Inapplicable ; Inapplicable ; Pass         ; Inapplicable ; Inapplicable ; Inapplicable ; Inapplicable ; Pass         ; Inapplicable ; Inapplicable ; Inapplicable ; Inapplicable ; Pass         ; Inapplicable ; Pass      ; Pass      ; Pass      ; Inapplicable ; Inapplicable ;
; aluif.out[13]      ; Inapplicable ; Inapplicable ; Inapplicable ; Inapplicable ; Inapplicable ; Pass      ; Inapplicable ; Inapplicable ; Inapplicable ; Inapplicable ; Inapplicable ; Inapplicable ; Inapplicable ; Pass         ; Inapplicable ; Inapplicable ; Inapplicable ; Inapplicable ; Pass         ; Inapplicable ; Inapplicable ; Inapplicable ; Inapplicable ; Pass         ; Inapplicable ; Pass      ; Pass      ; Pass      ; Inapplicable ; Inapplicable ;
; aluif.out[14]      ; Inapplicable ; Inapplicable ; Inapplicable ; Inapplicable ; Inapplicable ; Pass      ; Inapplicable ; Inapplicable ; Inapplicable ; Inapplicable ; Inapplicable ; Inapplicable ; Inapplicable ; Pass         ; Inapplicable ; Inapplicable ; Inapplicable ; Inapplicable ; Pass         ; Inapplicable ; Inapplicable ; Inapplicable ; Inapplicable ; Pass         ; Inapplicable ; Pass      ; Pass      ; Pass      ; Inapplicable ; Inapplicable ;
; aluif.out[15]      ; Inapplicable ; Inapplicable ; Inapplicable ; Inapplicable ; Inapplicable ; Pass      ; Inapplicable ; Inapplicable ; Inapplicable ; Inapplicable ; Inapplicable ; Inapplicable ; Inapplicable ; Pass         ; Inapplicable ; Inapplicable ; Inapplicable ; Inapplicable ; Pass         ; Inapplicable ; Inapplicable ; Inapplicable ; Inapplicable ; Pass         ; Inapplicable ; Pass      ; Pass      ; Pass      ; Inapplicable ; Inapplicable ;
; aluif.out[16]      ; Inapplicable ; Inapplicable ; Inapplicable ; Inapplicable ; Inapplicable ; Pass      ; Inapplicable ; Inapplicable ; Inapplicable ; Inapplicable ; Inapplicable ; Inapplicable ; Inapplicable ; Pass         ; Inapplicable ; Inapplicable ; Inapplicable ; Inapplicable ; Pass         ; Inapplicable ; Inapplicable ; Inapplicable ; Inapplicable ; Pass         ; Inapplicable ; Pass      ; Pass      ; Pass      ; Inapplicable ; Inapplicable ;
; aluif.out[17]      ; Inapplicable ; Inapplicable ; Inapplicable ; Inapplicable ; Inapplicable ; Pass      ; Inapplicable ; Inapplicable ; Inapplicable ; Inapplicable ; Inapplicable ; Inapplicable ; Inapplicable ; Pass         ; Inapplicable ; Inapplicable ; Inapplicable ; Inapplicable ; Pass         ; Inapplicable ; Inapplicable ; Inapplicable ; Inapplicable ; Pass         ; Inapplicable ; Pass      ; Pass      ; Pass      ; Inapplicable ; Inapplicable ;
; aluif.out[18]      ; Inapplicable ; Inapplicable ; Inapplicable ; Inapplicable ; Inapplicable ; Pass      ; Inapplicable ; Inapplicable ; Inapplicable ; Inapplicable ; Inapplicable ; Inapplicable ; Inapplicable ; Pass         ; Inapplicable ; Inapplicable ; Inapplicable ; Inapplicable ; Pass         ; Inapplicable ; Inapplicable ; Inapplicable ; Inapplicable ; Pass         ; Inapplicable ; Pass      ; Pass      ; Pass      ; Inapplicable ; Inapplicable ;
; aluif.out[19]      ; Inapplicable ; Inapplicable ; Inapplicable ; Inapplicable ; Inapplicable ; Pass      ; Inapplicable ; Inapplicable ; Inapplicable ; Inapplicable ; Inapplicable ; Inapplicable ; Inapplicable ; Pass         ; Inapplicable ; Inapplicable ; Inapplicable ; Inapplicable ; Pass         ; Inapplicable ; Inapplicable ; Inapplicable ; Inapplicable ; Pass         ; Inapplicable ; Pass      ; Pass      ; Pass      ; Inapplicable ; Inapplicable ;
; aluif.out[20]      ; Inapplicable ; Inapplicable ; Inapplicable ; Inapplicable ; Inapplicable ; Pass      ; Inapplicable ; Inapplicable ; Inapplicable ; Inapplicable ; Inapplicable ; Inapplicable ; Inapplicable ; Pass         ; Inapplicable ; Inapplicable ; Inapplicable ; Inapplicable ; Pass         ; Inapplicable ; Inapplicable ; Inapplicable ; Inapplicable ; Pass         ; Inapplicable ; Pass      ; Pass      ; Pass      ; Inapplicable ; Inapplicable ;
; aluif.out[21]      ; Inapplicable ; Inapplicable ; Inapplicable ; Inapplicable ; Inapplicable ; Pass      ; Inapplicable ; Inapplicable ; Inapplicable ; Inapplicable ; Inapplicable ; Inapplicable ; Inapplicable ; Pass         ; Inapplicable ; Inapplicable ; Inapplicable ; Inapplicable ; Pass         ; Inapplicable ; Inapplicable ; Inapplicable ; Inapplicable ; Pass         ; Inapplicable ; Pass      ; Pass      ; Pass      ; Inapplicable ; Inapplicable ;
; aluif.out[22]      ; Inapplicable ; Inapplicable ; Inapplicable ; Inapplicable ; Inapplicable ; Pass      ; Inapplicable ; Inapplicable ; Inapplicable ; Inapplicable ; Inapplicable ; Inapplicable ; Inapplicable ; Pass         ; Inapplicable ; Inapplicable ; Inapplicable ; Inapplicable ; Pass         ; Inapplicable ; Inapplicable ; Inapplicable ; Inapplicable ; Pass         ; Inapplicable ; Pass      ; Pass      ; Pass      ; Inapplicable ; Inapplicable ;
; aluif.out[23]      ; Inapplicable ; Inapplicable ; Inapplicable ; Inapplicable ; Inapplicable ; Pass      ; Inapplicable ; Inapplicable ; Inapplicable ; Inapplicable ; Inapplicable ; Inapplicable ; Inapplicable ; Pass         ; Inapplicable ; Inapplicable ; Inapplicable ; Inapplicable ; Pass         ; Inapplicable ; Inapplicable ; Inapplicable ; Inapplicable ; Pass         ; Inapplicable ; Pass      ; Pass      ; Pass      ; Inapplicable ; Inapplicable ;
; aluif.out[24]      ; Inapplicable ; Inapplicable ; Inapplicable ; Inapplicable ; Inapplicable ; Pass      ; Inapplicable ; Inapplicable ; Inapplicable ; Inapplicable ; Inapplicable ; Inapplicable ; Inapplicable ; Pass         ; Inapplicable ; Inapplicable ; Inapplicable ; Inapplicable ; Pass         ; Inapplicable ; Inapplicable ; Inapplicable ; Inapplicable ; Pass         ; Inapplicable ; Pass      ; Pass      ; Pass      ; Inapplicable ; Inapplicable ;
; aluif.out[25]      ; Inapplicable ; Inapplicable ; Inapplicable ; Inapplicable ; Inapplicable ; Pass      ; Inapplicable ; Inapplicable ; Inapplicable ; Inapplicable ; Inapplicable ; Inapplicable ; Inapplicable ; Pass         ; Inapplicable ; Inapplicable ; Inapplicable ; Inapplicable ; Pass         ; Inapplicable ; Inapplicable ; Inapplicable ; Inapplicable ; Pass         ; Inapplicable ; Pass      ; Pass      ; Pass      ; Inapplicable ; Inapplicable ;
; aluif.out[26]      ; Inapplicable ; Inapplicable ; Inapplicable ; Inapplicable ; Inapplicable ; Pass      ; Inapplicable ; Inapplicable ; Inapplicable ; Inapplicable ; Inapplicable ; Inapplicable ; Inapplicable ; Pass         ; Inapplicable ; Inapplicable ; Inapplicable ; Inapplicable ; Pass         ; Inapplicable ; Inapplicable ; Inapplicable ; Inapplicable ; Pass         ; Inapplicable ; Pass      ; Pass      ; Pass      ; Inapplicable ; Inapplicable ;
; aluif.out[27]      ; Inapplicable ; Inapplicable ; Inapplicable ; Inapplicable ; Inapplicable ; Pass      ; Inapplicable ; Inapplicable ; Inapplicable ; Inapplicable ; Inapplicable ; Inapplicable ; Inapplicable ; Pass         ; Inapplicable ; Inapplicable ; Inapplicable ; Inapplicable ; Pass         ; Inapplicable ; Inapplicable ; Inapplicable ; Inapplicable ; Pass         ; Inapplicable ; Pass      ; Pass      ; Pass      ; Inapplicable ; Inapplicable ;
; aluif.out[28]      ; Inapplicable ; Inapplicable ; Inapplicable ; Inapplicable ; Inapplicable ; Pass      ; Inapplicable ; Inapplicable ; Inapplicable ; Inapplicable ; Inapplicable ; Inapplicable ; Inapplicable ; Pass         ; Inapplicable ; Inapplicable ; Inapplicable ; Inapplicable ; Pass         ; Inapplicable ; Inapplicable ; Inapplicable ; Inapplicable ; Pass         ; Inapplicable ; Pass      ; Pass      ; Pass      ; Inapplicable ; Inapplicable ;
; aluif.out[29]      ; Inapplicable ; Inapplicable ; Inapplicable ; Inapplicable ; Inapplicable ; Pass      ; Inapplicable ; Inapplicable ; Inapplicable ; Inapplicable ; Inapplicable ; Inapplicable ; Inapplicable ; Pass         ; Inapplicable ; Inapplicable ; Inapplicable ; Inapplicable ; Pass         ; Inapplicable ; Inapplicable ; Inapplicable ; Inapplicable ; Pass         ; Inapplicable ; Pass      ; Pass      ; Pass      ; Inapplicable ; Inapplicable ;
; aluif.out[30]      ; Inapplicable ; Inapplicable ; Inapplicable ; Inapplicable ; Inapplicable ; Pass      ; Inapplicable ; Inapplicable ; Inapplicable ; Inapplicable ; Inapplicable ; Inapplicable ; Inapplicable ; Pass         ; Inapplicable ; Inapplicable ; Inapplicable ; Inapplicable ; Pass         ; Inapplicable ; Inapplicable ; Inapplicable ; Inapplicable ; Pass         ; Inapplicable ; Pass      ; Pass      ; Pass      ; Inapplicable ; Inapplicable ;
; aluif.out[31]      ; Inapplicable ; Inapplicable ; Inapplicable ; Inapplicable ; Inapplicable ; Pass      ; Inapplicable ; Inapplicable ; Inapplicable ; Inapplicable ; Inapplicable ; Inapplicable ; Inapplicable ; Pass         ; Inapplicable ; Inapplicable ; Inapplicable ; Inapplicable ; Pass         ; Inapplicable ; Inapplicable ; Inapplicable ; Inapplicable ; Pass         ; Inapplicable ; Pass      ; Pass      ; Pass      ; Inapplicable ; Inapplicable ;
; aluif.opcode[0]    ; Inapplicable ; Inapplicable ; Inapplicable ; Inapplicable ; Inapplicable ; Pass      ; Inapplicable ; Inapplicable ; Inapplicable ; Inapplicable ; Inapplicable ; Inapplicable ; Inapplicable ; Inapplicable ; Inapplicable ; Inapplicable ; Inapplicable ; Pass         ; Inapplicable ; Inapplicable ; Pass         ; Inapplicable ; Inapplicable ; Inapplicable ; Inapplicable ; Pass      ; Pass      ; Pass      ; Inapplicable ; Inapplicable ;
; aluif.opcode[1]    ; Inapplicable ; Inapplicable ; Inapplicable ; Inapplicable ; Inapplicable ; Pass      ; Inapplicable ; Inapplicable ; Inapplicable ; Inapplicable ; Inapplicable ; Inapplicable ; Inapplicable ; Inapplicable ; Inapplicable ; Inapplicable ; Inapplicable ; Pass         ; Inapplicable ; Inapplicable ; Pass         ; Inapplicable ; Inapplicable ; Inapplicable ; Inapplicable ; Pass      ; Pass      ; Pass      ; Inapplicable ; Inapplicable ;
; aluif.opcode[2]    ; Inapplicable ; Inapplicable ; Inapplicable ; Inapplicable ; Inapplicable ; Pass      ; Inapplicable ; Inapplicable ; Inapplicable ; Inapplicable ; Inapplicable ; Inapplicable ; Inapplicable ; Inapplicable ; Inapplicable ; Inapplicable ; Inapplicable ; Pass         ; Inapplicable ; Inapplicable ; Pass         ; Inapplicable ; Inapplicable ; Inapplicable ; Inapplicable ; Pass      ; Pass      ; Pass      ; Inapplicable ; Inapplicable ;
; aluif.opcode[3]    ; Inapplicable ; Inapplicable ; Inapplicable ; Inapplicable ; Inapplicable ; Pass      ; Inapplicable ; Inapplicable ; Inapplicable ; Inapplicable ; Inapplicable ; Inapplicable ; Inapplicable ; Inapplicable ; Inapplicable ; Inapplicable ; Inapplicable ; Pass         ; Inapplicable ; Inapplicable ; Pass         ; Inapplicable ; Inapplicable ; Inapplicable ; Inapplicable ; Pass      ; Pass      ; Pass      ; Inapplicable ; Inapplicable ;
; aluif.a[23]        ; Inapplicable ; Inapplicable ; Inapplicable ; Inapplicable ; Inapplicable ; Pass      ; Inapplicable ; Inapplicable ; Inapplicable ; Inapplicable ; Inapplicable ; Inapplicable ; Inapplicable ; Inapplicable ; Inapplicable ; Inapplicable ; Inapplicable ; Pass         ; Inapplicable ; Inapplicable ; Pass         ; Inapplicable ; Inapplicable ; Inapplicable ; Inapplicable ; Pass      ; Pass      ; Pass      ; Inapplicable ; Inapplicable ;
; aluif.a[21]        ; Inapplicable ; Inapplicable ; Inapplicable ; Inapplicable ; Inapplicable ; Pass      ; Inapplicable ; Inapplicable ; Inapplicable ; Inapplicable ; Inapplicable ; Inapplicable ; Inapplicable ; Inapplicable ; Inapplicable ; Inapplicable ; Inapplicable ; Pass         ; Inapplicable ; Inapplicable ; Pass         ; Inapplicable ; Inapplicable ; Inapplicable ; Inapplicable ; Pass      ; Pass      ; Pass      ; Inapplicable ; Inapplicable ;
; aluif.b[1]         ; Inapplicable ; Inapplicable ; Inapplicable ; Inapplicable ; Inapplicable ; Pass      ; Inapplicable ; Inapplicable ; Inapplicable ; Inapplicable ; Inapplicable ; Inapplicable ; Inapplicable ; Inapplicable ; Inapplicable ; Inapplicable ; Inapplicable ; Pass         ; Inapplicable ; Inapplicable ; Pass         ; Inapplicable ; Inapplicable ; Inapplicable ; Inapplicable ; Pass      ; Pass      ; Pass      ; Inapplicable ; Inapplicable ;
; aluif.a[22]        ; Inapplicable ; Inapplicable ; Inapplicable ; Inapplicable ; Inapplicable ; Pass      ; Inapplicable ; Inapplicable ; Inapplicable ; Inapplicable ; Inapplicable ; Inapplicable ; Inapplicable ; Inapplicable ; Inapplicable ; Inapplicable ; Inapplicable ; Pass         ; Inapplicable ; Inapplicable ; Pass         ; Inapplicable ; Inapplicable ; Inapplicable ; Inapplicable ; Pass      ; Pass      ; Pass      ; Inapplicable ; Inapplicable ;
; aluif.a[20]        ; Inapplicable ; Inapplicable ; Inapplicable ; Inapplicable ; Inapplicable ; Pass      ; Inapplicable ; Inapplicable ; Inapplicable ; Inapplicable ; Inapplicable ; Inapplicable ; Inapplicable ; Inapplicable ; Inapplicable ; Inapplicable ; Inapplicable ; Pass         ; Inapplicable ; Inapplicable ; Pass         ; Inapplicable ; Inapplicable ; Inapplicable ; Inapplicable ; Pass      ; Pass      ; Pass      ; Inapplicable ; Inapplicable ;
; aluif.b[0]         ; Inapplicable ; Inapplicable ; Inapplicable ; Inapplicable ; Inapplicable ; Pass      ; Inapplicable ; Inapplicable ; Inapplicable ; Inapplicable ; Inapplicable ; Inapplicable ; Inapplicable ; Inapplicable ; Inapplicable ; Inapplicable ; Inapplicable ; Pass         ; Inapplicable ; Inapplicable ; Pass         ; Inapplicable ; Inapplicable ; Inapplicable ; Inapplicable ; Pass      ; Pass      ; Pass      ; Inapplicable ; Inapplicable ;
; aluif.a[19]        ; Inapplicable ; Inapplicable ; Inapplicable ; Inapplicable ; Inapplicable ; Pass      ; Inapplicable ; Inapplicable ; Inapplicable ; Inapplicable ; Inapplicable ; Inapplicable ; Inapplicable ; Inapplicable ; Inapplicable ; Inapplicable ; Inapplicable ; Pass         ; Inapplicable ; Inapplicable ; Pass         ; Inapplicable ; Inapplicable ; Inapplicable ; Inapplicable ; Pass      ; Pass      ; Pass      ; Inapplicable ; Inapplicable ;
; aluif.a[17]        ; Inapplicable ; Inapplicable ; Inapplicable ; Inapplicable ; Inapplicable ; Pass      ; Inapplicable ; Inapplicable ; Inapplicable ; Inapplicable ; Inapplicable ; Inapplicable ; Inapplicable ; Inapplicable ; Inapplicable ; Inapplicable ; Inapplicable ; Pass         ; Inapplicable ; Inapplicable ; Pass         ; Inapplicable ; Inapplicable ; Inapplicable ; Inapplicable ; Pass      ; Pass      ; Pass      ; Inapplicable ; Inapplicable ;
; aluif.a[18]        ; Inapplicable ; Inapplicable ; Inapplicable ; Inapplicable ; Inapplicable ; Pass      ; Inapplicable ; Inapplicable ; Inapplicable ; Inapplicable ; Inapplicable ; Inapplicable ; Inapplicable ; Inapplicable ; Inapplicable ; Inapplicable ; Inapplicable ; Pass         ; Inapplicable ; Inapplicable ; Pass         ; Inapplicable ; Inapplicable ; Inapplicable ; Inapplicable ; Pass      ; Pass      ; Pass      ; Inapplicable ; Inapplicable ;
; aluif.a[16]        ; Inapplicable ; Inapplicable ; Inapplicable ; Inapplicable ; Inapplicable ; Pass      ; Inapplicable ; Inapplicable ; Inapplicable ; Inapplicable ; Inapplicable ; Inapplicable ; Inapplicable ; Inapplicable ; Inapplicable ; Inapplicable ; Inapplicable ; Pass         ; Inapplicable ; Inapplicable ; Pass         ; Inapplicable ; Inapplicable ; Inapplicable ; Inapplicable ; Pass      ; Pass      ; Pass      ; Inapplicable ; Inapplicable ;
; aluif.b[2]         ; Inapplicable ; Inapplicable ; Inapplicable ; Inapplicable ; Inapplicable ; Pass      ; Inapplicable ; Inapplicable ; Inapplicable ; Inapplicable ; Inapplicable ; Inapplicable ; Inapplicable ; Inapplicable ; Inapplicable ; Inapplicable ; Inapplicable ; Pass         ; Inapplicable ; Inapplicable ; Pass         ; Inapplicable ; Inapplicable ; Inapplicable ; Inapplicable ; Pass      ; Pass      ; Pass      ; Inapplicable ; Inapplicable ;
; aluif.b[3]         ; Inapplicable ; Inapplicable ; Inapplicable ; Inapplicable ; Inapplicable ; Pass      ; Inapplicable ; Inapplicable ; Inapplicable ; Inapplicable ; Inapplicable ; Inapplicable ; Inapplicable ; Inapplicable ; Inapplicable ; Inapplicable ; Inapplicable ; Pass         ; Inapplicable ; Inapplicable ; Pass         ; Inapplicable ; Inapplicable ; Inapplicable ; Inapplicable ; Pass      ; Pass      ; Pass      ; Inapplicable ; Inapplicable ;
; aluif.a[29]        ; Inapplicable ; Inapplicable ; Inapplicable ; Inapplicable ; Inapplicable ; Pass      ; Inapplicable ; Inapplicable ; Inapplicable ; Inapplicable ; Inapplicable ; Inapplicable ; Inapplicable ; Inapplicable ; Inapplicable ; Inapplicable ; Inapplicable ; Pass         ; Inapplicable ; Inapplicable ; Pass         ; Inapplicable ; Inapplicable ; Inapplicable ; Inapplicable ; Pass      ; Pass      ; Pass      ; Inapplicable ; Inapplicable ;
; aluif.a[28]        ; Inapplicable ; Inapplicable ; Inapplicable ; Inapplicable ; Inapplicable ; Pass      ; Inapplicable ; Inapplicable ; Inapplicable ; Inapplicable ; Inapplicable ; Inapplicable ; Inapplicable ; Inapplicable ; Inapplicable ; Inapplicable ; Inapplicable ; Pass         ; Inapplicable ; Inapplicable ; Pass         ; Inapplicable ; Inapplicable ; Inapplicable ; Inapplicable ; Pass      ; Pass      ; Pass      ; Inapplicable ; Inapplicable ;
; aluif.a[31]        ; Inapplicable ; Inapplicable ; Inapplicable ; Inapplicable ; Inapplicable ; Pass      ; Inapplicable ; Inapplicable ; Inapplicable ; Inapplicable ; Inapplicable ; Inapplicable ; Inapplicable ; Inapplicable ; Inapplicable ; Inapplicable ; Inapplicable ; Pass         ; Inapplicable ; Inapplicable ; Pass         ; Inapplicable ; Inapplicable ; Inapplicable ; Inapplicable ; Pass      ; Pass      ; Pass      ; Inapplicable ; Inapplicable ;
; aluif.a[30]        ; Inapplicable ; Inapplicable ; Inapplicable ; Inapplicable ; Inapplicable ; Pass      ; Inapplicable ; Inapplicable ; Inapplicable ; Inapplicable ; Inapplicable ; Inapplicable ; Inapplicable ; Inapplicable ; Inapplicable ; Inapplicable ; Inapplicable ; Pass         ; Inapplicable ; Inapplicable ; Pass         ; Inapplicable ; Inapplicable ; Inapplicable ; Inapplicable ; Pass      ; Pass      ; Pass      ; Inapplicable ; Inapplicable ;
; aluif.a[27]        ; Inapplicable ; Inapplicable ; Inapplicable ; Inapplicable ; Inapplicable ; Pass      ; Inapplicable ; Inapplicable ; Inapplicable ; Inapplicable ; Inapplicable ; Inapplicable ; Inapplicable ; Inapplicable ; Inapplicable ; Inapplicable ; Inapplicable ; Pass         ; Inapplicable ; Inapplicable ; Pass         ; Inapplicable ; Inapplicable ; Inapplicable ; Inapplicable ; Pass      ; Pass      ; Pass      ; Inapplicable ; Inapplicable ;
; aluif.a[25]        ; Inapplicable ; Inapplicable ; Inapplicable ; Inapplicable ; Inapplicable ; Pass      ; Inapplicable ; Inapplicable ; Inapplicable ; Inapplicable ; Inapplicable ; Inapplicable ; Inapplicable ; Inapplicable ; Inapplicable ; Inapplicable ; Inapplicable ; Pass         ; Inapplicable ; Inapplicable ; Pass         ; Inapplicable ; Inapplicable ; Inapplicable ; Inapplicable ; Pass      ; Pass      ; Pass      ; Inapplicable ; Inapplicable ;
; aluif.a[26]        ; Inapplicable ; Inapplicable ; Inapplicable ; Inapplicable ; Inapplicable ; Pass      ; Inapplicable ; Inapplicable ; Inapplicable ; Inapplicable ; Inapplicable ; Inapplicable ; Inapplicable ; Inapplicable ; Inapplicable ; Inapplicable ; Inapplicable ; Pass         ; Inapplicable ; Inapplicable ; Pass         ; Inapplicable ; Inapplicable ; Inapplicable ; Inapplicable ; Pass      ; Pass      ; Pass      ; Inapplicable ; Inapplicable ;
; aluif.a[24]        ; Inapplicable ; Inapplicable ; Inapplicable ; Inapplicable ; Inapplicable ; Pass      ; Inapplicable ; Inapplicable ; Inapplicable ; Inapplicable ; Inapplicable ; Inapplicable ; Inapplicable ; Inapplicable ; Inapplicable ; Inapplicable ; Inapplicable ; Pass         ; Inapplicable ; Inapplicable ; Pass         ; Inapplicable ; Inapplicable ; Inapplicable ; Inapplicable ; Pass      ; Pass      ; Pass      ; Inapplicable ; Inapplicable ;
; aluif.a[15]        ; Inapplicable ; Inapplicable ; Inapplicable ; Inapplicable ; Inapplicable ; Pass      ; Inapplicable ; Inapplicable ; Inapplicable ; Inapplicable ; Inapplicable ; Inapplicable ; Inapplicable ; Inapplicable ; Inapplicable ; Inapplicable ; Inapplicable ; Pass         ; Inapplicable ; Inapplicable ; Pass         ; Inapplicable ; Inapplicable ; Inapplicable ; Inapplicable ; Pass      ; Pass      ; Pass      ; Inapplicable ; Inapplicable ;
; aluif.a[13]        ; Inapplicable ; Inapplicable ; Inapplicable ; Inapplicable ; Inapplicable ; Pass      ; Inapplicable ; Inapplicable ; Inapplicable ; Inapplicable ; Inapplicable ; Inapplicable ; Inapplicable ; Inapplicable ; Inapplicable ; Inapplicable ; Inapplicable ; Pass         ; Inapplicable ; Inapplicable ; Pass         ; Inapplicable ; Inapplicable ; Inapplicable ; Inapplicable ; Pass      ; Pass      ; Pass      ; Inapplicable ; Inapplicable ;
; aluif.a[14]        ; Inapplicable ; Inapplicable ; Inapplicable ; Inapplicable ; Inapplicable ; Pass      ; Inapplicable ; Inapplicable ; Inapplicable ; Inapplicable ; Inapplicable ; Inapplicable ; Inapplicable ; Inapplicable ; Inapplicable ; Inapplicable ; Inapplicable ; Pass         ; Inapplicable ; Inapplicable ; Pass         ; Inapplicable ; Inapplicable ; Inapplicable ; Inapplicable ; Pass      ; Pass      ; Pass      ; Inapplicable ; Inapplicable ;
; aluif.a[12]        ; Inapplicable ; Inapplicable ; Inapplicable ; Inapplicable ; Inapplicable ; Pass      ; Inapplicable ; Inapplicable ; Inapplicable ; Inapplicable ; Inapplicable ; Inapplicable ; Inapplicable ; Inapplicable ; Inapplicable ; Inapplicable ; Inapplicable ; Pass         ; Inapplicable ; Inapplicable ; Pass         ; Inapplicable ; Inapplicable ; Inapplicable ; Inapplicable ; Pass      ; Pass      ; Pass      ; Inapplicable ; Inapplicable ;
; aluif.a[11]        ; Inapplicable ; Inapplicable ; Inapplicable ; Inapplicable ; Inapplicable ; Pass      ; Inapplicable ; Inapplicable ; Inapplicable ; Inapplicable ; Inapplicable ; Inapplicable ; Inapplicable ; Inapplicable ; Inapplicable ; Inapplicable ; Inapplicable ; Pass         ; Inapplicable ; Inapplicable ; Pass         ; Inapplicable ; Inapplicable ; Inapplicable ; Inapplicable ; Pass      ; Pass      ; Pass      ; Inapplicable ; Inapplicable ;
; aluif.a[9]         ; Inapplicable ; Inapplicable ; Inapplicable ; Inapplicable ; Inapplicable ; Pass      ; Inapplicable ; Inapplicable ; Inapplicable ; Inapplicable ; Inapplicable ; Inapplicable ; Inapplicable ; Inapplicable ; Inapplicable ; Inapplicable ; Inapplicable ; Pass         ; Inapplicable ; Inapplicable ; Pass         ; Inapplicable ; Inapplicable ; Inapplicable ; Inapplicable ; Pass      ; Pass      ; Pass      ; Inapplicable ; Inapplicable ;
; aluif.a[10]        ; Inapplicable ; Inapplicable ; Inapplicable ; Inapplicable ; Inapplicable ; Pass      ; Inapplicable ; Inapplicable ; Inapplicable ; Inapplicable ; Inapplicable ; Inapplicable ; Inapplicable ; Inapplicable ; Inapplicable ; Inapplicable ; Inapplicable ; Pass         ; Inapplicable ; Inapplicable ; Pass         ; Inapplicable ; Inapplicable ; Inapplicable ; Inapplicable ; Pass      ; Pass      ; Pass      ; Inapplicable ; Inapplicable ;
; aluif.a[8]         ; Inapplicable ; Inapplicable ; Inapplicable ; Inapplicable ; Inapplicable ; Pass      ; Inapplicable ; Inapplicable ; Inapplicable ; Inapplicable ; Inapplicable ; Inapplicable ; Inapplicable ; Inapplicable ; Inapplicable ; Inapplicable ; Inapplicable ; Pass         ; Inapplicable ; Inapplicable ; Pass         ; Inapplicable ; Inapplicable ; Inapplicable ; Inapplicable ; Pass      ; Pass      ; Pass      ; Inapplicable ; Inapplicable ;
; aluif.a[7]         ; Inapplicable ; Inapplicable ; Inapplicable ; Inapplicable ; Inapplicable ; Pass      ; Inapplicable ; Inapplicable ; Inapplicable ; Inapplicable ; Inapplicable ; Inapplicable ; Inapplicable ; Inapplicable ; Inapplicable ; Inapplicable ; Inapplicable ; Pass         ; Inapplicable ; Inapplicable ; Pass         ; Inapplicable ; Inapplicable ; Inapplicable ; Inapplicable ; Pass      ; Pass      ; Pass      ; Inapplicable ; Inapplicable ;
; aluif.a[6]         ; Inapplicable ; Inapplicable ; Inapplicable ; Inapplicable ; Inapplicable ; Pass      ; Inapplicable ; Inapplicable ; Inapplicable ; Inapplicable ; Inapplicable ; Inapplicable ; Inapplicable ; Inapplicable ; Inapplicable ; Inapplicable ; Inapplicable ; Pass         ; Inapplicable ; Inapplicable ; Pass         ; Inapplicable ; Inapplicable ; Inapplicable ; Inapplicable ; Pass      ; Pass      ; Pass      ; Inapplicable ; Inapplicable ;
; aluif.a[5]         ; Inapplicable ; Inapplicable ; Inapplicable ; Inapplicable ; Inapplicable ; Pass      ; Inapplicable ; Inapplicable ; Inapplicable ; Inapplicable ; Inapplicable ; Inapplicable ; Inapplicable ; Inapplicable ; Inapplicable ; Inapplicable ; Inapplicable ; Pass         ; Inapplicable ; Inapplicable ; Pass         ; Inapplicable ; Inapplicable ; Inapplicable ; Inapplicable ; Pass      ; Pass      ; Pass      ; Inapplicable ; Inapplicable ;
; aluif.a[4]         ; Inapplicable ; Inapplicable ; Inapplicable ; Inapplicable ; Inapplicable ; Pass      ; Inapplicable ; Inapplicable ; Inapplicable ; Inapplicable ; Inapplicable ; Inapplicable ; Inapplicable ; Inapplicable ; Inapplicable ; Inapplicable ; Inapplicable ; Pass         ; Inapplicable ; Inapplicable ; Pass         ; Inapplicable ; Inapplicable ; Inapplicable ; Inapplicable ; Pass      ; Pass      ; Pass      ; Inapplicable ; Inapplicable ;
; aluif.a[1]         ; Inapplicable ; Inapplicable ; Inapplicable ; Inapplicable ; Inapplicable ; Pass      ; Inapplicable ; Inapplicable ; Inapplicable ; Inapplicable ; Inapplicable ; Inapplicable ; Inapplicable ; Inapplicable ; Inapplicable ; Inapplicable ; Inapplicable ; Pass         ; Inapplicable ; Inapplicable ; Pass         ; Inapplicable ; Inapplicable ; Inapplicable ; Inapplicable ; Pass      ; Pass      ; Pass      ; Inapplicable ; Inapplicable ;
; aluif.a[0]         ; Inapplicable ; Inapplicable ; Inapplicable ; Inapplicable ; Inapplicable ; Pass      ; Inapplicable ; Inapplicable ; Inapplicable ; Inapplicable ; Inapplicable ; Inapplicable ; Inapplicable ; Inapplicable ; Inapplicable ; Inapplicable ; Inapplicable ; Pass         ; Inapplicable ; Inapplicable ; Pass         ; Inapplicable ; Inapplicable ; Inapplicable ; Inapplicable ; Pass      ; Pass      ; Pass      ; Inapplicable ; Inapplicable ;
; aluif.a[3]         ; Inapplicable ; Inapplicable ; Inapplicable ; Inapplicable ; Inapplicable ; Pass      ; Inapplicable ; Inapplicable ; Inapplicable ; Inapplicable ; Inapplicable ; Inapplicable ; Inapplicable ; Inapplicable ; Inapplicable ; Inapplicable ; Inapplicable ; Pass         ; Inapplicable ; Inapplicable ; Pass         ; Inapplicable ; Inapplicable ; Inapplicable ; Inapplicable ; Pass      ; Pass      ; Pass      ; Inapplicable ; Inapplicable ;
; aluif.a[2]         ; Inapplicable ; Inapplicable ; Inapplicable ; Inapplicable ; Inapplicable ; Pass      ; Inapplicable ; Inapplicable ; Inapplicable ; Inapplicable ; Inapplicable ; Inapplicable ; Inapplicable ; Inapplicable ; Inapplicable ; Inapplicable ; Inapplicable ; Pass         ; Inapplicable ; Inapplicable ; Pass         ; Inapplicable ; Inapplicable ; Inapplicable ; Inapplicable ; Pass      ; Pass      ; Pass      ; Inapplicable ; Inapplicable ;
; aluif.b[4]         ; Inapplicable ; Inapplicable ; Inapplicable ; Inapplicable ; Inapplicable ; Pass      ; Inapplicable ; Inapplicable ; Inapplicable ; Inapplicable ; Inapplicable ; Inapplicable ; Inapplicable ; Inapplicable ; Inapplicable ; Inapplicable ; Inapplicable ; Pass         ; Inapplicable ; Inapplicable ; Pass         ; Inapplicable ; Inapplicable ; Inapplicable ; Inapplicable ; Pass      ; Pass      ; Pass      ; Inapplicable ; Inapplicable ;
; aluif.b[31]        ; Inapplicable ; Inapplicable ; Inapplicable ; Inapplicable ; Inapplicable ; Pass      ; Inapplicable ; Inapplicable ; Inapplicable ; Inapplicable ; Inapplicable ; Inapplicable ; Inapplicable ; Inapplicable ; Inapplicable ; Inapplicable ; Inapplicable ; Pass         ; Inapplicable ; Inapplicable ; Pass         ; Inapplicable ; Inapplicable ; Inapplicable ; Inapplicable ; Pass      ; Pass      ; Pass      ; Inapplicable ; Inapplicable ;
; aluif.b[30]        ; Inapplicable ; Inapplicable ; Inapplicable ; Inapplicable ; Inapplicable ; Pass      ; Inapplicable ; Inapplicable ; Inapplicable ; Inapplicable ; Inapplicable ; Inapplicable ; Inapplicable ; Inapplicable ; Inapplicable ; Inapplicable ; Inapplicable ; Pass         ; Inapplicable ; Inapplicable ; Pass         ; Inapplicable ; Inapplicable ; Inapplicable ; Inapplicable ; Pass      ; Pass      ; Pass      ; Inapplicable ; Inapplicable ;
; aluif.b[29]        ; Inapplicable ; Inapplicable ; Inapplicable ; Inapplicable ; Inapplicable ; Pass      ; Inapplicable ; Inapplicable ; Inapplicable ; Inapplicable ; Inapplicable ; Inapplicable ; Inapplicable ; Inapplicable ; Inapplicable ; Inapplicable ; Inapplicable ; Pass         ; Inapplicable ; Inapplicable ; Pass         ; Inapplicable ; Inapplicable ; Inapplicable ; Inapplicable ; Pass      ; Pass      ; Pass      ; Inapplicable ; Inapplicable ;
; aluif.b[28]        ; Inapplicable ; Inapplicable ; Inapplicable ; Inapplicable ; Inapplicable ; Pass      ; Inapplicable ; Inapplicable ; Inapplicable ; Inapplicable ; Inapplicable ; Inapplicable ; Inapplicable ; Inapplicable ; Inapplicable ; Inapplicable ; Inapplicable ; Pass         ; Inapplicable ; Inapplicable ; Pass         ; Inapplicable ; Inapplicable ; Inapplicable ; Inapplicable ; Pass      ; Pass      ; Pass      ; Inapplicable ; Inapplicable ;
; aluif.b[27]        ; Inapplicable ; Inapplicable ; Inapplicable ; Inapplicable ; Inapplicable ; Pass      ; Inapplicable ; Inapplicable ; Inapplicable ; Inapplicable ; Inapplicable ; Inapplicable ; Inapplicable ; Inapplicable ; Inapplicable ; Inapplicable ; Inapplicable ; Pass         ; Inapplicable ; Inapplicable ; Pass         ; Inapplicable ; Inapplicable ; Inapplicable ; Inapplicable ; Pass      ; Pass      ; Pass      ; Inapplicable ; Inapplicable ;
; aluif.b[26]        ; Inapplicable ; Inapplicable ; Inapplicable ; Inapplicable ; Inapplicable ; Pass      ; Inapplicable ; Inapplicable ; Inapplicable ; Inapplicable ; Inapplicable ; Inapplicable ; Inapplicable ; Inapplicable ; Inapplicable ; Inapplicable ; Inapplicable ; Pass         ; Inapplicable ; Inapplicable ; Pass         ; Inapplicable ; Inapplicable ; Inapplicable ; Inapplicable ; Pass      ; Pass      ; Pass      ; Inapplicable ; Inapplicable ;
; aluif.b[25]        ; Inapplicable ; Inapplicable ; Inapplicable ; Inapplicable ; Inapplicable ; Pass      ; Inapplicable ; Inapplicable ; Inapplicable ; Inapplicable ; Inapplicable ; Inapplicable ; Inapplicable ; Inapplicable ; Inapplicable ; Inapplicable ; Inapplicable ; Pass         ; Inapplicable ; Inapplicable ; Pass         ; Inapplicable ; Inapplicable ; Inapplicable ; Inapplicable ; Pass      ; Pass      ; Pass      ; Inapplicable ; Inapplicable ;
; aluif.b[24]        ; Inapplicable ; Inapplicable ; Inapplicable ; Inapplicable ; Inapplicable ; Pass      ; Inapplicable ; Inapplicable ; Inapplicable ; Inapplicable ; Inapplicable ; Inapplicable ; Inapplicable ; Inapplicable ; Inapplicable ; Inapplicable ; Inapplicable ; Pass         ; Inapplicable ; Inapplicable ; Pass         ; Inapplicable ; Inapplicable ; Inapplicable ; Inapplicable ; Pass      ; Pass      ; Pass      ; Inapplicable ; Inapplicable ;
; aluif.b[23]        ; Inapplicable ; Inapplicable ; Inapplicable ; Inapplicable ; Inapplicable ; Pass      ; Inapplicable ; Inapplicable ; Inapplicable ; Inapplicable ; Inapplicable ; Inapplicable ; Inapplicable ; Inapplicable ; Inapplicable ; Inapplicable ; Inapplicable ; Pass         ; Inapplicable ; Inapplicable ; Pass         ; Inapplicable ; Inapplicable ; Inapplicable ; Inapplicable ; Pass      ; Pass      ; Pass      ; Inapplicable ; Inapplicable ;
; aluif.b[22]        ; Inapplicable ; Inapplicable ; Inapplicable ; Inapplicable ; Inapplicable ; Pass      ; Inapplicable ; Inapplicable ; Inapplicable ; Inapplicable ; Inapplicable ; Inapplicable ; Inapplicable ; Inapplicable ; Inapplicable ; Inapplicable ; Inapplicable ; Pass         ; Inapplicable ; Inapplicable ; Pass         ; Inapplicable ; Inapplicable ; Inapplicable ; Inapplicable ; Pass      ; Pass      ; Pass      ; Inapplicable ; Inapplicable ;
; aluif.b[21]        ; Inapplicable ; Inapplicable ; Inapplicable ; Inapplicable ; Inapplicable ; Pass      ; Inapplicable ; Inapplicable ; Inapplicable ; Inapplicable ; Inapplicable ; Inapplicable ; Inapplicable ; Inapplicable ; Inapplicable ; Inapplicable ; Inapplicable ; Pass         ; Inapplicable ; Inapplicable ; Pass         ; Inapplicable ; Inapplicable ; Inapplicable ; Inapplicable ; Pass      ; Pass      ; Pass      ; Inapplicable ; Inapplicable ;
; aluif.b[20]        ; Inapplicable ; Inapplicable ; Inapplicable ; Inapplicable ; Inapplicable ; Pass      ; Inapplicable ; Inapplicable ; Inapplicable ; Inapplicable ; Inapplicable ; Inapplicable ; Inapplicable ; Inapplicable ; Inapplicable ; Inapplicable ; Inapplicable ; Pass         ; Inapplicable ; Inapplicable ; Pass         ; Inapplicable ; Inapplicable ; Inapplicable ; Inapplicable ; Pass      ; Pass      ; Pass      ; Inapplicable ; Inapplicable ;
; aluif.b[19]        ; Inapplicable ; Inapplicable ; Inapplicable ; Inapplicable ; Inapplicable ; Pass      ; Inapplicable ; Inapplicable ; Inapplicable ; Inapplicable ; Inapplicable ; Inapplicable ; Inapplicable ; Inapplicable ; Inapplicable ; Inapplicable ; Inapplicable ; Pass         ; Inapplicable ; Inapplicable ; Pass         ; Inapplicable ; Inapplicable ; Inapplicable ; Inapplicable ; Pass      ; Pass      ; Pass      ; Inapplicable ; Inapplicable ;
; aluif.b[18]        ; Inapplicable ; Inapplicable ; Inapplicable ; Inapplicable ; Inapplicable ; Pass      ; Inapplicable ; Inapplicable ; Inapplicable ; Inapplicable ; Inapplicable ; Inapplicable ; Inapplicable ; Inapplicable ; Inapplicable ; Inapplicable ; Inapplicable ; Pass         ; Inapplicable ; Inapplicable ; Pass         ; Inapplicable ; Inapplicable ; Inapplicable ; Inapplicable ; Pass      ; Pass      ; Pass      ; Inapplicable ; Inapplicable ;
; aluif.b[17]        ; Inapplicable ; Inapplicable ; Inapplicable ; Inapplicable ; Inapplicable ; Pass      ; Inapplicable ; Inapplicable ; Inapplicable ; Inapplicable ; Inapplicable ; Inapplicable ; Inapplicable ; Inapplicable ; Inapplicable ; Inapplicable ; Inapplicable ; Pass         ; Inapplicable ; Inapplicable ; Pass         ; Inapplicable ; Inapplicable ; Inapplicable ; Inapplicable ; Pass      ; Pass      ; Pass      ; Inapplicable ; Inapplicable ;
; aluif.b[16]        ; Inapplicable ; Inapplicable ; Inapplicable ; Inapplicable ; Inapplicable ; Pass      ; Inapplicable ; Inapplicable ; Inapplicable ; Inapplicable ; Inapplicable ; Inapplicable ; Inapplicable ; Inapplicable ; Inapplicable ; Inapplicable ; Inapplicable ; Pass         ; Inapplicable ; Inapplicable ; Pass         ; Inapplicable ; Inapplicable ; Inapplicable ; Inapplicable ; Pass      ; Pass      ; Pass      ; Inapplicable ; Inapplicable ;
; aluif.b[15]        ; Inapplicable ; Inapplicable ; Inapplicable ; Inapplicable ; Inapplicable ; Pass      ; Inapplicable ; Inapplicable ; Inapplicable ; Inapplicable ; Inapplicable ; Inapplicable ; Inapplicable ; Inapplicable ; Inapplicable ; Inapplicable ; Inapplicable ; Pass         ; Inapplicable ; Inapplicable ; Pass         ; Inapplicable ; Inapplicable ; Inapplicable ; Inapplicable ; Pass      ; Pass      ; Pass      ; Inapplicable ; Inapplicable ;
; aluif.b[14]        ; Inapplicable ; Inapplicable ; Inapplicable ; Inapplicable ; Inapplicable ; Pass      ; Inapplicable ; Inapplicable ; Inapplicable ; Inapplicable ; Inapplicable ; Inapplicable ; Inapplicable ; Inapplicable ; Inapplicable ; Inapplicable ; Inapplicable ; Pass         ; Inapplicable ; Inapplicable ; Pass         ; Inapplicable ; Inapplicable ; Inapplicable ; Inapplicable ; Pass      ; Pass      ; Pass      ; Inapplicable ; Inapplicable ;
; aluif.b[13]        ; Inapplicable ; Inapplicable ; Inapplicable ; Inapplicable ; Inapplicable ; Pass      ; Inapplicable ; Inapplicable ; Inapplicable ; Inapplicable ; Inapplicable ; Inapplicable ; Inapplicable ; Inapplicable ; Inapplicable ; Inapplicable ; Inapplicable ; Pass         ; Inapplicable ; Inapplicable ; Pass         ; Inapplicable ; Inapplicable ; Inapplicable ; Inapplicable ; Pass      ; Pass      ; Pass      ; Inapplicable ; Inapplicable ;
; aluif.b[12]        ; Inapplicable ; Inapplicable ; Inapplicable ; Inapplicable ; Inapplicable ; Pass      ; Inapplicable ; Inapplicable ; Inapplicable ; Inapplicable ; Inapplicable ; Inapplicable ; Inapplicable ; Inapplicable ; Inapplicable ; Inapplicable ; Inapplicable ; Pass         ; Inapplicable ; Inapplicable ; Pass         ; Inapplicable ; Inapplicable ; Inapplicable ; Inapplicable ; Pass      ; Pass      ; Pass      ; Inapplicable ; Inapplicable ;
; aluif.b[11]        ; Inapplicable ; Inapplicable ; Inapplicable ; Inapplicable ; Inapplicable ; Pass      ; Inapplicable ; Inapplicable ; Inapplicable ; Inapplicable ; Inapplicable ; Inapplicable ; Inapplicable ; Inapplicable ; Inapplicable ; Inapplicable ; Inapplicable ; Pass         ; Inapplicable ; Inapplicable ; Pass         ; Inapplicable ; Inapplicable ; Inapplicable ; Inapplicable ; Pass      ; Pass      ; Pass      ; Inapplicable ; Inapplicable ;
; aluif.b[10]        ; Inapplicable ; Inapplicable ; Inapplicable ; Inapplicable ; Inapplicable ; Pass      ; Inapplicable ; Inapplicable ; Inapplicable ; Inapplicable ; Inapplicable ; Inapplicable ; Inapplicable ; Inapplicable ; Inapplicable ; Inapplicable ; Inapplicable ; Pass         ; Inapplicable ; Inapplicable ; Pass         ; Inapplicable ; Inapplicable ; Inapplicable ; Inapplicable ; Pass      ; Pass      ; Pass      ; Inapplicable ; Inapplicable ;
; aluif.b[9]         ; Inapplicable ; Inapplicable ; Inapplicable ; Inapplicable ; Inapplicable ; Pass      ; Inapplicable ; Inapplicable ; Inapplicable ; Inapplicable ; Inapplicable ; Inapplicable ; Inapplicable ; Inapplicable ; Inapplicable ; Inapplicable ; Inapplicable ; Pass         ; Inapplicable ; Inapplicable ; Pass         ; Inapplicable ; Inapplicable ; Inapplicable ; Inapplicable ; Pass      ; Pass      ; Pass      ; Inapplicable ; Inapplicable ;
; aluif.b[8]         ; Inapplicable ; Inapplicable ; Inapplicable ; Inapplicable ; Inapplicable ; Pass      ; Inapplicable ; Inapplicable ; Inapplicable ; Inapplicable ; Inapplicable ; Inapplicable ; Inapplicable ; Inapplicable ; Inapplicable ; Inapplicable ; Inapplicable ; Pass         ; Inapplicable ; Inapplicable ; Pass         ; Inapplicable ; Inapplicable ; Inapplicable ; Inapplicable ; Pass      ; Pass      ; Pass      ; Inapplicable ; Inapplicable ;
; aluif.b[7]         ; Inapplicable ; Inapplicable ; Inapplicable ; Inapplicable ; Inapplicable ; Pass      ; Inapplicable ; Inapplicable ; Inapplicable ; Inapplicable ; Inapplicable ; Inapplicable ; Inapplicable ; Inapplicable ; Inapplicable ; Inapplicable ; Inapplicable ; Pass         ; Inapplicable ; Inapplicable ; Pass         ; Inapplicable ; Inapplicable ; Inapplicable ; Inapplicable ; Pass      ; Pass      ; Pass      ; Inapplicable ; Inapplicable ;
; aluif.b[6]         ; Inapplicable ; Inapplicable ; Inapplicable ; Inapplicable ; Inapplicable ; Pass      ; Inapplicable ; Inapplicable ; Inapplicable ; Inapplicable ; Inapplicable ; Inapplicable ; Inapplicable ; Inapplicable ; Inapplicable ; Inapplicable ; Inapplicable ; Pass         ; Inapplicable ; Inapplicable ; Pass         ; Inapplicable ; Inapplicable ; Inapplicable ; Inapplicable ; Pass      ; Pass      ; Pass      ; Inapplicable ; Inapplicable ;
; aluif.b[5]         ; Inapplicable ; Inapplicable ; Inapplicable ; Inapplicable ; Inapplicable ; Pass      ; Inapplicable ; Inapplicable ; Inapplicable ; Inapplicable ; Inapplicable ; Inapplicable ; Inapplicable ; Inapplicable ; Inapplicable ; Inapplicable ; Inapplicable ; Pass         ; Inapplicable ; Inapplicable ; Pass         ; Inapplicable ; Inapplicable ; Inapplicable ; Inapplicable ; Pass      ; Pass      ; Pass      ; Inapplicable ; Inapplicable ;
+--------------------+--------------+--------------+--------------+--------------+--------------+-----------+--------------+--------------+--------------+--------------+--------------+--------------+--------------+--------------+--------------+--------------+--------------+--------------+--------------+--------------+--------------+--------------+--------------+--------------+--------------+-----------+-----------+-----------+--------------+--------------+


+---------------------------------------------------------------------------------------------+
; Fitter Device Options                                                                       ;
+------------------------------------------------------------------+--------------------------+
; Option                                                           ; Setting                  ;
+------------------------------------------------------------------+--------------------------+
; Enable user-supplied start-up clock (CLKUSR)                     ; Off                      ;
; Enable device-wide reset (DEV_CLRn)                              ; Off                      ;
; Enable device-wide output enable (DEV_OE)                        ; Off                      ;
; Enable INIT_DONE output                                          ; Off                      ;
; Configuration scheme                                             ; Active Serial            ;
; Error detection CRC                                              ; Off                      ;
; Enable open drain on CRC_ERROR pin                               ; Off                      ;
; Enable input tri-state on active configuration pins in user mode ; Off                      ;
; Configuration Voltage Level                                      ; Auto                     ;
; Force Configuration Voltage Level                                ; Off                      ;
; nCEO                                                             ; Unreserved               ;
; Data[0]                                                          ; As input tri-stated      ;
; Data[1]/ASDO                                                     ; As input tri-stated      ;
; Data[7..2]                                                       ; Unreserved               ;
; FLASH_nCE/nCSO                                                   ; As input tri-stated      ;
; Other Active Parallel pins                                       ; Unreserved               ;
; DCLK                                                             ; As output driving ground ;
+------------------------------------------------------------------+--------------------------+


+------------------------------------+
; Operating Settings and Conditions  ;
+---------------------------+--------+
; Setting                   ; Value  ;
+---------------------------+--------+
; Nominal Core Voltage      ; 1.20 V ;
; Low Junction Temperature  ; 0 °C   ;
; High Junction Temperature ; 85 °C  ;
+---------------------------+--------+


+-----------------+
; Fitter Messages ;
+-----------------+
Info (20032): Parallel compilation is enabled and will use up to 4 processors
Info (119006): Selected device EP4CE115F29C8 for design "alu"
Info (21076): High junction temperature operating condition is not set. Assuming a default value of '85'.
Info (21076): Low junction temperature operating condition is not set. Assuming a default value of '0'.
Info (171003): Fitter is performing an Auto Fit compilation, which may decrease Fitter effort to reduce compilation time
Info (176444): Device migration not selected. If you intend to use device migration later, you may need to change the pin assignments as they may be incompatible with other devices
    Info (176445): Device EP4CE40F29C8 is compatible
    Info (176445): Device EP4CE30F29C8 is compatible
    Info (176445): Device EP4CE55F29C8 is compatible
    Info (176445): Device EP4CE75F29C8 is compatible
Info (169124): Fitter converted 4 user pins into dedicated programming pins
    Info (169125): Pin ~ALTERA_ASDO_DATA1~ is reserved at location F4
    Info (169125): Pin ~ALTERA_FLASH_nCE_nCSO~ is reserved at location E2
    Info (169125): Pin ~ALTERA_DCLK~ is reserved at location P3
    Info (169125): Pin ~ALTERA_DATA0~ is reserved at location N7
Warning (15714): Some pins have incomplete I/O assignments. Refer to the I/O Assignment Warnings report for details
Critical Warning (169085): No exact pin location assignment(s) for 103 pins of 103 total pins. For the list of pins please refer to the I/O Assignment Warnings table in the fitter report.
Info (332104): Reading SDC File: 'alu.sdc'
Warning (332174): Ignored filter at alu.sdc(1): CLK could not be matched with a port File: /home/ecegridfs/a/437mg063/ece437/processors/._alu/alu.sdc Line: 1
Warning (332049): Ignored create_clock at alu.sdc(1): Argument <targets> is an empty collection File: /home/ecegridfs/a/437mg063/ece437/processors/._alu/alu.sdc Line: 1
    Info (332050): create_clock -name CLK [get_ports {CLK}] -period 100MHz File: /home/ecegridfs/a/437mg063/ece437/processors/._alu/alu.sdc Line: 1
Warning (332174): Ignored filter at alu.sdc(2): CLOCK_50 could not be matched with a port File: /home/ecegridfs/a/437mg063/ece437/processors/._alu/alu.sdc Line: 2
Warning (332049): Ignored create_clock at alu.sdc(2): Argument <targets> is an empty collection File: /home/ecegridfs/a/437mg063/ece437/processors/._alu/alu.sdc Line: 2
    Info (332050): create_clock -name CLK_50 [get_ports {CLOCK_50}] -period 100MHz File: /home/ecegridfs/a/437mg063/ece437/processors/._alu/alu.sdc Line: 2
Warning (332174): Ignored filter at alu.sdc(3): CPUCLK|q could not be matched with a pin File: /home/ecegridfs/a/437mg063/ece437/processors/._alu/alu.sdc Line: 3
Critical Warning (332049): Ignored create_generated_clock at alu.sdc(3): Argument <targets> is an empty collection File: /home/ecegridfs/a/437mg063/ece437/processors/._alu/alu.sdc Line: 3
    Info (332050): create_generated_clock -divide_by 2 -source [get_ports CLK] -name CPUCLK [get_pins CPUCLK|q] File: /home/ecegridfs/a/437mg063/ece437/processors/._alu/alu.sdc Line: 3
Warning (332049): Ignored create_generated_clock at alu.sdc(3): Argument -source is an empty collection File: /home/ecegridfs/a/437mg063/ece437/processors/._alu/alu.sdc Line: 3
Warning (332174): Ignored filter at alu.sdc(4): system:SYS|CPUCLK|q could not be matched with a pin File: /home/ecegridfs/a/437mg063/ece437/processors/._alu/alu.sdc Line: 4
Critical Warning (332049): Ignored create_generated_clock at alu.sdc(4): Argument <targets> is an empty collection File: /home/ecegridfs/a/437mg063/ece437/processors/._alu/alu.sdc Line: 4
    Info (332050): create_generated_clock -divide_by 2 -source [get_ports CLOCK_50] -name CPUCLK [get_pins system:SYS|CPUCLK|q] File: /home/ecegridfs/a/437mg063/ece437/processors/._alu/alu.sdc Line: 4
Warning (332049): Ignored create_generated_clock at alu.sdc(4): Argument -source is an empty collection File: /home/ecegridfs/a/437mg063/ece437/processors/._alu/alu.sdc Line: 4
Info (336004): The Timing Analyzer will use the Classic Timing Analyzer's FMAX_REQUIREMENT assignment (or --fmax command-line argument) as default timing requirement. Any other Classic Timing Analyzer assignment will be ignored.
Info (332144): No user constrained base clocks found in the design
Info (332096): The command derive_clocks did not find any clocks to derive.  No clocks were created or changed.
Warning (332068): No clocks defined in design.
Info (332143): No user constrained clock uncertainty found in the design. Calling "derive_clock_uncertainty"
Info (332154): The derive_clock_uncertainty command did not apply clock uncertainty to any clock-to-clock transfers.
Info (332129): Detected timing requirements -- optimizing circuit to achieve only the specified requirements
Info (332159): No clocks to report
Warning (332068): No clocks defined in design.
Info (176233): Starting register packing
Warning (176250): Ignoring invalid fast I/O register assignments. See the Ignored Assignments panel in the Fitter Compilation Report for more information.
Info (176235): Finished register packing
    Extra Info (176219): No registers were packed into other blocks
Info (176214): Statistics of I/O pins that need to be placed that use the same VCCIO and VREF, before I/O pin placement
    Info (176211): Number of I/O pins in group: 103 (unused VREF, 2.5V VCCIO, 68 input, 35 output, 0 bidirectional)
        Info (176212): I/O standards used: 2.5 V.
Info (176215): I/O bank details before I/O pin placement
    Info (176214): Statistics of I/O banks
        Info (176213): I/O bank number 1 does not use VREF pins and has undetermined VCCIO pins. 4 total pin(s) used --  52 pins available
        Info (176213): I/O bank number 2 does not use VREF pins and has undetermined VCCIO pins. 0 total pin(s) used --  63 pins available
        Info (176213): I/O bank number 3 does not use VREF pins and has undetermined VCCIO pins. 0 total pin(s) used --  73 pins available
        Info (176213): I/O bank number 4 does not use VREF pins and has undetermined VCCIO pins. 0 total pin(s) used --  71 pins available
        Info (176213): I/O bank number 5 does not use VREF pins and has undetermined VCCIO pins. 0 total pin(s) used --  65 pins available
        Info (176213): I/O bank number 6 does not use VREF pins and has undetermined VCCIO pins. 0 total pin(s) used --  58 pins available
        Info (176213): I/O bank number 7 does not use VREF pins and has undetermined VCCIO pins. 0 total pin(s) used --  72 pins available
        Info (176213): I/O bank number 8 does not use VREF pins and has undetermined VCCIO pins. 0 total pin(s) used --  71 pins available
Warning (15705): Ignored locations or region assignments to the following nodes
    Warning (15706): Node "AUD_ADCDAT" is assigned to location or region, but does not exist in design
    Warning (15706): Node "AUD_ADCLRCK" is assigned to location or region, but does not exist in design
    Warning (15706): Node "AUD_BCLK" is assigned to location or region, but does not exist in design
    Warning (15706): Node "AUD_DACDAT" is assigned to location or region, but does not exist in design
    Warning (15706): Node "AUD_DACLRCK" is assigned to location or region, but does not exist in design
    Warning (15706): Node "AUD_XCK" is assigned to location or region, but does not exist in design
    Warning (15706): Node "CLOCK2_50" is assigned to location or region, but does not exist in design
    Warning (15706): Node "CLOCK3_50" is assigned to location or region, but does not exist in design
    Warning (15706): Node "CLOCK_50" is assigned to location or region, but does not exist in design
    Warning (15706): Node "DRAM_ADDR[0]" is assigned to location or region, but does not exist in design
    Warning (15706): Node "DRAM_ADDR[10]" is assigned to location or region, but does not exist in design
    Warning (15706): Node "DRAM_ADDR[11]" is assigned to location or region, but does not exist in design
    Warning (15706): Node "DRAM_ADDR[12]" is assigned to location or region, but does not exist in design
    Warning (15706): Node "DRAM_ADDR[1]" is assigned to location or region, but does not exist in design
    Warning (15706): Node "DRAM_ADDR[2]" is assigned to location or region, but does not exist in design
    Warning (15706): Node "DRAM_ADDR[3]" is assigned to location or region, but does not exist in design
    Warning (15706): Node "DRAM_ADDR[4]" is assigned to location or region, but does not exist in design
    Warning (15706): Node "DRAM_ADDR[5]" is assigned to location or region, but does not exist in design
    Warning (15706): Node "DRAM_ADDR[6]" is assigned to location or region, but does not exist in design
    Warning (15706): Node "DRAM_ADDR[7]" is assigned to location or region, but does not exist in design
    Warning (15706): Node "DRAM_ADDR[8]" is assigned to location or region, but does not exist in design
    Warning (15706): Node "DRAM_ADDR[9]" is assigned to location or region, but does not exist in design
    Warning (15706): Node "DRAM_BA[0]" is assigned to location or region, but does not exist in design
    Warning (15706): Node "DRAM_BA[1]" is assigned to location or region, but does not exist in design
    Warning (15706): Node "DRAM_CAS_N" is assigned to location or region, but does not exist in design
    Warning (15706): Node "DRAM_CKE" is assigned to location or region, but does not exist in design
    Warning (15706): Node "DRAM_CLK" is assigned to location or region, but does not exist in design
    Warning (15706): Node "DRAM_CS_N" is assigned to location or region, but does not exist in design
    Warning (15706): Node "DRAM_DQM[0]" is assigned to location or region, but does not exist in design
    Warning (15706): Node "DRAM_DQM[1]" is assigned to location or region, but does not exist in design
    Warning (15706): Node "DRAM_DQM[2]" is assigned to location or region, but does not exist in design
    Warning (15706): Node "DRAM_DQM[3]" is assigned to location or region, but does not exist in design
    Warning (15706): Node "DRAM_DQ[0]" is assigned to location or region, but does not exist in design
    Warning (15706): Node "DRAM_DQ[10]" is assigned to location or region, but does not exist in design
    Warning (15706): Node "DRAM_DQ[11]" is assigned to location or region, but does not exist in design
    Warning (15706): Node "DRAM_DQ[12]" is assigned to location or region, but does not exist in design
    Warning (15706): Node "DRAM_DQ[13]" is assigned to location or region, but does not exist in design
    Warning (15706): Node "DRAM_DQ[14]" is assigned to location or region, but does not exist in design
    Warning (15706): Node "DRAM_DQ[15]" is assigned to location or region, but does not exist in design
    Warning (15706): Node "DRAM_DQ[16]" is assigned to location or region, but does not exist in design
    Warning (15706): Node "DRAM_DQ[17]" is assigned to location or region, but does not exist in design
    Warning (15706): Node "DRAM_DQ[18]" is assigned to location or region, but does not exist in design
    Warning (15706): Node "DRAM_DQ[19]" is assigned to location or region, but does not exist in design
    Warning (15706): Node "DRAM_DQ[1]" is assigned to location or region, but does not exist in design
    Warning (15706): Node "DRAM_DQ[20]" is assigned to location or region, but does not exist in design
    Warning (15706): Node "DRAM_DQ[21]" is assigned to location or region, but does not exist in design
    Warning (15706): Node "DRAM_DQ[22]" is assigned to location or region, but does not exist in design
    Warning (15706): Node "DRAM_DQ[23]" is assigned to location or region, but does not exist in design
    Warning (15706): Node "DRAM_DQ[24]" is assigned to location or region, but does not exist in design
    Warning (15706): Node "DRAM_DQ[25]" is assigned to location or region, but does not exist in design
    Warning (15706): Node "DRAM_DQ[26]" is assigned to location or region, but does not exist in design
    Warning (15706): Node "DRAM_DQ[27]" is assigned to location or region, but does not exist in design
    Warning (15706): Node "DRAM_DQ[28]" is assigned to location or region, but does not exist in design
    Warning (15706): Node "DRAM_DQ[29]" is assigned to location or region, but does not exist in design
    Warning (15706): Node "DRAM_DQ[2]" is assigned to location or region, but does not exist in design
    Warning (15706): Node "DRAM_DQ[30]" is assigned to location or region, but does not exist in design
    Warning (15706): Node "DRAM_DQ[31]" is assigned to location or region, but does not exist in design
    Warning (15706): Node "DRAM_DQ[3]" is assigned to location or region, but does not exist in design
    Warning (15706): Node "DRAM_DQ[4]" is assigned to location or region, but does not exist in design
    Warning (15706): Node "DRAM_DQ[5]" is assigned to location or region, but does not exist in design
    Warning (15706): Node "DRAM_DQ[6]" is assigned to location or region, but does not exist in design
    Warning (15706): Node "DRAM_DQ[7]" is assigned to location or region, but does not exist in design
    Warning (15706): Node "DRAM_DQ[8]" is assigned to location or region, but does not exist in design
    Warning (15706): Node "DRAM_DQ[9]" is assigned to location or region, but does not exist in design
    Warning (15706): Node "DRAM_RAS_N" is assigned to location or region, but does not exist in design
    Warning (15706): Node "DRAM_WE_N" is assigned to location or region, but does not exist in design
    Warning (15706): Node "EEP_I2C_SCLK" is assigned to location or region, but does not exist in design
    Warning (15706): Node "EEP_I2C_SDAT" is assigned to location or region, but does not exist in design
    Warning (15706): Node "ENET0_GTX_CLK" is assigned to location or region, but does not exist in design
    Warning (15706): Node "ENET0_INT_N" is assigned to location or region, but does not exist in design
    Warning (15706): Node "ENET0_LINK100" is assigned to location or region, but does not exist in design
    Warning (15706): Node "ENET0_MDC" is assigned to location or region, but does not exist in design
    Warning (15706): Node "ENET0_MDIO" is assigned to location or region, but does not exist in design
    Warning (15706): Node "ENET0_RESET_N" is assigned to location or region, but does not exist in design
    Warning (15706): Node "ENET0_RX_CLK" is assigned to location or region, but does not exist in design
    Warning (15706): Node "ENET0_RX_COL" is assigned to location or region, but does not exist in design
    Warning (15706): Node "ENET0_RX_CRS" is assigned to location or region, but does not exist in design
    Warning (15706): Node "ENET0_RX_DATA[0]" is assigned to location or region, but does not exist in design
    Warning (15706): Node "ENET0_RX_DATA[1]" is assigned to location or region, but does not exist in design
    Warning (15706): Node "ENET0_RX_DATA[2]" is assigned to location or region, but does not exist in design
    Warning (15706): Node "ENET0_RX_DATA[3]" is assigned to location or region, but does not exist in design
    Warning (15706): Node "ENET0_RX_DV" is assigned to location or region, but does not exist in design
    Warning (15706): Node "ENET0_RX_ER" is assigned to location or region, but does not exist in design
    Warning (15706): Node "ENET0_TX_CLK" is assigned to location or region, but does not exist in design
    Warning (15706): Node "ENET0_TX_DATA[0]" is assigned to location or region, but does not exist in design
    Warning (15706): Node "ENET0_TX_DATA[1]" is assigned to location or region, but does not exist in design
    Warning (15706): Node "ENET0_TX_DATA[2]" is assigned to location or region, but does not exist in design
    Warning (15706): Node "ENET0_TX_DATA[3]" is assigned to location or region, but does not exist in design
    Warning (15706): Node "ENET0_TX_EN" is assigned to location or region, but does not exist in design
    Warning (15706): Node "ENET0_TX_ER" is assigned to location or region, but does not exist in design
    Warning (15706): Node "ENET1_GTX_CLK" is assigned to location or region, but does not exist in design
    Warning (15706): Node "ENET1_INT_N" is assigned to location or region, but does not exist in design
    Warning (15706): Node "ENET1_LINK100" is assigned to location or region, but does not exist in design
    Warning (15706): Node "ENET1_MDC" is assigned to location or region, but does not exist in design
    Warning (15706): Node "ENET1_MDIO" is assigned to location or region, but does not exist in design
    Warning (15706): Node "ENET1_RESET_N" is assigned to location or region, but does not exist in design
    Warning (15706): Node "ENET1_RX_CLK" is assigned to location or region, but does not exist in design
    Warning (15706): Node "ENET1_RX_COL" is assigned to location or region, but does not exist in design
    Warning (15706): Node "ENET1_RX_CRS" is assigned to location or region, but does not exist in design
    Warning (15706): Node "ENET1_RX_DATA[0]" is assigned to location or region, but does not exist in design
    Warning (15706): Node "ENET1_RX_DATA[1]" is assigned to location or region, but does not exist in design
    Warning (15706): Node "ENET1_RX_DATA[2]" is assigned to location or region, but does not exist in design
    Warning (15706): Node "ENET1_RX_DATA[3]" is assigned to location or region, but does not exist in design
    Warning (15706): Node "ENET1_RX_DV" is assigned to location or region, but does not exist in design
    Warning (15706): Node "ENET1_RX_ER" is assigned to location or region, but does not exist in design
    Warning (15706): Node "ENET1_TX_CLK" is assigned to location or region, but does not exist in design
    Warning (15706): Node "ENET1_TX_DATA[0]" is assigned to location or region, but does not exist in design
    Warning (15706): Node "ENET1_TX_DATA[1]" is assigned to location or region, but does not exist in design
    Warning (15706): Node "ENET1_TX_DATA[2]" is assigned to location or region, but does not exist in design
    Warning (15706): Node "ENET1_TX_DATA[3]" is assigned to location or region, but does not exist in design
    Warning (15706): Node "ENET1_TX_EN" is assigned to location or region, but does not exist in design
    Warning (15706): Node "ENET1_TX_ER" is assigned to location or region, but does not exist in design
    Warning (15706): Node "ENETCLK_25" is assigned to location or region, but does not exist in design
    Warning (15706): Node "EXT_IO[0]" is assigned to location or region, but does not exist in design
    Warning (15706): Node "EXT_IO[1]" is assigned to location or region, but does not exist in design
    Warning (15706): Node "EXT_IO[2]" is assigned to location or region, but does not exist in design
    Warning (15706): Node "EXT_IO[3]" is assigned to location or region, but does not exist in design
    Warning (15706): Node "EXT_IO[4]" is assigned to location or region, but does not exist in design
    Warning (15706): Node "EXT_IO[5]" is assigned to location or region, but does not exist in design
    Warning (15706): Node "EXT_IO[6]" is assigned to location or region, but does not exist in design
    Warning (15706): Node "FL_ADDR[0]" is assigned to location or region, but does not exist in design
    Warning (15706): Node "FL_ADDR[10]" is assigned to location or region, but does not exist in design
    Warning (15706): Node "FL_ADDR[11]" is assigned to location or region, but does not exist in design
    Warning (15706): Node "FL_ADDR[12]" is assigned to location or region, but does not exist in design
    Warning (15706): Node "FL_ADDR[13]" is assigned to location or region, but does not exist in design
    Warning (15706): Node "FL_ADDR[14]" is assigned to location or region, but does not exist in design
    Warning (15706): Node "FL_ADDR[15]" is assigned to location or region, but does not exist in design
    Warning (15706): Node "FL_ADDR[16]" is assigned to location or region, but does not exist in design
    Warning (15706): Node "FL_ADDR[17]" is assigned to location or region, but does not exist in design
    Warning (15706): Node "FL_ADDR[18]" is assigned to location or region, but does not exist in design
    Warning (15706): Node "FL_ADDR[19]" is assigned to location or region, but does not exist in design
    Warning (15706): Node "FL_ADDR[1]" is assigned to location or region, but does not exist in design
    Warning (15706): Node "FL_ADDR[20]" is assigned to location or region, but does not exist in design
    Warning (15706): Node "FL_ADDR[21]" is assigned to location or region, but does not exist in design
    Warning (15706): Node "FL_ADDR[22]" is assigned to location or region, but does not exist in design
    Warning (15706): Node "FL_ADDR[2]" is assigned to location or region, but does not exist in design
    Warning (15706): Node "FL_ADDR[3]" is assigned to location or region, but does not exist in design
    Warning (15706): Node "FL_ADDR[4]" is assigned to location or region, but does not exist in design
    Warning (15706): Node "FL_ADDR[5]" is assigned to location or region, but does not exist in design
    Warning (15706): Node "FL_ADDR[6]" is assigned to location or region, but does not exist in design
    Warning (15706): Node "FL_ADDR[7]" is assigned to location or region, but does not exist in design
    Warning (15706): Node "FL_ADDR[8]" is assigned to location or region, but does not exist in design
    Warning (15706): Node "FL_ADDR[9]" is assigned to location or region, but does not exist in design
    Warning (15706): Node "FL_CE_N" is assigned to location or region, but does not exist in design
    Warning (15706): Node "FL_DQ[0]" is assigned to location or region, but does not exist in design
    Warning (15706): Node "FL_DQ[1]" is assigned to location or region, but does not exist in design
    Warning (15706): Node "FL_DQ[2]" is assigned to location or region, but does not exist in design
    Warning (15706): Node "FL_DQ[3]" is assigned to location or region, but does not exist in design
    Warning (15706): Node "FL_DQ[4]" is assigned to location or region, but does not exist in design
    Warning (15706): Node "FL_DQ[5]" is assigned to location or region, but does not exist in design
    Warning (15706): Node "FL_DQ[6]" is assigned to location or region, but does not exist in design
    Warning (15706): Node "FL_DQ[7]" is assigned to location or region, but does not exist in design
    Warning (15706): Node "FL_OE_N" is assigned to location or region, but does not exist in design
    Warning (15706): Node "FL_RESET_N" is assigned to location or region, but does not exist in design
    Warning (15706): Node "FL_RY" is assigned to location or region, but does not exist in design
    Warning (15706): Node "FL_WE_N" is assigned to location or region, but does not exist in design
    Warning (15706): Node "FL_WP_N" is assigned to location or region, but does not exist in design
    Warning (15706): Node "GPIO[0]" is assigned to location or region, but does not exist in design
    Warning (15706): Node "GPIO[10]" is assigned to location or region, but does not exist in design
    Warning (15706): Node "GPIO[11]" is assigned to location or region, but does not exist in design
    Warning (15706): Node "GPIO[12]" is assigned to location or region, but does not exist in design
    Warning (15706): Node "GPIO[13]" is assigned to location or region, but does not exist in design
    Warning (15706): Node "GPIO[14]" is assigned to location or region, but does not exist in design
    Warning (15706): Node "GPIO[15]" is assigned to location or region, but does not exist in design
    Warning (15706): Node "GPIO[16]" is assigned to location or region, but does not exist in design
    Warning (15706): Node "GPIO[17]" is assigned to location or region, but does not exist in design
    Warning (15706): Node "GPIO[18]" is assigned to location or region, but does not exist in design
    Warning (15706): Node "GPIO[19]" is assigned to location or region, but does not exist in design
    Warning (15706): Node "GPIO[1]" is assigned to location or region, but does not exist in design
    Warning (15706): Node "GPIO[20]" is assigned to location or region, but does not exist in design
    Warning (15706): Node "GPIO[21]" is assigned to location or region, but does not exist in design
    Warning (15706): Node "GPIO[22]" is assigned to location or region, but does not exist in design
    Warning (15706): Node "GPIO[23]" is assigned to location or region, but does not exist in design
    Warning (15706): Node "GPIO[24]" is assigned to location or region, but does not exist in design
    Warning (15706): Node "GPIO[25]" is assigned to location or region, but does not exist in design
    Warning (15706): Node "GPIO[26]" is assigned to location or region, but does not exist in design
    Warning (15706): Node "GPIO[27]" is assigned to location or region, but does not exist in design
    Warning (15706): Node "GPIO[28]" is assigned to location or region, but does not exist in design
    Warning (15706): Node "GPIO[29]" is assigned to location or region, but does not exist in design
    Warning (15706): Node "GPIO[2]" is assigned to location or region, but does not exist in design
    Warning (15706): Node "GPIO[30]" is assigned to location or region, but does not exist in design
    Warning (15706): Node "GPIO[31]" is assigned to location or region, but does not exist in design
    Warning (15706): Node "GPIO[32]" is assigned to location or region, but does not exist in design
    Warning (15706): Node "GPIO[33]" is assigned to location or region, but does not exist in design
    Warning (15706): Node "GPIO[34]" is assigned to location or region, but does not exist in design
    Warning (15706): Node "GPIO[35]" is assigned to location or region, but does not exist in design
    Warning (15706): Node "GPIO[3]" is assigned to location or region, but does not exist in design
    Warning (15706): Node "GPIO[4]" is assigned to location or region, but does not exist in design
    Warning (15706): Node "GPIO[5]" is assigned to location or region, but does not exist in design
    Warning (15706): Node "GPIO[6]" is assigned to location or region, but does not exist in design
    Warning (15706): Node "GPIO[7]" is assigned to location or region, but does not exist in design
    Warning (15706): Node "GPIO[8]" is assigned to location or region, but does not exist in design
    Warning (15706): Node "GPIO[9]" is assigned to location or region, but does not exist in design
    Warning (15706): Node "HEX0[0]" is assigned to location or region, but does not exist in design
    Warning (15706): Node "HEX0[1]" is assigned to location or region, but does not exist in design
    Warning (15706): Node "HEX0[2]" is assigned to location or region, but does not exist in design
    Warning (15706): Node "HEX0[3]" is assigned to location or region, but does not exist in design
    Warning (15706): Node "HEX0[4]" is assigned to location or region, but does not exist in design
    Warning (15706): Node "HEX0[5]" is assigned to location or region, but does not exist in design
    Warning (15706): Node "HEX0[6]" is assigned to location or region, but does not exist in design
    Warning (15706): Node "HEX1[0]" is assigned to location or region, but does not exist in design
    Warning (15706): Node "HEX1[1]" is assigned to location or region, but does not exist in design
    Warning (15706): Node "HEX1[2]" is assigned to location or region, but does not exist in design
    Warning (15706): Node "HEX1[3]" is assigned to location or region, but does not exist in design
    Warning (15706): Node "HEX1[4]" is assigned to location or region, but does not exist in design
    Warning (15706): Node "HEX1[5]" is assigned to location or region, but does not exist in design
    Warning (15706): Node "HEX1[6]" is assigned to location or region, but does not exist in design
    Warning (15706): Node "HEX2[0]" is assigned to location or region, but does not exist in design
    Warning (15706): Node "HEX2[1]" is assigned to location or region, but does not exist in design
    Warning (15706): Node "HEX2[2]" is assigned to location or region, but does not exist in design
    Warning (15706): Node "HEX2[3]" is assigned to location or region, but does not exist in design
    Warning (15706): Node "HEX2[4]" is assigned to location or region, but does not exist in design
    Warning (15706): Node "HEX2[5]" is assigned to location or region, but does not exist in design
    Warning (15706): Node "HEX2[6]" is assigned to location or region, but does not exist in design
    Warning (15706): Node "HEX3[0]" is assigned to location or region, but does not exist in design
    Warning (15706): Node "HEX3[1]" is assigned to location or region, but does not exist in design
    Warning (15706): Node "HEX3[2]" is assigned to location or region, but does not exist in design
    Warning (15706): Node "HEX3[3]" is assigned to location or region, but does not exist in design
    Warning (15706): Node "HEX3[4]" is assigned to location or region, but does not exist in design
    Warning (15706): Node "HEX3[5]" is assigned to location or region, but does not exist in design
    Warning (15706): Node "HEX3[6]" is assigned to location or region, but does not exist in design
    Warning (15706): Node "HEX4[0]" is assigned to location or region, but does not exist in design
    Warning (15706): Node "HEX4[1]" is assigned to location or region, but does not exist in design
    Warning (15706): Node "HEX4[2]" is assigned to location or region, but does not exist in design
    Warning (15706): Node "HEX4[3]" is assigned to location or region, but does not exist in design
    Warning (15706): Node "HEX4[4]" is assigned to location or region, but does not exist in design
    Warning (15706): Node "HEX4[5]" is assigned to location or region, but does not exist in design
    Warning (15706): Node "HEX4[6]" is assigned to location or region, but does not exist in design
    Warning (15706): Node "HEX5[0]" is assigned to location or region, but does not exist in design
    Warning (15706): Node "HEX5[1]" is assigned to location or region, but does not exist in design
    Warning (15706): Node "HEX5[2]" is assigned to location or region, but does not exist in design
    Warning (15706): Node "HEX5[3]" is assigned to location or region, but does not exist in design
    Warning (15706): Node "HEX5[4]" is assigned to location or region, but does not exist in design
    Warning (15706): Node "HEX5[5]" is assigned to location or region, but does not exist in design
    Warning (15706): Node "HEX5[6]" is assigned to location or region, but does not exist in design
    Warning (15706): Node "HEX6[0]" is assigned to location or region, but does not exist in design
    Warning (15706): Node "HEX6[1]" is assigned to location or region, but does not exist in design
    Warning (15706): Node "HEX6[2]" is assigned to location or region, but does not exist in design
    Warning (15706): Node "HEX6[3]" is assigned to location or region, but does not exist in design
    Warning (15706): Node "HEX6[4]" is assigned to location or region, but does not exist in design
    Warning (15706): Node "HEX6[5]" is assigned to location or region, but does not exist in design
    Warning (15706): Node "HEX6[6]" is assigned to location or region, but does not exist in design
    Warning (15706): Node "HEX7[0]" is assigned to location or region, but does not exist in design
    Warning (15706): Node "HEX7[1]" is assigned to location or region, but does not exist in design
    Warning (15706): Node "HEX7[2]" is assigned to location or region, but does not exist in design
    Warning (15706): Node "HEX7[3]" is assigned to location or region, but does not exist in design
    Warning (15706): Node "HEX7[4]" is assigned to location or region, but does not exist in design
    Warning (15706): Node "HEX7[5]" is assigned to location or region, but does not exist in design
    Warning (15706): Node "HEX7[6]" is assigned to location or region, but does not exist in design
    Warning (15706): Node "HSMC_CLKIN0" is assigned to location or region, but does not exist in design
    Warning (15706): Node "HSMC_CLKIN_N1" is assigned to location or region, but does not exist in design
    Warning (15706): Node "HSMC_CLKIN_N2" is assigned to location or region, but does not exist in design
    Warning (15706): Node "HSMC_CLKIN_P1" is assigned to location or region, but does not exist in design
    Warning (15706): Node "HSMC_CLKIN_P2" is assigned to location or region, but does not exist in design
    Warning (15706): Node "HSMC_CLKOUT0" is assigned to location or region, but does not exist in design
    Warning (15706): Node "HSMC_CLKOUT_N1" is assigned to location or region, but does not exist in design
    Warning (15706): Node "HSMC_CLKOUT_N2" is assigned to location or region, but does not exist in design
    Warning (15706): Node "HSMC_CLKOUT_P1" is assigned to location or region, but does not exist in design
    Warning (15706): Node "HSMC_CLKOUT_P2" is assigned to location or region, but does not exist in design
    Warning (15706): Node "HSMC_D[0]" is assigned to location or region, but does not exist in design
    Warning (15706): Node "HSMC_D[1]" is assigned to location or region, but does not exist in design
    Warning (15706): Node "HSMC_D[2]" is assigned to location or region, but does not exist in design
    Warning (15706): Node "HSMC_D[3]" is assigned to location or region, but does not exist in design
    Warning (15706): Node "HSMC_RX_D_N[0]" is assigned to location or region, but does not exist in design
    Warning (15706): Node "HSMC_RX_D_N[10]" is assigned to location or region, but does not exist in design
    Warning (15706): Node "HSMC_RX_D_N[11]" is assigned to location or region, but does not exist in design
    Warning (15706): Node "HSMC_RX_D_N[12]" is assigned to location or region, but does not exist in design
    Warning (15706): Node "HSMC_RX_D_N[13]" is assigned to location or region, but does not exist in design
    Warning (15706): Node "HSMC_RX_D_N[14]" is assigned to location or region, but does not exist in design
    Warning (15706): Node "HSMC_RX_D_N[15]" is assigned to location or region, but does not exist in design
    Warning (15706): Node "HSMC_RX_D_N[16]" is assigned to location or region, but does not exist in design
    Warning (15706): Node "HSMC_RX_D_N[1]" is assigned to location or region, but does not exist in design
    Warning (15706): Node "HSMC_RX_D_N[2]" is assigned to location or region, but does not exist in design
    Warning (15706): Node "HSMC_RX_D_N[3]" is assigned to location or region, but does not exist in design
    Warning (15706): Node "HSMC_RX_D_N[4]" is assigned to location or region, but does not exist in design
    Warning (15706): Node "HSMC_RX_D_N[5]" is assigned to location or region, but does not exist in design
    Warning (15706): Node "HSMC_RX_D_N[6]" is assigned to location or region, but does not exist in design
    Warning (15706): Node "HSMC_RX_D_N[7]" is assigned to location or region, but does not exist in design
    Warning (15706): Node "HSMC_RX_D_N[8]" is assigned to location or region, but does not exist in design
    Warning (15706): Node "HSMC_RX_D_N[9]" is assigned to location or region, but does not exist in design
    Warning (15706): Node "HSMC_RX_D_P[0]" is assigned to location or region, but does not exist in design
    Warning (15706): Node "HSMC_RX_D_P[10]" is assigned to location or region, but does not exist in design
    Warning (15706): Node "HSMC_RX_D_P[11]" is assigned to location or region, but does not exist in design
    Warning (15706): Node "HSMC_RX_D_P[12]" is assigned to location or region, but does not exist in design
    Warning (15706): Node "HSMC_RX_D_P[13]" is assigned to location or region, but does not exist in design
    Warning (15706): Node "HSMC_RX_D_P[14]" is assigned to location or region, but does not exist in design
    Warning (15706): Node "HSMC_RX_D_P[15]" is assigned to location or region, but does not exist in design
    Warning (15706): Node "HSMC_RX_D_P[16]" is assigned to location or region, but does not exist in design
    Warning (15706): Node "HSMC_RX_D_P[1]" is assigned to location or region, but does not exist in design
    Warning (15706): Node "HSMC_RX_D_P[2]" is assigned to location or region, but does not exist in design
    Warning (15706): Node "HSMC_RX_D_P[3]" is assigned to location or region, but does not exist in design
    Warning (15706): Node "HSMC_RX_D_P[4]" is assigned to location or region, but does not exist in design
    Warning (15706): Node "HSMC_RX_D_P[5]" is assigned to location or region, but does not exist in design
    Warning (15706): Node "HSMC_RX_D_P[6]" is assigned to location or region, but does not exist in design
    Warning (15706): Node "HSMC_RX_D_P[7]" is assigned to location or region, but does not exist in design
    Warning (15706): Node "HSMC_RX_D_P[8]" is assigned to location or region, but does not exist in design
    Warning (15706): Node "HSMC_RX_D_P[9]" is assigned to location or region, but does not exist in design
    Warning (15706): Node "HSMC_TX_D_N[0]" is assigned to location or region, but does not exist in design
    Warning (15706): Node "HSMC_TX_D_N[10]" is assigned to location or region, but does not exist in design
    Warning (15706): Node "HSMC_TX_D_N[11]" is assigned to location or region, but does not exist in design
    Warning (15706): Node "HSMC_TX_D_N[12]" is assigned to location or region, but does not exist in design
    Warning (15706): Node "HSMC_TX_D_N[13]" is assigned to location or region, but does not exist in design
    Warning (15706): Node "HSMC_TX_D_N[14]" is assigned to location or region, but does not exist in design
    Warning (15706): Node "HSMC_TX_D_N[15]" is assigned to location or region, but does not exist in design
    Warning (15706): Node "HSMC_TX_D_N[16]" is assigned to location or region, but does not exist in design
    Warning (15706): Node "HSMC_TX_D_N[1]" is assigned to location or region, but does not exist in design
    Warning (15706): Node "HSMC_TX_D_N[2]" is assigned to location or region, but does not exist in design
    Warning (15706): Node "HSMC_TX_D_N[3]" is assigned to location or region, but does not exist in design
    Warning (15706): Node "HSMC_TX_D_N[4]" is assigned to location or region, but does not exist in design
    Warning (15706): Node "HSMC_TX_D_N[5]" is assigned to location or region, but does not exist in design
    Warning (15706): Node "HSMC_TX_D_N[6]" is assigned to location or region, but does not exist in design
    Warning (15706): Node "HSMC_TX_D_N[7]" is assigned to location or region, but does not exist in design
    Warning (15706): Node "HSMC_TX_D_N[8]" is assigned to location or region, but does not exist in design
    Warning (15706): Node "HSMC_TX_D_N[9]" is assigned to location or region, but does not exist in design
    Warning (15706): Node "HSMC_TX_D_P[0]" is assigned to location or region, but does not exist in design
    Warning (15706): Node "HSMC_TX_D_P[10]" is assigned to location or region, but does not exist in design
    Warning (15706): Node "HSMC_TX_D_P[11]" is assigned to location or region, but does not exist in design
    Warning (15706): Node "HSMC_TX_D_P[12]" is assigned to location or region, but does not exist in design
    Warning (15706): Node "HSMC_TX_D_P[13]" is assigned to location or region, but does not exist in design
    Warning (15706): Node "HSMC_TX_D_P[14]" is assigned to location or region, but does not exist in design
    Warning (15706): Node "HSMC_TX_D_P[15]" is assigned to location or region, but does not exist in design
    Warning (15706): Node "HSMC_TX_D_P[16]" is assigned to location or region, but does not exist in design
    Warning (15706): Node "HSMC_TX_D_P[1]" is assigned to location or region, but does not exist in design
    Warning (15706): Node "HSMC_TX_D_P[2]" is assigned to location or region, but does not exist in design
    Warning (15706): Node "HSMC_TX_D_P[3]" is assigned to location or region, but does not exist in design
    Warning (15706): Node "HSMC_TX_D_P[4]" is assigned to location or region, but does not exist in design
    Warning (15706): Node "HSMC_TX_D_P[5]" is assigned to location or region, but does not exist in design
    Warning (15706): Node "HSMC_TX_D_P[6]" is assigned to location or region, but does not exist in design
    Warning (15706): Node "HSMC_TX_D_P[7]" is assigned to location or region, but does not exist in design
    Warning (15706): Node "HSMC_TX_D_P[8]" is assigned to location or region, but does not exist in design
    Warning (15706): Node "HSMC_TX_D_P[9]" is assigned to location or region, but does not exist in design
    Warning (15706): Node "I2C_SCLK" is assigned to location or region, but does not exist in design
    Warning (15706): Node "I2C_SDAT" is assigned to location or region, but does not exist in design
    Warning (15706): Node "IRDA_RXD" is assigned to location or region, but does not exist in design
    Warning (15706): Node "KEY[0]" is assigned to location or region, but does not exist in design
    Warning (15706): Node "KEY[1]" is assigned to location or region, but does not exist in design
    Warning (15706): Node "KEY[2]" is assigned to location or region, but does not exist in design
    Warning (15706): Node "KEY[3]" is assigned to location or region, but does not exist in design
    Warning (15706): Node "LCD_BLON" is assigned to location or region, but does not exist in design
    Warning (15706): Node "LCD_DATA[0]" is assigned to location or region, but does not exist in design
    Warning (15706): Node "LCD_DATA[1]" is assigned to location or region, but does not exist in design
    Warning (15706): Node "LCD_DATA[2]" is assigned to location or region, but does not exist in design
    Warning (15706): Node "LCD_DATA[3]" is assigned to location or region, but does not exist in design
    Warning (15706): Node "LCD_DATA[4]" is assigned to location or region, but does not exist in design
    Warning (15706): Node "LCD_DATA[5]" is assigned to location or region, but does not exist in design
    Warning (15706): Node "LCD_DATA[6]" is assigned to location or region, but does not exist in design
    Warning (15706): Node "LCD_DATA[7]" is assigned to location or region, but does not exist in design
    Warning (15706): Node "LCD_EN" is assigned to location or region, but does not exist in design
    Warning (15706): Node "LCD_ON" is assigned to location or region, but does not exist in design
    Warning (15706): Node "LCD_RS" is assigned to location or region, but does not exist in design
    Warning (15706): Node "LCD_RW" is assigned to location or region, but does not exist in design
    Warning (15706): Node "LEDG[0]" is assigned to location or region, but does not exist in design
    Warning (15706): Node "LEDG[1]" is assigned to location or region, but does not exist in design
    Warning (15706): Node "LEDG[2]" is assigned to location or region, but does not exist in design
    Warning (15706): Node "LEDG[3]" is assigned to location or region, but does not exist in design
    Warning (15706): Node "LEDG[4]" is assigned to location or region, but does not exist in design
    Warning (15706): Node "LEDG[5]" is assigned to location or region, but does not exist in design
    Warning (15706): Node "LEDG[6]" is assigned to location or region, but does not exist in design
    Warning (15706): Node "LEDG[7]" is assigned to location or region, but does not exist in design
    Warning (15706): Node "LEDG[8]" is assigned to location or region, but does not exist in design
    Warning (15706): Node "LEDR[0]" is assigned to location or region, but does not exist in design
    Warning (15706): Node "LEDR[10]" is assigned to location or region, but does not exist in design
    Warning (15706): Node "LEDR[11]" is assigned to location or region, but does not exist in design
    Warning (15706): Node "LEDR[12]" is assigned to location or region, but does not exist in design
    Warning (15706): Node "LEDR[13]" is assigned to location or region, but does not exist in design
    Warning (15706): Node "LEDR[14]" is assigned to location or region, but does not exist in design
    Warning (15706): Node "LEDR[15]" is assigned to location or region, but does not exist in design
    Warning (15706): Node "LEDR[16]" is assigned to location or region, but does not exist in design
    Warning (15706): Node "LEDR[17]" is assigned to location or region, but does not exist in design
    Warning (15706): Node "LEDR[1]" is assigned to location or region, but does not exist in design
    Warning (15706): Node "LEDR[2]" is assigned to location or region, but does not exist in design
    Warning (15706): Node "LEDR[3]" is assigned to location or region, but does not exist in design
    Warning (15706): Node "LEDR[4]" is assigned to location or region, but does not exist in design
    Warning (15706): Node "LEDR[5]" is assigned to location or region, but does not exist in design
    Warning (15706): Node "LEDR[6]" is assigned to location or region, but does not exist in design
    Warning (15706): Node "LEDR[7]" is assigned to location or region, but does not exist in design
    Warning (15706): Node "LEDR[8]" is assigned to location or region, but does not exist in design
    Warning (15706): Node "LEDR[9]" is assigned to location or region, but does not exist in design
    Warning (15706): Node "OTG_ADDR[0]" is assigned to location or region, but does not exist in design
    Warning (15706): Node "OTG_ADDR[1]" is assigned to location or region, but does not exist in design
    Warning (15706): Node "OTG_CS_N" is assigned to location or region, but does not exist in design
    Warning (15706): Node "OTG_DACK_N[0]" is assigned to location or region, but does not exist in design
    Warning (15706): Node "OTG_DACK_N[1]" is assigned to location or region, but does not exist in design
    Warning (15706): Node "OTG_DATA[0]" is assigned to location or region, but does not exist in design
    Warning (15706): Node "OTG_DATA[10]" is assigned to location or region, but does not exist in design
    Warning (15706): Node "OTG_DATA[11]" is assigned to location or region, but does not exist in design
    Warning (15706): Node "OTG_DATA[12]" is assigned to location or region, but does not exist in design
    Warning (15706): Node "OTG_DATA[13]" is assigned to location or region, but does not exist in design
    Warning (15706): Node "OTG_DATA[14]" is assigned to location or region, but does not exist in design
    Warning (15706): Node "OTG_DATA[15]" is assigned to location or region, but does not exist in design
    Warning (15706): Node "OTG_DATA[1]" is assigned to location or region, but does not exist in design
    Warning (15706): Node "OTG_DATA[2]" is assigned to location or region, but does not exist in design
    Warning (15706): Node "OTG_DATA[3]" is assigned to location or region, but does not exist in design
    Warning (15706): Node "OTG_DATA[4]" is assigned to location or region, but does not exist in design
    Warning (15706): Node "OTG_DATA[5]" is assigned to location or region, but does not exist in design
    Warning (15706): Node "OTG_DATA[6]" is assigned to location or region, but does not exist in design
    Warning (15706): Node "OTG_DATA[7]" is assigned to location or region, but does not exist in design
    Warning (15706): Node "OTG_DATA[8]" is assigned to location or region, but does not exist in design
    Warning (15706): Node "OTG_DATA[9]" is assigned to location or region, but does not exist in design
    Warning (15706): Node "OTG_DREQ[0]" is assigned to location or region, but does not exist in design
    Warning (15706): Node "OTG_DREQ[1]" is assigned to location or region, but does not exist in design
    Warning (15706): Node "OTG_FSPEED" is assigned to location or region, but does not exist in design
    Warning (15706): Node "OTG_INT[0]" is assigned to location or region, but does not exist in design
    Warning (15706): Node "OTG_INT[1]" is assigned to location or region, but does not exist in design
    Warning (15706): Node "OTG_LSPEED" is assigned to location or region, but does not exist in design
    Warning (15706): Node "OTG_OE_N" is assigned to location or region, but does not exist in design
    Warning (15706): Node "OTG_RST_N" is assigned to location or region, but does not exist in design
    Warning (15706): Node "OTG_WE_N" is assigned to location or region, but does not exist in design
    Warning (15706): Node "PS2_KBCLK" is assigned to location or region, but does not exist in design
    Warning (15706): Node "PS2_KBDAT" is assigned to location or region, but does not exist in design
    Warning (15706): Node "PS2_MSCLK" is assigned to location or region, but does not exist in design
    Warning (15706): Node "PS2_MSDAT" is assigned to location or region, but does not exist in design
    Warning (15706): Node "SD_CLK" is assigned to location or region, but does not exist in design
    Warning (15706): Node "SD_CMD" is assigned to location or region, but does not exist in design
    Warning (15706): Node "SD_DAT[0]" is assigned to location or region, but does not exist in design
    Warning (15706): Node "SD_DAT[1]" is assigned to location or region, but does not exist in design
    Warning (15706): Node "SD_DAT[2]" is assigned to location or region, but does not exist in design
    Warning (15706): Node "SD_DAT[3]" is assigned to location or region, but does not exist in design
    Warning (15706): Node "SD_WP_N" is assigned to location or region, but does not exist in design
    Warning (15706): Node "SMA_CLKIN" is assigned to location or region, but does not exist in design
    Warning (15706): Node "SMA_CLKOUT" is assigned to location or region, but does not exist in design
    Warning (15706): Node "SRAM_ADDR[0]" is assigned to location or region, but does not exist in design
    Warning (15706): Node "SRAM_ADDR[10]" is assigned to location or region, but does not exist in design
    Warning (15706): Node "SRAM_ADDR[11]" is assigned to location or region, but does not exist in design
    Warning (15706): Node "SRAM_ADDR[12]" is assigned to location or region, but does not exist in design
    Warning (15706): Node "SRAM_ADDR[13]" is assigned to location or region, but does not exist in design
    Warning (15706): Node "SRAM_ADDR[14]" is assigned to location or region, but does not exist in design
    Warning (15706): Node "SRAM_ADDR[15]" is assigned to location or region, but does not exist in design
    Warning (15706): Node "SRAM_ADDR[16]" is assigned to location or region, but does not exist in design
    Warning (15706): Node "SRAM_ADDR[17]" is assigned to location or region, but does not exist in design
    Warning (15706): Node "SRAM_ADDR[18]" is assigned to location or region, but does not exist in design
    Warning (15706): Node "SRAM_ADDR[19]" is assigned to location or region, but does not exist in design
    Warning (15706): Node "SRAM_ADDR[1]" is assigned to location or region, but does not exist in design
    Warning (15706): Node "SRAM_ADDR[2]" is assigned to location or region, but does not exist in design
    Warning (15706): Node "SRAM_ADDR[3]" is assigned to location or region, but does not exist in design
    Warning (15706): Node "SRAM_ADDR[4]" is assigned to location or region, but does not exist in design
    Warning (15706): Node "SRAM_ADDR[5]" is assigned to location or region, but does not exist in design
    Warning (15706): Node "SRAM_ADDR[6]" is assigned to location or region, but does not exist in design
    Warning (15706): Node "SRAM_ADDR[7]" is assigned to location or region, but does not exist in design
    Warning (15706): Node "SRAM_ADDR[8]" is assigned to location or region, but does not exist in design
    Warning (15706): Node "SRAM_ADDR[9]" is assigned to location or region, but does not exist in design
    Warning (15706): Node "SRAM_CE_N" is assigned to location or region, but does not exist in design
    Warning (15706): Node "SRAM_DQ[0]" is assigned to location or region, but does not exist in design
    Warning (15706): Node "SRAM_DQ[10]" is assigned to location or region, but does not exist in design
    Warning (15706): Node "SRAM_DQ[11]" is assigned to location or region, but does not exist in design
    Warning (15706): Node "SRAM_DQ[12]" is assigned to location or region, but does not exist in design
    Warning (15706): Node "SRAM_DQ[13]" is assigned to location or region, but does not exist in design
    Warning (15706): Node "SRAM_DQ[14]" is assigned to location or region, but does not exist in design
    Warning (15706): Node "SRAM_DQ[15]" is assigned to location or region, but does not exist in design
    Warning (15706): Node "SRAM_DQ[1]" is assigned to location or region, but does not exist in design
    Warning (15706): Node "SRAM_DQ[2]" is assigned to location or region, but does not exist in design
    Warning (15706): Node "SRAM_DQ[3]" is assigned to location or region, but does not exist in design
    Warning (15706): Node "SRAM_DQ[4]" is assigned to location or region, but does not exist in design
    Warning (15706): Node "SRAM_DQ[5]" is assigned to location or region, but does not exist in design
    Warning (15706): Node "SRAM_DQ[6]" is assigned to location or region, but does not exist in design
    Warning (15706): Node "SRAM_DQ[7]" is assigned to location or region, but does not exist in design
    Warning (15706): Node "SRAM_DQ[8]" is assigned to location or region, but does not exist in design
    Warning (15706): Node "SRAM_DQ[9]" is assigned to location or region, but does not exist in design
    Warning (15706): Node "SRAM_LB_N" is assigned to location or region, but does not exist in design
    Warning (15706): Node "SRAM_OE_N" is assigned to location or region, but does not exist in design
    Warning (15706): Node "SRAM_UB_N" is assigned to location or region, but does not exist in design
    Warning (15706): Node "SRAM_WE_N" is assigned to location or region, but does not exist in design
    Warning (15706): Node "SW[0]" is assigned to location or region, but does not exist in design
    Warning (15706): Node "SW[10]" is assigned to location or region, but does not exist in design
    Warning (15706): Node "SW[11]" is assigned to location or region, but does not exist in design
    Warning (15706): Node "SW[12]" is assigned to location or region, but does not exist in design
    Warning (15706): Node "SW[13]" is assigned to location or region, but does not exist in design
    Warning (15706): Node "SW[14]" is assigned to location or region, but does not exist in design
    Warning (15706): Node "SW[15]" is assigned to location or region, but does not exist in design
    Warning (15706): Node "SW[16]" is assigned to location or region, but does not exist in design
    Warning (15706): Node "SW[17]" is assigned to location or region, but does not exist in design
    Warning (15706): Node "SW[1]" is assigned to location or region, but does not exist in design
    Warning (15706): Node "SW[2]" is assigned to location or region, but does not exist in design
    Warning (15706): Node "SW[3]" is assigned to location or region, but does not exist in design
    Warning (15706): Node "SW[4]" is assigned to location or region, but does not exist in design
    Warning (15706): Node "SW[5]" is assigned to location or region, but does not exist in design
    Warning (15706): Node "SW[6]" is assigned to location or region, but does not exist in design
    Warning (15706): Node "SW[7]" is assigned to location or region, but does not exist in design
    Warning (15706): Node "SW[8]" is assigned to location or region, but does not exist in design
    Warning (15706): Node "SW[9]" is assigned to location or region, but does not exist in design
    Warning (15706): Node "TD_CLK27" is assigned to location or region, but does not exist in design
    Warning (15706): Node "TD_DATA[0]" is assigned to location or region, but does not exist in design
    Warning (15706): Node "TD_DATA[1]" is assigned to location or region, but does not exist in design
    Warning (15706): Node "TD_DATA[2]" is assigned to location or region, but does not exist in design
    Warning (15706): Node "TD_DATA[3]" is assigned to location or region, but does not exist in design
    Warning (15706): Node "TD_DATA[4]" is assigned to location or region, but does not exist in design
    Warning (15706): Node "TD_DATA[5]" is assigned to location or region, but does not exist in design
    Warning (15706): Node "TD_DATA[6]" is assigned to location or region, but does not exist in design
    Warning (15706): Node "TD_DATA[7]" is assigned to location or region, but does not exist in design
    Warning (15706): Node "TD_HS" is assigned to location or region, but does not exist in design
    Warning (15706): Node "TD_RESET_N" is assigned to location or region, but does not exist in design
    Warning (15706): Node "TD_VS" is assigned to location or region, but does not exist in design
    Warning (15706): Node "UART_CTS" is assigned to location or region, but does not exist in design
    Warning (15706): Node "UART_RTS" is assigned to location or region, but does not exist in design
    Warning (15706): Node "UART_RXD" is assigned to location or region, but does not exist in design
    Warning (15706): Node "UART_TXD" is assigned to location or region, but does not exist in design
    Warning (15706): Node "VGA_BLANK_N" is assigned to location or region, but does not exist in design
    Warning (15706): Node "VGA_B[0]" is assigned to location or region, but does not exist in design
    Warning (15706): Node "VGA_B[1]" is assigned to location or region, but does not exist in design
    Warning (15706): Node "VGA_B[2]" is assigned to location or region, but does not exist in design
    Warning (15706): Node "VGA_B[3]" is assigned to location or region, but does not exist in design
    Warning (15706): Node "VGA_B[4]" is assigned to location or region, but does not exist in design
    Warning (15706): Node "VGA_B[5]" is assigned to location or region, but does not exist in design
    Warning (15706): Node "VGA_B[6]" is assigned to location or region, but does not exist in design
    Warning (15706): Node "VGA_B[7]" is assigned to location or region, but does not exist in design
    Warning (15706): Node "VGA_CLK" is assigned to location or region, but does not exist in design
    Warning (15706): Node "VGA_G[0]" is assigned to location or region, but does not exist in design
    Warning (15706): Node "VGA_G[1]" is assigned to location or region, but does not exist in design
    Warning (15706): Node "VGA_G[2]" is assigned to location or region, but does not exist in design
    Warning (15706): Node "VGA_G[3]" is assigned to location or region, but does not exist in design
    Warning (15706): Node "VGA_G[4]" is assigned to location or region, but does not exist in design
    Warning (15706): Node "VGA_G[5]" is assigned to location or region, but does not exist in design
    Warning (15706): Node "VGA_G[6]" is assigned to location or region, but does not exist in design
    Warning (15706): Node "VGA_G[7]" is assigned to location or region, but does not exist in design
    Warning (15706): Node "VGA_HS" is assigned to location or region, but does not exist in design
    Warning (15706): Node "VGA_R[0]" is assigned to location or region, but does not exist in design
    Warning (15706): Node "VGA_R[1]" is assigned to location or region, but does not exist in design
    Warning (15706): Node "VGA_R[2]" is assigned to location or region, but does not exist in design
    Warning (15706): Node "VGA_R[3]" is assigned to location or region, but does not exist in design
    Warning (15706): Node "VGA_R[4]" is assigned to location or region, but does not exist in design
    Warning (15706): Node "VGA_R[5]" is assigned to location or region, but does not exist in design
    Warning (15706): Node "VGA_R[6]" is assigned to location or region, but does not exist in design
    Warning (15706): Node "VGA_R[7]" is assigned to location or region, but does not exist in design
    Warning (15706): Node "VGA_SYNC_N" is assigned to location or region, but does not exist in design
    Warning (15706): Node "VGA_VS" is assigned to location or region, but does not exist in design
Info (171121): Fitter preparation operations ending: elapsed time is 00:00:01
Info (14896): Fitter has disabled Advanced Physical Optimization because it is not supported for the current family.
Info (170189): Fitter placement preparation operations beginning
Info (170190): Fitter placement preparation operations ending: elapsed time is 00:00:00
Info (170191): Fitter placement operations beginning
Info (170137): Fitter placement was successful
Info (170192): Fitter placement operations ending: elapsed time is 00:00:01
Info (170193): Fitter routing operations beginning
Info (170195): Router estimated average interconnect usage is 0% of the available device resources
    Info (170196): Router estimated peak interconnect usage is 10% of the available device resources in the region that extends from location X81_Y0 to location X91_Y11
Info (170199): The Fitter performed an Auto Fit compilation.  Optimizations were skipped to reduce compilation time.
    Info (170201): Optimizations that may affect the design's routability were skipped
    Info (170200): Optimizations that may affect the design's timing were skipped
Info (170194): Fitter routing operations ending: elapsed time is 00:00:00
Info (11888): Total time spent on timing analysis during the Fitter is 0.04 seconds.
Info (334003): Started post-fitting delay annotation
Info (334004): Delay annotation completed successfully
Info (334003): Started post-fitting delay annotation
Info (334004): Delay annotation completed successfully
Info (11218): Fitter post-fit operations ending: elapsed time is 00:00:01
Warning (171167): Found invalid Fitter assignments. See the Ignored Assignments panel in the Fitter Compilation Report for more information.
Info (144001): Generated suppressed messages file /home/ecegridfs/a/437mg063/ece437/processors/._alu/alu.fit.smsg
Info: Quartus Prime Fitter was successful. 0 errors, 542 warnings
    Info: Peak virtual memory: 1243 megabytes
    Info: Processing ended: Wed Sep  3 19:02:30 2025
    Info: Elapsed time: 00:00:12
    Info: Total CPU time (on all processors): 00:00:15


+----------------------------+
; Fitter Suppressed Messages ;
+----------------------------+
The suppressed messages can be found in /home/ecegridfs/a/437mg063/ece437/processors/._alu/alu.fit.smsg.


Flow report for alu
Wed Sep  3 19:02:37 2025
Quartus Prime Version 21.1.1 Build 850 06/23/2022 SJ Standard Edition


---------------------
; Table of Contents ;
---------------------
  1. Legal Notice
  2. Flow Summary
  3. Flow Settings
  4. Flow Non-Default Global Settings
  5. Flow Elapsed Time
  6. Flow OS Summary
  7. Flow Log
  8. Flow Messages
  9. Flow Suppressed Messages



----------------
; Legal Notice ;
----------------
Copyright (C) 2022  Intel Corporation. All rights reserved.
Your use of Intel Corporation's design tools, logic functions 
and other software and tools, and any partner logic 
functions, and any output files from any of the foregoing 
(including device programming or simulation files), and any 
associated documentation or information are expressly subject 
to the terms and conditions of the Intel Program License 
Subscription Agreement, the Intel Quartus Prime License Agreement,
the Intel FPGA IP License Agreement, or other applicable license
agreement, including, without limitation, that your use is for
the sole purpose of programming logic devices manufactured by
Intel and sold by Intel or its authorized distributors.  Please
refer to the applicable agreement for further details, at
https://fpgasoftware.intel.com/eula.



+--------------------------------------------------------------------------------------+
; Flow Summary                                                                         ;
+------------------------------------+-------------------------------------------------+
; Flow Status                        ; Successful - Wed Sep  3 19:02:37 2025           ;
; Quartus Prime Version              ; 21.1.1 Build 850 06/23/2022 SJ Standard Edition ;
; Revision Name                      ; alu                                             ;
; Top-level Entity Name              ; alu                                             ;
; Family                             ; Cyclone IV E                                    ;
; Device                             ; EP4CE115F29C8                                   ;
; Timing Models                      ; Final                                           ;
; Total logic elements               ; 689 / 114,480 ( < 1 % )                         ;
;     Total combinational functions  ; 689 / 114,480 ( < 1 % )                         ;
;     Dedicated logic registers      ; 0 / 114,480 ( 0 % )                             ;
; Total registers                    ; 0                                               ;
; Total pins                         ; 103 / 529 ( 19 % )                              ;
; Total virtual pins                 ; 0                                               ;
; Total memory bits                  ; 0 / 3,981,312 ( 0 % )                           ;
; Embedded Multiplier 9-bit elements ; 0 / 532 ( 0 % )                                 ;
; Total PLLs                         ; 0 / 4 ( 0 % )                                   ;
+------------------------------------+-------------------------------------------------+


+-----------------------------------------+
; Flow Settings                           ;
+-------------------+---------------------+
; Option            ; Setting             ;
+-------------------+---------------------+
; Start date & time ; 09/03/2025 19:02:07 ;
; Main task         ; Compilation         ;
; Revision Name     ; alu                 ;
+-------------------+---------------------+


+-------------------------------------------------------------------------------------------------------------------------------------------+
; Flow Non-Default Global Settings                                                                                                          ;
+-------------------------------------+------------------------------------------------------+---------------+-------------+----------------+
; Assignment Name                     ; Value                                                ; Default Value ; Entity Name ; Section Id     ;
+-------------------------------------+------------------------------------------------------+---------------+-------------+----------------+
; COMPILER_SIGNATURE_ID               ; 268891670558148.175694052732805                      ; --            ; --          ; --             ;
; EDA_GENERATE_FUNCTIONAL_NETLIST     ; On                                                   ; --            ; --          ; eda_simulation ;
; EDA_MAINTAIN_DESIGN_HIERARCHY       ; On                                                   ; --            ; --          ; eda_simulation ;
; EDA_OUTPUT_DATA_FORMAT              ; Verilog                                              ; --            ; --          ; eda_simulation ;
; EDA_SIMULATION_TOOL                 ; ModelSim (Verilog)                                   ; <None>        ; --          ; --             ;
; EDA_TIME_SCALE                      ; 1 ps                                                 ; --            ; --          ; eda_simulation ;
; ENABLE_DRC_SETTINGS                 ; On                                                   ; Off           ; --          ; --             ;
; FMAX_REQUIREMENT                    ; 100 MHz                                              ; --            ; --          ; --             ;
; NUM_PARALLEL_PROCESSORS             ; 4                                                    ; --            ; --          ; --             ;
; PARTITION_COLOR                     ; -- (Not supported for targeted family)               ; --            ; --          ; Top            ;
; PARTITION_FITTER_PRESERVATION_LEVEL ; -- (Not supported for targeted family)               ; --            ; --          ; Top            ;
; PARTITION_NETLIST_TYPE              ; -- (Not supported for targeted family)               ; --            ; --          ; Top            ;
; PROJECT_OUTPUT_DIRECTORY            ; /home/ecegridfs/a/437mg063/ece437/processors/._alu   ; --            ; --          ; --             ;
; SEARCH_PATH                         ; /home/ecegridfs/a/437mg063/ece437/processors/include ; --            ; --          ; --             ;
; SMART_RECOMPILE                     ; On                                                   ; Off           ; --          ; --             ;
; TIMING_ANALYZER_DO_REPORT_TIMING    ; On                                                   ; Off           ; --          ; --             ;
; USE_GENERATED_PHYSICAL_CONSTRAINTS  ; Off                                                  ; --            ; --          ; eda_blast_fpga ;
; VERILOG_INPUT_VERSION               ; SystemVerilog_2005                                   ; Verilog_2001  ; --          ; --             ;
; VERILOG_SHOW_LMF_MAPPING_MESSAGES   ; Off                                                  ; --            ; --          ; --             ;
+-------------------------------------+------------------------------------------------------+---------------+-------------+----------------+


+--------------------------------------------------------------------------------------------------------------------------+
; Flow Elapsed Time                                                                                                        ;
+----------------------+--------------+-------------------------+---------------------+------------------------------------+
; Module Name          ; Elapsed Time ; Average Processors Used ; Peak Virtual Memory ; Total CPU Time (on all processors) ;
+----------------------+--------------+-------------------------+---------------------+------------------------------------+
; Analysis & Synthesis ; 00:00:10     ; 1.0                     ; 447 MB              ; 00:00:18                           ;
; Fitter               ; 00:00:12     ; 1.0                     ; 1243 MB             ; 00:00:15                           ;
; Design Assistant     ; 00:00:01     ; 1.0                     ; 632 MB              ; 00:00:00                           ;
; Timing Analyzer      ; 00:00:03     ; 1.0                     ; 633 MB              ; 00:00:02                           ;
; EDA Netlist Writer   ; 00:00:01     ; 1.0                     ; 662 MB              ; 00:00:00                           ;
; Total                ; 00:00:27     ; --                      ; --                  ; 00:00:35                           ;
+----------------------+--------------+-------------------------+---------------------+------------------------------------+


+----------------------------------------------------------------------------------------+
; Flow OS Summary                                                                        ;
+----------------------+-------------------------+---------+------------+----------------+
; Module Name          ; Machine Hostname        ; OS Name ; OS Version ; Processor type ;
+----------------------+-------------------------+---------+------------+----------------+
; Analysis & Synthesis ; cparch09.ecn.purdue.edu ; Red Hat ; Red Hat    ; x86_64         ;
; Fitter               ; cparch09.ecn.purdue.edu ; Red Hat ; Red Hat    ; x86_64         ;
; Design Assistant     ; cparch09.ecn.purdue.edu ; Red Hat ; Red Hat    ; x86_64         ;
; Timing Analyzer      ; cparch09.ecn.purdue.edu ; Red Hat ; Red Hat    ; x86_64         ;
; EDA Netlist Writer   ; cparch09.ecn.purdue.edu ; Red Hat ; Red Hat    ; x86_64         ;
+----------------------+-------------------------+---------+------------+----------------+


------------
; Flow Log ;
------------
quartus_map --64bit alu -c alu
quartus_fit --64bit alu -c alu
quartus_drc --64bit alu -c alu
quartus_sta --64bit alu -c alu
quartus_eda --64bit alu -c alu



Analysis & Synthesis report for alu
Wed Sep  3 19:02:18 2025
Quartus Prime Version 21.1.1 Build 850 06/23/2022 SJ Standard Edition


---------------------
; Table of Contents ;
---------------------
  1. Legal Notice
  2. Analysis & Synthesis Summary
  3. Analysis & Synthesis Settings
  4. Parallel Compilation
  5. Analysis & Synthesis Source Files Read
  6. Analysis & Synthesis Resource Usage Summary
  7. Analysis & Synthesis Resource Utilization by Entity
  8. General Register Statistics
  9. Multiplexer Restructuring Statistics (Restructuring Performed)
 10. Post-Synthesis Netlist Statistics for Top Partition
 11. Elapsed Time Per Partition
 12. Analysis & Synthesis Messages



----------------
; Legal Notice ;
----------------
Copyright (C) 2022  Intel Corporation. All rights reserved.
Your use of Intel Corporation's design tools, logic functions 
and other software and tools, and any partner logic 
functions, and any output files from any of the foregoing 
(including device programming or simulation files), and any 
associated documentation or information are expressly subject 
to the terms and conditions of the Intel Program License 
Subscription Agreement, the Intel Quartus Prime License Agreement,
the Intel FPGA IP License Agreement, or other applicable license
agreement, including, without limitation, that your use is for
the sole purpose of programming logic devices manufactured by
Intel and sold by Intel or its authorized distributors.  Please
refer to the applicable agreement for further details, at
https://fpgasoftware.intel.com/eula.



+--------------------------------------------------------------------------------------+
; Analysis & Synthesis Summary                                                         ;
+------------------------------------+-------------------------------------------------+
; Analysis & Synthesis Status        ; Successful - Wed Sep  3 19:02:18 2025           ;
; Quartus Prime Version              ; 21.1.1 Build 850 06/23/2022 SJ Standard Edition ;
; Revision Name                      ; alu                                             ;
; Top-level Entity Name              ; alu                                             ;
; Family                             ; Cyclone IV E                                    ;
; Total logic elements               ; 689                                             ;
;     Total combinational functions  ; 689                                             ;
;     Dedicated logic registers      ; 0                                               ;
; Total registers                    ; 0                                               ;
; Total pins                         ; 103                                             ;
; Total virtual pins                 ; 0                                               ;
; Total memory bits                  ; 0                                               ;
; Embedded Multiplier 9-bit elements ; 0                                               ;
; Total PLLs                         ; 0                                               ;
+------------------------------------+-------------------------------------------------+


+------------------------------------------------------------------------------------------------------------+
; Analysis & Synthesis Settings                                                                              ;
+------------------------------------------------------------------+--------------------+--------------------+
; Option                                                           ; Setting            ; Default Value      ;
+------------------------------------------------------------------+--------------------+--------------------+
; Device                                                           ; EP4CE115F29C8      ;                    ;
; Top-level entity name                                            ; alu                ; alu                ;
; Family name                                                      ; Cyclone IV E       ; Cyclone V          ;
; Use smart compilation                                            ; On                 ; Off                ;
; Maximum processors allowed for parallel compilation              ; 4                  ;                    ;
; Verilog Show LMF Mapping Messages                                ; Off                ;                    ;
; Verilog Version                                                  ; SystemVerilog_2005 ; Verilog_2001       ;
; Enable parallel Assembler and Timing Analyzer during compilation ; On                 ; On                 ;
; Enable compact report table                                      ; Off                ; Off                ;
; Restructure Multiplexers                                         ; Auto               ; Auto               ;
; Create Debugging Nodes for IP Cores                              ; Off                ; Off                ;
; Preserve fewer node names                                        ; On                 ; On                 ;
; Intel FPGA IP Evaluation Mode                                    ; Enable             ; Enable             ;
; VHDL Version                                                     ; VHDL_1993          ; VHDL_1993          ;
; State Machine Processing                                         ; Auto               ; Auto               ;
; Safe State Machine                                               ; Off                ; Off                ;
; Extract Verilog State Machines                                   ; On                 ; On                 ;
; Extract VHDL State Machines                                      ; On                 ; On                 ;
; Ignore Verilog initial constructs                                ; Off                ; Off                ;
; Iteration limit for constant Verilog loops                       ; 5000               ; 5000               ;
; Iteration limit for non-constant Verilog loops                   ; 250                ; 250                ;
; Add Pass-Through Logic to Inferred RAMs                          ; On                 ; On                 ;
; Infer RAMs from Raw Logic                                        ; On                 ; On                 ;
; Parallel Synthesis                                               ; On                 ; On                 ;
; DSP Block Balancing                                              ; Auto               ; Auto               ;
; NOT Gate Push-Back                                               ; On                 ; On                 ;
; Power-Up Don't Care                                              ; On                 ; On                 ;
; Remove Redundant Logic Cells                                     ; Off                ; Off                ;
; Remove Duplicate Registers                                       ; On                 ; On                 ;
; Ignore CARRY Buffers                                             ; Off                ; Off                ;
; Ignore CASCADE Buffers                                           ; Off                ; Off                ;
; Ignore GLOBAL Buffers                                            ; Off                ; Off                ;
; Ignore ROW GLOBAL Buffers                                        ; Off                ; Off                ;
; Ignore LCELL Buffers                                             ; Off                ; Off                ;
; Ignore SOFT Buffers                                              ; On                 ; On                 ;
; Limit AHDL Integers to 32 Bits                                   ; Off                ; Off                ;
; Optimization Technique                                           ; Balanced           ; Balanced           ;
; Carry Chain Length                                               ; 70                 ; 70                 ;
; Auto Carry Chains                                                ; On                 ; On                 ;
; Auto Open-Drain Pins                                             ; On                 ; On                 ;
; Perform WYSIWYG Primitive Resynthesis                            ; Off                ; Off                ;
; Auto ROM Replacement                                             ; On                 ; On                 ;
; Auto RAM Replacement                                             ; On                 ; On                 ;
; Auto DSP Block Replacement                                       ; On                 ; On                 ;
; Auto Shift Register Replacement                                  ; Auto               ; Auto               ;
; Allow Shift Register Merging across Hierarchies                  ; Auto               ; Auto               ;
; Auto Clock Enable Replacement                                    ; On                 ; On                 ;
; Strict RAM Replacement                                           ; Off                ; Off                ;
; Allow Synchronous Control Signals                                ; On                 ; On                 ;
; Force Use of Synchronous Clear Signals                           ; Off                ; Off                ;
; Auto RAM Block Balancing                                         ; On                 ; On                 ;
; Auto RAM to Logic Cell Conversion                                ; Off                ; Off                ;
; Auto Resource Sharing                                            ; Off                ; Off                ;
; Allow Any RAM Size For Recognition                               ; Off                ; Off                ;
; Allow Any ROM Size For Recognition                               ; Off                ; Off                ;
; Allow Any Shift Register Size For Recognition                    ; Off                ; Off                ;
; Use LogicLock Constraints during Resource Balancing              ; On                 ; On                 ;
; Ignore translate_off and synthesis_off directives                ; Off                ; Off                ;
; Timing-Driven Synthesis                                          ; On                 ; On                 ;
; Report Parameter Settings                                        ; On                 ; On                 ;
; Report Source Assignments                                        ; On                 ; On                 ;
; Report Connectivity Checks                                       ; On                 ; On                 ;
; Ignore Maximum Fan-Out Assignments                               ; Off                ; Off                ;
; Synchronization Register Chain Length                            ; 2                  ; 2                  ;
; Power Optimization During Synthesis                              ; Normal compilation ; Normal compilation ;
; HDL message level                                                ; Level2             ; Level2             ;
; Suppress Register Optimization Related Messages                  ; Off                ; Off                ;
; Number of Removed Registers Reported in Synthesis Report         ; 5000               ; 5000               ;
; Number of Swept Nodes Reported in Synthesis Report               ; 5000               ; 5000               ;
; Number of Inverted Registers Reported in Synthesis Report        ; 100                ; 100                ;
; Clock MUX Protection                                             ; On                 ; On                 ;
; Auto Gated Clock Conversion                                      ; Off                ; Off                ;
; Block Design Naming                                              ; Auto               ; Auto               ;
; SDC constraint protection                                        ; Off                ; Off                ;
; Synthesis Effort                                                 ; Auto               ; Auto               ;
; Shift Register Replacement - Allow Asynchronous Clear Signal     ; On                 ; On                 ;
; Pre-Mapping Resynthesis Optimization                             ; Off                ; Off                ;
; Analysis & Synthesis Message Level                               ; Medium             ; Medium             ;
; Disable Register Merging Across Hierarchies                      ; Auto               ; Auto               ;
; Resource Aware Inference For Block RAM                           ; On                 ; On                 ;
+------------------------------------------------------------------+--------------------+--------------------+


+------------------------------------------+
; Parallel Compilation                     ;
+----------------------------+-------------+
; Processors                 ; Number      ;
+----------------------------+-------------+
; Number detected on machine ; 8           ;
; Maximum allowed            ; 4           ;
;                            ;             ;
; Average used               ; 1.00        ;
; Maximum used               ; 1           ;
;                            ;             ;
; Usage by Processor         ; % Time Used ;
;     Processor 1            ; 100.0%      ;
+----------------------------+-------------+


+---------------------------------------------------------------------------------------------------------------------------------------------------------------------+
; Analysis & Synthesis Source Files Read                                                                                                                              ;
+----------------------------------+-----------------+------------------------------+-----------------------------------------------------------------------+---------+
; File Name with User-Entered Path ; Used in Netlist ; File Type                    ; File Name with Absolute Path                                          ; Library ;
+----------------------------------+-----------------+------------------------------+-----------------------------------------------------------------------+---------+
; ../source/alu.sv                 ; yes             ; User SystemVerilog HDL File  ; /home/ecegridfs/a/437mg063/ece437/processors/source/alu.sv            ;         ;
; cpu_types_pkg.vh                 ; yes             ; Auto-Found Unspecified File  ; /home/ecegridfs/a/437mg063/ece437/processors/include/cpu_types_pkg.vh ;         ;
; alu_if.vh                        ; yes             ; Auto-Found Unspecified File  ; /home/ecegridfs/a/437mg063/ece437/processors/include/alu_if.vh        ;         ;
+----------------------------------+-----------------+------------------------------+-----------------------------------------------------------------------+---------+


+----------------------------------------------------------------+
; Analysis & Synthesis Resource Usage Summary                    ;
+---------------------------------------------+------------------+
; Resource                                    ; Usage            ;
+---------------------------------------------+------------------+
; Estimated Total logic elements              ; 689              ;
;                                             ;                  ;
; Total combinational functions               ; 689              ;
; Logic element usage by number of LUT inputs ;                  ;
;     -- 4 input functions                    ; 360              ;
;     -- 3 input functions                    ; 293              ;
;     -- <=2 input functions                  ; 36               ;
;                                             ;                  ;
; Logic elements by mode                      ;                  ;
;     -- normal mode                          ; 565              ;
;     -- arithmetic mode                      ; 124              ;
;                                             ;                  ;
; Total registers                             ; 0                ;
;     -- Dedicated logic registers            ; 0                ;
;     -- I/O registers                        ; 0                ;
;                                             ;                  ;
; I/O pins                                    ; 103              ;
;                                             ;                  ;
; Embedded Multiplier 9-bit elements          ; 0                ;
;                                             ;                  ;
; Maximum fan-out node                        ; aluif.b[1]~input ;
; Maximum fan-out                             ; 95               ;
; Total fan-out                               ; 2529             ;
; Average fan-out                             ; 2.83             ;
+---------------------------------------------+------------------+


+----------------------------------------------------------------------------------------------------------------------------------------------------------------------------------------------------------+
; Analysis & Synthesis Resource Utilization by Entity                                                                                                                                                      ;
+----------------------------+---------------------+---------------------------+-------------+--------------+---------+-----------+------+--------------+---------------------+-------------+--------------+
; Compilation Hierarchy Node ; Combinational ALUTs ; Dedicated Logic Registers ; Memory Bits ; DSP Elements ; DSP 9x9 ; DSP 18x18 ; Pins ; Virtual Pins ; Full Hierarchy Name ; Entity Name ; Library Name ;
+----------------------------+---------------------+---------------------------+-------------+--------------+---------+-----------+------+--------------+---------------------+-------------+--------------+
; |alu                       ; 689 (689)           ; 0 (0)                     ; 0           ; 0            ; 0       ; 0         ; 103  ; 0            ; |alu                ; alu         ; work         ;
+----------------------------+---------------------+---------------------------+-------------+--------------+---------+-----------+------+--------------+---------------------+-------------+--------------+
Note: For table entries with two numbers listed, the numbers in parentheses indicate the number of resources of the given type used by the specific entity alone. The numbers listed outside of parentheses indicate the total resources of the given type used by the specific entity and all of its sub-entities in the hierarchy.


+------------------------------------------------------+
; General Register Statistics                          ;
+----------------------------------------------+-------+
; Statistic                                    ; Value ;
+----------------------------------------------+-------+
; Total registers                              ; 0     ;
; Number of registers using Synchronous Clear  ; 0     ;
; Number of registers using Synchronous Load   ; 0     ;
; Number of registers using Asynchronous Clear ; 0     ;
; Number of registers using Asynchronous Load  ; 0     ;
; Number of registers using Clock Enable       ; 0     ;
; Number of registers using Preset             ; 0     ;
+----------------------------------------------+-------+


+------------------------------------------------------------------------------------------------------------------------------------------+
; Multiplexer Restructuring Statistics (Restructuring Performed)                                                                           ;
+--------------------+-----------+---------------+----------------------+------------------------+------------+----------------------------+
; Multiplexer Inputs ; Bus Width ; Baseline Area ; Area if Restructured ; Saving if Restructured ; Registered ; Example Multiplexer Output ;
+--------------------+-----------+---------------+----------------------+------------------------+------------+----------------------------+
; 14:1               ; 7 bits    ; 63 LEs        ; 63 LEs               ; 0 LEs                  ; No         ; |alu|Selector10            ;
; 13:1               ; 8 bits    ; 64 LEs        ; 64 LEs               ; 0 LEs                  ; No         ; |alu|Selector23            ;
; 15:1               ; 4 bits    ; 40 LEs        ; 40 LEs               ; 0 LEs                  ; No         ; |alu|Selector7             ;
; 14:1               ; 4 bits    ; 36 LEs        ; 36 LEs               ; 0 LEs                  ; No         ; |alu|Selector24            ;
; 16:1               ; 2 bits    ; 20 LEs        ; 20 LEs               ; 0 LEs                  ; No         ; |alu|Selector2             ;
; 15:1               ; 2 bits    ; 20 LEs        ; 20 LEs               ; 0 LEs                  ; No         ; |alu|Selector29            ;
+--------------------+-----------+---------------+----------------------+------------------------+------------+----------------------------+


+-----------------------------------------------------+
; Post-Synthesis Netlist Statistics for Top Partition ;
+-----------------------+-----------------------------+
; Type                  ; Count                       ;
+-----------------------+-----------------------------+
; boundary_port         ; 103                         ;
; cycloneiii_lcell_comb ; 689                         ;
;     arith             ; 124                         ;
;         3 data inputs ; 124                         ;
;     normal            ; 565                         ;
;         2 data inputs ; 36                          ;
;         3 data inputs ; 169                         ;
;         4 data inputs ; 360                         ;
;                       ;                             ;
; Max LUT depth         ; 10.60                       ;
; Average LUT depth     ; 8.89                        ;
+-----------------------+-----------------------------+


+-------------------------------+
; Elapsed Time Per Partition    ;
+----------------+--------------+
; Partition Name ; Elapsed Time ;
+----------------+--------------+
; Top            ; 00:00:01     ;
+----------------+--------------+


+-------------------------------+
; Analysis & Synthesis Messages ;
+-------------------------------+
Info: *******************************************************************
Info: Running Quartus Prime Analysis & Synthesis
    Info: Version 21.1.1 Build 850 06/23/2022 SJ Standard Edition
    Info: Copyright (C) 2022  Intel Corporation. All rights reserved.
    Info: Your use of Intel Corporation's design tools, logic functions 
    Info: and other software and tools, and any partner logic 
    Info: functions, and any output files from any of the foregoing 
    Info: (including device programming or simulation files), and any 
    Info: associated documentation or information are expressly subject 
    Info: to the terms and conditions of the Intel Program License 
    Info: Subscription Agreement, the Intel Quartus Prime License Agreement,
    Info: the Intel FPGA IP License Agreement, or other applicable license
    Info: agreement, including, without limitation, that your use is for
    Info: the sole purpose of programming logic devices manufactured by
    Info: Intel and sold by Intel or its authorized distributors.  Please
    Info: refer to the applicable agreement for further details, at
    Info: https://fpgasoftware.intel.com/eula.
    Info: Processing started: Wed Sep  3 19:02:07 2025
Info: Command: quartus_map --64bit alu -c alu
Info (20032): Parallel compilation is enabled and will use up to 4 processors
Info (12021): Found 3 design units, including 2 entities, in source file /home/ecegridfs/a/437mg063/ece437/processors/source/alu.sv
    Info (12022): Found design unit 1: cpu_types_pkg (SystemVerilog) File: /home/ecegridfs/a/437mg063/ece437/processors/include/cpu_types_pkg.vh Line: 19
    Info (12023): Found entity 1: alu_if File: /home/ecegridfs/a/437mg063/ece437/processors/include/alu_if.vh Line: 7
    Info (12023): Found entity 2: alu File: /home/ecegridfs/a/437mg063/ece437/processors/source/alu.sv Line: 4
Info (12127): Elaborating entity "alu" for the top level hierarchy
Info (286030): Timing-Driven Synthesis is running
Info (16010): Generating hard_block partition "hard_block:auto_generated_inst"
    Info (16011): Adding 0 node(s), including 0 DDIO, 0 PLL, 0 transceiver and 0 LCELL
Info (21057): Implemented 792 device resources after synthesis - the final resource count might be different
    Info (21058): Implemented 68 input pins
    Info (21059): Implemented 35 output pins
    Info (21061): Implemented 689 logic cells
Info: Quartus Prime Analysis & Synthesis was successful. 0 errors, 0 warnings
    Info: Peak virtual memory: 454 megabytes
    Info: Processing ended: Wed Sep  3 19:02:18 2025
    Info: Elapsed time: 00:00:11
    Info: Total CPU time (on all processors): 00:00:18


Timing Analyzer report for alu
Wed Sep  3 19:02:36 2025
Quartus Prime Version 21.1.1 Build 850 06/23/2022 SJ Standard Edition


---------------------
; Table of Contents ;
---------------------
  1. Legal Notice
  2. Timing Analyzer Summary
  3. Parallel Compilation
  4. SDC File List
  5. Clocks
  6. Slow 1200mV 85C Model Fmax Summary
  7. Timing Closure Recommendations
  8. Slow 1200mV 85C Model Setup Summary
  9. Slow 1200mV 85C Model Hold Summary
 10. Slow 1200mV 85C Model Recovery Summary
 11. Slow 1200mV 85C Model Removal Summary
 12. Slow 1200mV 85C Model Minimum Pulse Width Summary
 13. Slow 1200mV 85C Model Metastability Summary
 14. Slow 1200mV 0C Model Fmax Summary
 15. Slow 1200mV 0C Model Setup Summary
 16. Slow 1200mV 0C Model Hold Summary
 17. Slow 1200mV 0C Model Recovery Summary
 18. Slow 1200mV 0C Model Removal Summary
 19. Slow 1200mV 0C Model Minimum Pulse Width Summary
 20. Slow 1200mV 0C Model Metastability Summary
 21. Fast 1200mV 0C Model Setup Summary
 22. Fast 1200mV 0C Model Hold Summary
 23. Fast 1200mV 0C Model Recovery Summary
 24. Fast 1200mV 0C Model Removal Summary
 25. Fast 1200mV 0C Model Minimum Pulse Width Summary
 26. Fast 1200mV 0C Model Metastability Summary
 27. Multicorner Timing Analysis Summary
 28. Board Trace Model Assignments
 29. Input Transition Times
 30. Signal Integrity Metrics (Slow 1200mv 0c Model)
 31. Signal Integrity Metrics (Slow 1200mv 85c Model)
 32. Signal Integrity Metrics (Fast 1200mv 0c Model)
 33. Clock Transfers
 34. Report TCCS
 35. Report RSKM
 36. Unconstrained Paths Summary
 37. Unconstrained Input Ports
 38. Unconstrained Output Ports
 39. Unconstrained Input Ports
 40. Unconstrained Output Ports
 41. Timing Analyzer Messages



----------------
; Legal Notice ;
----------------
Copyright (C) 2022  Intel Corporation. All rights reserved.
Your use of Intel Corporation's design tools, logic functions 
and other software and tools, and any partner logic 
functions, and any output files from any of the foregoing 
(including device programming or simulation files), and any 
associated documentation or information are expressly subject 
to the terms and conditions of the Intel Program License 
Subscription Agreement, the Intel Quartus Prime License Agreement,
the Intel FPGA IP License Agreement, or other applicable license
agreement, including, without limitation, that your use is for
the sole purpose of programming logic devices manufactured by
Intel and sold by Intel or its authorized distributors.  Please
refer to the applicable agreement for further details, at
https://fpgasoftware.intel.com/eula.



+---------------------------------------------------------------------------------+
; Timing Analyzer Summary                                                         ;
+-----------------------+---------------------------------------------------------+
; Quartus Prime Version ; Version 21.1.1 Build 850 06/23/2022 SJ Standard Edition ;
; Timing Analyzer       ; Legacy Timing Analyzer                                  ;
; Revision Name         ; alu                                                     ;
; Device Family         ; Cyclone IV E                                            ;
; Device Name           ; EP4CE115F29C8                                           ;
; Timing Models         ; Final                                                   ;
; Delay Model           ; Combined                                                ;
; Rise/Fall Delays      ; Enabled                                                 ;
+-----------------------+---------------------------------------------------------+


+------------------------------------------+
; Parallel Compilation                     ;
+----------------------------+-------------+
; Processors                 ; Number      ;
+----------------------------+-------------+
; Number detected on machine ; 8           ;
; Maximum allowed            ; 4           ;
;                            ;             ;
; Average used               ; 1.04        ;
; Maximum used               ; 4           ;
;                            ;             ;
; Usage by Processor         ; % Time Used ;
;     Processor 1            ; 100.0%      ;
;     Processors 2-4         ;   1.2%      ;
+----------------------------+-------------+


+---------------------------------------------------+
; SDC File List                                     ;
+---------------+--------+--------------------------+
; SDC File Path ; Status ; Read at                  ;
+---------------+--------+--------------------------+
; alu.sdc       ; OK     ; Wed Sep  3 19:02:34 2025 ;
+---------------+--------+--------------------------+


----------
; Clocks ;
----------
No clocks to report.


--------------------------------------
; Slow 1200mV 85C Model Fmax Summary ;
--------------------------------------
No paths to report.


----------------------------------
; Timing Closure Recommendations ;
----------------------------------
HTML report is unavailable in plain text report export.


---------------------------------------
; Slow 1200mV 85C Model Setup Summary ;
---------------------------------------
No paths to report.


--------------------------------------
; Slow 1200mV 85C Model Hold Summary ;
--------------------------------------
No paths to report.


------------------------------------------
; Slow 1200mV 85C Model Recovery Summary ;
------------------------------------------
No paths to report.


-----------------------------------------
; Slow 1200mV 85C Model Removal Summary ;
-----------------------------------------
No paths to report.


-----------------------------------------------------
; Slow 1200mV 85C Model Minimum Pulse Width Summary ;
-----------------------------------------------------
No paths to report.


-----------------------------------------------
; Slow 1200mV 85C Model Metastability Summary ;
-----------------------------------------------
No synchronizer chains to report.


-------------------------------------
; Slow 1200mV 0C Model Fmax Summary ;
-------------------------------------
No paths to report.


--------------------------------------
; Slow 1200mV 0C Model Setup Summary ;
--------------------------------------
No paths to report.


-------------------------------------
; Slow 1200mV 0C Model Hold Summary ;
-------------------------------------
No paths to report.


-----------------------------------------
; Slow 1200mV 0C Model Recovery Summary ;
-----------------------------------------
No paths to report.


----------------------------------------
; Slow 1200mV 0C Model Removal Summary ;
----------------------------------------
No paths to report.


----------------------------------------------------
; Slow 1200mV 0C Model Minimum Pulse Width Summary ;
----------------------------------------------------
No paths to report.


----------------------------------------------
; Slow 1200mV 0C Model Metastability Summary ;
----------------------------------------------
No synchronizer chains to report.


--------------------------------------
; Fast 1200mV 0C Model Setup Summary ;
--------------------------------------
No paths to report.


-------------------------------------
; Fast 1200mV 0C Model Hold Summary ;
-------------------------------------
No paths to report.


-----------------------------------------
; Fast 1200mV 0C Model Recovery Summary ;
-----------------------------------------
No paths to report.


----------------------------------------
; Fast 1200mV 0C Model Removal Summary ;
----------------------------------------
No paths to report.


----------------------------------------------------
; Fast 1200mV 0C Model Minimum Pulse Width Summary ;
----------------------------------------------------
No paths to report.


----------------------------------------------
; Fast 1200mV 0C Model Metastability Summary ;
----------------------------------------------
No synchronizer chains to report.


+----------------------------------------------------------------------------+
; Multicorner Timing Analysis Summary                                        ;
+------------------+-------+------+----------+---------+---------------------+
; Clock            ; Setup ; Hold ; Recovery ; Removal ; Minimum Pulse Width ;
+------------------+-------+------+----------+---------+---------------------+
; Worst-case Slack ; N/A   ; N/A  ; N/A      ; N/A     ; N/A                 ;
; Design-wide TNS  ; 0.0   ; 0.0  ; 0.0      ; 0.0     ; 0.0                 ;
+------------------+-------+------+----------+---------+---------------------+


+-------------------------------------------------------------------------------------------------------------------------------------------------------------------------------------------------------------------------------------------------------------------------------------------------------------------------------------------------------------------------------------------------------------------+
; Board Trace Model Assignments                                                                                                                                                                                                                                                                                                                                                                                     ;
+----------------+--------------+-------------------+-------------------------+-------------------------+---------------+---------------------+----------------+------------------+--------+------------------+------------------------+------------------------+--------------+---------------+-----------------+-------+---------------------+--------------------+---------------+-----------------+-------------+
; Pin            ; I/O Standard ; Near Tline Length ; Near Tline L per Length ; Near Tline C per Length ; Near Series R ; Near Differential R ; Near Pull-up R ; Near Pull-down R ; Near C ; Far Tline Length ; Far Tline L per Length ; Far Tline C per Length ; Far Series R ; Far Pull-up R ; Far Pull-down R ; Far C ; Termination Voltage ; Far Differential R ; EBD File Name ; EBD Signal Name ; EBD Far-end ;
+----------------+--------------+-------------------+-------------------------+-------------------------+---------------+---------------------+----------------+------------------+--------+------------------+------------------------+------------------------+--------------+---------------+-----------------+-------+---------------------+--------------------+---------------+-----------------+-------------+
; aluif.zero     ; 2.5 V        ; 0 in              ; 0 H/in                  ; 0 F/in                  ; short         ; -                   ; open           ; open             ; open   ; 0 in             ; 0 H/in                 ; 0 F/in                 ; short        ; open          ; open            ; open  ; 0 V                 ; -                  ; n/a           ; n/a             ; n/a         ;
; aluif.overflow ; 2.5 V        ; 0 in              ; 0 H/in                  ; 0 F/in                  ; short         ; -                   ; open           ; open             ; open   ; 0 in             ; 0 H/in                 ; 0 F/in                 ; short        ; open          ; open            ; open  ; 0 V                 ; -                  ; n/a           ; n/a             ; n/a         ;
; aluif.negative ; 2.5 V        ; 0 in              ; 0 H/in                  ; 0 F/in                  ; short         ; -                   ; open           ; open             ; open   ; 0 in             ; 0 H/in                 ; 0 F/in                 ; short        ; open          ; open            ; open  ; 0 V                 ; -                  ; n/a           ; n/a             ; n/a         ;
; aluif.out[0]   ; 2.5 V        ; 0 in              ; 0 H/in                  ; 0 F/in                  ; short         ; -                   ; open           ; open             ; open   ; 0 in             ; 0 H/in                 ; 0 F/in                 ; short        ; open          ; open            ; open  ; 0 V                 ; -                  ; n/a           ; n/a             ; n/a         ;
; aluif.out[1]   ; 2.5 V        ; 0 in              ; 0 H/in                  ; 0 F/in                  ; short         ; -                   ; open           ; open             ; open   ; 0 in             ; 0 H/in                 ; 0 F/in                 ; short        ; open          ; open            ; open  ; 0 V                 ; -                  ; n/a           ; n/a             ; n/a         ;
; aluif.out[2]   ; 2.5 V        ; 0 in              ; 0 H/in                  ; 0 F/in                  ; short         ; -                   ; open           ; open             ; open   ; 0 in             ; 0 H/in                 ; 0 F/in                 ; short        ; open          ; open            ; open  ; 0 V                 ; -                  ; n/a           ; n/a             ; n/a         ;
; aluif.out[3]   ; 2.5 V        ; 0 in              ; 0 H/in                  ; 0 F/in                  ; short         ; -                   ; open           ; open             ; open   ; 0 in             ; 0 H/in                 ; 0 F/in                 ; short        ; open          ; open            ; open  ; 0 V                 ; -                  ; n/a           ; n/a             ; n/a         ;
; aluif.out[4]   ; 2.5 V        ; 0 in              ; 0 H/in                  ; 0 F/in                  ; short         ; -                   ; open           ; open             ; open   ; 0 in             ; 0 H/in                 ; 0 F/in                 ; short        ; open          ; open            ; open  ; 0 V                 ; -                  ; n/a           ; n/a             ; n/a         ;
; aluif.out[5]   ; 2.5 V        ; 0 in              ; 0 H/in                  ; 0 F/in                  ; short         ; -                   ; open           ; open             ; open   ; 0 in             ; 0 H/in                 ; 0 F/in                 ; short        ; open          ; open            ; open  ; 0 V                 ; -                  ; n/a           ; n/a             ; n/a         ;
; aluif.out[6]   ; 2.5 V        ; 0 in              ; 0 H/in                  ; 0 F/in                  ; short         ; -                   ; open           ; open             ; open   ; 0 in             ; 0 H/in                 ; 0 F/in                 ; short        ; open          ; open            ; open  ; 0 V                 ; -                  ; n/a           ; n/a             ; n/a         ;
; aluif.out[7]   ; 2.5 V        ; 0 in              ; 0 H/in                  ; 0 F/in                  ; short         ; -                   ; open           ; open             ; open   ; 0 in             ; 0 H/in                 ; 0 F/in                 ; short        ; open          ; open            ; open  ; 0 V                 ; -                  ; n/a           ; n/a             ; n/a         ;
; aluif.out[8]   ; 2.5 V        ; 0 in              ; 0 H/in                  ; 0 F/in                  ; short         ; -                   ; open           ; open             ; open   ; 0 in             ; 0 H/in                 ; 0 F/in                 ; short        ; open          ; open            ; open  ; 0 V                 ; -                  ; n/a           ; n/a             ; n/a         ;
; aluif.out[9]   ; 2.5 V        ; 0 in              ; 0 H/in                  ; 0 F/in                  ; short         ; -                   ; open           ; open             ; open   ; 0 in             ; 0 H/in                 ; 0 F/in                 ; short        ; open          ; open            ; open  ; 0 V                 ; -                  ; n/a           ; n/a             ; n/a         ;
; aluif.out[10]  ; 2.5 V        ; 0 in              ; 0 H/in                  ; 0 F/in                  ; short         ; -                   ; open           ; open             ; open   ; 0 in             ; 0 H/in                 ; 0 F/in                 ; short        ; open          ; open            ; open  ; 0 V                 ; -                  ; n/a           ; n/a             ; n/a         ;
; aluif.out[11]  ; 2.5 V        ; 0 in              ; 0 H/in                  ; 0 F/in                  ; short         ; -                   ; open           ; open             ; open   ; 0 in             ; 0 H/in                 ; 0 F/in                 ; short        ; open          ; open            ; open  ; 0 V                 ; -                  ; n/a           ; n/a             ; n/a         ;
; aluif.out[12]  ; 2.5 V        ; 0 in              ; 0 H/in                  ; 0 F/in                  ; short         ; -                   ; open           ; open             ; open   ; 0 in             ; 0 H/in                 ; 0 F/in                 ; short        ; open          ; open            ; open  ; 0 V                 ; -                  ; n/a           ; n/a             ; n/a         ;
; aluif.out[13]  ; 2.5 V        ; 0 in              ; 0 H/in                  ; 0 F/in                  ; short         ; -                   ; open           ; open             ; open   ; 0 in             ; 0 H/in                 ; 0 F/in                 ; short        ; open          ; open            ; open  ; 0 V                 ; -                  ; n/a           ; n/a             ; n/a         ;
; aluif.out[14]  ; 2.5 V        ; 0 in              ; 0 H/in                  ; 0 F/in                  ; short         ; -                   ; open           ; open             ; open   ; 0 in             ; 0 H/in                 ; 0 F/in                 ; short        ; open          ; open            ; open  ; 0 V                 ; -                  ; n/a           ; n/a             ; n/a         ;
; aluif.out[15]  ; 2.5 V        ; 0 in              ; 0 H/in                  ; 0 F/in                  ; short         ; -                   ; open           ; open             ; open   ; 0 in             ; 0 H/in                 ; 0 F/in                 ; short        ; open          ; open            ; open  ; 0 V                 ; -                  ; n/a           ; n/a             ; n/a         ;
; aluif.out[16]  ; 2.5 V        ; 0 in              ; 0 H/in                  ; 0 F/in                  ; short         ; -                   ; open           ; open             ; open   ; 0 in             ; 0 H/in                 ; 0 F/in                 ; short        ; open          ; open            ; open  ; 0 V                 ; -                  ; n/a           ; n/a             ; n/a         ;
; aluif.out[17]  ; 2.5 V        ; 0 in              ; 0 H/in                  ; 0 F/in                  ; short         ; -                   ; open           ; open             ; open   ; 0 in             ; 0 H/in                 ; 0 F/in                 ; short        ; open          ; open            ; open  ; 0 V                 ; -                  ; n/a           ; n/a             ; n/a         ;
; aluif.out[18]  ; 2.5 V        ; 0 in              ; 0 H/in                  ; 0 F/in                  ; short         ; -                   ; open           ; open             ; open   ; 0 in             ; 0 H/in                 ; 0 F/in                 ; short        ; open          ; open            ; open  ; 0 V                 ; -                  ; n/a           ; n/a             ; n/a         ;
; aluif.out[19]  ; 2.5 V        ; 0 in              ; 0 H/in                  ; 0 F/in                  ; short         ; -                   ; open           ; open             ; open   ; 0 in             ; 0 H/in                 ; 0 F/in                 ; short        ; open          ; open            ; open  ; 0 V                 ; -                  ; n/a           ; n/a             ; n/a         ;
; aluif.out[20]  ; 2.5 V        ; 0 in              ; 0 H/in                  ; 0 F/in                  ; short         ; -                   ; open           ; open             ; open   ; 0 in             ; 0 H/in                 ; 0 F/in                 ; short        ; open          ; open            ; open  ; 0 V                 ; -                  ; n/a           ; n/a             ; n/a         ;
; aluif.out[21]  ; 2.5 V        ; 0 in              ; 0 H/in                  ; 0 F/in                  ; short         ; -                   ; open           ; open             ; open   ; 0 in             ; 0 H/in                 ; 0 F/in                 ; short        ; open          ; open            ; open  ; 0 V                 ; -                  ; n/a           ; n/a             ; n/a         ;
; aluif.out[22]  ; 2.5 V        ; 0 in              ; 0 H/in                  ; 0 F/in                  ; short         ; -                   ; open           ; open             ; open   ; 0 in             ; 0 H/in                 ; 0 F/in                 ; short        ; open          ; open            ; open  ; 0 V                 ; -                  ; n/a           ; n/a             ; n/a         ;
; aluif.out[23]  ; 2.5 V        ; 0 in              ; 0 H/in                  ; 0 F/in                  ; short         ; -                   ; open           ; open             ; open   ; 0 in             ; 0 H/in                 ; 0 F/in                 ; short        ; open          ; open            ; open  ; 0 V                 ; -                  ; n/a           ; n/a             ; n/a         ;
; aluif.out[24]  ; 2.5 V        ; 0 in              ; 0 H/in                  ; 0 F/in                  ; short         ; -                   ; open           ; open             ; open   ; 0 in             ; 0 H/in                 ; 0 F/in                 ; short        ; open          ; open            ; open  ; 0 V                 ; -                  ; n/a           ; n/a             ; n/a         ;
; aluif.out[25]  ; 2.5 V        ; 0 in              ; 0 H/in                  ; 0 F/in                  ; short         ; -                   ; open           ; open             ; open   ; 0 in             ; 0 H/in                 ; 0 F/in                 ; short        ; open          ; open            ; open  ; 0 V                 ; -                  ; n/a           ; n/a             ; n/a         ;
; aluif.out[26]  ; 2.5 V        ; 0 in              ; 0 H/in                  ; 0 F/in                  ; short         ; -                   ; open           ; open             ; open   ; 0 in             ; 0 H/in                 ; 0 F/in                 ; short        ; open          ; open            ; open  ; 0 V                 ; -                  ; n/a           ; n/a             ; n/a         ;
; aluif.out[27]  ; 2.5 V        ; 0 in              ; 0 H/in                  ; 0 F/in                  ; short         ; -                   ; open           ; open             ; open   ; 0 in             ; 0 H/in                 ; 0 F/in                 ; short        ; open          ; open            ; open  ; 0 V                 ; -                  ; n/a           ; n/a             ; n/a         ;
; aluif.out[28]  ; 2.5 V        ; 0 in              ; 0 H/in                  ; 0 F/in                  ; short         ; -                   ; open           ; open             ; open   ; 0 in             ; 0 H/in                 ; 0 F/in                 ; short        ; open          ; open            ; open  ; 0 V                 ; -                  ; n/a           ; n/a             ; n/a         ;
; aluif.out[29]  ; 2.5 V        ; 0 in              ; 0 H/in                  ; 0 F/in                  ; short         ; -                   ; open           ; open             ; open   ; 0 in             ; 0 H/in                 ; 0 F/in                 ; short        ; open          ; open            ; open  ; 0 V                 ; -                  ; n/a           ; n/a             ; n/a         ;
; aluif.out[30]  ; 2.5 V        ; 0 in              ; 0 H/in                  ; 0 F/in                  ; short         ; -                   ; open           ; open             ; open   ; 0 in             ; 0 H/in                 ; 0 F/in                 ; short        ; open          ; open            ; open  ; 0 V                 ; -                  ; n/a           ; n/a             ; n/a         ;
; aluif.out[31]  ; 2.5 V        ; 0 in              ; 0 H/in                  ; 0 F/in                  ; short         ; -                   ; open           ; open             ; open   ; 0 in             ; 0 H/in                 ; 0 F/in                 ; short        ; open          ; open            ; open  ; 0 V                 ; -                  ; n/a           ; n/a             ; n/a         ;
; ~ALTERA_DCLK~  ; 2.5 V        ; 0 in              ; 0 H/in                  ; 0 F/in                  ; short         ; -                   ; open           ; open             ; open   ; 0 in             ; 0 H/in                 ; 0 F/in                 ; short        ; open          ; open            ; open  ; 0 V                 ; -                  ; n/a           ; n/a             ; n/a         ;
+----------------+--------------+-------------------+-------------------------+-------------------------+---------------+---------------------+----------------+------------------+--------+------------------+------------------------+------------------------+--------------+---------------+-----------------+-------+---------------------+--------------------+---------------+-----------------+-------------+


+----------------------------------------------------------------------------+
; Input Transition Times                                                     ;
+-------------------------+--------------+-----------------+-----------------+
; Pin                     ; I/O Standard ; 10-90 Rise Time ; 90-10 Fall Time ;
+-------------------------+--------------+-----------------+-----------------+
; aluif.opcode[0]         ; 2.5 V        ; 2000 ps         ; 2000 ps         ;
; aluif.opcode[1]         ; 2.5 V        ; 2000 ps         ; 2000 ps         ;
; aluif.opcode[2]         ; 2.5 V        ; 2000 ps         ; 2000 ps         ;
; aluif.opcode[3]         ; 2.5 V        ; 2000 ps         ; 2000 ps         ;
; aluif.a[23]             ; 2.5 V        ; 2000 ps         ; 2000 ps         ;
; aluif.a[21]             ; 2.5 V        ; 2000 ps         ; 2000 ps         ;
; aluif.b[1]              ; 2.5 V        ; 2000 ps         ; 2000 ps         ;
; aluif.a[22]             ; 2.5 V        ; 2000 ps         ; 2000 ps         ;
; aluif.a[20]             ; 2.5 V        ; 2000 ps         ; 2000 ps         ;
; aluif.b[0]              ; 2.5 V        ; 2000 ps         ; 2000 ps         ;
; aluif.a[19]             ; 2.5 V        ; 2000 ps         ; 2000 ps         ;
; aluif.a[17]             ; 2.5 V        ; 2000 ps         ; 2000 ps         ;
; aluif.a[18]             ; 2.5 V        ; 2000 ps         ; 2000 ps         ;
; aluif.a[16]             ; 2.5 V        ; 2000 ps         ; 2000 ps         ;
; aluif.b[2]              ; 2.5 V        ; 2000 ps         ; 2000 ps         ;
; aluif.b[3]              ; 2.5 V        ; 2000 ps         ; 2000 ps         ;
; aluif.a[29]             ; 2.5 V        ; 2000 ps         ; 2000 ps         ;
; aluif.a[28]             ; 2.5 V        ; 2000 ps         ; 2000 ps         ;
; aluif.a[31]             ; 2.5 V        ; 2000 ps         ; 2000 ps         ;
; aluif.a[30]             ; 2.5 V        ; 2000 ps         ; 2000 ps         ;
; aluif.a[27]             ; 2.5 V        ; 2000 ps         ; 2000 ps         ;
; aluif.a[25]             ; 2.5 V        ; 2000 ps         ; 2000 ps         ;
; aluif.a[26]             ; 2.5 V        ; 2000 ps         ; 2000 ps         ;
; aluif.a[24]             ; 2.5 V        ; 2000 ps         ; 2000 ps         ;
; aluif.a[15]             ; 2.5 V        ; 2000 ps         ; 2000 ps         ;
; aluif.a[13]             ; 2.5 V        ; 2000 ps         ; 2000 ps         ;
; aluif.a[14]             ; 2.5 V        ; 2000 ps         ; 2000 ps         ;
; aluif.a[12]             ; 2.5 V        ; 2000 ps         ; 2000 ps         ;
; aluif.a[11]             ; 2.5 V        ; 2000 ps         ; 2000 ps         ;
; aluif.a[9]              ; 2.5 V        ; 2000 ps         ; 2000 ps         ;
; aluif.a[10]             ; 2.5 V        ; 2000 ps         ; 2000 ps         ;
; aluif.a[8]              ; 2.5 V        ; 2000 ps         ; 2000 ps         ;
; aluif.a[7]              ; 2.5 V        ; 2000 ps         ; 2000 ps         ;
; aluif.a[6]              ; 2.5 V        ; 2000 ps         ; 2000 ps         ;
; aluif.a[5]              ; 2.5 V        ; 2000 ps         ; 2000 ps         ;
; aluif.a[4]              ; 2.5 V        ; 2000 ps         ; 2000 ps         ;
; aluif.a[1]              ; 2.5 V        ; 2000 ps         ; 2000 ps         ;
; aluif.a[0]              ; 2.5 V        ; 2000 ps         ; 2000 ps         ;
; aluif.a[3]              ; 2.5 V        ; 2000 ps         ; 2000 ps         ;
; aluif.a[2]              ; 2.5 V        ; 2000 ps         ; 2000 ps         ;
; aluif.b[4]              ; 2.5 V        ; 2000 ps         ; 2000 ps         ;
; aluif.b[31]             ; 2.5 V        ; 2000 ps         ; 2000 ps         ;
; aluif.b[30]             ; 2.5 V        ; 2000 ps         ; 2000 ps         ;
; aluif.b[29]             ; 2.5 V        ; 2000 ps         ; 2000 ps         ;
; aluif.b[28]             ; 2.5 V        ; 2000 ps         ; 2000 ps         ;
; aluif.b[27]             ; 2.5 V        ; 2000 ps         ; 2000 ps         ;
; aluif.b[26]             ; 2.5 V        ; 2000 ps         ; 2000 ps         ;
; aluif.b[25]             ; 2.5 V        ; 2000 ps         ; 2000 ps         ;
; aluif.b[24]             ; 2.5 V        ; 2000 ps         ; 2000 ps         ;
; aluif.b[23]             ; 2.5 V        ; 2000 ps         ; 2000 ps         ;
; aluif.b[22]             ; 2.5 V        ; 2000 ps         ; 2000 ps         ;
; aluif.b[21]             ; 2.5 V        ; 2000 ps         ; 2000 ps         ;
; aluif.b[20]             ; 2.5 V        ; 2000 ps         ; 2000 ps         ;
; aluif.b[19]             ; 2.5 V        ; 2000 ps         ; 2000 ps         ;
; aluif.b[18]             ; 2.5 V        ; 2000 ps         ; 2000 ps         ;
; aluif.b[17]             ; 2.5 V        ; 2000 ps         ; 2000 ps         ;
; aluif.b[16]             ; 2.5 V        ; 2000 ps         ; 2000 ps         ;
; aluif.b[15]             ; 2.5 V        ; 2000 ps         ; 2000 ps         ;
; aluif.b[14]             ; 2.5 V        ; 2000 ps         ; 2000 ps         ;
; aluif.b[13]             ; 2.5 V        ; 2000 ps         ; 2000 ps         ;
; aluif.b[12]             ; 2.5 V        ; 2000 ps         ; 2000 ps         ;
; aluif.b[11]             ; 2.5 V        ; 2000 ps         ; 2000 ps         ;
; aluif.b[10]             ; 2.5 V        ; 2000 ps         ; 2000 ps         ;
; aluif.b[9]              ; 2.5 V        ; 2000 ps         ; 2000 ps         ;
; aluif.b[8]              ; 2.5 V        ; 2000 ps         ; 2000 ps         ;
; aluif.b[7]              ; 2.5 V        ; 2000 ps         ; 2000 ps         ;
; aluif.b[6]              ; 2.5 V        ; 2000 ps         ; 2000 ps         ;
; aluif.b[5]              ; 2.5 V        ; 2000 ps         ; 2000 ps         ;
; ~ALTERA_ASDO_DATA1~     ; 2.5 V        ; 2000 ps         ; 2000 ps         ;
; ~ALTERA_FLASH_nCE_nCSO~ ; 2.5 V        ; 2000 ps         ; 2000 ps         ;
; ~ALTERA_DATA0~          ; 2.5 V        ; 2000 ps         ; 2000 ps         ;
+-------------------------+--------------+-----------------+-----------------+


+---------------------------------------------------------------------------------------------------------------------------------------------------------------------------------------------------------------------------------------------------------------------------------------------------------------------------------------------------------------------------------------------------------------------------------------------------------------------------------------------------------------------------------------------------------------------------------------------------------------------------------------------------------------------------------------------+
; Signal Integrity Metrics (Slow 1200mv 0c Model)                                                                                                                                                                                                                                                                                                                                                                                                                                                                                                                                                                                                                                             ;
+----------------+--------------+---------------------+---------------------+------------------------------+------------------------------+---------------------+---------------------+--------------------------------------+--------------------------------------+-----------------------------+-----------------------------+----------------------------+----------------------------+-----------------------------+-----------------------------+--------------------+--------------------+-------------------------------------+-------------------------------------+----------------------------+----------------------------+---------------------------+---------------------------+
; Pin            ; I/O Standard ; Board Delay on Rise ; Board Delay on Fall ; Steady State Voh at FPGA Pin ; Steady State Vol at FPGA Pin ; Voh Max at FPGA Pin ; Vol Min at FPGA Pin ; Ringback Voltage on Rise at FPGA Pin ; Ringback Voltage on Fall at FPGA Pin ; 10-90 Rise Time at FPGA Pin ; 90-10 Fall Time at FPGA Pin ; Monotonic Rise at FPGA Pin ; Monotonic Fall at FPGA Pin ; Steady State Voh at Far-end ; Steady State Vol at Far-end ; Voh Max at Far-end ; Vol Min at Far-end ; Ringback Voltage on Rise at Far-end ; Ringback Voltage on Fall at Far-end ; 10-90 Rise Time at Far-end ; 90-10 Fall Time at Far-end ; Monotonic Rise at Far-end ; Monotonic Fall at Far-end ;
+----------------+--------------+---------------------+---------------------+------------------------------+------------------------------+---------------------+---------------------+--------------------------------------+--------------------------------------+-----------------------------+-----------------------------+----------------------------+----------------------------+-----------------------------+-----------------------------+--------------------+--------------------+-------------------------------------+-------------------------------------+----------------------------+----------------------------+---------------------------+---------------------------+
; aluif.zero     ; 2.5 V        ; 0 s                 ; 0 s                 ; 2.32 V                       ; 2.07e-09 V                   ; 2.38 V              ; -0.0073 V           ; 0.097 V                              ; 0.018 V                              ; 4.24e-10 s                  ; 3.65e-10 s                  ; No                         ; Yes                        ; 2.32 V                      ; 2.07e-09 V                  ; 2.38 V             ; -0.0073 V          ; 0.097 V                             ; 0.018 V                             ; 4.24e-10 s                 ; 3.65e-10 s                 ; No                        ; Yes                       ;
; aluif.overflow ; 2.5 V        ; 0 s                 ; 0 s                 ; 2.32 V                       ; 2.8e-09 V                    ; 2.37 V              ; -0.00373 V          ; 0.104 V                              ; 0.011 V                              ; 4.34e-10 s                  ; 3.82e-10 s                  ; Yes                        ; Yes                        ; 2.32 V                      ; 2.8e-09 V                   ; 2.37 V             ; -0.00373 V         ; 0.104 V                             ; 0.011 V                             ; 4.34e-10 s                 ; 3.82e-10 s                 ; Yes                       ; Yes                       ;
; aluif.negative ; 2.5 V        ; 0 s                 ; 0 s                 ; 2.32 V                       ; 2.8e-09 V                    ; 2.37 V              ; -0.00373 V          ; 0.104 V                              ; 0.011 V                              ; 4.34e-10 s                  ; 3.82e-10 s                  ; Yes                        ; Yes                        ; 2.32 V                      ; 2.8e-09 V                   ; 2.37 V             ; -0.00373 V         ; 0.104 V                             ; 0.011 V                             ; 4.34e-10 s                 ; 3.82e-10 s                 ; Yes                       ; Yes                       ;
; aluif.out[0]   ; 2.5 V        ; 0 s                 ; 0 s                 ; 2.32 V                       ; 2.07e-09 V                   ; 2.36 V              ; -0.00737 V          ; 0.209 V                              ; 0.012 V                              ; 5.22e-10 s                  ; 5.33e-10 s                  ; Yes                        ; Yes                        ; 2.32 V                      ; 2.07e-09 V                  ; 2.36 V             ; -0.00737 V         ; 0.209 V                             ; 0.012 V                             ; 5.22e-10 s                 ; 5.33e-10 s                 ; Yes                       ; Yes                       ;
; aluif.out[1]   ; 2.5 V        ; 0 s                 ; 0 s                 ; 2.32 V                       ; 2.07e-09 V                   ; 2.36 V              ; -0.00737 V          ; 0.209 V                              ; 0.012 V                              ; 5.22e-10 s                  ; 5.33e-10 s                  ; Yes                        ; Yes                        ; 2.32 V                      ; 2.07e-09 V                  ; 2.36 V             ; -0.00737 V         ; 0.209 V                             ; 0.012 V                             ; 5.22e-10 s                 ; 5.33e-10 s                 ; Yes                       ; Yes                       ;
; aluif.out[2]   ; 2.5 V        ; 0 s                 ; 0 s                 ; 2.32 V                       ; 2.07e-09 V                   ; 2.36 V              ; -0.00737 V          ; 0.209 V                              ; 0.012 V                              ; 5.22e-10 s                  ; 5.33e-10 s                  ; Yes                        ; Yes                        ; 2.32 V                      ; 2.07e-09 V                  ; 2.36 V             ; -0.00737 V         ; 0.209 V                             ; 0.012 V                             ; 5.22e-10 s                 ; 5.33e-10 s                 ; Yes                       ; Yes                       ;
; aluif.out[3]   ; 2.5 V        ; 0 s                 ; 0 s                 ; 2.32 V                       ; 2.07e-09 V                   ; 2.36 V              ; -0.00737 V          ; 0.209 V                              ; 0.012 V                              ; 5.22e-10 s                  ; 5.33e-10 s                  ; Yes                        ; Yes                        ; 2.32 V                      ; 2.07e-09 V                  ; 2.36 V             ; -0.00737 V         ; 0.209 V                             ; 0.012 V                             ; 5.22e-10 s                 ; 5.33e-10 s                 ; Yes                       ; Yes                       ;
; aluif.out[4]   ; 2.5 V        ; 0 s                 ; 0 s                 ; 2.32 V                       ; 2.07e-09 V                   ; 2.36 V              ; -0.00737 V          ; 0.209 V                              ; 0.012 V                              ; 5.22e-10 s                  ; 5.33e-10 s                  ; Yes                        ; Yes                        ; 2.32 V                      ; 2.07e-09 V                  ; 2.36 V             ; -0.00737 V         ; 0.209 V                             ; 0.012 V                             ; 5.22e-10 s                 ; 5.33e-10 s                 ; Yes                       ; Yes                       ;
; aluif.out[5]   ; 2.5 V        ; 0 s                 ; 0 s                 ; 2.32 V                       ; 2.07e-09 V                   ; 2.36 V              ; -0.00737 V          ; 0.209 V                              ; 0.012 V                              ; 5.22e-10 s                  ; 5.33e-10 s                  ; Yes                        ; Yes                        ; 2.32 V                      ; 2.07e-09 V                  ; 2.36 V             ; -0.00737 V         ; 0.209 V                             ; 0.012 V                             ; 5.22e-10 s                 ; 5.33e-10 s                 ; Yes                       ; Yes                       ;
; aluif.out[6]   ; 2.5 V        ; 0 s                 ; 0 s                 ; 2.32 V                       ; 2.07e-09 V                   ; 2.36 V              ; -0.00737 V          ; 0.209 V                              ; 0.012 V                              ; 5.22e-10 s                  ; 5.33e-10 s                  ; Yes                        ; Yes                        ; 2.32 V                      ; 2.07e-09 V                  ; 2.36 V             ; -0.00737 V         ; 0.209 V                             ; 0.012 V                             ; 5.22e-10 s                 ; 5.33e-10 s                 ; Yes                       ; Yes                       ;
; aluif.out[7]   ; 2.5 V        ; 0 s                 ; 0 s                 ; 2.32 V                       ; 2.8e-09 V                    ; 2.37 V              ; -0.00373 V          ; 0.104 V                              ; 0.011 V                              ; 4.34e-10 s                  ; 3.82e-10 s                  ; Yes                        ; Yes                        ; 2.32 V                      ; 2.8e-09 V                   ; 2.37 V             ; -0.00373 V         ; 0.104 V                             ; 0.011 V                             ; 4.34e-10 s                 ; 3.82e-10 s                 ; Yes                       ; Yes                       ;
; aluif.out[8]   ; 2.5 V        ; 0 s                 ; 0 s                 ; 2.32 V                       ; 2.8e-09 V                    ; 2.37 V              ; -0.00373 V          ; 0.104 V                              ; 0.011 V                              ; 4.34e-10 s                  ; 3.82e-10 s                  ; Yes                        ; Yes                        ; 2.32 V                      ; 2.8e-09 V                   ; 2.37 V             ; -0.00373 V         ; 0.104 V                             ; 0.011 V                             ; 4.34e-10 s                 ; 3.82e-10 s                 ; Yes                       ; Yes                       ;
; aluif.out[9]   ; 2.5 V        ; 0 s                 ; 0 s                 ; 2.32 V                       ; 2.8e-09 V                    ; 2.37 V              ; -0.00373 V          ; 0.104 V                              ; 0.011 V                              ; 4.34e-10 s                  ; 3.82e-10 s                  ; Yes                        ; Yes                        ; 2.32 V                      ; 2.8e-09 V                   ; 2.37 V             ; -0.00373 V         ; 0.104 V                             ; 0.011 V                             ; 4.34e-10 s                 ; 3.82e-10 s                 ; Yes                       ; Yes                       ;
; aluif.out[10]  ; 2.5 V        ; 0 s                 ; 0 s                 ; 2.32 V                       ; 2.07e-09 V                   ; 2.36 V              ; -0.00737 V          ; 0.209 V                              ; 0.012 V                              ; 5.22e-10 s                  ; 5.33e-10 s                  ; Yes                        ; Yes                        ; 2.32 V                      ; 2.07e-09 V                  ; 2.36 V             ; -0.00737 V         ; 0.209 V                             ; 0.012 V                             ; 5.22e-10 s                 ; 5.33e-10 s                 ; Yes                       ; Yes                       ;
; aluif.out[11]  ; 2.5 V        ; 0 s                 ; 0 s                 ; 2.32 V                       ; 2.07e-09 V                   ; 2.36 V              ; -0.00737 V          ; 0.209 V                              ; 0.012 V                              ; 5.22e-10 s                  ; 5.33e-10 s                  ; Yes                        ; Yes                        ; 2.32 V                      ; 2.07e-09 V                  ; 2.36 V             ; -0.00737 V         ; 0.209 V                             ; 0.012 V                             ; 5.22e-10 s                 ; 5.33e-10 s                 ; Yes                       ; Yes                       ;
; aluif.out[12]  ; 2.5 V        ; 0 s                 ; 0 s                 ; 2.32 V                       ; 2.8e-09 V                    ; 2.37 V              ; -0.00373 V          ; 0.104 V                              ; 0.011 V                              ; 4.34e-10 s                  ; 3.82e-10 s                  ; Yes                        ; Yes                        ; 2.32 V                      ; 2.8e-09 V                   ; 2.37 V             ; -0.00373 V         ; 0.104 V                             ; 0.011 V                             ; 4.34e-10 s                 ; 3.82e-10 s                 ; Yes                       ; Yes                       ;
; aluif.out[13]  ; 2.5 V        ; 0 s                 ; 0 s                 ; 2.32 V                       ; 2.07e-09 V                   ; 2.36 V              ; -0.00737 V          ; 0.209 V                              ; 0.012 V                              ; 5.22e-10 s                  ; 5.33e-10 s                  ; Yes                        ; Yes                        ; 2.32 V                      ; 2.07e-09 V                  ; 2.36 V             ; -0.00737 V         ; 0.209 V                             ; 0.012 V                             ; 5.22e-10 s                 ; 5.33e-10 s                 ; Yes                       ; Yes                       ;
; aluif.out[14]  ; 2.5 V        ; 0 s                 ; 0 s                 ; 2.32 V                       ; 2.07e-09 V                   ; 2.36 V              ; -0.00737 V          ; 0.209 V                              ; 0.012 V                              ; 5.22e-10 s                  ; 5.33e-10 s                  ; Yes                        ; Yes                        ; 2.32 V                      ; 2.07e-09 V                  ; 2.36 V             ; -0.00737 V         ; 0.209 V                             ; 0.012 V                             ; 5.22e-10 s                 ; 5.33e-10 s                 ; Yes                       ; Yes                       ;
; aluif.out[15]  ; 2.5 V        ; 0 s                 ; 0 s                 ; 2.32 V                       ; 2.07e-09 V                   ; 2.36 V              ; -0.00737 V          ; 0.209 V                              ; 0.012 V                              ; 5.22e-10 s                  ; 5.33e-10 s                  ; Yes                        ; Yes                        ; 2.32 V                      ; 2.07e-09 V                  ; 2.36 V             ; -0.00737 V         ; 0.209 V                             ; 0.012 V                             ; 5.22e-10 s                 ; 5.33e-10 s                 ; Yes                       ; Yes                       ;
; aluif.out[16]  ; 2.5 V        ; 0 s                 ; 0 s                 ; 2.32 V                       ; 2.8e-09 V                    ; 2.37 V              ; -0.00373 V          ; 0.104 V                              ; 0.011 V                              ; 4.34e-10 s                  ; 3.82e-10 s                  ; Yes                        ; Yes                        ; 2.32 V                      ; 2.8e-09 V                   ; 2.37 V             ; -0.00373 V         ; 0.104 V                             ; 0.011 V                             ; 4.34e-10 s                 ; 3.82e-10 s                 ; Yes                       ; Yes                       ;
; aluif.out[17]  ; 2.5 V        ; 0 s                 ; 0 s                 ; 2.32 V                       ; 2.8e-09 V                    ; 2.37 V              ; -0.00373 V          ; 0.104 V                              ; 0.011 V                              ; 4.34e-10 s                  ; 3.82e-10 s                  ; Yes                        ; Yes                        ; 2.32 V                      ; 2.8e-09 V                   ; 2.37 V             ; -0.00373 V         ; 0.104 V                             ; 0.011 V                             ; 4.34e-10 s                 ; 3.82e-10 s                 ; Yes                       ; Yes                       ;
; aluif.out[18]  ; 2.5 V        ; 0 s                 ; 0 s                 ; 2.32 V                       ; 2.07e-09 V                   ; 2.38 V              ; -0.0073 V           ; 0.097 V                              ; 0.018 V                              ; 4.24e-10 s                  ; 3.65e-10 s                  ; No                         ; Yes                        ; 2.32 V                      ; 2.07e-09 V                  ; 2.38 V             ; -0.0073 V          ; 0.097 V                             ; 0.018 V                             ; 4.24e-10 s                 ; 3.65e-10 s                 ; No                        ; Yes                       ;
; aluif.out[19]  ; 2.5 V        ; 0 s                 ; 0 s                 ; 2.32 V                       ; 2.07e-09 V                   ; 2.36 V              ; -0.00737 V          ; 0.209 V                              ; 0.012 V                              ; 5.22e-10 s                  ; 5.33e-10 s                  ; Yes                        ; Yes                        ; 2.32 V                      ; 2.07e-09 V                  ; 2.36 V             ; -0.00737 V         ; 0.209 V                             ; 0.012 V                             ; 5.22e-10 s                 ; 5.33e-10 s                 ; Yes                       ; Yes                       ;
; aluif.out[20]  ; 2.5 V        ; 0 s                 ; 0 s                 ; 2.32 V                       ; 2.8e-09 V                    ; 2.37 V              ; -0.00373 V          ; 0.104 V                              ; 0.011 V                              ; 4.34e-10 s                  ; 3.82e-10 s                  ; Yes                        ; Yes                        ; 2.32 V                      ; 2.8e-09 V                   ; 2.37 V             ; -0.00373 V         ; 0.104 V                             ; 0.011 V                             ; 4.34e-10 s                 ; 3.82e-10 s                 ; Yes                       ; Yes                       ;
; aluif.out[21]  ; 2.5 V        ; 0 s                 ; 0 s                 ; 2.32 V                       ; 2.07e-09 V                   ; 2.38 V              ; -0.0073 V           ; 0.097 V                              ; 0.018 V                              ; 4.24e-10 s                  ; 3.65e-10 s                  ; No                         ; Yes                        ; 2.32 V                      ; 2.07e-09 V                  ; 2.38 V             ; -0.0073 V          ; 0.097 V                             ; 0.018 V                             ; 4.24e-10 s                 ; 3.65e-10 s                 ; No                        ; Yes                       ;
; aluif.out[22]  ; 2.5 V        ; 0 s                 ; 0 s                 ; 2.32 V                       ; 2.8e-09 V                    ; 2.37 V              ; -0.00373 V          ; 0.104 V                              ; 0.011 V                              ; 4.34e-10 s                  ; 3.82e-10 s                  ; Yes                        ; Yes                        ; 2.32 V                      ; 2.8e-09 V                   ; 2.37 V             ; -0.00373 V         ; 0.104 V                             ; 0.011 V                             ; 4.34e-10 s                 ; 3.82e-10 s                 ; Yes                       ; Yes                       ;
; aluif.out[23]  ; 2.5 V        ; 0 s                 ; 0 s                 ; 2.32 V                       ; 2.07e-09 V                   ; 2.36 V              ; -0.00737 V          ; 0.209 V                              ; 0.012 V                              ; 5.22e-10 s                  ; 5.33e-10 s                  ; Yes                        ; Yes                        ; 2.32 V                      ; 2.07e-09 V                  ; 2.36 V             ; -0.00737 V         ; 0.209 V                             ; 0.012 V                             ; 5.22e-10 s                 ; 5.33e-10 s                 ; Yes                       ; Yes                       ;
; aluif.out[24]  ; 2.5 V        ; 0 s                 ; 0 s                 ; 2.32 V                       ; 2.8e-09 V                    ; 2.37 V              ; -0.00373 V          ; 0.104 V                              ; 0.011 V                              ; 4.34e-10 s                  ; 3.82e-10 s                  ; Yes                        ; Yes                        ; 2.32 V                      ; 2.8e-09 V                   ; 2.37 V             ; -0.00373 V         ; 0.104 V                             ; 0.011 V                             ; 4.34e-10 s                 ; 3.82e-10 s                 ; Yes                       ; Yes                       ;
; aluif.out[25]  ; 2.5 V        ; 0 s                 ; 0 s                 ; 2.32 V                       ; 2.8e-09 V                    ; 2.37 V              ; -0.00373 V          ; 0.104 V                              ; 0.011 V                              ; 4.34e-10 s                  ; 3.82e-10 s                  ; Yes                        ; Yes                        ; 2.32 V                      ; 2.8e-09 V                   ; 2.37 V             ; -0.00373 V         ; 0.104 V                             ; 0.011 V                             ; 4.34e-10 s                 ; 3.82e-10 s                 ; Yes                       ; Yes                       ;
; aluif.out[26]  ; 2.5 V        ; 0 s                 ; 0 s                 ; 2.32 V                       ; 2.07e-09 V                   ; 2.36 V              ; -0.00737 V          ; 0.209 V                              ; 0.012 V                              ; 5.22e-10 s                  ; 5.33e-10 s                  ; Yes                        ; Yes                        ; 2.32 V                      ; 2.07e-09 V                  ; 2.36 V             ; -0.00737 V         ; 0.209 V                             ; 0.012 V                             ; 5.22e-10 s                 ; 5.33e-10 s                 ; Yes                       ; Yes                       ;
; aluif.out[27]  ; 2.5 V        ; 0 s                 ; 0 s                 ; 2.32 V                       ; 2.07e-09 V                   ; 2.33 V              ; -0.00421 V          ; 0.165 V                              ; 0.078 V                              ; 3.11e-09 s                  ; 2.85e-09 s                  ; Yes                        ; Yes                        ; 2.32 V                      ; 2.07e-09 V                  ; 2.33 V             ; -0.00421 V         ; 0.165 V                             ; 0.078 V                             ; 3.11e-09 s                 ; 2.85e-09 s                 ; Yes                       ; Yes                       ;
; aluif.out[28]  ; 2.5 V        ; 0 s                 ; 0 s                 ; 2.32 V                       ; 2.8e-09 V                    ; 2.37 V              ; -0.00373 V          ; 0.104 V                              ; 0.011 V                              ; 4.34e-10 s                  ; 3.82e-10 s                  ; Yes                        ; Yes                        ; 2.32 V                      ; 2.8e-09 V                   ; 2.37 V             ; -0.00373 V         ; 0.104 V                             ; 0.011 V                             ; 4.34e-10 s                 ; 3.82e-10 s                 ; Yes                       ; Yes                       ;
; aluif.out[29]  ; 2.5 V        ; 0 s                 ; 0 s                 ; 2.32 V                       ; 2.8e-09 V                    ; 2.37 V              ; -0.00373 V          ; 0.104 V                              ; 0.011 V                              ; 4.34e-10 s                  ; 3.82e-10 s                  ; Yes                        ; Yes                        ; 2.32 V                      ; 2.8e-09 V                   ; 2.37 V             ; -0.00373 V         ; 0.104 V                             ; 0.011 V                             ; 4.34e-10 s                 ; 3.82e-10 s                 ; Yes                       ; Yes                       ;
; aluif.out[30]  ; 2.5 V        ; 0 s                 ; 0 s                 ; 2.32 V                       ; 2.8e-09 V                    ; 2.37 V              ; -0.00373 V          ; 0.104 V                              ; 0.011 V                              ; 4.34e-10 s                  ; 3.82e-10 s                  ; Yes                        ; Yes                        ; 2.32 V                      ; 2.8e-09 V                   ; 2.37 V             ; -0.00373 V         ; 0.104 V                             ; 0.011 V                             ; 4.34e-10 s                 ; 3.82e-10 s                 ; Yes                       ; Yes                       ;
; aluif.out[31]  ; 2.5 V        ; 0 s                 ; 0 s                 ; 2.32 V                       ; 2.8e-09 V                    ; 2.37 V              ; -0.00373 V          ; 0.104 V                              ; 0.011 V                              ; 4.34e-10 s                  ; 3.82e-10 s                  ; Yes                        ; Yes                        ; 2.32 V                      ; 2.8e-09 V                   ; 2.37 V             ; -0.00373 V         ; 0.104 V                             ; 0.011 V                             ; 4.34e-10 s                 ; 3.82e-10 s                 ; Yes                       ; Yes                       ;
; ~ALTERA_DCLK~  ; 2.5 V        ; 0 s                 ; 0 s                 ; 2.32 V                       ; 1.74e-09 V                   ; 2.37 V              ; -0.0346 V           ; 0.198 V                              ; 0.094 V                              ; 3.14e-10 s                  ; 2.92e-10 s                  ; Yes                        ; Yes                        ; 2.32 V                      ; 1.74e-09 V                  ; 2.37 V             ; -0.0346 V          ; 0.198 V                             ; 0.094 V                             ; 3.14e-10 s                 ; 2.92e-10 s                 ; Yes                       ; Yes                       ;
+----------------+--------------+---------------------+---------------------+------------------------------+------------------------------+---------------------+---------------------+--------------------------------------+--------------------------------------+-----------------------------+-----------------------------+----------------------------+----------------------------+-----------------------------+-----------------------------+--------------------+--------------------+-------------------------------------+-------------------------------------+----------------------------+----------------------------+---------------------------+---------------------------+


+---------------------------------------------------------------------------------------------------------------------------------------------------------------------------------------------------------------------------------------------------------------------------------------------------------------------------------------------------------------------------------------------------------------------------------------------------------------------------------------------------------------------------------------------------------------------------------------------------------------------------------------------------------------------------------------------+
; Signal Integrity Metrics (Slow 1200mv 85c Model)                                                                                                                                                                                                                                                                                                                                                                                                                                                                                                                                                                                                                                            ;
+----------------+--------------+---------------------+---------------------+------------------------------+------------------------------+---------------------+---------------------+--------------------------------------+--------------------------------------+-----------------------------+-----------------------------+----------------------------+----------------------------+-----------------------------+-----------------------------+--------------------+--------------------+-------------------------------------+-------------------------------------+----------------------------+----------------------------+---------------------------+---------------------------+
; Pin            ; I/O Standard ; Board Delay on Rise ; Board Delay on Fall ; Steady State Voh at FPGA Pin ; Steady State Vol at FPGA Pin ; Voh Max at FPGA Pin ; Vol Min at FPGA Pin ; Ringback Voltage on Rise at FPGA Pin ; Ringback Voltage on Fall at FPGA Pin ; 10-90 Rise Time at FPGA Pin ; 90-10 Fall Time at FPGA Pin ; Monotonic Rise at FPGA Pin ; Monotonic Fall at FPGA Pin ; Steady State Voh at Far-end ; Steady State Vol at Far-end ; Voh Max at Far-end ; Vol Min at Far-end ; Ringback Voltage on Rise at Far-end ; Ringback Voltage on Fall at Far-end ; 10-90 Rise Time at Far-end ; 90-10 Fall Time at Far-end ; Monotonic Rise at Far-end ; Monotonic Fall at Far-end ;
+----------------+--------------+---------------------+---------------------+------------------------------+------------------------------+---------------------+---------------------+--------------------------------------+--------------------------------------+-----------------------------+-----------------------------+----------------------------+----------------------------+-----------------------------+-----------------------------+--------------------+--------------------+-------------------------------------+-------------------------------------+----------------------------+----------------------------+---------------------------+---------------------------+
; aluif.zero     ; 2.5 V        ; 0 s                 ; 0 s                 ; 2.32 V                       ; 1.93e-07 V                   ; 2.35 V              ; -0.00834 V          ; 0.127 V                              ; 0.035 V                              ; 4.7e-10 s                   ; 4.64e-10 s                  ; Yes                        ; Yes                        ; 2.32 V                      ; 1.93e-07 V                  ; 2.35 V             ; -0.00834 V         ; 0.127 V                             ; 0.035 V                             ; 4.7e-10 s                  ; 4.64e-10 s                 ; Yes                       ; Yes                       ;
; aluif.overflow ; 2.5 V        ; 0 s                 ; 0 s                 ; 2.32 V                       ; 2.85e-07 V                   ; 2.35 V              ; -0.0123 V           ; 0.144 V                              ; 0.042 V                              ; 4.81e-10 s                  ; 4.81e-10 s                  ; Yes                        ; Yes                        ; 2.32 V                      ; 2.85e-07 V                  ; 2.35 V             ; -0.0123 V          ; 0.144 V                             ; 0.042 V                             ; 4.81e-10 s                 ; 4.81e-10 s                 ; Yes                       ; Yes                       ;
; aluif.negative ; 2.5 V        ; 0 s                 ; 0 s                 ; 2.32 V                       ; 2.85e-07 V                   ; 2.35 V              ; -0.0123 V           ; 0.144 V                              ; 0.042 V                              ; 4.81e-10 s                  ; 4.81e-10 s                  ; Yes                        ; Yes                        ; 2.32 V                      ; 2.85e-07 V                  ; 2.35 V             ; -0.0123 V          ; 0.144 V                             ; 0.042 V                             ; 4.81e-10 s                 ; 4.81e-10 s                 ; Yes                       ; Yes                       ;
; aluif.out[0]   ; 2.5 V        ; 0 s                 ; 0 s                 ; 2.32 V                       ; 1.93e-07 V                   ; 2.34 V              ; -0.00869 V          ; 0.14 V                               ; 0.046 V                              ; 6.89e-10 s                  ; 6.56e-10 s                  ; Yes                        ; Yes                        ; 2.32 V                      ; 1.93e-07 V                  ; 2.34 V             ; -0.00869 V         ; 0.14 V                              ; 0.046 V                             ; 6.89e-10 s                 ; 6.56e-10 s                 ; Yes                       ; Yes                       ;
; aluif.out[1]   ; 2.5 V        ; 0 s                 ; 0 s                 ; 2.32 V                       ; 1.93e-07 V                   ; 2.34 V              ; -0.00869 V          ; 0.14 V                               ; 0.046 V                              ; 6.89e-10 s                  ; 6.56e-10 s                  ; Yes                        ; Yes                        ; 2.32 V                      ; 1.93e-07 V                  ; 2.34 V             ; -0.00869 V         ; 0.14 V                              ; 0.046 V                             ; 6.89e-10 s                 ; 6.56e-10 s                 ; Yes                       ; Yes                       ;
; aluif.out[2]   ; 2.5 V        ; 0 s                 ; 0 s                 ; 2.32 V                       ; 1.93e-07 V                   ; 2.34 V              ; -0.00869 V          ; 0.14 V                               ; 0.046 V                              ; 6.89e-10 s                  ; 6.56e-10 s                  ; Yes                        ; Yes                        ; 2.32 V                      ; 1.93e-07 V                  ; 2.34 V             ; -0.00869 V         ; 0.14 V                              ; 0.046 V                             ; 6.89e-10 s                 ; 6.56e-10 s                 ; Yes                       ; Yes                       ;
; aluif.out[3]   ; 2.5 V        ; 0 s                 ; 0 s                 ; 2.32 V                       ; 1.93e-07 V                   ; 2.34 V              ; -0.00869 V          ; 0.14 V                               ; 0.046 V                              ; 6.89e-10 s                  ; 6.56e-10 s                  ; Yes                        ; Yes                        ; 2.32 V                      ; 1.93e-07 V                  ; 2.34 V             ; -0.00869 V         ; 0.14 V                              ; 0.046 V                             ; 6.89e-10 s                 ; 6.56e-10 s                 ; Yes                       ; Yes                       ;
; aluif.out[4]   ; 2.5 V        ; 0 s                 ; 0 s                 ; 2.32 V                       ; 1.93e-07 V                   ; 2.34 V              ; -0.00869 V          ; 0.14 V                               ; 0.046 V                              ; 6.89e-10 s                  ; 6.56e-10 s                  ; Yes                        ; Yes                        ; 2.32 V                      ; 1.93e-07 V                  ; 2.34 V             ; -0.00869 V         ; 0.14 V                              ; 0.046 V                             ; 6.89e-10 s                 ; 6.56e-10 s                 ; Yes                       ; Yes                       ;
; aluif.out[5]   ; 2.5 V        ; 0 s                 ; 0 s                 ; 2.32 V                       ; 1.93e-07 V                   ; 2.34 V              ; -0.00869 V          ; 0.14 V                               ; 0.046 V                              ; 6.89e-10 s                  ; 6.56e-10 s                  ; Yes                        ; Yes                        ; 2.32 V                      ; 1.93e-07 V                  ; 2.34 V             ; -0.00869 V         ; 0.14 V                              ; 0.046 V                             ; 6.89e-10 s                 ; 6.56e-10 s                 ; Yes                       ; Yes                       ;
; aluif.out[6]   ; 2.5 V        ; 0 s                 ; 0 s                 ; 2.32 V                       ; 1.93e-07 V                   ; 2.34 V              ; -0.00869 V          ; 0.14 V                               ; 0.046 V                              ; 6.89e-10 s                  ; 6.56e-10 s                  ; Yes                        ; Yes                        ; 2.32 V                      ; 1.93e-07 V                  ; 2.34 V             ; -0.00869 V         ; 0.14 V                              ; 0.046 V                             ; 6.89e-10 s                 ; 6.56e-10 s                 ; Yes                       ; Yes                       ;
; aluif.out[7]   ; 2.5 V        ; 0 s                 ; 0 s                 ; 2.32 V                       ; 2.85e-07 V                   ; 2.35 V              ; -0.0123 V           ; 0.144 V                              ; 0.042 V                              ; 4.81e-10 s                  ; 4.81e-10 s                  ; Yes                        ; Yes                        ; 2.32 V                      ; 2.85e-07 V                  ; 2.35 V             ; -0.0123 V          ; 0.144 V                             ; 0.042 V                             ; 4.81e-10 s                 ; 4.81e-10 s                 ; Yes                       ; Yes                       ;
; aluif.out[8]   ; 2.5 V        ; 0 s                 ; 0 s                 ; 2.32 V                       ; 2.85e-07 V                   ; 2.35 V              ; -0.0123 V           ; 0.144 V                              ; 0.042 V                              ; 4.81e-10 s                  ; 4.81e-10 s                  ; Yes                        ; Yes                        ; 2.32 V                      ; 2.85e-07 V                  ; 2.35 V             ; -0.0123 V          ; 0.144 V                             ; 0.042 V                             ; 4.81e-10 s                 ; 4.81e-10 s                 ; Yes                       ; Yes                       ;
; aluif.out[9]   ; 2.5 V        ; 0 s                 ; 0 s                 ; 2.32 V                       ; 2.85e-07 V                   ; 2.35 V              ; -0.0123 V           ; 0.144 V                              ; 0.042 V                              ; 4.81e-10 s                  ; 4.81e-10 s                  ; Yes                        ; Yes                        ; 2.32 V                      ; 2.85e-07 V                  ; 2.35 V             ; -0.0123 V          ; 0.144 V                             ; 0.042 V                             ; 4.81e-10 s                 ; 4.81e-10 s                 ; Yes                       ; Yes                       ;
; aluif.out[10]  ; 2.5 V        ; 0 s                 ; 0 s                 ; 2.32 V                       ; 1.93e-07 V                   ; 2.34 V              ; -0.00869 V          ; 0.14 V                               ; 0.046 V                              ; 6.89e-10 s                  ; 6.56e-10 s                  ; Yes                        ; Yes                        ; 2.32 V                      ; 1.93e-07 V                  ; 2.34 V             ; -0.00869 V         ; 0.14 V                              ; 0.046 V                             ; 6.89e-10 s                 ; 6.56e-10 s                 ; Yes                       ; Yes                       ;
; aluif.out[11]  ; 2.5 V        ; 0 s                 ; 0 s                 ; 2.32 V                       ; 1.93e-07 V                   ; 2.34 V              ; -0.00869 V          ; 0.14 V                               ; 0.046 V                              ; 6.89e-10 s                  ; 6.56e-10 s                  ; Yes                        ; Yes                        ; 2.32 V                      ; 1.93e-07 V                  ; 2.34 V             ; -0.00869 V         ; 0.14 V                              ; 0.046 V                             ; 6.89e-10 s                 ; 6.56e-10 s                 ; Yes                       ; Yes                       ;
; aluif.out[12]  ; 2.5 V        ; 0 s                 ; 0 s                 ; 2.32 V                       ; 2.85e-07 V                   ; 2.35 V              ; -0.0123 V           ; 0.144 V                              ; 0.042 V                              ; 4.81e-10 s                  ; 4.81e-10 s                  ; Yes                        ; Yes                        ; 2.32 V                      ; 2.85e-07 V                  ; 2.35 V             ; -0.0123 V          ; 0.144 V                             ; 0.042 V                             ; 4.81e-10 s                 ; 4.81e-10 s                 ; Yes                       ; Yes                       ;
; aluif.out[13]  ; 2.5 V        ; 0 s                 ; 0 s                 ; 2.32 V                       ; 1.93e-07 V                   ; 2.34 V              ; -0.00869 V          ; 0.14 V                               ; 0.046 V                              ; 6.89e-10 s                  ; 6.56e-10 s                  ; Yes                        ; Yes                        ; 2.32 V                      ; 1.93e-07 V                  ; 2.34 V             ; -0.00869 V         ; 0.14 V                              ; 0.046 V                             ; 6.89e-10 s                 ; 6.56e-10 s                 ; Yes                       ; Yes                       ;
; aluif.out[14]  ; 2.5 V        ; 0 s                 ; 0 s                 ; 2.32 V                       ; 1.93e-07 V                   ; 2.34 V              ; -0.00869 V          ; 0.14 V                               ; 0.046 V                              ; 6.89e-10 s                  ; 6.56e-10 s                  ; Yes                        ; Yes                        ; 2.32 V                      ; 1.93e-07 V                  ; 2.34 V             ; -0.00869 V         ; 0.14 V                              ; 0.046 V                             ; 6.89e-10 s                 ; 6.56e-10 s                 ; Yes                       ; Yes                       ;
; aluif.out[15]  ; 2.5 V        ; 0 s                 ; 0 s                 ; 2.32 V                       ; 1.93e-07 V                   ; 2.34 V              ; -0.00869 V          ; 0.14 V                               ; 0.046 V                              ; 6.89e-10 s                  ; 6.56e-10 s                  ; Yes                        ; Yes                        ; 2.32 V                      ; 1.93e-07 V                  ; 2.34 V             ; -0.00869 V         ; 0.14 V                              ; 0.046 V                             ; 6.89e-10 s                 ; 6.56e-10 s                 ; Yes                       ; Yes                       ;
; aluif.out[16]  ; 2.5 V        ; 0 s                 ; 0 s                 ; 2.32 V                       ; 2.85e-07 V                   ; 2.35 V              ; -0.0123 V           ; 0.144 V                              ; 0.042 V                              ; 4.81e-10 s                  ; 4.81e-10 s                  ; Yes                        ; Yes                        ; 2.32 V                      ; 2.85e-07 V                  ; 2.35 V             ; -0.0123 V          ; 0.144 V                             ; 0.042 V                             ; 4.81e-10 s                 ; 4.81e-10 s                 ; Yes                       ; Yes                       ;
; aluif.out[17]  ; 2.5 V        ; 0 s                 ; 0 s                 ; 2.32 V                       ; 2.85e-07 V                   ; 2.35 V              ; -0.0123 V           ; 0.144 V                              ; 0.042 V                              ; 4.81e-10 s                  ; 4.81e-10 s                  ; Yes                        ; Yes                        ; 2.32 V                      ; 2.85e-07 V                  ; 2.35 V             ; -0.0123 V          ; 0.144 V                             ; 0.042 V                             ; 4.81e-10 s                 ; 4.81e-10 s                 ; Yes                       ; Yes                       ;
; aluif.out[18]  ; 2.5 V        ; 0 s                 ; 0 s                 ; 2.32 V                       ; 1.93e-07 V                   ; 2.35 V              ; -0.00834 V          ; 0.127 V                              ; 0.035 V                              ; 4.7e-10 s                   ; 4.64e-10 s                  ; Yes                        ; Yes                        ; 2.32 V                      ; 1.93e-07 V                  ; 2.35 V             ; -0.00834 V         ; 0.127 V                             ; 0.035 V                             ; 4.7e-10 s                  ; 4.64e-10 s                 ; Yes                       ; Yes                       ;
; aluif.out[19]  ; 2.5 V        ; 0 s                 ; 0 s                 ; 2.32 V                       ; 1.93e-07 V                   ; 2.34 V              ; -0.00869 V          ; 0.14 V                               ; 0.046 V                              ; 6.89e-10 s                  ; 6.56e-10 s                  ; Yes                        ; Yes                        ; 2.32 V                      ; 1.93e-07 V                  ; 2.34 V             ; -0.00869 V         ; 0.14 V                              ; 0.046 V                             ; 6.89e-10 s                 ; 6.56e-10 s                 ; Yes                       ; Yes                       ;
; aluif.out[20]  ; 2.5 V        ; 0 s                 ; 0 s                 ; 2.32 V                       ; 2.85e-07 V                   ; 2.35 V              ; -0.0123 V           ; 0.144 V                              ; 0.042 V                              ; 4.81e-10 s                  ; 4.81e-10 s                  ; Yes                        ; Yes                        ; 2.32 V                      ; 2.85e-07 V                  ; 2.35 V             ; -0.0123 V          ; 0.144 V                             ; 0.042 V                             ; 4.81e-10 s                 ; 4.81e-10 s                 ; Yes                       ; Yes                       ;
; aluif.out[21]  ; 2.5 V        ; 0 s                 ; 0 s                 ; 2.32 V                       ; 1.93e-07 V                   ; 2.35 V              ; -0.00834 V          ; 0.127 V                              ; 0.035 V                              ; 4.7e-10 s                   ; 4.64e-10 s                  ; Yes                        ; Yes                        ; 2.32 V                      ; 1.93e-07 V                  ; 2.35 V             ; -0.00834 V         ; 0.127 V                             ; 0.035 V                             ; 4.7e-10 s                  ; 4.64e-10 s                 ; Yes                       ; Yes                       ;
; aluif.out[22]  ; 2.5 V        ; 0 s                 ; 0 s                 ; 2.32 V                       ; 2.85e-07 V                   ; 2.35 V              ; -0.0123 V           ; 0.144 V                              ; 0.042 V                              ; 4.81e-10 s                  ; 4.81e-10 s                  ; Yes                        ; Yes                        ; 2.32 V                      ; 2.85e-07 V                  ; 2.35 V             ; -0.0123 V          ; 0.144 V                             ; 0.042 V                             ; 4.81e-10 s                 ; 4.81e-10 s                 ; Yes                       ; Yes                       ;
; aluif.out[23]  ; 2.5 V        ; 0 s                 ; 0 s                 ; 2.32 V                       ; 1.93e-07 V                   ; 2.34 V              ; -0.00869 V          ; 0.14 V                               ; 0.046 V                              ; 6.89e-10 s                  ; 6.56e-10 s                  ; Yes                        ; Yes                        ; 2.32 V                      ; 1.93e-07 V                  ; 2.34 V             ; -0.00869 V         ; 0.14 V                              ; 0.046 V                             ; 6.89e-10 s                 ; 6.56e-10 s                 ; Yes                       ; Yes                       ;
; aluif.out[24]  ; 2.5 V        ; 0 s                 ; 0 s                 ; 2.32 V                       ; 2.85e-07 V                   ; 2.35 V              ; -0.0123 V           ; 0.144 V                              ; 0.042 V                              ; 4.81e-10 s                  ; 4.81e-10 s                  ; Yes                        ; Yes                        ; 2.32 V                      ; 2.85e-07 V                  ; 2.35 V             ; -0.0123 V          ; 0.144 V                             ; 0.042 V                             ; 4.81e-10 s                 ; 4.81e-10 s                 ; Yes                       ; Yes                       ;
; aluif.out[25]  ; 2.5 V        ; 0 s                 ; 0 s                 ; 2.32 V                       ; 2.85e-07 V                   ; 2.35 V              ; -0.0123 V           ; 0.144 V                              ; 0.042 V                              ; 4.81e-10 s                  ; 4.81e-10 s                  ; Yes                        ; Yes                        ; 2.32 V                      ; 2.85e-07 V                  ; 2.35 V             ; -0.0123 V          ; 0.144 V                             ; 0.042 V                             ; 4.81e-10 s                 ; 4.81e-10 s                 ; Yes                       ; Yes                       ;
; aluif.out[26]  ; 2.5 V        ; 0 s                 ; 0 s                 ; 2.32 V                       ; 1.93e-07 V                   ; 2.34 V              ; -0.00869 V          ; 0.14 V                               ; 0.046 V                              ; 6.89e-10 s                  ; 6.56e-10 s                  ; Yes                        ; Yes                        ; 2.32 V                      ; 1.93e-07 V                  ; 2.34 V             ; -0.00869 V         ; 0.14 V                              ; 0.046 V                             ; 6.89e-10 s                 ; 6.56e-10 s                 ; Yes                       ; Yes                       ;
; aluif.out[27]  ; 2.5 V        ; 0 s                 ; 0 s                 ; 2.32 V                       ; 1.93e-07 V                   ; 2.33 V              ; -0.0022 V           ; 0.088 V                              ; 0.056 V                              ; 3.76e-09 s                  ; 3.48e-09 s                  ; Yes                        ; Yes                        ; 2.32 V                      ; 1.93e-07 V                  ; 2.33 V             ; -0.0022 V          ; 0.088 V                             ; 0.056 V                             ; 3.76e-09 s                 ; 3.48e-09 s                 ; Yes                       ; Yes                       ;
; aluif.out[28]  ; 2.5 V        ; 0 s                 ; 0 s                 ; 2.32 V                       ; 2.85e-07 V                   ; 2.35 V              ; -0.0123 V           ; 0.144 V                              ; 0.042 V                              ; 4.81e-10 s                  ; 4.81e-10 s                  ; Yes                        ; Yes                        ; 2.32 V                      ; 2.85e-07 V                  ; 2.35 V             ; -0.0123 V          ; 0.144 V                             ; 0.042 V                             ; 4.81e-10 s                 ; 4.81e-10 s                 ; Yes                       ; Yes                       ;
; aluif.out[29]  ; 2.5 V        ; 0 s                 ; 0 s                 ; 2.32 V                       ; 2.85e-07 V                   ; 2.35 V              ; -0.0123 V           ; 0.144 V                              ; 0.042 V                              ; 4.81e-10 s                  ; 4.81e-10 s                  ; Yes                        ; Yes                        ; 2.32 V                      ; 2.85e-07 V                  ; 2.35 V             ; -0.0123 V          ; 0.144 V                             ; 0.042 V                             ; 4.81e-10 s                 ; 4.81e-10 s                 ; Yes                       ; Yes                       ;
; aluif.out[30]  ; 2.5 V        ; 0 s                 ; 0 s                 ; 2.32 V                       ; 2.85e-07 V                   ; 2.35 V              ; -0.0123 V           ; 0.144 V                              ; 0.042 V                              ; 4.81e-10 s                  ; 4.81e-10 s                  ; Yes                        ; Yes                        ; 2.32 V                      ; 2.85e-07 V                  ; 2.35 V             ; -0.0123 V          ; 0.144 V                             ; 0.042 V                             ; 4.81e-10 s                 ; 4.81e-10 s                 ; Yes                       ; Yes                       ;
; aluif.out[31]  ; 2.5 V        ; 0 s                 ; 0 s                 ; 2.32 V                       ; 2.85e-07 V                   ; 2.35 V              ; -0.0123 V           ; 0.144 V                              ; 0.042 V                              ; 4.81e-10 s                  ; 4.81e-10 s                  ; Yes                        ; Yes                        ; 2.32 V                      ; 2.85e-07 V                  ; 2.35 V             ; -0.0123 V          ; 0.144 V                             ; 0.042 V                             ; 4.81e-10 s                 ; 4.81e-10 s                 ; Yes                       ; Yes                       ;
; ~ALTERA_DCLK~  ; 2.5 V        ; 0 s                 ; 0 s                 ; 2.32 V                       ; 1.55e-07 V                   ; 2.35 V              ; -0.00221 V          ; 0.097 V                              ; 0.005 V                              ; 4.49e-10 s                  ; 3.85e-10 s                  ; Yes                        ; Yes                        ; 2.32 V                      ; 1.55e-07 V                  ; 2.35 V             ; -0.00221 V         ; 0.097 V                             ; 0.005 V                             ; 4.49e-10 s                 ; 3.85e-10 s                 ; Yes                       ; Yes                       ;
+----------------+--------------+---------------------+---------------------+------------------------------+------------------------------+---------------------+---------------------+--------------------------------------+--------------------------------------+-----------------------------+-----------------------------+----------------------------+----------------------------+-----------------------------+-----------------------------+--------------------+--------------------+-------------------------------------+-------------------------------------+----------------------------+----------------------------+---------------------------+---------------------------+


+---------------------------------------------------------------------------------------------------------------------------------------------------------------------------------------------------------------------------------------------------------------------------------------------------------------------------------------------------------------------------------------------------------------------------------------------------------------------------------------------------------------------------------------------------------------------------------------------------------------------------------------------------------------------------------------------+
; Signal Integrity Metrics (Fast 1200mv 0c Model)                                                                                                                                                                                                                                                                                                                                                                                                                                                                                                                                                                                                                                             ;
+----------------+--------------+---------------------+---------------------+------------------------------+------------------------------+---------------------+---------------------+--------------------------------------+--------------------------------------+-----------------------------+-----------------------------+----------------------------+----------------------------+-----------------------------+-----------------------------+--------------------+--------------------+-------------------------------------+-------------------------------------+----------------------------+----------------------------+---------------------------+---------------------------+
; Pin            ; I/O Standard ; Board Delay on Rise ; Board Delay on Fall ; Steady State Voh at FPGA Pin ; Steady State Vol at FPGA Pin ; Voh Max at FPGA Pin ; Vol Min at FPGA Pin ; Ringback Voltage on Rise at FPGA Pin ; Ringback Voltage on Fall at FPGA Pin ; 10-90 Rise Time at FPGA Pin ; 90-10 Fall Time at FPGA Pin ; Monotonic Rise at FPGA Pin ; Monotonic Fall at FPGA Pin ; Steady State Voh at Far-end ; Steady State Vol at Far-end ; Voh Max at Far-end ; Vol Min at Far-end ; Ringback Voltage on Rise at Far-end ; Ringback Voltage on Fall at Far-end ; 10-90 Rise Time at Far-end ; 90-10 Fall Time at Far-end ; Monotonic Rise at Far-end ; Monotonic Fall at Far-end ;
+----------------+--------------+---------------------+---------------------+------------------------------+------------------------------+---------------------+---------------------+--------------------------------------+--------------------------------------+-----------------------------+-----------------------------+----------------------------+----------------------------+-----------------------------+-----------------------------+--------------------+--------------------+-------------------------------------+-------------------------------------+----------------------------+----------------------------+---------------------------+---------------------------+
; aluif.zero     ; 2.5 V        ; 0 s                 ; 0 s                 ; 2.62 V                       ; 2.74e-08 V                   ; 2.73 V              ; -0.0384 V           ; 0.169 V                              ; 0.089 V                              ; 2.7e-10 s                   ; 2.62e-10 s                  ; Yes                        ; Yes                        ; 2.62 V                      ; 2.74e-08 V                  ; 2.73 V             ; -0.0384 V          ; 0.169 V                             ; 0.089 V                             ; 2.7e-10 s                  ; 2.62e-10 s                 ; Yes                       ; Yes                       ;
; aluif.overflow ; 2.5 V        ; 0 s                 ; 0 s                 ; 2.62 V                       ; 4.05e-08 V                   ; 2.72 V              ; -0.0349 V           ; 0.173 V                              ; 0.1 V                                ; 2.72e-10 s                  ; 2.69e-10 s                  ; Yes                        ; Yes                        ; 2.62 V                      ; 4.05e-08 V                  ; 2.72 V             ; -0.0349 V          ; 0.173 V                             ; 0.1 V                               ; 2.72e-10 s                 ; 2.69e-10 s                 ; Yes                       ; Yes                       ;
; aluif.negative ; 2.5 V        ; 0 s                 ; 0 s                 ; 2.62 V                       ; 4.05e-08 V                   ; 2.72 V              ; -0.0349 V           ; 0.173 V                              ; 0.1 V                                ; 2.72e-10 s                  ; 2.69e-10 s                  ; Yes                        ; Yes                        ; 2.62 V                      ; 4.05e-08 V                  ; 2.72 V             ; -0.0349 V          ; 0.173 V                             ; 0.1 V                               ; 2.72e-10 s                 ; 2.69e-10 s                 ; Yes                       ; Yes                       ;
; aluif.out[0]   ; 2.5 V        ; 0 s                 ; 0 s                 ; 2.62 V                       ; 2.74e-08 V                   ; 2.71 V              ; -0.0317 V           ; 0.148 V                              ; 0.064 V                              ; 4.51e-10 s                  ; 4.15e-10 s                  ; No                         ; Yes                        ; 2.62 V                      ; 2.74e-08 V                  ; 2.71 V             ; -0.0317 V          ; 0.148 V                             ; 0.064 V                             ; 4.51e-10 s                 ; 4.15e-10 s                 ; No                        ; Yes                       ;
; aluif.out[1]   ; 2.5 V        ; 0 s                 ; 0 s                 ; 2.62 V                       ; 2.74e-08 V                   ; 2.71 V              ; -0.0317 V           ; 0.148 V                              ; 0.064 V                              ; 4.51e-10 s                  ; 4.15e-10 s                  ; No                         ; Yes                        ; 2.62 V                      ; 2.74e-08 V                  ; 2.71 V             ; -0.0317 V          ; 0.148 V                             ; 0.064 V                             ; 4.51e-10 s                 ; 4.15e-10 s                 ; No                        ; Yes                       ;
; aluif.out[2]   ; 2.5 V        ; 0 s                 ; 0 s                 ; 2.62 V                       ; 2.74e-08 V                   ; 2.71 V              ; -0.0317 V           ; 0.148 V                              ; 0.064 V                              ; 4.51e-10 s                  ; 4.15e-10 s                  ; No                         ; Yes                        ; 2.62 V                      ; 2.74e-08 V                  ; 2.71 V             ; -0.0317 V          ; 0.148 V                             ; 0.064 V                             ; 4.51e-10 s                 ; 4.15e-10 s                 ; No                        ; Yes                       ;
; aluif.out[3]   ; 2.5 V        ; 0 s                 ; 0 s                 ; 2.62 V                       ; 2.74e-08 V                   ; 2.71 V              ; -0.0317 V           ; 0.148 V                              ; 0.064 V                              ; 4.51e-10 s                  ; 4.15e-10 s                  ; No                         ; Yes                        ; 2.62 V                      ; 2.74e-08 V                  ; 2.71 V             ; -0.0317 V          ; 0.148 V                             ; 0.064 V                             ; 4.51e-10 s                 ; 4.15e-10 s                 ; No                        ; Yes                       ;
; aluif.out[4]   ; 2.5 V        ; 0 s                 ; 0 s                 ; 2.62 V                       ; 2.74e-08 V                   ; 2.71 V              ; -0.0317 V           ; 0.148 V                              ; 0.064 V                              ; 4.51e-10 s                  ; 4.15e-10 s                  ; No                         ; Yes                        ; 2.62 V                      ; 2.74e-08 V                  ; 2.71 V             ; -0.0317 V          ; 0.148 V                             ; 0.064 V                             ; 4.51e-10 s                 ; 4.15e-10 s                 ; No                        ; Yes                       ;
; aluif.out[5]   ; 2.5 V        ; 0 s                 ; 0 s                 ; 2.62 V                       ; 2.74e-08 V                   ; 2.71 V              ; -0.0317 V           ; 0.148 V                              ; 0.064 V                              ; 4.51e-10 s                  ; 4.15e-10 s                  ; No                         ; Yes                        ; 2.62 V                      ; 2.74e-08 V                  ; 2.71 V             ; -0.0317 V          ; 0.148 V                             ; 0.064 V                             ; 4.51e-10 s                 ; 4.15e-10 s                 ; No                        ; Yes                       ;
; aluif.out[6]   ; 2.5 V        ; 0 s                 ; 0 s                 ; 2.62 V                       ; 2.74e-08 V                   ; 2.71 V              ; -0.0317 V           ; 0.148 V                              ; 0.064 V                              ; 4.51e-10 s                  ; 4.15e-10 s                  ; No                         ; Yes                        ; 2.62 V                      ; 2.74e-08 V                  ; 2.71 V             ; -0.0317 V          ; 0.148 V                             ; 0.064 V                             ; 4.51e-10 s                 ; 4.15e-10 s                 ; No                        ; Yes                       ;
; aluif.out[7]   ; 2.5 V        ; 0 s                 ; 0 s                 ; 2.62 V                       ; 4.05e-08 V                   ; 2.72 V              ; -0.0349 V           ; 0.173 V                              ; 0.1 V                                ; 2.72e-10 s                  ; 2.69e-10 s                  ; Yes                        ; Yes                        ; 2.62 V                      ; 4.05e-08 V                  ; 2.72 V             ; -0.0349 V          ; 0.173 V                             ; 0.1 V                               ; 2.72e-10 s                 ; 2.69e-10 s                 ; Yes                       ; Yes                       ;
; aluif.out[8]   ; 2.5 V        ; 0 s                 ; 0 s                 ; 2.62 V                       ; 4.05e-08 V                   ; 2.72 V              ; -0.0349 V           ; 0.173 V                              ; 0.1 V                                ; 2.72e-10 s                  ; 2.69e-10 s                  ; Yes                        ; Yes                        ; 2.62 V                      ; 4.05e-08 V                  ; 2.72 V             ; -0.0349 V          ; 0.173 V                             ; 0.1 V                               ; 2.72e-10 s                 ; 2.69e-10 s                 ; Yes                       ; Yes                       ;
; aluif.out[9]   ; 2.5 V        ; 0 s                 ; 0 s                 ; 2.62 V                       ; 4.05e-08 V                   ; 2.72 V              ; -0.0349 V           ; 0.173 V                              ; 0.1 V                                ; 2.72e-10 s                  ; 2.69e-10 s                  ; Yes                        ; Yes                        ; 2.62 V                      ; 4.05e-08 V                  ; 2.72 V             ; -0.0349 V          ; 0.173 V                             ; 0.1 V                               ; 2.72e-10 s                 ; 2.69e-10 s                 ; Yes                       ; Yes                       ;
; aluif.out[10]  ; 2.5 V        ; 0 s                 ; 0 s                 ; 2.62 V                       ; 2.74e-08 V                   ; 2.71 V              ; -0.0317 V           ; 0.148 V                              ; 0.064 V                              ; 4.51e-10 s                  ; 4.15e-10 s                  ; No                         ; Yes                        ; 2.62 V                      ; 2.74e-08 V                  ; 2.71 V             ; -0.0317 V          ; 0.148 V                             ; 0.064 V                             ; 4.51e-10 s                 ; 4.15e-10 s                 ; No                        ; Yes                       ;
; aluif.out[11]  ; 2.5 V        ; 0 s                 ; 0 s                 ; 2.62 V                       ; 2.74e-08 V                   ; 2.71 V              ; -0.0317 V           ; 0.148 V                              ; 0.064 V                              ; 4.51e-10 s                  ; 4.15e-10 s                  ; No                         ; Yes                        ; 2.62 V                      ; 2.74e-08 V                  ; 2.71 V             ; -0.0317 V          ; 0.148 V                             ; 0.064 V                             ; 4.51e-10 s                 ; 4.15e-10 s                 ; No                        ; Yes                       ;
; aluif.out[12]  ; 2.5 V        ; 0 s                 ; 0 s                 ; 2.62 V                       ; 4.05e-08 V                   ; 2.72 V              ; -0.0349 V           ; 0.173 V                              ; 0.1 V                                ; 2.72e-10 s                  ; 2.69e-10 s                  ; Yes                        ; Yes                        ; 2.62 V                      ; 4.05e-08 V                  ; 2.72 V             ; -0.0349 V          ; 0.173 V                             ; 0.1 V                               ; 2.72e-10 s                 ; 2.69e-10 s                 ; Yes                       ; Yes                       ;
; aluif.out[13]  ; 2.5 V        ; 0 s                 ; 0 s                 ; 2.62 V                       ; 2.74e-08 V                   ; 2.71 V              ; -0.0317 V           ; 0.148 V                              ; 0.064 V                              ; 4.51e-10 s                  ; 4.15e-10 s                  ; No                         ; Yes                        ; 2.62 V                      ; 2.74e-08 V                  ; 2.71 V             ; -0.0317 V          ; 0.148 V                             ; 0.064 V                             ; 4.51e-10 s                 ; 4.15e-10 s                 ; No                        ; Yes                       ;
; aluif.out[14]  ; 2.5 V        ; 0 s                 ; 0 s                 ; 2.62 V                       ; 2.74e-08 V                   ; 2.71 V              ; -0.0317 V           ; 0.148 V                              ; 0.064 V                              ; 4.51e-10 s                  ; 4.15e-10 s                  ; No                         ; Yes                        ; 2.62 V                      ; 2.74e-08 V                  ; 2.71 V             ; -0.0317 V          ; 0.148 V                             ; 0.064 V                             ; 4.51e-10 s                 ; 4.15e-10 s                 ; No                        ; Yes                       ;
; aluif.out[15]  ; 2.5 V        ; 0 s                 ; 0 s                 ; 2.62 V                       ; 2.74e-08 V                   ; 2.71 V              ; -0.0317 V           ; 0.148 V                              ; 0.064 V                              ; 4.51e-10 s                  ; 4.15e-10 s                  ; No                         ; Yes                        ; 2.62 V                      ; 2.74e-08 V                  ; 2.71 V             ; -0.0317 V          ; 0.148 V                             ; 0.064 V                             ; 4.51e-10 s                 ; 4.15e-10 s                 ; No                        ; Yes                       ;
; aluif.out[16]  ; 2.5 V        ; 0 s                 ; 0 s                 ; 2.62 V                       ; 4.05e-08 V                   ; 2.72 V              ; -0.0349 V           ; 0.173 V                              ; 0.1 V                                ; 2.72e-10 s                  ; 2.69e-10 s                  ; Yes                        ; Yes                        ; 2.62 V                      ; 4.05e-08 V                  ; 2.72 V             ; -0.0349 V          ; 0.173 V                             ; 0.1 V                               ; 2.72e-10 s                 ; 2.69e-10 s                 ; Yes                       ; Yes                       ;
; aluif.out[17]  ; 2.5 V        ; 0 s                 ; 0 s                 ; 2.62 V                       ; 4.05e-08 V                   ; 2.72 V              ; -0.0349 V           ; 0.173 V                              ; 0.1 V                                ; 2.72e-10 s                  ; 2.69e-10 s                  ; Yes                        ; Yes                        ; 2.62 V                      ; 4.05e-08 V                  ; 2.72 V             ; -0.0349 V          ; 0.173 V                             ; 0.1 V                               ; 2.72e-10 s                 ; 2.69e-10 s                 ; Yes                       ; Yes                       ;
; aluif.out[18]  ; 2.5 V        ; 0 s                 ; 0 s                 ; 2.62 V                       ; 2.74e-08 V                   ; 2.73 V              ; -0.0384 V           ; 0.169 V                              ; 0.089 V                              ; 2.7e-10 s                   ; 2.62e-10 s                  ; Yes                        ; Yes                        ; 2.62 V                      ; 2.74e-08 V                  ; 2.73 V             ; -0.0384 V          ; 0.169 V                             ; 0.089 V                             ; 2.7e-10 s                  ; 2.62e-10 s                 ; Yes                       ; Yes                       ;
; aluif.out[19]  ; 2.5 V        ; 0 s                 ; 0 s                 ; 2.62 V                       ; 2.74e-08 V                   ; 2.71 V              ; -0.0317 V           ; 0.148 V                              ; 0.064 V                              ; 4.51e-10 s                  ; 4.15e-10 s                  ; No                         ; Yes                        ; 2.62 V                      ; 2.74e-08 V                  ; 2.71 V             ; -0.0317 V          ; 0.148 V                             ; 0.064 V                             ; 4.51e-10 s                 ; 4.15e-10 s                 ; No                        ; Yes                       ;
; aluif.out[20]  ; 2.5 V        ; 0 s                 ; 0 s                 ; 2.62 V                       ; 4.05e-08 V                   ; 2.72 V              ; -0.0349 V           ; 0.173 V                              ; 0.1 V                                ; 2.72e-10 s                  ; 2.69e-10 s                  ; Yes                        ; Yes                        ; 2.62 V                      ; 4.05e-08 V                  ; 2.72 V             ; -0.0349 V          ; 0.173 V                             ; 0.1 V                               ; 2.72e-10 s                 ; 2.69e-10 s                 ; Yes                       ; Yes                       ;
; aluif.out[21]  ; 2.5 V        ; 0 s                 ; 0 s                 ; 2.62 V                       ; 2.74e-08 V                   ; 2.73 V              ; -0.0384 V           ; 0.169 V                              ; 0.089 V                              ; 2.7e-10 s                   ; 2.62e-10 s                  ; Yes                        ; Yes                        ; 2.62 V                      ; 2.74e-08 V                  ; 2.73 V             ; -0.0384 V          ; 0.169 V                             ; 0.089 V                             ; 2.7e-10 s                  ; 2.62e-10 s                 ; Yes                       ; Yes                       ;
; aluif.out[22]  ; 2.5 V        ; 0 s                 ; 0 s                 ; 2.62 V                       ; 4.05e-08 V                   ; 2.72 V              ; -0.0349 V           ; 0.173 V                              ; 0.1 V                                ; 2.72e-10 s                  ; 2.69e-10 s                  ; Yes                        ; Yes                        ; 2.62 V                      ; 4.05e-08 V                  ; 2.72 V             ; -0.0349 V          ; 0.173 V                             ; 0.1 V                               ; 2.72e-10 s                 ; 2.69e-10 s                 ; Yes                       ; Yes                       ;
; aluif.out[23]  ; 2.5 V        ; 0 s                 ; 0 s                 ; 2.62 V                       ; 2.74e-08 V                   ; 2.71 V              ; -0.0317 V           ; 0.148 V                              ; 0.064 V                              ; 4.51e-10 s                  ; 4.15e-10 s                  ; No                         ; Yes                        ; 2.62 V                      ; 2.74e-08 V                  ; 2.71 V             ; -0.0317 V          ; 0.148 V                             ; 0.064 V                             ; 4.51e-10 s                 ; 4.15e-10 s                 ; No                        ; Yes                       ;
; aluif.out[24]  ; 2.5 V        ; 0 s                 ; 0 s                 ; 2.62 V                       ; 4.05e-08 V                   ; 2.72 V              ; -0.0349 V           ; 0.173 V                              ; 0.1 V                                ; 2.72e-10 s                  ; 2.69e-10 s                  ; Yes                        ; Yes                        ; 2.62 V                      ; 4.05e-08 V                  ; 2.72 V             ; -0.0349 V          ; 0.173 V                             ; 0.1 V                               ; 2.72e-10 s                 ; 2.69e-10 s                 ; Yes                       ; Yes                       ;
; aluif.out[25]  ; 2.5 V        ; 0 s                 ; 0 s                 ; 2.62 V                       ; 4.05e-08 V                   ; 2.72 V              ; -0.0349 V           ; 0.173 V                              ; 0.1 V                                ; 2.72e-10 s                  ; 2.69e-10 s                  ; Yes                        ; Yes                        ; 2.62 V                      ; 4.05e-08 V                  ; 2.72 V             ; -0.0349 V          ; 0.173 V                             ; 0.1 V                               ; 2.72e-10 s                 ; 2.69e-10 s                 ; Yes                       ; Yes                       ;
; aluif.out[26]  ; 2.5 V        ; 0 s                 ; 0 s                 ; 2.62 V                       ; 2.74e-08 V                   ; 2.71 V              ; -0.0317 V           ; 0.148 V                              ; 0.064 V                              ; 4.51e-10 s                  ; 4.15e-10 s                  ; No                         ; Yes                        ; 2.62 V                      ; 2.74e-08 V                  ; 2.71 V             ; -0.0317 V          ; 0.148 V                             ; 0.064 V                             ; 4.51e-10 s                 ; 4.15e-10 s                 ; No                        ; Yes                       ;
; aluif.out[27]  ; 2.5 V        ; 0 s                 ; 0 s                 ; 2.62 V                       ; 2.74e-08 V                   ; 2.64 V              ; -0.0117 V           ; 0.202 V                              ; 0.176 V                              ; 2.38e-09 s                  ; 2.22e-09 s                  ; No                         ; Yes                        ; 2.62 V                      ; 2.74e-08 V                  ; 2.64 V             ; -0.0117 V          ; 0.202 V                             ; 0.176 V                             ; 2.38e-09 s                 ; 2.22e-09 s                 ; No                        ; Yes                       ;
; aluif.out[28]  ; 2.5 V        ; 0 s                 ; 0 s                 ; 2.62 V                       ; 4.05e-08 V                   ; 2.72 V              ; -0.0349 V           ; 0.173 V                              ; 0.1 V                                ; 2.72e-10 s                  ; 2.69e-10 s                  ; Yes                        ; Yes                        ; 2.62 V                      ; 4.05e-08 V                  ; 2.72 V             ; -0.0349 V          ; 0.173 V                             ; 0.1 V                               ; 2.72e-10 s                 ; 2.69e-10 s                 ; Yes                       ; Yes                       ;
; aluif.out[29]  ; 2.5 V        ; 0 s                 ; 0 s                 ; 2.62 V                       ; 4.05e-08 V                   ; 2.72 V              ; -0.0349 V           ; 0.173 V                              ; 0.1 V                                ; 2.72e-10 s                  ; 2.69e-10 s                  ; Yes                        ; Yes                        ; 2.62 V                      ; 4.05e-08 V                  ; 2.72 V             ; -0.0349 V          ; 0.173 V                             ; 0.1 V                               ; 2.72e-10 s                 ; 2.69e-10 s                 ; Yes                       ; Yes                       ;
; aluif.out[30]  ; 2.5 V        ; 0 s                 ; 0 s                 ; 2.62 V                       ; 4.05e-08 V                   ; 2.72 V              ; -0.0349 V           ; 0.173 V                              ; 0.1 V                                ; 2.72e-10 s                  ; 2.69e-10 s                  ; Yes                        ; Yes                        ; 2.62 V                      ; 4.05e-08 V                  ; 2.72 V             ; -0.0349 V          ; 0.173 V                             ; 0.1 V                               ; 2.72e-10 s                 ; 2.69e-10 s                 ; Yes                       ; Yes                       ;
; aluif.out[31]  ; 2.5 V        ; 0 s                 ; 0 s                 ; 2.62 V                       ; 4.05e-08 V                   ; 2.72 V              ; -0.0349 V           ; 0.173 V                              ; 0.1 V                                ; 2.72e-10 s                  ; 2.69e-10 s                  ; Yes                        ; Yes                        ; 2.62 V                      ; 4.05e-08 V                  ; 2.72 V             ; -0.0349 V          ; 0.173 V                             ; 0.1 V                               ; 2.72e-10 s                 ; 2.69e-10 s                 ; Yes                       ; Yes                       ;
; ~ALTERA_DCLK~  ; 2.5 V        ; 0 s                 ; 0 s                 ; 2.62 V                       ; 2.22e-08 V                   ; 2.74 V              ; -0.06 V             ; 0.158 V                              ; 0.08 V                               ; 2.68e-10 s                  ; 2.19e-10 s                  ; Yes                        ; Yes                        ; 2.62 V                      ; 2.22e-08 V                  ; 2.74 V             ; -0.06 V            ; 0.158 V                             ; 0.08 V                              ; 2.68e-10 s                 ; 2.19e-10 s                 ; Yes                       ; Yes                       ;
+----------------+--------------+---------------------+---------------------+------------------------------+------------------------------+---------------------+---------------------+--------------------------------------+--------------------------------------+-----------------------------+-----------------------------+----------------------------+----------------------------+-----------------------------+-----------------------------+--------------------+--------------------+-------------------------------------+-------------------------------------+----------------------------+----------------------------+---------------------------+---------------------------+


-------------------
; Clock Transfers ;
-------------------
Nothing to report.


---------------
; Report TCCS ;
---------------
No dedicated SERDES Transmitter circuitry present in device or used in design


---------------
; Report RSKM ;
---------------
No non-DPA dedicated SERDES Receiver circuitry present in device or used in design


+------------------------------------------------+
; Unconstrained Paths Summary                    ;
+---------------------------------+-------+------+
; Property                        ; Setup ; Hold ;
+---------------------------------+-------+------+
; Illegal Clocks                  ; 0     ; 0    ;
; Unconstrained Clocks            ; 0     ; 0    ;
; Unconstrained Input Ports       ; 68    ; 68   ;
; Unconstrained Input Port Paths  ; 1921  ; 1921 ;
; Unconstrained Output Ports      ; 35    ; 35   ;
; Unconstrained Output Port Paths ; 1921  ; 1921 ;
+---------------------------------+-------+------+


+--------------------------------------------------------------------------------------------------------+
; Unconstrained Input Ports                                                                              ;
+-----------------+--------------------------------------------------------------------------------------+
; Input Port      ; Comment                                                                              ;
+-----------------+--------------------------------------------------------------------------------------+
; aluif.a[0]      ; No input delay, min/max delays, false-path exceptions, or max skew assignments found ;
; aluif.a[1]      ; No input delay, min/max delays, false-path exceptions, or max skew assignments found ;
; aluif.a[2]      ; No input delay, min/max delays, false-path exceptions, or max skew assignments found ;
; aluif.a[3]      ; No input delay, min/max delays, false-path exceptions, or max skew assignments found ;
; aluif.a[4]      ; No input delay, min/max delays, false-path exceptions, or max skew assignments found ;
; aluif.a[5]      ; No input delay, min/max delays, false-path exceptions, or max skew assignments found ;
; aluif.a[6]      ; No input delay, min/max delays, false-path exceptions, or max skew assignments found ;
; aluif.a[7]      ; No input delay, min/max delays, false-path exceptions, or max skew assignments found ;
; aluif.a[8]      ; No input delay, min/max delays, false-path exceptions, or max skew assignments found ;
; aluif.a[9]      ; No input delay, min/max delays, false-path exceptions, or max skew assignments found ;
; aluif.a[10]     ; No input delay, min/max delays, false-path exceptions, or max skew assignments found ;
; aluif.a[11]     ; No input delay, min/max delays, false-path exceptions, or max skew assignments found ;
; aluif.a[12]     ; No input delay, min/max delays, false-path exceptions, or max skew assignments found ;
; aluif.a[13]     ; No input delay, min/max delays, false-path exceptions, or max skew assignments found ;
; aluif.a[14]     ; No input delay, min/max delays, false-path exceptions, or max skew assignments found ;
; aluif.a[15]     ; No input delay, min/max delays, false-path exceptions, or max skew assignments found ;
; aluif.a[16]     ; No input delay, min/max delays, false-path exceptions, or max skew assignments found ;
; aluif.a[17]     ; No input delay, min/max delays, false-path exceptions, or max skew assignments found ;
; aluif.a[18]     ; No input delay, min/max delays, false-path exceptions, or max skew assignments found ;
; aluif.a[19]     ; No input delay, min/max delays, false-path exceptions, or max skew assignments found ;
; aluif.a[20]     ; No input delay, min/max delays, false-path exceptions, or max skew assignments found ;
; aluif.a[21]     ; No input delay, min/max delays, false-path exceptions, or max skew assignments found ;
; aluif.a[22]     ; No input delay, min/max delays, false-path exceptions, or max skew assignments found ;
; aluif.a[23]     ; No input delay, min/max delays, false-path exceptions, or max skew assignments found ;
; aluif.a[24]     ; No input delay, min/max delays, false-path exceptions, or max skew assignments found ;
; aluif.a[25]     ; No input delay, min/max delays, false-path exceptions, or max skew assignments found ;
; aluif.a[26]     ; No input delay, min/max delays, false-path exceptions, or max skew assignments found ;
; aluif.a[27]     ; No input delay, min/max delays, false-path exceptions, or max skew assignments found ;
; aluif.a[28]     ; No input delay, min/max delays, false-path exceptions, or max skew assignments found ;
; aluif.a[29]     ; No input delay, min/max delays, false-path exceptions, or max skew assignments found ;
; aluif.a[30]     ; No input delay, min/max delays, false-path exceptions, or max skew assignments found ;
; aluif.a[31]     ; No input delay, min/max delays, false-path exceptions, or max skew assignments found ;
; aluif.b[0]      ; No input delay, min/max delays, false-path exceptions, or max skew assignments found ;
; aluif.b[1]      ; No input delay, min/max delays, false-path exceptions, or max skew assignments found ;
; aluif.b[2]      ; No input delay, min/max delays, false-path exceptions, or max skew assignments found ;
; aluif.b[3]      ; No input delay, min/max delays, false-path exceptions, or max skew assignments found ;
; aluif.b[4]      ; No input delay, min/max delays, false-path exceptions, or max skew assignments found ;
; aluif.b[5]      ; No input delay, min/max delays, false-path exceptions, or max skew assignments found ;
; aluif.b[6]      ; No input delay, min/max delays, false-path exceptions, or max skew assignments found ;
; aluif.b[7]      ; No input delay, min/max delays, false-path exceptions, or max skew assignments found ;
; aluif.b[8]      ; No input delay, min/max delays, false-path exceptions, or max skew assignments found ;
; aluif.b[9]      ; No input delay, min/max delays, false-path exceptions, or max skew assignments found ;
; aluif.b[10]     ; No input delay, min/max delays, false-path exceptions, or max skew assignments found ;
; aluif.b[11]     ; No input delay, min/max delays, false-path exceptions, or max skew assignments found ;
; aluif.b[12]     ; No input delay, min/max delays, false-path exceptions, or max skew assignments found ;
; aluif.b[13]     ; No input delay, min/max delays, false-path exceptions, or max skew assignments found ;
; aluif.b[14]     ; No input delay, min/max delays, false-path exceptions, or max skew assignments found ;
; aluif.b[15]     ; No input delay, min/max delays, false-path exceptions, or max skew assignments found ;
; aluif.b[16]     ; No input delay, min/max delays, false-path exceptions, or max skew assignments found ;
; aluif.b[17]     ; No input delay, min/max delays, false-path exceptions, or max skew assignments found ;
; aluif.b[18]     ; No input delay, min/max delays, false-path exceptions, or max skew assignments found ;
; aluif.b[19]     ; No input delay, min/max delays, false-path exceptions, or max skew assignments found ;
; aluif.b[20]     ; No input delay, min/max delays, false-path exceptions, or max skew assignments found ;
; aluif.b[21]     ; No input delay, min/max delays, false-path exceptions, or max skew assignments found ;
; aluif.b[22]     ; No input delay, min/max delays, false-path exceptions, or max skew assignments found ;
; aluif.b[23]     ; No input delay, min/max delays, false-path exceptions, or max skew assignments found ;
; aluif.b[24]     ; No input delay, min/max delays, false-path exceptions, or max skew assignments found ;
; aluif.b[25]     ; No input delay, min/max delays, false-path exceptions, or max skew assignments found ;
; aluif.b[26]     ; No input delay, min/max delays, false-path exceptions, or max skew assignments found ;
; aluif.b[27]     ; No input delay, min/max delays, false-path exceptions, or max skew assignments found ;
; aluif.b[28]     ; No input delay, min/max delays, false-path exceptions, or max skew assignments found ;
; aluif.b[29]     ; No input delay, min/max delays, false-path exceptions, or max skew assignments found ;
; aluif.b[30]     ; No input delay, min/max delays, false-path exceptions, or max skew assignments found ;
; aluif.b[31]     ; No input delay, min/max delays, false-path exceptions, or max skew assignments found ;
; aluif.opcode[0] ; No input delay, min/max delays, false-path exceptions, or max skew assignments found ;
; aluif.opcode[1] ; No input delay, min/max delays, false-path exceptions, or max skew assignments found ;
; aluif.opcode[2] ; No input delay, min/max delays, false-path exceptions, or max skew assignments found ;
; aluif.opcode[3] ; No input delay, min/max delays, false-path exceptions, or max skew assignments found ;
+-----------------+--------------------------------------------------------------------------------------+


+--------------------------------------------------------------------------------------------------------+
; Unconstrained Output Ports                                                                             ;
+----------------+---------------------------------------------------------------------------------------+
; Output Port    ; Comment                                                                               ;
+----------------+---------------------------------------------------------------------------------------+
; aluif.negative ; No output delay, min/max delays, false-path exceptions, or max skew assignments found ;
; aluif.out[0]   ; No output delay, min/max delays, false-path exceptions, or max skew assignments found ;
; aluif.out[1]   ; No output delay, min/max delays, false-path exceptions, or max skew assignments found ;
; aluif.out[2]   ; No output delay, min/max delays, false-path exceptions, or max skew assignments found ;
; aluif.out[3]   ; No output delay, min/max delays, false-path exceptions, or max skew assignments found ;
; aluif.out[4]   ; No output delay, min/max delays, false-path exceptions, or max skew assignments found ;
; aluif.out[5]   ; No output delay, min/max delays, false-path exceptions, or max skew assignments found ;
; aluif.out[6]   ; No output delay, min/max delays, false-path exceptions, or max skew assignments found ;
; aluif.out[7]   ; No output delay, min/max delays, false-path exceptions, or max skew assignments found ;
; aluif.out[8]   ; No output delay, min/max delays, false-path exceptions, or max skew assignments found ;
; aluif.out[9]   ; No output delay, min/max delays, false-path exceptions, or max skew assignments found ;
; aluif.out[10]  ; No output delay, min/max delays, false-path exceptions, or max skew assignments found ;
; aluif.out[11]  ; No output delay, min/max delays, false-path exceptions, or max skew assignments found ;
; aluif.out[12]  ; No output delay, min/max delays, false-path exceptions, or max skew assignments found ;
; aluif.out[13]  ; No output delay, min/max delays, false-path exceptions, or max skew assignments found ;
; aluif.out[14]  ; No output delay, min/max delays, false-path exceptions, or max skew assignments found ;
; aluif.out[15]  ; No output delay, min/max delays, false-path exceptions, or max skew assignments found ;
; aluif.out[16]  ; No output delay, min/max delays, false-path exceptions, or max skew assignments found ;
; aluif.out[17]  ; No output delay, min/max delays, false-path exceptions, or max skew assignments found ;
; aluif.out[18]  ; No output delay, min/max delays, false-path exceptions, or max skew assignments found ;
; aluif.out[19]  ; No output delay, min/max delays, false-path exceptions, or max skew assignments found ;
; aluif.out[20]  ; No output delay, min/max delays, false-path exceptions, or max skew assignments found ;
; aluif.out[21]  ; No output delay, min/max delays, false-path exceptions, or max skew assignments found ;
; aluif.out[22]  ; No output delay, min/max delays, false-path exceptions, or max skew assignments found ;
; aluif.out[23]  ; No output delay, min/max delays, false-path exceptions, or max skew assignments found ;
; aluif.out[24]  ; No output delay, min/max delays, false-path exceptions, or max skew assignments found ;
; aluif.out[25]  ; No output delay, min/max delays, false-path exceptions, or max skew assignments found ;
; aluif.out[26]  ; No output delay, min/max delays, false-path exceptions, or max skew assignments found ;
; aluif.out[27]  ; No output delay, min/max delays, false-path exceptions, or max skew assignments found ;
; aluif.out[28]  ; No output delay, min/max delays, false-path exceptions, or max skew assignments found ;
; aluif.out[29]  ; No output delay, min/max delays, false-path exceptions, or max skew assignments found ;
; aluif.out[30]  ; No output delay, min/max delays, false-path exceptions, or max skew assignments found ;
; aluif.out[31]  ; No output delay, min/max delays, false-path exceptions, or max skew assignments found ;
; aluif.overflow ; No output delay, min/max delays, false-path exceptions, or max skew assignments found ;
; aluif.zero     ; No output delay, min/max delays, false-path exceptions, or max skew assignments found ;
+----------------+---------------------------------------------------------------------------------------+


+--------------------------------------------------------------------------------------------------------+
; Unconstrained Input Ports                                                                              ;
+-----------------+--------------------------------------------------------------------------------------+
; Input Port      ; Comment                                                                              ;
+-----------------+--------------------------------------------------------------------------------------+
; aluif.a[0]      ; No input delay, min/max delays, false-path exceptions, or max skew assignments found ;
; aluif.a[1]      ; No input delay, min/max delays, false-path exceptions, or max skew assignments found ;
; aluif.a[2]      ; No input delay, min/max delays, false-path exceptions, or max skew assignments found ;
; aluif.a[3]      ; No input delay, min/max delays, false-path exceptions, or max skew assignments found ;
; aluif.a[4]      ; No input delay, min/max delays, false-path exceptions, or max skew assignments found ;
; aluif.a[5]      ; No input delay, min/max delays, false-path exceptions, or max skew assignments found ;
; aluif.a[6]      ; No input delay, min/max delays, false-path exceptions, or max skew assignments found ;
; aluif.a[7]      ; No input delay, min/max delays, false-path exceptions, or max skew assignments found ;
; aluif.a[8]      ; No input delay, min/max delays, false-path exceptions, or max skew assignments found ;
; aluif.a[9]      ; No input delay, min/max delays, false-path exceptions, or max skew assignments found ;
; aluif.a[10]     ; No input delay, min/max delays, false-path exceptions, or max skew assignments found ;
; aluif.a[11]     ; No input delay, min/max delays, false-path exceptions, or max skew assignments found ;
; aluif.a[12]     ; No input delay, min/max delays, false-path exceptions, or max skew assignments found ;
; aluif.a[13]     ; No input delay, min/max delays, false-path exceptions, or max skew assignments found ;
; aluif.a[14]     ; No input delay, min/max delays, false-path exceptions, or max skew assignments found ;
; aluif.a[15]     ; No input delay, min/max delays, false-path exceptions, or max skew assignments found ;
; aluif.a[16]     ; No input delay, min/max delays, false-path exceptions, or max skew assignments found ;
; aluif.a[17]     ; No input delay, min/max delays, false-path exceptions, or max skew assignments found ;
; aluif.a[18]     ; No input delay, min/max delays, false-path exceptions, or max skew assignments found ;
; aluif.a[19]     ; No input delay, min/max delays, false-path exceptions, or max skew assignments found ;
; aluif.a[20]     ; No input delay, min/max delays, false-path exceptions, or max skew assignments found ;
; aluif.a[21]     ; No input delay, min/max delays, false-path exceptions, or max skew assignments found ;
; aluif.a[22]     ; No input delay, min/max delays, false-path exceptions, or max skew assignments found ;
; aluif.a[23]     ; No input delay, min/max delays, false-path exceptions, or max skew assignments found ;
; aluif.a[24]     ; No input delay, min/max delays, false-path exceptions, or max skew assignments found ;
; aluif.a[25]     ; No input delay, min/max delays, false-path exceptions, or max skew assignments found ;
; aluif.a[26]     ; No input delay, min/max delays, false-path exceptions, or max skew assignments found ;
; aluif.a[27]     ; No input delay, min/max delays, false-path exceptions, or max skew assignments found ;
; aluif.a[28]     ; No input delay, min/max delays, false-path exceptions, or max skew assignments found ;
; aluif.a[29]     ; No input delay, min/max delays, false-path exceptions, or max skew assignments found ;
; aluif.a[30]     ; No input delay, min/max delays, false-path exceptions, or max skew assignments found ;
; aluif.a[31]     ; No input delay, min/max delays, false-path exceptions, or max skew assignments found ;
; aluif.b[0]      ; No input delay, min/max delays, false-path exceptions, or max skew assignments found ;
; aluif.b[1]      ; No input delay, min/max delays, false-path exceptions, or max skew assignments found ;
; aluif.b[2]      ; No input delay, min/max delays, false-path exceptions, or max skew assignments found ;
; aluif.b[3]      ; No input delay, min/max delays, false-path exceptions, or max skew assignments found ;
; aluif.b[4]      ; No input delay, min/max delays, false-path exceptions, or max skew assignments found ;
; aluif.b[5]      ; No input delay, min/max delays, false-path exceptions, or max skew assignments found ;
; aluif.b[6]      ; No input delay, min/max delays, false-path exceptions, or max skew assignments found ;
; aluif.b[7]      ; No input delay, min/max delays, false-path exceptions, or max skew assignments found ;
; aluif.b[8]      ; No input delay, min/max delays, false-path exceptions, or max skew assignments found ;
; aluif.b[9]      ; No input delay, min/max delays, false-path exceptions, or max skew assignments found ;
; aluif.b[10]     ; No input delay, min/max delays, false-path exceptions, or max skew assignments found ;
; aluif.b[11]     ; No input delay, min/max delays, false-path exceptions, or max skew assignments found ;
; aluif.b[12]     ; No input delay, min/max delays, false-path exceptions, or max skew assignments found ;
; aluif.b[13]     ; No input delay, min/max delays, false-path exceptions, or max skew assignments found ;
; aluif.b[14]     ; No input delay, min/max delays, false-path exceptions, or max skew assignments found ;
; aluif.b[15]     ; No input delay, min/max delays, false-path exceptions, or max skew assignments found ;
; aluif.b[16]     ; No input delay, min/max delays, false-path exceptions, or max skew assignments found ;
; aluif.b[17]     ; No input delay, min/max delays, false-path exceptions, or max skew assignments found ;
; aluif.b[18]     ; No input delay, min/max delays, false-path exceptions, or max skew assignments found ;
; aluif.b[19]     ; No input delay, min/max delays, false-path exceptions, or max skew assignments found ;
; aluif.b[20]     ; No input delay, min/max delays, false-path exceptions, or max skew assignments found ;
; aluif.b[21]     ; No input delay, min/max delays, false-path exceptions, or max skew assignments found ;
; aluif.b[22]     ; No input delay, min/max delays, false-path exceptions, or max skew assignments found ;
; aluif.b[23]     ; No input delay, min/max delays, false-path exceptions, or max skew assignments found ;
; aluif.b[24]     ; No input delay, min/max delays, false-path exceptions, or max skew assignments found ;
; aluif.b[25]     ; No input delay, min/max delays, false-path exceptions, or max skew assignments found ;
; aluif.b[26]     ; No input delay, min/max delays, false-path exceptions, or max skew assignments found ;
; aluif.b[27]     ; No input delay, min/max delays, false-path exceptions, or max skew assignments found ;
; aluif.b[28]     ; No input delay, min/max delays, false-path exceptions, or max skew assignments found ;
; aluif.b[29]     ; No input delay, min/max delays, false-path exceptions, or max skew assignments found ;
; aluif.b[30]     ; No input delay, min/max delays, false-path exceptions, or max skew assignments found ;
; aluif.b[31]     ; No input delay, min/max delays, false-path exceptions, or max skew assignments found ;
; aluif.opcode[0] ; No input delay, min/max delays, false-path exceptions, or max skew assignments found ;
; aluif.opcode[1] ; No input delay, min/max delays, false-path exceptions, or max skew assignments found ;
; aluif.opcode[2] ; No input delay, min/max delays, false-path exceptions, or max skew assignments found ;
; aluif.opcode[3] ; No input delay, min/max delays, false-path exceptions, or max skew assignments found ;
+-----------------+--------------------------------------------------------------------------------------+


+--------------------------------------------------------------------------------------------------------+
; Unconstrained Output Ports                                                                             ;
+----------------+---------------------------------------------------------------------------------------+
; Output Port    ; Comment                                                                               ;
+----------------+---------------------------------------------------------------------------------------+
; aluif.negative ; No output delay, min/max delays, false-path exceptions, or max skew assignments found ;
; aluif.out[0]   ; No output delay, min/max delays, false-path exceptions, or max skew assignments found ;
; aluif.out[1]   ; No output delay, min/max delays, false-path exceptions, or max skew assignments found ;
; aluif.out[2]   ; No output delay, min/max delays, false-path exceptions, or max skew assignments found ;
; aluif.out[3]   ; No output delay, min/max delays, false-path exceptions, or max skew assignments found ;
; aluif.out[4]   ; No output delay, min/max delays, false-path exceptions, or max skew assignments found ;
; aluif.out[5]   ; No output delay, min/max delays, false-path exceptions, or max skew assignments found ;
; aluif.out[6]   ; No output delay, min/max delays, false-path exceptions, or max skew assignments found ;
; aluif.out[7]   ; No output delay, min/max delays, false-path exceptions, or max skew assignments found ;
; aluif.out[8]   ; No output delay, min/max delays, false-path exceptions, or max skew assignments found ;
; aluif.out[9]   ; No output delay, min/max delays, false-path exceptions, or max skew assignments found ;
; aluif.out[10]  ; No output delay, min/max delays, false-path exceptions, or max skew assignments found ;
; aluif.out[11]  ; No output delay, min/max delays, false-path exceptions, or max skew assignments found ;
; aluif.out[12]  ; No output delay, min/max delays, false-path exceptions, or max skew assignments found ;
; aluif.out[13]  ; No output delay, min/max delays, false-path exceptions, or max skew assignments found ;
; aluif.out[14]  ; No output delay, min/max delays, false-path exceptions, or max skew assignments found ;
; aluif.out[15]  ; No output delay, min/max delays, false-path exceptions, or max skew assignments found ;
; aluif.out[16]  ; No output delay, min/max delays, false-path exceptions, or max skew assignments found ;
; aluif.out[17]  ; No output delay, min/max delays, false-path exceptions, or max skew assignments found ;
; aluif.out[18]  ; No output delay, min/max delays, false-path exceptions, or max skew assignments found ;
; aluif.out[19]  ; No output delay, min/max delays, false-path exceptions, or max skew assignments found ;
; aluif.out[20]  ; No output delay, min/max delays, false-path exceptions, or max skew assignments found ;
; aluif.out[21]  ; No output delay, min/max delays, false-path exceptions, or max skew assignments found ;
; aluif.out[22]  ; No output delay, min/max delays, false-path exceptions, or max skew assignments found ;
; aluif.out[23]  ; No output delay, min/max delays, false-path exceptions, or max skew assignments found ;
; aluif.out[24]  ; No output delay, min/max delays, false-path exceptions, or max skew assignments found ;
; aluif.out[25]  ; No output delay, min/max delays, false-path exceptions, or max skew assignments found ;
; aluif.out[26]  ; No output delay, min/max delays, false-path exceptions, or max skew assignments found ;
; aluif.out[27]  ; No output delay, min/max delays, false-path exceptions, or max skew assignments found ;
; aluif.out[28]  ; No output delay, min/max delays, false-path exceptions, or max skew assignments found ;
; aluif.out[29]  ; No output delay, min/max delays, false-path exceptions, or max skew assignments found ;
; aluif.out[30]  ; No output delay, min/max delays, false-path exceptions, or max skew assignments found ;
; aluif.out[31]  ; No output delay, min/max delays, false-path exceptions, or max skew assignments found ;
; aluif.overflow ; No output delay, min/max delays, false-path exceptions, or max skew assignments found ;
; aluif.zero     ; No output delay, min/max delays, false-path exceptions, or max skew assignments found ;
+----------------+---------------------------------------------------------------------------------------+


+--------------------------+
; Timing Analyzer Messages ;
+--------------------------+
Info: *******************************************************************
Info: Running Quartus Prime Timing Analyzer
    Info: Version 21.1.1 Build 850 06/23/2022 SJ Standard Edition
    Info: Copyright (C) 2022  Intel Corporation. All rights reserved.
    Info: Your use of Intel Corporation's design tools, logic functions 
    Info: and other software and tools, and any partner logic 
    Info: functions, and any output files from any of the foregoing 
    Info: (including device programming or simulation files), and any 
    Info: associated documentation or information are expressly subject 
    Info: to the terms and conditions of the Intel Program License 
    Info: Subscription Agreement, the Intel Quartus Prime License Agreement,
    Info: the Intel FPGA IP License Agreement, or other applicable license
    Info: agreement, including, without limitation, that your use is for
    Info: the sole purpose of programming logic devices manufactured by
    Info: Intel and sold by Intel or its authorized distributors.  Please
    Info: refer to the applicable agreement for further details, at
    Info: https://fpgasoftware.intel.com/eula.
    Info: Processing started: Wed Sep  3 19:02:32 2025
Info: Command: quartus_sta --64bit alu -c alu
Info: qsta_default_script.tcl version: #1
Info (20032): Parallel compilation is enabled and will use up to 4 processors
Info (21076): High junction temperature operating condition is not set. Assuming a default value of '85'.
Info (21076): Low junction temperature operating condition is not set. Assuming a default value of '0'.
Info (332104): Reading SDC File: 'alu.sdc'
Warning (332174): Ignored filter at alu.sdc(1): CLK could not be matched with a port File: /home/ecegridfs/a/437mg063/ece437/processors/._alu/alu.sdc Line: 1
Warning (332049): Ignored create_clock at alu.sdc(1): Argument <targets> is an empty collection File: /home/ecegridfs/a/437mg063/ece437/processors/._alu/alu.sdc Line: 1
    Info (332050): create_clock -name CLK [get_ports {CLK}] -period 100MHz File: /home/ecegridfs/a/437mg063/ece437/processors/._alu/alu.sdc Line: 1
Warning (332174): Ignored filter at alu.sdc(2): CLOCK_50 could not be matched with a port File: /home/ecegridfs/a/437mg063/ece437/processors/._alu/alu.sdc Line: 2
Warning (332049): Ignored create_clock at alu.sdc(2): Argument <targets> is an empty collection File: /home/ecegridfs/a/437mg063/ece437/processors/._alu/alu.sdc Line: 2
    Info (332050): create_clock -name CLK_50 [get_ports {CLOCK_50}] -period 100MHz File: /home/ecegridfs/a/437mg063/ece437/processors/._alu/alu.sdc Line: 2
Warning (332174): Ignored filter at alu.sdc(3): CPUCLK|q could not be matched with a pin File: /home/ecegridfs/a/437mg063/ece437/processors/._alu/alu.sdc Line: 3
Critical Warning (332049): Ignored create_generated_clock at alu.sdc(3): Argument <targets> is an empty collection File: /home/ecegridfs/a/437mg063/ece437/processors/._alu/alu.sdc Line: 3
    Info (332050): create_generated_clock -divide_by 2 -source [get_ports CLK] -name CPUCLK [get_pins CPUCLK|q] File: /home/ecegridfs/a/437mg063/ece437/processors/._alu/alu.sdc Line: 3
Warning (332049): Ignored create_generated_clock at alu.sdc(3): Argument -source is an empty collection File: /home/ecegridfs/a/437mg063/ece437/processors/._alu/alu.sdc Line: 3
Warning (332174): Ignored filter at alu.sdc(4): system:SYS|CPUCLK|q could not be matched with a pin File: /home/ecegridfs/a/437mg063/ece437/processors/._alu/alu.sdc Line: 4
Critical Warning (332049): Ignored create_generated_clock at alu.sdc(4): Argument <targets> is an empty collection File: /home/ecegridfs/a/437mg063/ece437/processors/._alu/alu.sdc Line: 4
    Info (332050): create_generated_clock -divide_by 2 -source [get_ports CLOCK_50] -name CPUCLK [get_pins system:SYS|CPUCLK|q] File: /home/ecegridfs/a/437mg063/ece437/processors/._alu/alu.sdc Line: 4
Warning (332049): Ignored create_generated_clock at alu.sdc(4): Argument -source is an empty collection File: /home/ecegridfs/a/437mg063/ece437/processors/._alu/alu.sdc Line: 4
Info (332142): No user constrained base clocks found in the design. Calling "derive_clocks -period 1.0"
Info (332096): The command derive_clocks did not find any clocks to derive.  No clocks were created or changed.
Warning (332068): No clocks defined in design.
Info (332143): No user constrained clock uncertainty found in the design. Calling "derive_clock_uncertainty"
Info (332154): The derive_clock_uncertainty command did not apply clock uncertainty to any clock-to-clock transfers.
Info: Found TIMING_ANALYZER_REPORT_SCRIPT_INCLUDE_DEFAULT_ANALYSIS = ON
Info (332159): No clocks to report
Info: Analyzing Slow 1200mV 85C Model
Info (332140): No fmax paths to report
Info (332140): No Setup paths to report
Info (332140): No Hold paths to report
Info (332140): No Recovery paths to report
Info (332140): No Removal paths to report
Info (332140): No Minimum Pulse Width paths to report
Info: Analyzing Slow 1200mV 0C Model
Info (334003): Started post-fitting delay annotation
Info (334004): Delay annotation completed successfully
Info (332142): No user constrained base clocks found in the design. Calling "derive_clocks -period 1.0"
Info (332096): The command derive_clocks did not find any clocks to derive.  No clocks were created or changed.
Warning (332068): No clocks defined in design.
Info (332154): The derive_clock_uncertainty command did not apply clock uncertainty to any clock-to-clock transfers.
Info (332140): No fmax paths to report
Info (332140): No Setup paths to report
Info (332140): No Hold paths to report
Info (332140): No Recovery paths to report
Info (332140): No Removal paths to report
Info (332140): No Minimum Pulse Width paths to report
Info: Analyzing Fast 1200mV 0C Model
Info (332142): No user constrained base clocks found in the design. Calling "derive_clocks -period 1.0"
Info (332096): The command derive_clocks did not find any clocks to derive.  No clocks were created or changed.
Warning (332068): No clocks defined in design.
Info (332154): The derive_clock_uncertainty command did not apply clock uncertainty to any clock-to-clock transfers.
Info (332140): No Setup paths to report
Info (332140): No Hold paths to report
Info (332140): No Recovery paths to report
Info (332140): No Removal paths to report
Info (332140): No Minimum Pulse Width paths to report
Info (332102): Design is not fully constrained for setup requirements
Info (332102): Design is not fully constrained for hold requirements
Info: Quartus Prime Timing Analyzer was successful. 0 errors, 13 warnings
    Info: Peak virtual memory: 633 megabytes
    Info: Processing ended: Wed Sep  3 19:02:36 2025
    Info: Elapsed time: 00:00:04
    Info: Total CPU time (on all processors): 00:00:02


