
*** Running vivado
    with args -log system_fpga.vdi -applog -m64 -product Vivado -messageDb vivado.pb -mode batch -source system_fpga.tcl -notrace


****** Vivado v2023.2 (64-bit)
  **** SW Build 4029153 on Fri Oct 13 20:13:54 MDT 2023
  **** IP Build 4028589 on Sat Oct 14 00:45:43 MDT 2023
  **** SharedData Build 4025554 on Tue Oct 10 17:18:54 MDT 2023
    ** Copyright 1986-2022 Xilinx, Inc. All Rights Reserved.
    ** Copyright 2022-2023 Advanced Micro Devices, Inc. All Rights Reserved.

source system_fpga.tcl -notrace
Command: open_checkpoint /home/ecegridfs/a/437mg063/ece437/processors/build/system_fpga.runs/impl_1/system_fpga.dcp
INFO: [Device 21-403] Loading part xc7s50csga324-1
Netlist sorting complete. Time (s): cpu = 00:00:00.02 ; elapsed = 00:00:00.01 . Memory (MB): peak = 1900.793 ; gain = 0.000 ; free physical = 4902 ; free virtual = 17504
INFO: [Netlist 29-17] Analyzing 403 Unisim elements for replacement
INFO: [Netlist 29-28] Unisim Transformation completed in 0 CPU seconds
INFO: [Project 1-479] Netlist was created with Vivado 2023.2
INFO: [Project 1-570] Preparing netlist for logic optimization
Read ShapeDB Complete: Time (s): cpu = 00:00:00.01 ; elapsed = 00:00:00.01 . Memory (MB): peak = 1974.543 ; gain = 0.000 ; free physical = 4828 ; free virtual = 17430
INFO: [Timing 38-478] Restoring timing data from binary archive.
INFO: [Timing 38-479] Binary timing data restore complete.
INFO: [Project 1-856] Restoring constraints from binary archive.
INFO: [Project 1-853] Binary constraint restore complete.
INFO: [Designutils 20-5722] Start Reading Physical Databases.
Reading placement.
Read Netlist Cache: Time (s): cpu = 00:00:00 ; elapsed = 00:00:00 . Memory (MB): peak = 2349.105 ; gain = 0.000 ; free physical = 4466 ; free virtual = 17068
Reading placer database...
Read Device Cache: Time (s): cpu = 00:00:00.01 ; elapsed = 00:00:00.01 . Memory (MB): peak = 2349.105 ; gain = 0.000 ; free physical = 4466 ; free virtual = 17068
Read PlaceDB: Time (s): cpu = 00:00:00 ; elapsed = 00:00:00 . Memory (MB): peak = 2349.105 ; gain = 0.000 ; free physical = 4466 ; free virtual = 17068
Read PulsedLatchDB: Time (s): cpu = 00:00:00 ; elapsed = 00:00:00 . Memory (MB): peak = 2349.105 ; gain = 0.000 ; free physical = 4466 ; free virtual = 17068
Reading routing.
Read RouteStorage: Time (s): cpu = 00:00:00.01 ; elapsed = 00:00:00 . Memory (MB): peak = 2349.105 ; gain = 0.000 ; free physical = 4466 ; free virtual = 17068
Read Physdb Files: Time (s): cpu = 00:00:00.02 ; elapsed = 00:00:00.02 . Memory (MB): peak = 2349.105 ; gain = 0.000 ; free physical = 4466 ; free virtual = 17068
Restored from archive | CPU: 0.050000 secs | Memory: 1.105881 MB |
Finished XDEF File Restore: Time (s): cpu = 00:00:00.05 ; elapsed = 00:00:00.06 . Memory (MB): peak = 2349.105 ; gain = 6.938 ; free physical = 4466 ; free virtual = 17068
Netlist sorting complete. Time (s): cpu = 00:00:00 ; elapsed = 00:00:00 . Memory (MB): peak = 2349.105 ; gain = 0.000 ; free physical = 4466 ; free virtual = 17068
INFO: [Project 1-111] Unisim Transformation Summary:
No Unisim elements were transformed.

INFO: [Project 1-604] Checkpoint was created with Vivado v2023.2 (64-bit) build 4029153
open_checkpoint: Time (s): cpu = 00:00:14 ; elapsed = 00:00:18 . Memory (MB): peak = 2349.141 ; gain = 816.422 ; free physical = 4466 ; free virtual = 17067
Command: opt_design
Attempting to get a license for feature 'Implementation' and/or device 'xc7s50'
INFO: [Common 17-349] Got license for feature 'Implementation' and/or device 'xc7s50'
Running DRC as a precondition to command opt_design

Starting DRC Task
INFO: [DRC 23-27] Running DRC with 8 threads
INFO: [Project 1-461] DRC finished with 0 Errors
INFO: [Project 1-462] Please refer to the DRC report (report_drc) for more information.

Time (s): cpu = 00:00:00.87 ; elapsed = 00:00:00.58 . Memory (MB): peak = 2429.914 ; gain = 77.840 ; free physical = 4444 ; free virtual = 17045

Starting Cache Timing Information Task
INFO: [Timing 38-35] Done setting XDC timing constraints.
Ending Cache Timing Information Task | Checksum: 1cae50081

Time (s): cpu = 00:00:00.21 ; elapsed = 00:00:00.08 . Memory (MB): peak = 2523.730 ; gain = 93.816 ; free physical = 4367 ; free virtual = 16969

Starting Logic Optimization Task

Phase 1 Initialization

Phase 1.1 Core Generation And Design Setup

Phase 1.1.1 Generate And Synthesize Debug Cores
INFO: [Chipscope 16-329] Generating Script for core instance : dbg_hub 
INFO: [IP_Flow 19-234] Refreshing IP repositories
INFO: [IP_Flow 19-1704] No user IP repositories specified
INFO: [IP_Flow 19-2313] Loaded Vivado IP repository '/package/eda/xilinx/Vivado/2023.2/data/ip'.
INFO: [IP_Flow 19-3806] Processing IP xilinx.com:ip:xsdbm:3.0 for cell dbg_hub_CV.
INFO: [Chipscope 16-469] Using cached IP synthesis design for IP xilinx.com:ip:xsdbm:3.0, cache-ID = f634cd9cb819efd3.
Done building netlist checker database: Time (s): cpu = 00:00:00 ; elapsed = 00:00:00 . Memory (MB): peak = 2853.262 ; gain = 0.000 ; free physical = 4014 ; free virtual = 16619
Netlist sorting complete. Time (s): cpu = 00:00:00.01 ; elapsed = 00:00:00.01 . Memory (MB): peak = 2909.289 ; gain = 0.000 ; free physical = 4007 ; free virtual = 16612
Phase 1.1.1 Generate And Synthesize Debug Cores | Checksum: 15f7869e8

Time (s): cpu = 00:00:16 ; elapsed = 00:00:33 . Memory (MB): peak = 2909.289 ; gain = 86.746 ; free physical = 4007 ; free virtual = 16612
Phase 1.1 Core Generation And Design Setup | Checksum: 15f7869e8

Time (s): cpu = 00:00:16 ; elapsed = 00:00:33 . Memory (MB): peak = 2909.289 ; gain = 86.746 ; free physical = 4007 ; free virtual = 16612

Phase 1.2 Setup Constraints And Sort Netlist
Phase 1.2 Setup Constraints And Sort Netlist | Checksum: 15f7869e8

Time (s): cpu = 00:00:16 ; elapsed = 00:00:33 . Memory (MB): peak = 2909.289 ; gain = 86.746 ; free physical = 4007 ; free virtual = 16612
Phase 1 Initialization | Checksum: 15f7869e8

Time (s): cpu = 00:00:16 ; elapsed = 00:00:33 . Memory (MB): peak = 2909.289 ; gain = 86.746 ; free physical = 4007 ; free virtual = 16612

Phase 2 Timer Update And Timing Data Collection

Phase 2.1 Timer Update
Phase 2.1 Timer Update | Checksum: 15f7869e8

Time (s): cpu = 00:00:16 ; elapsed = 00:00:33 . Memory (MB): peak = 2909.289 ; gain = 86.746 ; free physical = 4007 ; free virtual = 16612

Phase 2.2 Timing Data Collection
Phase 2.2 Timing Data Collection | Checksum: 15f7869e8

Time (s): cpu = 00:00:16 ; elapsed = 00:00:33 . Memory (MB): peak = 2909.289 ; gain = 86.746 ; free physical = 4007 ; free virtual = 16612
Phase 2 Timer Update And Timing Data Collection | Checksum: 15f7869e8

Time (s): cpu = 00:00:16 ; elapsed = 00:00:33 . Memory (MB): peak = 2909.289 ; gain = 86.746 ; free physical = 4007 ; free virtual = 16612

Phase 3 Retarget
INFO: [Opt 31-1566] Pulled 1 inverters resulting in an inversion of 2 pins
INFO: [Opt 31-138] Pushed 0 inverter(s) to 0 load pin(s).
INFO: [Opt 31-49] Retargeted 0 cell(s).
Phase 3 Retarget | Checksum: 15b884ed2

Time (s): cpu = 00:00:16 ; elapsed = 00:00:33 . Memory (MB): peak = 2909.289 ; gain = 86.746 ; free physical = 4007 ; free virtual = 16612
Retarget | Checksum: 15b884ed2
INFO: [Opt 31-389] Phase Retarget created 0 cells and removed 7 cells
INFO: [Opt 31-1021] In phase Retarget, 78 netlist objects are constrained preventing optimization. Please run opt_design with -debug_log to get more detail. 

Phase 4 Constant propagation
INFO: [Opt 31-138] Pushed 0 inverter(s) to 0 load pin(s).
Phase 4 Constant propagation | Checksum: 99311102

Time (s): cpu = 00:00:16 ; elapsed = 00:00:33 . Memory (MB): peak = 2909.289 ; gain = 86.746 ; free physical = 4007 ; free virtual = 16612
Constant propagation | Checksum: 99311102
INFO: [Opt 31-389] Phase Constant propagation created 0 cells and removed 0 cells
INFO: [Opt 31-1021] In phase Constant propagation, 78 netlist objects are constrained preventing optimization. Please run opt_design with -debug_log to get more detail. 

Phase 5 Sweep
Phase 5 Sweep | Checksum: 127c10d10

Time (s): cpu = 00:00:16 ; elapsed = 00:00:33 . Memory (MB): peak = 2909.289 ; gain = 86.746 ; free physical = 4007 ; free virtual = 16612
Sweep | Checksum: 127c10d10
INFO: [Opt 31-389] Phase Sweep created 0 cells and removed 0 cells
INFO: [Opt 31-1021] In phase Sweep, 953 netlist objects are constrained preventing optimization. Please run opt_design with -debug_log to get more detail. 

Phase 6 BUFG optimization
Phase 6 BUFG optimization | Checksum: 127c10d10

Time (s): cpu = 00:00:16 ; elapsed = 00:00:33 . Memory (MB): peak = 2941.305 ; gain = 118.762 ; free physical = 4007 ; free virtual = 16612
BUFG optimization | Checksum: 127c10d10
INFO: [Opt 31-662] Phase BUFG optimization created 0 cells of which 0 are BUFGs and removed 0 cells.

Phase 7 Shift Register Optimization
INFO: [Opt 31-1064] SRL Remap converted 0 SRLs to 0 registers and converted 0 registers of register chains to 0 SRLs
Phase 7 Shift Register Optimization | Checksum: 127c10d10

Time (s): cpu = 00:00:16 ; elapsed = 00:00:33 . Memory (MB): peak = 2941.305 ; gain = 118.762 ; free physical = 4007 ; free virtual = 16612
Shift Register Optimization | Checksum: 127c10d10
INFO: [Opt 31-389] Phase Shift Register Optimization created 0 cells and removed 0 cells

Phase 8 Post Processing Netlist
Phase 8 Post Processing Netlist | Checksum: 127c10d10

Time (s): cpu = 00:00:16 ; elapsed = 00:00:33 . Memory (MB): peak = 2941.305 ; gain = 118.762 ; free physical = 4007 ; free virtual = 16612
Post Processing Netlist | Checksum: 127c10d10
INFO: [Opt 31-389] Phase Post Processing Netlist created 0 cells and removed 0 cells
INFO: [Opt 31-1021] In phase Post Processing Netlist, 86 netlist objects are constrained preventing optimization. Please run opt_design with -debug_log to get more detail. 

Phase 9 Finalization

Phase 9.1 Finalizing Design Cores and Updating Shapes
Phase 9.1 Finalizing Design Cores and Updating Shapes | Checksum: 147464ebc

Time (s): cpu = 00:00:16 ; elapsed = 00:00:33 . Memory (MB): peak = 2941.305 ; gain = 118.762 ; free physical = 4007 ; free virtual = 16612

Phase 9.2 Verifying Netlist Connectivity

Starting Connectivity Check Task

Time (s): cpu = 00:00:00 ; elapsed = 00:00:00.01 . Memory (MB): peak = 2941.305 ; gain = 0.000 ; free physical = 4007 ; free virtual = 16612
Phase 9.2 Verifying Netlist Connectivity | Checksum: 147464ebc

Time (s): cpu = 00:00:16 ; elapsed = 00:00:33 . Memory (MB): peak = 2941.305 ; gain = 118.762 ; free physical = 4007 ; free virtual = 16612
Phase 9 Finalization | Checksum: 147464ebc

Time (s): cpu = 00:00:16 ; elapsed = 00:00:33 . Memory (MB): peak = 2941.305 ; gain = 118.762 ; free physical = 4007 ; free virtual = 16612
Opt_design Change Summary
=========================


-------------------------------------------------------------------------------------------------------------------------
|  Phase                        |  #Cells created  |  #Cells Removed  |  #Constrained objects preventing optimizations  |
-------------------------------------------------------------------------------------------------------------------------
|  Retarget                     |               0  |               7  |                                             78  |
|  Constant propagation         |               0  |               0  |                                             78  |
|  Sweep                        |               0  |               0  |                                            953  |
|  BUFG optimization            |               0  |               0  |                                              0  |
|  Shift Register Optimization  |               0  |               0  |                                              0  |
|  Post Processing Netlist      |               0  |               0  |                                             86  |
-------------------------------------------------------------------------------------------------------------------------


Ending Logic Optimization Task | Checksum: 147464ebc

Time (s): cpu = 00:00:16 ; elapsed = 00:00:33 . Memory (MB): peak = 2941.305 ; gain = 118.762 ; free physical = 4007 ; free virtual = 16612
INFO: [Constraints 18-11670] Building netlist checker database with flags, 0x8
Done building netlist checker database: Time (s): cpu = 00:00:00 ; elapsed = 00:00:00 . Memory (MB): peak = 2941.305 ; gain = 0.000 ; free physical = 4007 ; free virtual = 16612

Starting Power Optimization Task
INFO: [Pwropt 34-132] Skipping clock gating for clocks with a period < 2.00 ns.
INFO: [Timing 38-35] Done setting XDC timing constraints.
Running Vector-less Activity Propagation...
INFO: [Pwropt 34-9] Applying IDT optimizations ...

Finished Running Vector-less Activity Propagation
INFO: [Pwropt 34-10] Applying ODC optimizations ...


Starting PowerOpt Patch Enables Task
INFO: [Pwropt 34-162] WRITE_MODE attribute of 0 BRAM(s) out of a total of 16 has been updated to save power. Run report_power_opt to get a complete listing of the BRAMs updated.
INFO: [Pwropt 34-201] Structural ODC has moved 0 WE to EN ports
Number of BRAM Ports augmented: 0 newly gated: 0 Total Ports: 32
Ending PowerOpt Patch Enables Task | Checksum: 147464ebc

Time (s): cpu = 00:00:00.06 ; elapsed = 00:00:00.06 . Memory (MB): peak = 3174.273 ; gain = 0.000 ; free physical = 3933 ; free virtual = 16538
Ending Power Optimization Task | Checksum: 147464ebc

Time (s): cpu = 00:00:02 ; elapsed = 00:00:01 . Memory (MB): peak = 3174.273 ; gain = 232.969 ; free physical = 3932 ; free virtual = 16537

Starting Final Cleanup Task
Ending Final Cleanup Task | Checksum: 147464ebc

Time (s): cpu = 00:00:00 ; elapsed = 00:00:00 . Memory (MB): peak = 3174.273 ; gain = 0.000 ; free physical = 3932 ; free virtual = 16537

Starting Netlist Obfuscation Task
Netlist sorting complete. Time (s): cpu = 00:00:00 ; elapsed = 00:00:00.01 . Memory (MB): peak = 3174.273 ; gain = 0.000 ; free physical = 3932 ; free virtual = 16537
Ending Netlist Obfuscation Task | Checksum: 147464ebc

Time (s): cpu = 00:00:00 ; elapsed = 00:00:00.01 . Memory (MB): peak = 3174.273 ; gain = 0.000 ; free physical = 3932 ; free virtual = 16537
INFO: [Common 17-83] Releasing license: Implementation
50 Infos, 0 Warnings, 0 Critical Warnings and 0 Errors encountered.
opt_design completed successfully
opt_design: Time (s): cpu = 00:00:21 ; elapsed = 00:00:37 . Memory (MB): peak = 3174.273 ; gain = 825.133 ; free physical = 3932 ; free virtual = 16537
INFO: [runtcl-4] Executing : report_drc -file system_fpga_drc_opted.rpt -pb system_fpga_drc_opted.pb -rpx system_fpga_drc_opted.rpx
Command: report_drc -file system_fpga_drc_opted.rpt -pb system_fpga_drc_opted.pb -rpx system_fpga_drc_opted.rpx
INFO: [IP_Flow 19-1839] IP Catalog is up to date.
INFO: [DRC 23-27] Running DRC with 8 threads
INFO: [Vivado_Tcl 2-168] The results of DRC are in file /home/ecegridfs/a/437mg063/ece437/processors/build/system_fpga.runs/impl_1/system_fpga_drc_opted.rpt.
report_drc completed successfully
INFO: [Timing 38-480] Writing timing data to binary archive.
Write ShapeDB Complete: Time (s): cpu = 00:00:00.01 ; elapsed = 00:00:00 . Memory (MB): peak = 3174.273 ; gain = 0.000 ; free physical = 3922 ; free virtual = 16527
Wrote PlaceDB: Time (s): cpu = 00:00:00 ; elapsed = 00:00:00 . Memory (MB): peak = 3174.273 ; gain = 0.000 ; free physical = 3922 ; free virtual = 16527
Wrote PulsedLatchDB: Time (s): cpu = 00:00:00 ; elapsed = 00:00:00 . Memory (MB): peak = 3174.273 ; gain = 0.000 ; free physical = 3922 ; free virtual = 16527
Writing XDEF routing.
Writing XDEF routing logical nets.
Writing XDEF routing special nets.
Wrote RouteStorage: Time (s): cpu = 00:00:00.07 ; elapsed = 00:00:00.02 . Memory (MB): peak = 3174.273 ; gain = 0.000 ; free physical = 3921 ; free virtual = 16526
Wrote Netlist Cache: Time (s): cpu = 00:00:00 ; elapsed = 00:00:00 . Memory (MB): peak = 3174.273 ; gain = 0.000 ; free physical = 3921 ; free virtual = 16526
Wrote Device Cache: Time (s): cpu = 00:00:00.02 ; elapsed = 00:00:00 . Memory (MB): peak = 3174.273 ; gain = 0.000 ; free physical = 3921 ; free virtual = 16526
Write Physdb Complete: Time (s): cpu = 00:00:00.14 ; elapsed = 00:00:00.05 . Memory (MB): peak = 3174.273 ; gain = 0.000 ; free physical = 3920 ; free virtual = 16525
INFO: [Common 17-1381] The checkpoint '/home/ecegridfs/a/437mg063/ece437/processors/build/system_fpga.runs/impl_1/system_fpga_opt.dcp' has been generated.
INFO: [Chipscope 16-240] Debug cores have already been implemented
Command: place_design -directive RuntimeOptimized
Attempting to get a license for feature 'Implementation' and/or device 'xc7s50'
INFO: [Common 17-349] Got license for feature 'Implementation' and/or device 'xc7s50'
INFO: [Common 17-83] Releasing license: Implementation
INFO: [DRC 23-27] Running DRC with 8 threads
INFO: [Vivado_Tcl 4-198] DRC finished with 0 Errors
INFO: [Vivado_Tcl 4-199] Please refer to the DRC report (report_drc) for more information.
Running DRC as a precondition to command place_design
INFO: [DRC 23-27] Running DRC with 8 threads
INFO: [Vivado_Tcl 4-198] DRC finished with 0 Errors, 21 Warnings
INFO: [Vivado_Tcl 4-199] Please refer to the DRC report (report_drc) for more information.
INFO: [Place 46-5] The placer was invoked with the 'RuntimeOptimized' directive.
INFO: [Place 30-611] Multithreading enabled for place_design using a maximum of 8 CPUs

Starting Placer Task

Phase 1 Placer Initialization

Phase 1.1 Placer Initialization Netlist Sorting
Netlist sorting complete. Time (s): cpu = 00:00:00 ; elapsed = 00:00:00 . Memory (MB): peak = 3174.273 ; gain = 0.000 ; free physical = 3909 ; free virtual = 16516
Phase 1.1 Placer Initialization Netlist Sorting | Checksum: 8ba990ca

Time (s): cpu = 00:00:00.01 ; elapsed = 00:00:00 . Memory (MB): peak = 3174.273 ; gain = 0.000 ; free physical = 3909 ; free virtual = 16516
Netlist sorting complete. Time (s): cpu = 00:00:00 ; elapsed = 00:00:00 . Memory (MB): peak = 3174.273 ; gain = 0.000 ; free physical = 3909 ; free virtual = 16516

Phase 1.2 IO Placement/ Clock Placement/ Build Placer Device
INFO: [Timing 38-35] Done setting XDC timing constraints.
Phase 1.2 IO Placement/ Clock Placement/ Build Placer Device | Checksum: e2e24e56

Time (s): cpu = 00:00:00.88 ; elapsed = 00:00:00.27 . Memory (MB): peak = 3174.273 ; gain = 0.000 ; free physical = 3909 ; free virtual = 16516

Phase 1.3 Build Placer Netlist Model
Phase 1.3 Build Placer Netlist Model | Checksum: 146899849

Time (s): cpu = 00:00:03 ; elapsed = 00:00:00.85 . Memory (MB): peak = 3174.273 ; gain = 0.000 ; free physical = 3905 ; free virtual = 16511

Phase 1.4 Constrain Clocks/Macros
Phase 1.4 Constrain Clocks/Macros | Checksum: 146899849

Time (s): cpu = 00:00:03 ; elapsed = 00:00:00.87 . Memory (MB): peak = 3174.273 ; gain = 0.000 ; free physical = 3905 ; free virtual = 16511
Phase 1 Placer Initialization | Checksum: 146899849

Time (s): cpu = 00:00:03 ; elapsed = 00:00:00.88 . Memory (MB): peak = 3174.273 ; gain = 0.000 ; free physical = 3905 ; free virtual = 16511

Phase 2 Global Placement

Phase 2.1 Floorplanning
Phase 2.1 Floorplanning | Checksum: 14b62ff21

Time (s): cpu = 00:00:04 ; elapsed = 00:00:01 . Memory (MB): peak = 3174.273 ; gain = 0.000 ; free physical = 3901 ; free virtual = 16507

Phase 2.2 Update Timing before SLR Path Opt
Phase 2.2 Update Timing before SLR Path Opt | Checksum: f697ea15

Time (s): cpu = 00:00:05 ; elapsed = 00:00:01 . Memory (MB): peak = 3174.273 ; gain = 0.000 ; free physical = 3901 ; free virtual = 16507

Phase 2.3 Post-Processing in Floorplanning
Phase 2.3 Post-Processing in Floorplanning | Checksum: f697ea15

Time (s): cpu = 00:00:05 ; elapsed = 00:00:01 . Memory (MB): peak = 3174.273 ; gain = 0.000 ; free physical = 3901 ; free virtual = 16507

Phase 2.4 Global Placement Core
Phase 2.4 Global Placement Core | Checksum: 72f55782

Time (s): cpu = 00:00:19 ; elapsed = 00:00:05 . Memory (MB): peak = 3174.273 ; gain = 0.000 ; free physical = 3893 ; free virtual = 16499
Phase 2 Global Placement | Checksum: 72f55782

Time (s): cpu = 00:00:19 ; elapsed = 00:00:05 . Memory (MB): peak = 3174.273 ; gain = 0.000 ; free physical = 3893 ; free virtual = 16499

Phase 3 Detail Placement

Phase 3.1 Commit Multi Column Macros
Phase 3.1 Commit Multi Column Macros | Checksum: 8cc462f8

Time (s): cpu = 00:00:20 ; elapsed = 00:00:05 . Memory (MB): peak = 3174.273 ; gain = 0.000 ; free physical = 3893 ; free virtual = 16499

Phase 3.2 Commit Most Macros & LUTRAMs
Phase 3.2 Commit Most Macros & LUTRAMs | Checksum: 1eab71969

Time (s): cpu = 00:00:21 ; elapsed = 00:00:05 . Memory (MB): peak = 3174.273 ; gain = 0.000 ; free physical = 3893 ; free virtual = 16499

Phase 3.3 Area Swap Optimization
Phase 3.3 Area Swap Optimization | Checksum: 168cb2a87

Time (s): cpu = 00:00:21 ; elapsed = 00:00:05 . Memory (MB): peak = 3174.273 ; gain = 0.000 ; free physical = 3893 ; free virtual = 16499

Phase 3.4 Pipeline Register Optimization
Phase 3.4 Pipeline Register Optimization | Checksum: 168cb2a87

Time (s): cpu = 00:00:21 ; elapsed = 00:00:05 . Memory (MB): peak = 3174.273 ; gain = 0.000 ; free physical = 3893 ; free virtual = 16499

Phase 3.5 Fast Optimization
Phase 3.5 Fast Optimization | Checksum: 1cc97df7e

Time (s): cpu = 00:00:26 ; elapsed = 00:00:08 . Memory (MB): peak = 3174.273 ; gain = 0.000 ; free physical = 3891 ; free virtual = 16497

Phase 3.6 Small Shape Detail Placement
Phase 3.6 Small Shape Detail Placement | Checksum: 17210bf75

Time (s): cpu = 00:00:27 ; elapsed = 00:00:10 . Memory (MB): peak = 3174.273 ; gain = 0.000 ; free physical = 3891 ; free virtual = 16498

Phase 3.7 Re-assign LUT pins
Phase 3.7 Re-assign LUT pins | Checksum: d219082e

Time (s): cpu = 00:00:28 ; elapsed = 00:00:10 . Memory (MB): peak = 3174.273 ; gain = 0.000 ; free physical = 3892 ; free virtual = 16498

Phase 3.8 Pipeline Register Optimization
Phase 3.8 Pipeline Register Optimization | Checksum: d219082e

Time (s): cpu = 00:00:28 ; elapsed = 00:00:10 . Memory (MB): peak = 3174.273 ; gain = 0.000 ; free physical = 3892 ; free virtual = 16498

Phase 3.9 Fast Optimization
Phase 3.9 Fast Optimization | Checksum: 97ebcc6f

Time (s): cpu = 00:00:35 ; elapsed = 00:00:16 . Memory (MB): peak = 3174.273 ; gain = 0.000 ; free physical = 3890 ; free virtual = 16496
Phase 3 Detail Placement | Checksum: 97ebcc6f

Time (s): cpu = 00:00:35 ; elapsed = 00:00:16 . Memory (MB): peak = 3174.273 ; gain = 0.000 ; free physical = 3890 ; free virtual = 16496

Phase 4 Post Placement Optimization and Clean-Up

Phase 4.1 Post Commit Optimization
INFO: [Timing 38-35] Done setting XDC timing constraints.

Phase 4.1.1 Post Placement Optimization
Post Placement Optimization Initialization | Checksum: a08c8f8d

Phase 4.1.1.1 BUFG Insertion

Starting Physical Synthesis Task

Phase 1 Physical Synthesis Initialization
INFO: [Physopt 32-721] Multithreading enabled for phys_opt_design using a maximum of 8 CPUs
INFO: [Physopt 32-619] Estimated Timing Summary | WNS=-4.732 | TNS=-1570.835 |
Phase 1 Physical Synthesis Initialization | Checksum: 133220c77

Time (s): cpu = 00:00:00.69 ; elapsed = 00:00:00.24 . Memory (MB): peak = 3174.273 ; gain = 0.000 ; free physical = 3888 ; free virtual = 16494
INFO: [Place 46-33] Processed net nRST, BUFG insertion was skipped due to placement/routing conflicts.
INFO: [Place 46-56] BUFG insertion identified 1 candidate nets. Inserted BUFG: 0, Replicated BUFG Driver: 0, Skipped due to Placement/Routing Conflicts: 1, Skipped due to Timing Degradation: 0, Skipped due to netlist editing failed: 0.
Ending Physical Synthesis Task | Checksum: 133220c77

Time (s): cpu = 00:00:00.88 ; elapsed = 00:00:00.38 . Memory (MB): peak = 3174.273 ; gain = 0.000 ; free physical = 3888 ; free virtual = 16494
Phase 4.1.1.1 BUFG Insertion | Checksum: a08c8f8d

Time (s): cpu = 00:00:39 ; elapsed = 00:00:17 . Memory (MB): peak = 3174.273 ; gain = 0.000 ; free physical = 3888 ; free virtual = 16494

Phase 4.1.1.2 Post Placement Timing Optimization
INFO: [Place 30-746] Post Placement Timing Summary WNS=-4.363. For the most accurate timing information please run report_timing.
Phase 4.1.1.2 Post Placement Timing Optimization | Checksum: cddfb721

Time (s): cpu = 00:00:41 ; elapsed = 00:00:19 . Memory (MB): peak = 3174.273 ; gain = 0.000 ; free physical = 3888 ; free virtual = 16495

Time (s): cpu = 00:00:41 ; elapsed = 00:00:19 . Memory (MB): peak = 3174.273 ; gain = 0.000 ; free physical = 3888 ; free virtual = 16495
Phase 4.1 Post Commit Optimization | Checksum: cddfb721

Time (s): cpu = 00:00:41 ; elapsed = 00:00:19 . Memory (MB): peak = 3174.273 ; gain = 0.000 ; free physical = 3888 ; free virtual = 16495

Phase 4.2 Post Placement Cleanup
Phase 4.2 Post Placement Cleanup | Checksum: cddfb721

Time (s): cpu = 00:00:42 ; elapsed = 00:00:20 . Memory (MB): peak = 3174.273 ; gain = 0.000 ; free physical = 3888 ; free virtual = 16495

Phase 4.3 Placer Reporting

Phase 4.3.1 Print Estimated Congestion
INFO: [Place 30-612] Post-Placement Estimated Congestion 
 ____________________________________________________
|           | Global Congestion | Short Congestion  |
| Direction | Region Size       | Region Size       |
|___________|___________________|___________________|
|      North|                1x1|                4x4|
|___________|___________________|___________________|
|      South|                1x1|                1x1|
|___________|___________________|___________________|
|       East|                1x1|                2x2|
|___________|___________________|___________________|
|       West|                1x1|                1x1|
|___________|___________________|___________________|

Phase 4.3.1 Print Estimated Congestion | Checksum: cddfb721

Time (s): cpu = 00:00:42 ; elapsed = 00:00:20 . Memory (MB): peak = 3174.273 ; gain = 0.000 ; free physical = 3888 ; free virtual = 16495
Phase 4.3 Placer Reporting | Checksum: cddfb721

Time (s): cpu = 00:00:42 ; elapsed = 00:00:20 . Memory (MB): peak = 3174.273 ; gain = 0.000 ; free physical = 3888 ; free virtual = 16495

Phase 4.4 Final Placement Cleanup
Netlist sorting complete. Time (s): cpu = 00:00:00 ; elapsed = 00:00:00 . Memory (MB): peak = 3174.273 ; gain = 0.000 ; free physical = 3888 ; free virtual = 16495

Time (s): cpu = 00:00:42 ; elapsed = 00:00:20 . Memory (MB): peak = 3174.273 ; gain = 0.000 ; free physical = 3888 ; free virtual = 16495
Phase 4 Post Placement Optimization and Clean-Up | Checksum: 11e1b7973

Time (s): cpu = 00:00:42 ; elapsed = 00:00:20 . Memory (MB): peak = 3174.273 ; gain = 0.000 ; free physical = 3888 ; free virtual = 16495
Ending Placer Task | Checksum: 10156ebbe

Time (s): cpu = 00:00:42 ; elapsed = 00:00:20 . Memory (MB): peak = 3174.273 ; gain = 0.000 ; free physical = 3888 ; free virtual = 16495
75 Infos, 0 Warnings, 0 Critical Warnings and 0 Errors encountered.
place_design completed successfully
place_design: Time (s): cpu = 00:00:43 ; elapsed = 00:00:20 . Memory (MB): peak = 3174.273 ; gain = 0.000 ; free physical = 3888 ; free virtual = 16495
INFO: [runtcl-4] Executing : report_io -file system_fpga_io_placed.rpt
report_io: Time (s): cpu = 00:00:00.08 ; elapsed = 00:00:00.12 . Memory (MB): peak = 3174.273 ; gain = 0.000 ; free physical = 3887 ; free virtual = 16493
INFO: [runtcl-4] Executing : report_utilization -file system_fpga_utilization_placed.rpt -pb system_fpga_utilization_placed.pb
INFO: [runtcl-4] Executing : report_control_sets -verbose -file system_fpga_control_sets_placed.rpt
report_control_sets: Time (s): cpu = 00:00:00.03 ; elapsed = 00:00:00.06 . Memory (MB): peak = 3174.273 ; gain = 0.000 ; free physical = 3881 ; free virtual = 16487
INFO: [Timing 38-480] Writing timing data to binary archive.
Write ShapeDB Complete: Time (s): cpu = 00:00:00.02 ; elapsed = 00:00:00.01 . Memory (MB): peak = 3174.273 ; gain = 0.000 ; free physical = 3881 ; free virtual = 16487
Wrote PlaceDB: Time (s): cpu = 00:00:00.76 ; elapsed = 00:00:00.27 . Memory (MB): peak = 3174.273 ; gain = 0.000 ; free physical = 3878 ; free virtual = 16491
Wrote PulsedLatchDB: Time (s): cpu = 00:00:00 ; elapsed = 00:00:00 . Memory (MB): peak = 3174.273 ; gain = 0.000 ; free physical = 3878 ; free virtual = 16491
Writing XDEF routing.
Writing XDEF routing logical nets.
Writing XDEF routing special nets.
Wrote RouteStorage: Time (s): cpu = 00:00:00.01 ; elapsed = 00:00:00.01 . Memory (MB): peak = 3174.273 ; gain = 0.000 ; free physical = 3878 ; free virtual = 16491
Wrote Netlist Cache: Time (s): cpu = 00:00:00.01 ; elapsed = 00:00:00 . Memory (MB): peak = 3174.273 ; gain = 0.000 ; free physical = 3878 ; free virtual = 16491
Wrote Device Cache: Time (s): cpu = 00:00:00 ; elapsed = 00:00:00 . Memory (MB): peak = 3174.273 ; gain = 0.000 ; free physical = 3878 ; free virtual = 16492
Write Physdb Complete: Time (s): cpu = 00:00:00.8 ; elapsed = 00:00:00.36 . Memory (MB): peak = 3174.273 ; gain = 0.000 ; free physical = 3878 ; free virtual = 16492
INFO: [Common 17-1381] The checkpoint '/home/ecegridfs/a/437mg063/ece437/processors/build/system_fpga.runs/impl_1/system_fpga_placed.dcp' has been generated.
Command: phys_opt_design
Attempting to get a license for feature 'Implementation' and/or device 'xc7s50'
INFO: [Common 17-349] Got license for feature 'Implementation' and/or device 'xc7s50'

Starting Initial Update Timing Task

Time (s): cpu = 00:00:02 ; elapsed = 00:00:00.44 . Memory (MB): peak = 3174.273 ; gain = 0.000 ; free physical = 3873 ; free virtual = 16482
INFO: [Vivado_Tcl 4-1435] PhysOpt_Tcl_Interface Runtime Before Starting Physical Synthesis Task | CPU: 2.09s |  WALL: 0.46s
Netlist sorting complete. Time (s): cpu = 00:00:00 ; elapsed = 00:00:00 . Memory (MB): peak = 3174.273 ; gain = 0.000 ; free physical = 3873 ; free virtual = 16482

Starting Physical Synthesis Task

Phase 1 Physical Synthesis Initialization
INFO: [Physopt 32-721] Multithreading enabled for phys_opt_design using a maximum of 8 CPUs
INFO: [Physopt 32-619] Estimated Timing Summary | WNS=-4.363 | TNS=-1557.505 |
Phase 1 Physical Synthesis Initialization | Checksum: 143d2a571

Time (s): cpu = 00:00:01 ; elapsed = 00:00:00.42 . Memory (MB): peak = 3174.273 ; gain = 0.000 ; free physical = 3873 ; free virtual = 16482
INFO: [Physopt 32-619] Estimated Timing Summary | WNS=-4.363 | TNS=-1557.505 |

Phase 2 DSP Register Optimization
INFO: [Physopt 32-456] No candidate cells for DSP register optimization found in the design.
INFO: [Physopt 32-775] End 2 Pass. Optimized 0 net or cell. Created 0 new cell, deleted 0 existing cell and moved 0 existing cell
Phase 2 DSP Register Optimization | Checksum: 143d2a571

Time (s): cpu = 00:00:01 ; elapsed = 00:00:00.46 . Memory (MB): peak = 3174.273 ; gain = 0.000 ; free physical = 3873 ; free virtual = 16482

Phase 3 Critical Path Optimization
INFO: [Physopt 32-619] Estimated Timing Summary | WNS=-4.363 | TNS=-1557.505 |
INFO: [Physopt 32-780] Instance vio_inst/inst/PROBE_IN_INST/probe_in_reg_reg[7] has DONT_TOUCH and is preventing optimization
Resolution: Removing DONT_TOUCH attributes may enable additional optimization
INFO: [Physopt 32-780] Instance vio_inst/inst/PROBE_IN_INST/probe_in_reg_reg[7] has DONT_TOUCH and is preventing optimization
Resolution: Removing DONT_TOUCH attributes may enable additional optimization
INFO: [Physopt 32-702] Processed net SYS/RAM/dbg_data_out[6]. Optimizations did not improve timing on the net.
INFO: [Physopt 32-716] Net SYS/CPUCLK has constraints that cannot be copied, and hence, it cannot be cloned. The constraint blocking the replication is set_ideal_latency @ /home/ecegridfs/a/437mg063/ece437/processors/build/generated_clock.xdc:2
INFO: [Physopt 32-702] Processed net SYS/CPUCLK. Optimizations did not improve timing on the net.
INFO: [Physopt 32-663] Processed net SYS/RAM/en_reg[0]_0.  Re-placed instance SYS/RAM/syif\\.load[31]_INST_0_i_1
INFO: [Physopt 32-735] Processed net SYS/RAM/en_reg[0]_0. Optimization improves timing on the net.
INFO: [Physopt 32-619] Estimated Timing Summary | WNS=-4.353 | TNS=-1557.088 |
INFO: [Physopt 32-81] Processed net SYS/RAM/en_reg[0]_0. Replicated 1 times.
INFO: [Physopt 32-735] Processed net SYS/RAM/en_reg[0]_0. Optimization improves timing on the net.
INFO: [Physopt 32-619] Estimated Timing Summary | WNS=-4.287 | TNS=-1556.712 |
INFO: [Physopt 32-663] Processed net SYS/RAM/en_reg[0]_0_repN.  Re-placed instance SYS/RAM/syif\\.load[31]_INST_0_i_1_replica
INFO: [Physopt 32-735] Processed net SYS/RAM/en_reg[0]_0_repN. Optimization improves timing on the net.
INFO: [Physopt 32-619] Estimated Timing Summary | WNS=-4.285 | TNS=-1557.257 |
INFO: [Physopt 32-710] Processed net SYS/CPU/DP/EXMREG/dpif\\.halt_reg_1[0]. Critical path length was reduced through logic transformation on cell SYS/CPU/DP/EXMREG/mem_reg_3_i_3_comp.
INFO: [Physopt 32-735] Processed net SYS/RAM/en_reg[0]_0_repN. Optimization improves timing on the net.
INFO: [Physopt 32-619] Estimated Timing Summary | WNS=-4.231 | TNS=-1557.045 |
INFO: [Physopt 32-780] Instance vio_inst/inst/PROBE_IN_INST/probe_in_reg_reg[15] has DONT_TOUCH and is preventing optimization
Resolution: Removing DONT_TOUCH attributes may enable additional optimization
INFO: [Physopt 32-780] Instance vio_inst/inst/PROBE_IN_INST/probe_in_reg_reg[15] has DONT_TOUCH and is preventing optimization
Resolution: Removing DONT_TOUCH attributes may enable additional optimization
INFO: [Physopt 32-702] Processed net SYS/RAM/dbg_data_out[14]. Optimizations did not improve timing on the net.
INFO: [Physopt 32-710] Processed net SYS/CPU/DP/EXMREG/dpif\\.halt_reg_5[0]. Critical path length was reduced through logic transformation on cell SYS/CPU/DP/EXMREG/mem_reg_7_i_3_comp.
INFO: [Physopt 32-735] Processed net SYS/RAM/en_reg[0]_0. Optimization improves timing on the net.
INFO: [Physopt 32-619] Estimated Timing Summary | WNS=-4.227 | TNS=-1556.625 |
INFO: [Physopt 32-780] Instance vio_inst/inst/PROBE_IN_INST/probe_in_reg_reg[19] has DONT_TOUCH and is preventing optimization
Resolution: Removing DONT_TOUCH attributes may enable additional optimization
INFO: [Physopt 32-780] Instance vio_inst/inst/PROBE_IN_INST/probe_in_reg_reg[19] has DONT_TOUCH and is preventing optimization
Resolution: Removing DONT_TOUCH attributes may enable additional optimization
INFO: [Physopt 32-702] Processed net SYS/RAM/dbg_data_out[18]. Optimizations did not improve timing on the net.
INFO: [Physopt 32-710] Processed net SYS/CPU/DP/EXMREG/dpif\\.halt_reg_7[0]. Critical path length was reduced through logic transformation on cell SYS/CPU/DP/EXMREG/mem_reg_9_i_3_comp.
INFO: [Physopt 32-735] Processed net SYS/RAM/en_reg[0]_0. Optimization improves timing on the net.
INFO: [Physopt 32-619] Estimated Timing Summary | WNS=-4.204 | TNS=-1556.668 |
INFO: [Physopt 32-780] Instance vio_inst/inst/PROBE_IN_INST/probe_in_reg_reg[13] has DONT_TOUCH and is preventing optimization
Resolution: Removing DONT_TOUCH attributes may enable additional optimization
INFO: [Physopt 32-780] Instance vio_inst/inst/PROBE_IN_INST/probe_in_reg_reg[13] has DONT_TOUCH and is preventing optimization
Resolution: Removing DONT_TOUCH attributes may enable additional optimization
INFO: [Physopt 32-702] Processed net SYS/RAM/dbg_data_out[12]. Optimizations did not improve timing on the net.
INFO: [Physopt 32-710] Processed net SYS/CPU/DP/EXMREG/dpif\\.halt_reg_4[0]. Critical path length was reduced through logic transformation on cell SYS/CPU/DP/EXMREG/mem_reg_6_i_3_comp.
INFO: [Physopt 32-735] Processed net SYS/RAM/en_reg[0]_0. Optimization improves timing on the net.
INFO: [Physopt 32-619] Estimated Timing Summary | WNS=-4.195 | TNS=-1556.338 |
INFO: [Physopt 32-780] Instance vio_inst/inst/PROBE_IN_INST/probe_in_reg_reg[23] has DONT_TOUCH and is preventing optimization
Resolution: Removing DONT_TOUCH attributes may enable additional optimization
INFO: [Physopt 32-780] Instance vio_inst/inst/PROBE_IN_INST/probe_in_reg_reg[23] has DONT_TOUCH and is preventing optimization
Resolution: Removing DONT_TOUCH attributes may enable additional optimization
INFO: [Physopt 32-702] Processed net SYS/RAM/dbg_data_out[22]. Optimizations did not improve timing on the net.
INFO: [Physopt 32-663] Processed net SYS/RAM/en_reg[0]_0_repN.  Re-placed instance SYS/RAM/syif\\.load[31]_INST_0_i_1_replica
INFO: [Physopt 32-735] Processed net SYS/RAM/en_reg[0]_0_repN. Optimization improves timing on the net.
INFO: [Physopt 32-619] Estimated Timing Summary | WNS=-4.190 | TNS=-1556.217 |
INFO: [Physopt 32-710] Processed net SYS/CPU/DP/EXMREG/dpif\\.halt_reg_9[0]. Critical path length was reduced through logic transformation on cell SYS/CPU/DP/EXMREG/mem_reg_11_i_3_comp.
INFO: [Physopt 32-735] Processed net SYS/RAM/en_reg[0]_0_repN. Optimization improves timing on the net.
INFO: [Physopt 32-619] Estimated Timing Summary | WNS=-4.146 | TNS=-1555.869 |
INFO: [Physopt 32-780] Instance vio_inst/inst/PROBE_IN_INST/probe_in_reg_reg[31] has DONT_TOUCH and is preventing optimization
Resolution: Removing DONT_TOUCH attributes may enable additional optimization
INFO: [Physopt 32-780] Instance vio_inst/inst/PROBE_IN_INST/probe_in_reg_reg[31] has DONT_TOUCH and is preventing optimization
Resolution: Removing DONT_TOUCH attributes may enable additional optimization
INFO: [Physopt 32-702] Processed net SYS/RAM/dbg_data_out[30]. Optimizations did not improve timing on the net.
INFO: [Physopt 32-710] Processed net SYS/CPU/DP/EXMREG/wren. Critical path length was reduced through logic transformation on cell SYS/CPU/DP/EXMREG/mem_reg_15_i_17_comp.
INFO: [Physopt 32-735] Processed net SYS/RAM/en_reg[0]_0. Optimization improves timing on the net.
INFO: [Physopt 32-619] Estimated Timing Summary | WNS=-4.137 | TNS=-1555.566 |
INFO: [Physopt 32-780] Instance vio_inst/inst/PROBE_IN_INST/probe_in_reg_reg[1] has DONT_TOUCH and is preventing optimization
Resolution: Removing DONT_TOUCH attributes may enable additional optimization
INFO: [Physopt 32-780] Instance vio_inst/inst/PROBE_IN_INST/probe_in_reg_reg[1] has DONT_TOUCH and is preventing optimization
Resolution: Removing DONT_TOUCH attributes may enable additional optimization
INFO: [Physopt 32-702] Processed net SYS/RAM/dbg_data_out[0]. Optimizations did not improve timing on the net.
INFO: [Physopt 32-710] Processed net SYS/CPU/DP/EXMREG/WEA[0]. Critical path length was reduced through logic transformation on cell SYS/CPU/DP/EXMREG/mem_reg_0_i_3_comp.
INFO: [Physopt 32-735] Processed net SYS/RAM/en_reg[0]_0. Optimization improves timing on the net.
INFO: [Physopt 32-619] Estimated Timing Summary | WNS=-4.117 | TNS=-1555.099 |
INFO: [Physopt 32-780] Instance vio_inst/inst/PROBE_IN_INST/probe_in_reg_reg[9] has DONT_TOUCH and is preventing optimization
Resolution: Removing DONT_TOUCH attributes may enable additional optimization
INFO: [Physopt 32-780] Instance vio_inst/inst/PROBE_IN_INST/probe_in_reg_reg[9] has DONT_TOUCH and is preventing optimization
Resolution: Removing DONT_TOUCH attributes may enable additional optimization
INFO: [Physopt 32-702] Processed net SYS/RAM/dbg_data_out[8]. Optimizations did not improve timing on the net.
INFO: [Physopt 32-710] Processed net SYS/CPU/DP/EXMREG/dpif\\.halt_reg_2[0]. Critical path length was reduced through logic transformation on cell SYS/CPU/DP/EXMREG/mem_reg_4_i_3_comp.
INFO: [Physopt 32-735] Processed net SYS/RAM/en_reg[0]_0. Optimization improves timing on the net.
INFO: [Physopt 32-619] Estimated Timing Summary | WNS=-4.078 | TNS=-1554.776 |
INFO: [Physopt 32-780] Instance vio_inst/inst/PROBE_IN_INST/probe_in_reg_reg[17] has DONT_TOUCH and is preventing optimization
Resolution: Removing DONT_TOUCH attributes may enable additional optimization
INFO: [Physopt 32-780] Instance vio_inst/inst/PROBE_IN_INST/probe_in_reg_reg[17] has DONT_TOUCH and is preventing optimization
Resolution: Removing DONT_TOUCH attributes may enable additional optimization
INFO: [Physopt 32-702] Processed net SYS/RAM/dbg_data_out[16]. Optimizations did not improve timing on the net.
INFO: [Physopt 32-663] Processed net SYS/RAM/en_reg[0]_0_repN.  Re-placed instance SYS/RAM/syif\\.load[31]_INST_0_i_1_replica
INFO: [Physopt 32-735] Processed net SYS/RAM/en_reg[0]_0_repN. Optimization improves timing on the net.
INFO: [Physopt 32-619] Estimated Timing Summary | WNS=-4.076 | TNS=-1554.492 |
INFO: [Physopt 32-780] Instance vio_inst/inst/PROBE_IN_INST/probe_in_reg_reg[5] has DONT_TOUCH and is preventing optimization
Resolution: Removing DONT_TOUCH attributes may enable additional optimization
INFO: [Physopt 32-780] Instance vio_inst/inst/PROBE_IN_INST/probe_in_reg_reg[5] has DONT_TOUCH and is preventing optimization
Resolution: Removing DONT_TOUCH attributes may enable additional optimization
INFO: [Physopt 32-702] Processed net SYS/RAM/dbg_data_out[4]. Optimizations did not improve timing on the net.
INFO: [Physopt 32-710] Processed net SYS/CPU/DP/EXMREG/dpif\\.halt_reg_0[0]. Critical path length was reduced through logic transformation on cell SYS/CPU/DP/EXMREG/mem_reg_2_i_3_comp.
INFO: [Physopt 32-735] Processed net SYS/RAM/en_reg[0]_0. Optimization improves timing on the net.
INFO: [Physopt 32-619] Estimated Timing Summary | WNS=-4.061 | TNS=-1554.034 |
INFO: [Physopt 32-780] Instance vio_inst/inst/PROBE_IN_INST/probe_in_reg_reg[21] has DONT_TOUCH and is preventing optimization
Resolution: Removing DONT_TOUCH attributes may enable additional optimization
INFO: [Physopt 32-780] Instance vio_inst/inst/PROBE_IN_INST/probe_in_reg_reg[21] has DONT_TOUCH and is preventing optimization
Resolution: Removing DONT_TOUCH attributes may enable additional optimization
INFO: [Physopt 32-702] Processed net SYS/RAM/dbg_data_out[20]. Optimizations did not improve timing on the net.
INFO: [Physopt 32-710] Processed net SYS/CPU/DP/EXMREG/dpif\\.halt_reg_8[0]. Critical path length was reduced through logic transformation on cell SYS/CPU/DP/EXMREG/mem_reg_10_i_3_comp.
INFO: [Physopt 32-735] Processed net SYS/RAM/en_reg[0]_0. Optimization improves timing on the net.
INFO: [Physopt 32-619] Estimated Timing Summary | WNS=-4.059 | TNS=-1553.925 |
INFO: [Physopt 32-780] Instance vio_inst/inst/PROBE_IN_INST/probe_in_reg_reg[11] has DONT_TOUCH and is preventing optimization
Resolution: Removing DONT_TOUCH attributes may enable additional optimization
INFO: [Physopt 32-780] Instance vio_inst/inst/PROBE_IN_INST/probe_in_reg_reg[11] has DONT_TOUCH and is preventing optimization
Resolution: Removing DONT_TOUCH attributes may enable additional optimization
INFO: [Physopt 32-702] Processed net SYS/RAM/dbg_data_out[10]. Optimizations did not improve timing on the net.
INFO: [Physopt 32-710] Processed net SYS/CPU/DP/EXMREG/dpif\\.halt_reg_3[0]. Critical path length was reduced through logic transformation on cell SYS/CPU/DP/EXMREG/mem_reg_5_i_3_comp.
INFO: [Physopt 32-735] Processed net SYS/RAM/en_reg[0]_0. Optimization improves timing on the net.
INFO: [Physopt 32-619] Estimated Timing Summary | WNS=-4.012 | TNS=-1553.418 |
INFO: [Physopt 32-702] Processed net SYS/RAM/rstate3. Optimizations did not improve timing on the net.
INFO: [Physopt 32-702] Processed net SYS/RAM/rstate3_carry__0_n_0. Optimizations did not improve timing on the net.
INFO: [Physopt 32-702] Processed net SYS/RAM/rstate3_carry_n_0. Optimizations did not improve timing on the net.
INFO: [Physopt 32-702] Processed net SYS/RAM/rstate3_carry_i_4_n_0. Optimizations did not improve timing on the net.
INFO: [Physopt 32-81] Processed net SYS/CPU/DP/EXMREG/D[2]. Replicated 17 times.
INFO: [Physopt 32-735] Processed net SYS/CPU/DP/EXMREG/D[2]. Optimization improves timing on the net.
INFO: [Physopt 32-619] Estimated Timing Summary | WNS=-3.955 | TNS=-1546.636 |
INFO: [Physopt 32-702] Processed net SYS/CPU/DP/EXMREG/D[2]. Optimizations did not improve timing on the net.
INFO: [Physopt 32-663] Processed net SYS/CPU/DP/EXMREG/dpif\\.halt_reg_1[0].  Re-placed instance SYS/CPU/DP/EXMREG/mem_reg_3_i_3_comp
INFO: [Physopt 32-735] Processed net SYS/CPU/DP/EXMREG/dpif\\.halt_reg_1[0]. Optimization improves timing on the net.
INFO: [Physopt 32-619] Estimated Timing Summary | WNS=-3.910 | TNS=-1546.591 |
INFO: [Physopt 32-608] Optimized 1 net.  Swapped 6 pins.
INFO: [Physopt 32-735] Processed net SYS/CPU/DP/EXMREG/dpif\\.halt_reg_1[0]. Optimization improves timing on the net.
INFO: [Physopt 32-619] Estimated Timing Summary | WNS=-3.898 | TNS=-1546.476 |
INFO: [Physopt 32-780] Instance vio_inst/inst/PROBE_IN_INST/probe_in_reg_reg[3] has DONT_TOUCH and is preventing optimization
Resolution: Removing DONT_TOUCH attributes may enable additional optimization
INFO: [Physopt 32-780] Instance vio_inst/inst/PROBE_IN_INST/probe_in_reg_reg[3] has DONT_TOUCH and is preventing optimization
Resolution: Removing DONT_TOUCH attributes may enable additional optimization
INFO: [Physopt 32-702] Processed net SYS/RAM/dbg_data_out[2]. Optimizations did not improve timing on the net.
INFO: [Physopt 32-710] Processed net SYS/CPU/DP/EXMREG/dpif\\.halt_reg[0]. Critical path length was reduced through logic transformation on cell SYS/CPU/DP/EXMREG/mem_reg_1_i_3_comp.
INFO: [Physopt 32-735] Processed net SYS/RAM/en_reg[0]_0. Optimization improves timing on the net.
INFO: [Physopt 32-619] Estimated Timing Summary | WNS=-3.887 | TNS=-1546.105 |
INFO: [Physopt 32-710] Processed net SYS/CPU/DP/EXMREG/dpif\\.halt_reg_6[0]. Critical path length was reduced through logic transformation on cell SYS/CPU/DP/EXMREG/mem_reg_8_i_3_comp.
INFO: [Physopt 32-735] Processed net SYS/RAM/en_reg[0]_0_repN. Optimization improves timing on the net.
INFO: [Physopt 32-619] Estimated Timing Summary | WNS=-3.869 | TNS=-1545.840 |
INFO: [Physopt 32-780] Instance vio_inst/inst/PROBE_IN_INST/probe_in_reg_reg[27] has DONT_TOUCH and is preventing optimization
Resolution: Removing DONT_TOUCH attributes may enable additional optimization
INFO: [Physopt 32-780] Instance vio_inst/inst/PROBE_IN_INST/probe_in_reg_reg[27] has DONT_TOUCH and is preventing optimization
Resolution: Removing DONT_TOUCH attributes may enable additional optimization
INFO: [Physopt 32-702] Processed net SYS/RAM/dbg_data_out[26]. Optimizations did not improve timing on the net.
INFO: [Physopt 32-710] Processed net SYS/CPU/DP/EXMREG/dpif\\.halt_reg_11[0]. Critical path length was reduced through logic transformation on cell SYS/CPU/DP/EXMREG/mem_reg_13_i_3_comp.
INFO: [Physopt 32-735] Processed net SYS/RAM/en_reg[0]_0. Optimization improves timing on the net.
INFO: [Physopt 32-619] Estimated Timing Summary | WNS=-3.828 | TNS=-1545.310 |
INFO: [Physopt 32-780] Instance vio_inst/inst/PROBE_IN_INST/probe_in_reg_reg[29] has DONT_TOUCH and is preventing optimization
Resolution: Removing DONT_TOUCH attributes may enable additional optimization
INFO: [Physopt 32-780] Instance vio_inst/inst/PROBE_IN_INST/probe_in_reg_reg[29] has DONT_TOUCH and is preventing optimization
Resolution: Removing DONT_TOUCH attributes may enable additional optimization
INFO: [Physopt 32-702] Processed net SYS/RAM/dbg_data_out[28]. Optimizations did not improve timing on the net.
INFO: [Physopt 32-710] Processed net SYS/CPU/DP/EXMREG/dpif\\.halt_reg_12[0]. Critical path length was reduced through logic transformation on cell SYS/CPU/DP/EXMREG/mem_reg_14_i_3_comp.
INFO: [Physopt 32-735] Processed net SYS/RAM/en_reg[0]_0. Optimization improves timing on the net.
INFO: [Physopt 32-619] Estimated Timing Summary | WNS=-3.828 | TNS=-1544.949 |
INFO: [Physopt 32-780] Instance vio_inst/inst/PROBE_IN_INST/probe_in_reg_reg[25] has DONT_TOUCH and is preventing optimization
Resolution: Removing DONT_TOUCH attributes may enable additional optimization
INFO: [Physopt 32-780] Instance vio_inst/inst/PROBE_IN_INST/probe_in_reg_reg[25] has DONT_TOUCH and is preventing optimization
Resolution: Removing DONT_TOUCH attributes may enable additional optimization
INFO: [Physopt 32-702] Processed net SYS/RAM/dbg_data_out[24]. Optimizations did not improve timing on the net.
INFO: [Physopt 32-710] Processed net SYS/CPU/DP/EXMREG/dpif\\.halt_reg_10[0]. Critical path length was reduced through logic transformation on cell SYS/CPU/DP/EXMREG/mem_reg_12_i_3_comp.
INFO: [Physopt 32-735] Processed net SYS/RAM/en_reg[0]_0_repN. Optimization improves timing on the net.
INFO: [Physopt 32-619] Estimated Timing Summary | WNS=-3.805 | TNS=-1544.784 |
INFO: [Physopt 32-663] Processed net SYS/CPU/DP/EXMREG/dpif\\.halt_reg_7[0].  Re-placed instance SYS/CPU/DP/EXMREG/mem_reg_9_i_3_comp
INFO: [Physopt 32-735] Processed net SYS/CPU/DP/EXMREG/dpif\\.halt_reg_7[0]. Optimization improves timing on the net.
INFO: [Physopt 32-619] Estimated Timing Summary | WNS=-3.801 | TNS=-1544.593 |
INFO: [Physopt 32-702] Processed net SYS/CPU/DP/EXMREG/dpif\\.halt_reg_1[0]. Optimizations did not improve timing on the net.
INFO: [Physopt 32-81] Processed net SYS/CPU/DP/dpif\\.halt_reg_0. Replicated 8 times.
INFO: [Physopt 32-735] Processed net SYS/CPU/DP/dpif\\.halt_reg_0. Optimization improves timing on the net.
INFO: [Physopt 32-619] Estimated Timing Summary | WNS=-3.793 | TNS=-1533.690 |
INFO: [Physopt 32-81] Processed net SYS/CPU/DP/dpif\\.halt_reg_0. Replicated 2 times.
INFO: [Physopt 32-735] Processed net SYS/CPU/DP/dpif\\.halt_reg_0. Optimization improves timing on the net.
INFO: [Physopt 32-619] Estimated Timing Summary | WNS=-3.792 | TNS=-1533.395 |
INFO: [Physopt 32-81] Processed net SYS/CPU/DP/dpif\\.halt_reg_0. Replicated 1 times.
INFO: [Physopt 32-735] Processed net SYS/CPU/DP/dpif\\.halt_reg_0. Optimization improves timing on the net.
INFO: [Physopt 32-619] Estimated Timing Summary | WNS=-3.792 | TNS=-1533.395 |
INFO: [Physopt 32-81] Processed net SYS/CPU/DP/dpif\\.halt_reg_0. Replicated 1 times.
INFO: [Physopt 32-735] Processed net SYS/CPU/DP/dpif\\.halt_reg_0. Optimization improves timing on the net.
INFO: [Physopt 32-619] Estimated Timing Summary | WNS=-3.792 | TNS=-1533.395 |
INFO: [Physopt 32-702] Processed net SYS/CPU/DP/dpif\\.halt_reg_0. Optimizations did not improve timing on the net.
INFO: [Physopt 32-663] Processed net SYS/CPU/DP/FDFREG/fdf\\.inst_out_reg[15]_rep_0.  Re-placed instance SYS/CPU/DP/FDFREG/fdf\\.inst_out_reg[15]_rep
INFO: [Physopt 32-735] Processed net SYS/CPU/DP/FDFREG/fdf\\.inst_out_reg[15]_rep_0. Optimization improves timing on the net.
INFO: [Physopt 32-619] Estimated Timing Summary | WNS=-3.792 | TNS=-1533.131 |
INFO: [Physopt 32-663] Processed net SYS/CPU/DP/FDFREG/fdf\\.inst_out[6].  Re-placed instance SYS/CPU/DP/FDFREG/fdf\\.inst_out_reg[21]
INFO: [Physopt 32-735] Processed net SYS/CPU/DP/FDFREG/fdf\\.inst_out[6]. Optimization improves timing on the net.
INFO: [Physopt 32-619] Estimated Timing Summary | WNS=-3.792 | TNS=-1533.111 |
INFO: [Physopt 32-663] Processed net SYS/CPU/DP/FDFREG/fdf\\.inst_out[2].  Re-placed instance SYS/CPU/DP/FDFREG/fdf\\.inst_out_reg[17]
INFO: [Physopt 32-735] Processed net SYS/CPU/DP/FDFREG/fdf\\.inst_out[2]. Optimization improves timing on the net.
INFO: [Physopt 32-619] Estimated Timing Summary | WNS=-3.792 | TNS=-1532.665 |
INFO: [Physopt 32-663] Processed net SYS/CPU/DP/FDFREG/fdf\\.inst_out_reg[21]_rep_0.  Re-placed instance SYS/CPU/DP/FDFREG/fdf\\.inst_out_reg[21]_rep
INFO: [Physopt 32-735] Processed net SYS/CPU/DP/FDFREG/fdf\\.inst_out_reg[21]_rep_0. Optimization improves timing on the net.
INFO: [Physopt 32-619] Estimated Timing Summary | WNS=-3.792 | TNS=-1532.431 |
INFO: [Physopt 32-663] Processed net SYS/CPU/DP/FDFREG/dx\\.pc_in[0].  Re-placed instance SYS/CPU/DP/FDFREG/fdf\\.pc_out_reg[0]
INFO: [Physopt 32-735] Processed net SYS/CPU/DP/FDFREG/dx\\.pc_in[0]. Optimization improves timing on the net.
INFO: [Physopt 32-619] Estimated Timing Summary | WNS=-3.792 | TNS=-1532.704 |
INFO: [Physopt 32-663] Processed net SYS/CPU/DP/FDFREG/dx\\.pc_in[12].  Re-placed instance SYS/CPU/DP/FDFREG/fdf\\.pc_out_reg[12]
INFO: [Physopt 32-735] Processed net SYS/CPU/DP/FDFREG/dx\\.pc_in[12]. Optimization improves timing on the net.
INFO: [Physopt 32-619] Estimated Timing Summary | WNS=-3.792 | TNS=-1532.983 |
INFO: [Physopt 32-663] Processed net SYS/CPU/DP/FDFREG/dx\\.pc_in[24].  Re-placed instance SYS/CPU/DP/FDFREG/fdf\\.pc_out_reg[24]
INFO: [Physopt 32-735] Processed net SYS/CPU/DP/FDFREG/dx\\.pc_in[24]. Optimization improves timing on the net.
INFO: [Physopt 32-619] Estimated Timing Summary | WNS=-3.792 | TNS=-1533.201 |
INFO: [Physopt 32-663] Processed net SYS/CPU/DP/FDFREG/dx\\.pc_in[5].  Re-placed instance SYS/CPU/DP/FDFREG/fdf\\.pc_out_reg[5]
INFO: [Physopt 32-735] Processed net SYS/CPU/DP/FDFREG/dx\\.pc_in[5]. Optimization improves timing on the net.
INFO: [Physopt 32-619] Estimated Timing Summary | WNS=-3.792 | TNS=-1533.484 |
INFO: [Physopt 32-663] Processed net SYS/CPU/DP/FDFREG/cuif\\.inst[14].  Re-placed instance SYS/CPU/DP/FDFREG/fdf\\.inst_out_reg[14]
INFO: [Physopt 32-735] Processed net SYS/CPU/DP/FDFREG/cuif\\.inst[14]. Optimization improves timing on the net.
INFO: [Physopt 32-619] Estimated Timing Summary | WNS=-3.792 | TNS=-1533.719 |
INFO: [Physopt 32-663] Processed net SYS/CPU/DP/FDFREG/cuif\\.inst[5].  Re-placed instance SYS/CPU/DP/FDFREG/fdf\\.inst_out_reg[5]
INFO: [Physopt 32-735] Processed net SYS/CPU/DP/FDFREG/cuif\\.inst[5]. Optimization improves timing on the net.
INFO: [Physopt 32-619] Estimated Timing Summary | WNS=-3.792 | TNS=-1533.950 |
INFO: [Physopt 32-663] Processed net SYS/CPU/DP/FDFREG/fdf\\.inst_out[7].  Re-placed instance SYS/CPU/DP/FDFREG/fdf\\.inst_out_reg[22]
INFO: [Physopt 32-735] Processed net SYS/CPU/DP/FDFREG/fdf\\.inst_out[7]. Optimization improves timing on the net.
INFO: [Physopt 32-619] Estimated Timing Summary | WNS=-3.792 | TNS=-1534.156 |
INFO: [Physopt 32-663] Processed net SYS/CPU/DP/FDFREG/fdf\\.inst_out_reg[20]_rep_0.  Re-placed instance SYS/CPU/DP/FDFREG/fdf\\.inst_out_reg[20]_rep
INFO: [Physopt 32-735] Processed net SYS/CPU/DP/FDFREG/fdf\\.inst_out_reg[20]_rep_0. Optimization improves timing on the net.
INFO: [Physopt 32-619] Estimated Timing Summary | WNS=-3.792 | TNS=-1533.921 |
INFO: [Physopt 32-663] Processed net SYS/CPU/DP/FDFREG/fdf\\.inst_out_reg[16]_rep_0.  Re-placed instance SYS/CPU/DP/FDFREG/fdf\\.inst_out_reg[16]_rep
INFO: [Physopt 32-735] Processed net SYS/CPU/DP/FDFREG/fdf\\.inst_out_reg[16]_rep_0. Optimization improves timing on the net.
INFO: [Physopt 32-619] Estimated Timing Summary | WNS=-3.792 | TNS=-1533.773 |
INFO: [Physopt 32-663] Processed net SYS/CPU/DP/FDFREG/cuif\\.inst[12].  Re-placed instance SYS/CPU/DP/FDFREG/fdf\\.inst_out_reg[12]
INFO: [Physopt 32-735] Processed net SYS/CPU/DP/FDFREG/cuif\\.inst[12]. Optimization improves timing on the net.
INFO: [Physopt 32-619] Estimated Timing Summary | WNS=-3.792 | TNS=-1534.134 |
INFO: [Physopt 32-663] Processed net SYS/CPU/DP/FDFREG/cuif\\.inst[10].  Re-placed instance SYS/CPU/DP/FDFREG/fdf\\.inst_out_reg[10]
INFO: [Physopt 32-735] Processed net SYS/CPU/DP/FDFREG/cuif\\.inst[10]. Optimization improves timing on the net.
INFO: [Physopt 32-619] Estimated Timing Summary | WNS=-3.792 | TNS=-1534.420 |
INFO: [Physopt 32-663] Processed net SYS/CPU/DP/FDFREG/dx\\.pc_in[14].  Re-placed instance SYS/CPU/DP/FDFREG/fdf\\.pc_out_reg[14]
INFO: [Physopt 32-735] Processed net SYS/CPU/DP/FDFREG/dx\\.pc_in[14]. Optimization improves timing on the net.
INFO: [Physopt 32-619] Estimated Timing Summary | WNS=-3.792 | TNS=-1534.586 |
INFO: [Physopt 32-663] Processed net SYS/CPU/DP/FDFREG/dx\\.pc_in[2].  Re-placed instance SYS/CPU/DP/FDFREG/fdf\\.pc_out_reg[2]
INFO: [Physopt 32-735] Processed net SYS/CPU/DP/FDFREG/dx\\.pc_in[2]. Optimization improves timing on the net.
INFO: [Physopt 32-619] Estimated Timing Summary | WNS=-3.792 | TNS=-1534.939 |
INFO: [Physopt 32-663] Processed net SYS/CPU/DP/FDFREG/dx\\.pc_in[7].  Re-placed instance SYS/CPU/DP/FDFREG/fdf\\.pc_out_reg[7]
INFO: [Physopt 32-735] Processed net SYS/CPU/DP/FDFREG/dx\\.pc_in[7]. Optimization improves timing on the net.
INFO: [Physopt 32-619] Estimated Timing Summary | WNS=-3.792 | TNS=-1535.089 |
INFO: [Physopt 32-663] Processed net SYS/CPU/DP/FDFREG/dx\\.pc_in[15].  Re-placed instance SYS/CPU/DP/FDFREG/fdf\\.pc_out_reg[15]
INFO: [Physopt 32-735] Processed net SYS/CPU/DP/FDFREG/dx\\.pc_in[15]. Optimization improves timing on the net.
INFO: [Physopt 32-619] Estimated Timing Summary | WNS=-3.792 | TNS=-1535.351 |
INFO: [Physopt 32-663] Processed net SYS/CPU/DP/FDFREG/fdf\\.inst_out[9].  Re-placed instance SYS/CPU/DP/FDFREG/fdf\\.inst_out_reg[24]
INFO: [Physopt 32-735] Processed net SYS/CPU/DP/FDFREG/fdf\\.inst_out[9]. Optimization improves timing on the net.
INFO: [Physopt 32-619] Estimated Timing Summary | WNS=-3.792 | TNS=-1535.533 |
INFO: [Physopt 32-663] Processed net SYS/CPU/DP/FDFREG/cuif\\.inst[28].  Re-placed instance SYS/CPU/DP/FDFREG/fdf\\.inst_out_reg[28]
INFO: [Physopt 32-735] Processed net SYS/CPU/DP/FDFREG/cuif\\.inst[28]. Optimization improves timing on the net.
INFO: [Physopt 32-619] Estimated Timing Summary | WNS=-3.792 | TNS=-1535.750 |
INFO: [Physopt 32-663] Processed net SYS/CPU/DP/FDFREG/dx\\.pc_in[11].  Re-placed instance SYS/CPU/DP/FDFREG/fdf\\.pc_out_reg[11]
INFO: [Physopt 32-735] Processed net SYS/CPU/DP/FDFREG/dx\\.pc_in[11]. Optimization improves timing on the net.
INFO: [Physopt 32-619] Estimated Timing Summary | WNS=-3.792 | TNS=-1536.019 |
INFO: [Physopt 32-663] Processed net SYS/CPU/DP/FDFREG/dx\\.pc_in[13].  Re-placed instance SYS/CPU/DP/FDFREG/fdf\\.pc_out_reg[13]
INFO: [Physopt 32-735] Processed net SYS/CPU/DP/FDFREG/dx\\.pc_in[13]. Optimization improves timing on the net.
INFO: [Physopt 32-619] Estimated Timing Summary | WNS=-3.792 | TNS=-1536.295 |
INFO: [Physopt 32-663] Processed net SYS/CPU/DP/FDFREG/dx\\.pc_in[21].  Re-placed instance SYS/CPU/DP/FDFREG/fdf\\.pc_out_reg[21]
INFO: [Physopt 32-735] Processed net SYS/CPU/DP/FDFREG/dx\\.pc_in[21]. Optimization improves timing on the net.
INFO: [Physopt 32-619] Estimated Timing Summary | WNS=-3.792 | TNS=-1536.547 |
INFO: [Physopt 32-663] Processed net SYS/CPU/DP/FDFREG/dx\\.pc_in[8].  Re-placed instance SYS/CPU/DP/FDFREG/fdf\\.pc_out_reg[8]
INFO: [Physopt 32-735] Processed net SYS/CPU/DP/FDFREG/dx\\.pc_in[8]. Optimization improves timing on the net.
INFO: [Physopt 32-619] Estimated Timing Summary | WNS=-3.792 | TNS=-1536.818 |
INFO: [Physopt 32-663] Processed net SYS/CPU/DP/FDFREG/cuif\\.inst[13].  Re-placed instance SYS/CPU/DP/FDFREG/fdf\\.inst_out_reg[13]
INFO: [Physopt 32-735] Processed net SYS/CPU/DP/FDFREG/cuif\\.inst[13]. Optimization improves timing on the net.
INFO: [Physopt 32-619] Estimated Timing Summary | WNS=-3.792 | TNS=-1537.078 |
INFO: [Physopt 32-663] Processed net SYS/CPU/DP/FDFREG/cuif\\.inst[7].  Re-placed instance SYS/CPU/DP/FDFREG/fdf\\.inst_out_reg[7]
INFO: [Physopt 32-735] Processed net SYS/CPU/DP/FDFREG/cuif\\.inst[7]. Optimization improves timing on the net.
INFO: [Physopt 32-619] Estimated Timing Summary | WNS=-3.792 | TNS=-1537.361 |
INFO: [Physopt 32-663] Processed net SYS/CPU/DP/FDFREG/cuif\\.inst[6].  Re-placed instance SYS/CPU/DP/FDFREG/fdf\\.inst_out_reg[6]
INFO: [Physopt 32-735] Processed net SYS/CPU/DP/FDFREG/cuif\\.inst[6]. Optimization improves timing on the net.
INFO: [Physopt 32-619] Estimated Timing Summary | WNS=-3.792 | TNS=-1537.692 |
INFO: [Physopt 32-702] Processed net SYS/CPU/DP/FDFREG/dx\\.pc_in[0]. Optimizations did not improve timing on the net.
INFO: [Physopt 32-710] Processed net SYS/CPU/DP/EXMREG/exm\\.dmemREN_reg_3. Critical path length was reduced through logic transformation on cell SYS/CPU/DP/EXMREG/fdf\\.pc_out[31]_i_1_comp.
INFO: [Physopt 32-735] Processed net SYS/CPU/DP/DXREG/fdf\\.flush. Optimization improves timing on the net.
INFO: [Physopt 32-619] Estimated Timing Summary | WNS=-3.792 | TNS=-1502.295 |
INFO: [Physopt 32-663] Processed net SYS/CPU/DP/FDFREG/dx\\.pc_in[5].  Re-placed instance SYS/CPU/DP/FDFREG/fdf\\.pc_out_reg[5]
INFO: [Physopt 32-735] Processed net SYS/CPU/DP/FDFREG/dx\\.pc_in[5]. Optimization improves timing on the net.
INFO: [Physopt 32-619] Estimated Timing Summary | WNS=-3.792 | TNS=-1502.342 |
INFO: [Physopt 32-663] Processed net SYS/CPU/DP/FDFREG/fdf\\.inst_out[1].  Re-placed instance SYS/CPU/DP/FDFREG/fdf\\.inst_out_reg[16]
INFO: [Physopt 32-735] Processed net SYS/CPU/DP/FDFREG/fdf\\.inst_out[1]. Optimization improves timing on the net.
INFO: [Physopt 32-619] Estimated Timing Summary | WNS=-3.792 | TNS=-1501.874 |
INFO: [Physopt 32-663] Processed net SYS/CPU/DP/FDFREG/cuif\\.inst[5].  Re-placed instance SYS/CPU/DP/FDFREG/fdf\\.inst_out_reg[5]
INFO: [Physopt 32-735] Processed net SYS/CPU/DP/FDFREG/cuif\\.inst[5]. Optimization improves timing on the net.
INFO: [Physopt 32-619] Estimated Timing Summary | WNS=-3.792 | TNS=-1501.643 |
INFO: [Physopt 32-663] Processed net SYS/CPU/DP/FDFREG/fdf\\.inst_out_reg[21]_rep_0.  Re-placed instance SYS/CPU/DP/FDFREG/fdf\\.inst_out_reg[21]_rep
INFO: [Physopt 32-735] Processed net SYS/CPU/DP/FDFREG/fdf\\.inst_out_reg[21]_rep_0. Optimization improves timing on the net.
INFO: [Physopt 32-619] Estimated Timing Summary | WNS=-3.792 | TNS=-1501.803 |
INFO: [Physopt 32-663] Processed net SYS/CPU/DP/FDFREG/dx\\.pc_in[24].  Re-placed instance SYS/CPU/DP/FDFREG/fdf\\.pc_out_reg[24]
INFO: [Physopt 32-735] Processed net SYS/CPU/DP/FDFREG/dx\\.pc_in[24]. Optimization improves timing on the net.
INFO: [Physopt 32-619] Estimated Timing Summary | WNS=-3.792 | TNS=-1501.584 |
INFO: [Physopt 32-663] Processed net SYS/CPU/DP/FDFREG/cuif\\.inst[6].  Re-placed instance SYS/CPU/DP/FDFREG/fdf\\.inst_out_reg[6]
INFO: [Physopt 32-735] Processed net SYS/CPU/DP/FDFREG/cuif\\.inst[6]. Optimization improves timing on the net.
INFO: [Physopt 32-619] Estimated Timing Summary | WNS=-3.792 | TNS=-1501.252 |
INFO: [Physopt 32-663] Processed net SYS/CPU/DP/FDFREG/fdf\\.inst_out_reg[16]_rep_0.  Re-placed instance SYS/CPU/DP/FDFREG/fdf\\.inst_out_reg[16]_rep
INFO: [Physopt 32-735] Processed net SYS/CPU/DP/FDFREG/fdf\\.inst_out_reg[16]_rep_0. Optimization improves timing on the net.
INFO: [Physopt 32-619] Estimated Timing Summary | WNS=-3.792 | TNS=-1501.078 |
INFO: [Physopt 32-663] Processed net SYS/CPU/DP/FDFREG/cuif\\.inst[14].  Re-placed instance SYS/CPU/DP/FDFREG/fdf\\.inst_out_reg[14]
INFO: [Physopt 32-735] Processed net SYS/CPU/DP/FDFREG/cuif\\.inst[14]. Optimization improves timing on the net.
INFO: [Physopt 32-619] Estimated Timing Summary | WNS=-3.792 | TNS=-1500.843 |
INFO: [Physopt 32-702] Processed net SYS/CPU/DP/DXREG/fuif\\.dxo_rs1[4]. Optimizations did not improve timing on the net.
INFO: [Physopt 32-710] Processed net SYS/CPU/DP/FDFREG/fdf\\.inst_out_reg[19]_0[4]. Critical path length was reduced through logic transformation on cell SYS/CPU/DP/FDFREG/dx\\.rs1_out[4]_i_2_comp.
INFO: [Physopt 32-735] Processed net SYS/CPU/DP/DXREG/dx\\.pc_out1. Optimization improves timing on the net.
INFO: [Physopt 32-619] Estimated Timing Summary | WNS=-3.792 | TNS=-1500.301 |
INFO: [Physopt 32-663] Processed net SYS/CPU/DP/FDFREG/cuif\\.inst[10].  Re-placed instance SYS/CPU/DP/FDFREG/fdf\\.inst_out_reg[10]
INFO: [Physopt 32-735] Processed net SYS/CPU/DP/FDFREG/cuif\\.inst[10]. Optimization improves timing on the net.
INFO: [Physopt 32-619] Estimated Timing Summary | WNS=-3.792 | TNS=-1500.014 |
INFO: [Physopt 32-663] Processed net SYS/CPU/DP/FDFREG/fdf\\.inst_out[7].  Re-placed instance SYS/CPU/DP/FDFREG/fdf\\.inst_out_reg[22]
INFO: [Physopt 32-735] Processed net SYS/CPU/DP/FDFREG/fdf\\.inst_out[7]. Optimization improves timing on the net.
INFO: [Physopt 32-619] Estimated Timing Summary | WNS=-3.792 | TNS=-1499.808 |
INFO: [Physopt 32-702] Processed net SYS/CPU/DP/DXREG/dx\\.dREN_out. Optimizations did not improve timing on the net.
INFO: [Physopt 32-710] Processed net SYS/CPU/DP/FDFREG/fdf\\.inst_out_reg[4]_0. Critical path length was reduced through logic transformation on cell SYS/CPU/DP/FDFREG/dx\\.dREN_out_i_1_comp.
INFO: [Physopt 32-735] Processed net SYS/CPU/DP/DXREG/dx\\.pc_out1. Optimization improves timing on the net.
INFO: [Physopt 32-619] Estimated Timing Summary | WNS=-3.792 | TNS=-1499.588 |
INFO: [Physopt 32-702] Processed net SYS/CPU/DP/DXREG/dx\\.rs1_out[1]. Optimizations did not improve timing on the net.
INFO: [Physopt 32-710] Processed net SYS/CPU/DP/FDFREG/fdf\\.inst_out_reg[19]_0[1]. Critical path length was reduced through logic transformation on cell SYS/CPU/DP/FDFREG/dx\\.rs1_out[1]_i_1_comp.
INFO: [Physopt 32-735] Processed net SYS/CPU/DP/DXREG/dx\\.pc_out1. Optimization improves timing on the net.
INFO: [Physopt 32-619] Estimated Timing Summary | WNS=-3.792 | TNS=-1499.244 |
INFO: [Physopt 32-702] Processed net SYS/CPU/DP/DXREG/dx\\.imm_out[11]. Optimizations did not improve timing on the net.
INFO: [Physopt 32-710] Processed net SYS/CPU/DP/FDFREG/fdf\\.inst_out_reg[31]_0[11]. Critical path length was reduced through logic transformation on cell SYS/CPU/DP/FDFREG/dx\\.imm_out[11]_i_1_comp.
INFO: [Physopt 32-735] Processed net SYS/CPU/DP/DXREG/dx\\.pc_out1. Optimization improves timing on the net.
INFO: [Physopt 32-619] Estimated Timing Summary | WNS=-3.792 | TNS=-1498.711 |
INFO: [Physopt 32-702] Processed net SYS/CPU/DP/DXREG/dx\\.halt_out. Optimizations did not improve timing on the net.
INFO: [Physopt 32-710] Processed net SYS/CPU/DP/FDFREG/fdf\\.inst_out_reg[4]_2. Critical path length was reduced through logic transformation on cell SYS/CPU/DP/FDFREG/dx\\.halt_out_i_1_comp.
INFO: [Physopt 32-735] Processed net SYS/CPU/DP/DXREG/dx\\.pc_out1. Optimization improves timing on the net.
INFO: [Physopt 32-619] Estimated Timing Summary | WNS=-3.792 | TNS=-1498.150 |
INFO: [Physopt 32-702] Processed net SYS/CPU/DP/DXREG/dx\\.pc_out[4]. Optimizations did not improve timing on the net.
INFO: [Physopt 32-710] Processed net SYS/CPU/DP/FDFREG/fdf\\.pc_out_reg[31]_0[4]. Critical path length was reduced through logic transformation on cell SYS/CPU/DP/FDFREG/dx\\.pc_out[4]_i_1_comp.
INFO: [Physopt 32-735] Processed net SYS/CPU/DP/DXREG/dx\\.pc_out1. Optimization improves timing on the net.
INFO: [Physopt 32-619] Estimated Timing Summary | WNS=-3.792 | TNS=-1497.093 |
INFO: [Physopt 32-702] Processed net SYS/CPU/DP/DXREG/dx\\.pc_out[0]. Optimizations did not improve timing on the net.
INFO: [Physopt 32-710] Processed net SYS/CPU/DP/FDFREG/fdf\\.pc_out_reg[31]_0[0]. Critical path length was reduced through logic transformation on cell SYS/CPU/DP/FDFREG/dx\\.pc_out[0]_i_1_comp.
INFO: [Physopt 32-735] Processed net SYS/CPU/DP/DXREG/dx\\.pc_out1. Optimization improves timing on the net.
INFO: [Physopt 32-619] Estimated Timing Summary | WNS=-3.792 | TNS=-1496.766 |
INFO: [Physopt 32-702] Processed net SYS/CPU/DP/DXREG/dx\\.pc_out[24]. Optimizations did not improve timing on the net.
INFO: [Physopt 32-710] Processed net SYS/CPU/DP/FDFREG/fdf\\.pc_out_reg[31]_0[24]. Critical path length was reduced through logic transformation on cell SYS/CPU/DP/FDFREG/dx\\.pc_out[24]_i_1_comp.
INFO: [Physopt 32-735] Processed net SYS/CPU/DP/DXREG/dx\\.pc_out1. Optimization improves timing on the net.
INFO: [Physopt 32-619] Estimated Timing Summary | WNS=-3.792 | TNS=-1496.568 |
INFO: [Physopt 32-663] Processed net SYS/CPU/DP/FDFREG/cuif\\.inst[13].  Re-placed instance SYS/CPU/DP/FDFREG/fdf\\.inst_out_reg[13]
INFO: [Physopt 32-735] Processed net SYS/CPU/DP/FDFREG/cuif\\.inst[13]. Optimization improves timing on the net.
INFO: [Physopt 32-619] Estimated Timing Summary | WNS=-3.792 | TNS=-1496.308 |
INFO: [Physopt 32-663] Processed net SYS/CPU/DP/FDFREG/fdf\\.inst_out[6].  Re-placed instance SYS/CPU/DP/FDFREG/fdf\\.inst_out_reg[21]
INFO: [Physopt 32-735] Processed net SYS/CPU/DP/FDFREG/fdf\\.inst_out[6]. Optimization improves timing on the net.
INFO: [Physopt 32-619] Estimated Timing Summary | WNS=-3.792 | TNS=-1496.042 |
INFO: [Physopt 32-663] Processed net SYS/CPU/DP/FDFREG/fdf\\.inst_out_reg[15]_rep_0.  Re-placed instance SYS/CPU/DP/FDFREG/fdf\\.inst_out_reg[15]_rep
INFO: [Physopt 32-735] Processed net SYS/CPU/DP/FDFREG/fdf\\.inst_out_reg[15]_rep_0. Optimization improves timing on the net.
INFO: [Physopt 32-619] Estimated Timing Summary | WNS=-3.792 | TNS=-1495.941 |
INFO: [Physopt 32-663] Processed net SYS/CPU/DP/FDFREG/dx\\.pc_in[12].  Re-placed instance SYS/CPU/DP/FDFREG/fdf\\.pc_out_reg[12]
INFO: [Physopt 32-735] Processed net SYS/CPU/DP/FDFREG/dx\\.pc_in[12]. Optimization improves timing on the net.
INFO: [Physopt 32-619] Estimated Timing Summary | WNS=-3.792 | TNS=-1495.662 |
INFO: [Physopt 32-710] Processed net SYS/CPU/DP/EXMREG/exm\\.dmemREN_reg_5[0]. Critical path length was reduced through logic transformation on cell SYS/CPU/DP/EXMREG/fdf\\.pc_out[0]_i_1_comp.
INFO: [Physopt 32-735] Processed net SYS/CPU/DP/DXREG/fdf\\.flush. Optimization improves timing on the net.
INFO: [Physopt 32-619] Estimated Timing Summary | WNS=-3.792 | TNS=-1495.224 |
INFO: [Physopt 32-663] Processed net SYS/CPU/DP/FDFREG/dx\\.pc_in[2].  Re-placed instance SYS/CPU/DP/FDFREG/fdf\\.pc_out_reg[2]
INFO: [Physopt 32-735] Processed net SYS/CPU/DP/FDFREG/dx\\.pc_in[2]. Optimization improves timing on the net.
INFO: [Physopt 32-619] Estimated Timing Summary | WNS=-3.792 | TNS=-1494.870 |
INFO: [Physopt 32-702] Processed net SYS/CPU/DP/DXREG/dx\\.jumpPCsrc_out[0]. Optimizations did not improve timing on the net.
INFO: [Physopt 32-710] Processed net SYS/CPU/DP/FDFREG/fdf\\.inst_out_reg[6]_1[0]. Critical path length was reduced through logic transformation on cell SYS/CPU/DP/FDFREG/dx\\.jumpPCsrc_out[0]_i_1_comp.
INFO: [Physopt 32-735] Processed net SYS/CPU/DP/DXREG/dx\\.pc_out1. Optimization improves timing on the net.
INFO: [Physopt 32-619] Estimated Timing Summary | WNS=-3.792 | TNS=-1494.820 |
INFO: [Physopt 32-702] Processed net SYS/CPU/DP/DXREG/fuif\\.dxo_rs1[2]. Optimizations did not improve timing on the net.
INFO: [Physopt 32-710] Processed net SYS/CPU/DP/FDFREG/fdf\\.inst_out_reg[19]_0[2]. Critical path length was reduced through logic transformation on cell SYS/CPU/DP/FDFREG/dx\\.rs1_out[2]_i_1_comp.
INFO: [Physopt 32-735] Processed net SYS/CPU/DP/DXREG/dx\\.pc_out1. Optimization improves timing on the net.
INFO: [Physopt 32-619] Estimated Timing Summary | WNS=-3.792 | TNS=-1494.008 |
INFO: [Physopt 32-663] Processed net SYS/CPU/DP/FDFREG/cuif\\.inst[12].  Re-placed instance SYS/CPU/DP/FDFREG/fdf\\.inst_out_reg[12]
INFO: [Physopt 32-735] Processed net SYS/CPU/DP/FDFREG/cuif\\.inst[12]. Optimization improves timing on the net.
INFO: [Physopt 32-619] Estimated Timing Summary | WNS=-3.792 | TNS=-1493.648 |
INFO: [Physopt 32-663] Processed net SYS/CPU/DP/FDFREG/fdf\\.inst_out_reg[21]_rep_0.  Re-placed instance SYS/CPU/DP/FDFREG/fdf\\.inst_out_reg[21]_rep
INFO: [Physopt 32-735] Processed net SYS/CPU/DP/FDFREG/fdf\\.inst_out_reg[21]_rep_0. Optimization improves timing on the net.
INFO: [Physopt 32-619] Estimated Timing Summary | WNS=-3.792 | TNS=-1493.326 |
INFO: [Physopt 32-702] Processed net SYS/CPU/DP/FDFREG/dx\\.pc_in[7]. Optimizations did not improve timing on the net.
INFO: [Physopt 32-710] Processed net SYS/CPU/DP/EXMREG/exm\\.dmemREN_reg_5[7]. Critical path length was reduced through logic transformation on cell SYS/CPU/DP/EXMREG/fdf\\.pc_out[7]_i_1_comp.
INFO: [Physopt 32-735] Processed net SYS/CPU/DP/DXREG/fdf\\.flush. Optimization improves timing on the net.
INFO: [Physopt 32-619] Estimated Timing Summary | WNS=-3.792 | TNS=-1493.104 |
INFO: [Physopt 32-702] Processed net SYS/CPU/DP/FDFREG/fdf\\.inst_out_reg[20]_rep_0. Optimizations did not improve timing on the net.
INFO: [Physopt 32-710] Processed net SYS/CPU/DP/EXMREG/exm\\.dmemREN_reg_9. Critical path length was reduced through logic transformation on cell SYS/CPU/DP/EXMREG/fdf\\.inst_out[20]_rep_i_1_comp.
INFO: [Physopt 32-735] Processed net SYS/CPU/DP/DXREG/fdf\\.flush. Optimization improves timing on the net.
INFO: [Physopt 32-619] Estimated Timing Summary | WNS=-3.792 | TNS=-1492.667 |
INFO: [Physopt 32-663] Processed net SYS/CPU/DP/FDFREG/fdf\\.inst_out[2].  Re-placed instance SYS/CPU/DP/FDFREG/fdf\\.inst_out_reg[17]
INFO: [Physopt 32-735] Processed net SYS/CPU/DP/FDFREG/fdf\\.inst_out[2]. Optimization improves timing on the net.
INFO: [Physopt 32-619] Estimated Timing Summary | WNS=-3.792 | TNS=-1492.294 |
INFO: [Physopt 32-702] Processed net SYS/CPU/DP/FDFREG/dx\\.pc_in[5]. Optimizations did not improve timing on the net.
INFO: [Physopt 32-710] Processed net SYS/CPU/DP/EXMREG/exm\\.dmemREN_reg_5[5]. Critical path length was reduced through logic transformation on cell SYS/CPU/DP/EXMREG/fdf\\.pc_out[5]_i_1_comp.
INFO: [Physopt 32-735] Processed net SYS/CPU/DP/DXREG/fdf\\.flush. Optimization improves timing on the net.
INFO: [Physopt 32-619] Estimated Timing Summary | WNS=-3.792 | TNS=-1492.119 |
INFO: [Physopt 32-663] Processed net SYS/CPU/DP/FDFREG/dx\\.pc_in[14].  Re-placed instance SYS/CPU/DP/FDFREG/fdf\\.pc_out_reg[14]
INFO: [Physopt 32-735] Processed net SYS/CPU/DP/FDFREG/dx\\.pc_in[14]. Optimization improves timing on the net.
INFO: [Physopt 32-619] Estimated Timing Summary | WNS=-3.792 | TNS=-1491.954 |
INFO: [Physopt 32-663] Processed net SYS/CPU/DP/FDFREG/dx\\.pc_in[11].  Re-placed instance SYS/CPU/DP/FDFREG/fdf\\.pc_out_reg[11]
INFO: [Physopt 32-735] Processed net SYS/CPU/DP/FDFREG/dx\\.pc_in[11]. Optimization improves timing on the net.
INFO: [Physopt 32-619] Estimated Timing Summary | WNS=-3.792 | TNS=-1491.685 |
INFO: [Physopt 32-663] Processed net SYS/CPU/DP/FDFREG/dx\\.pc_in[13].  Re-placed instance SYS/CPU/DP/FDFREG/fdf\\.pc_out_reg[13]
INFO: [Physopt 32-735] Processed net SYS/CPU/DP/FDFREG/dx\\.pc_in[13]. Optimization improves timing on the net.
INFO: [Physopt 32-619] Estimated Timing Summary | WNS=-3.792 | TNS=-1491.409 |
INFO: [Physopt 32-702] Processed net SYS/CPU/DP/DXREG/dx\\.rdat2_out[4]. Optimizations did not improve timing on the net.
INFO: [Physopt 32-710] Processed net SYS/CPU/DP/REGF/fdf\\.inst_out_reg[24][4]. Critical path length was reduced through logic transformation on cell SYS/CPU/DP/REGF/dx\\.rdat2_out[4]_i_1_comp.
INFO: [Physopt 32-735] Processed net SYS/CPU/DP/DXREG/dx\\.pc_out1. Optimization improves timing on the net.
INFO: [Physopt 32-619] Estimated Timing Summary | WNS=-3.792 | TNS=-1490.658 |
INFO: [Physopt 32-663] Processed net SYS/CPU/DP/FDFREG/cuif\\.inst[7].  Re-placed instance SYS/CPU/DP/FDFREG/fdf\\.inst_out_reg[7]
INFO: [Physopt 32-735] Processed net SYS/CPU/DP/FDFREG/cuif\\.inst[7]. Optimization improves timing on the net.
INFO: [Physopt 32-619] Estimated Timing Summary | WNS=-3.792 | TNS=-1490.376 |
INFO: [Physopt 32-702] Processed net SYS/CPU/DP/FDFREG/fdf\\.inst_out_reg[15]_rep_0. Optimizations did not improve timing on the net.
INFO: [Physopt 32-710] Processed net SYS/CPU/DP/EXMREG/exm\\.dmemREN_reg_11. Critical path length was reduced through logic transformation on cell SYS/CPU/DP/EXMREG/fdf\\.inst_out[15]_rep_i_1_comp.
INFO: [Physopt 32-735] Processed net SYS/CPU/DP/DXREG/fdf\\.flush. Optimization improves timing on the net.
INFO: [Physopt 32-619] Estimated Timing Summary | WNS=-3.792 | TNS=-1490.289 |
INFO: [Physopt 32-663] Processed net SYS/CPU/DP/FDFREG/dx\\.pc_in[15].  Re-placed instance SYS/CPU/DP/FDFREG/fdf\\.pc_out_reg[15]
INFO: [Physopt 32-735] Processed net SYS/CPU/DP/FDFREG/dx\\.pc_in[15]. Optimization improves timing on the net.
INFO: [Physopt 32-619] Estimated Timing Summary | WNS=-3.792 | TNS=-1490.028 |
INFO: [Common 17-14] Message 'Physopt 32-619' appears 100 times and further instances of the messages will be disabled. Use the Tcl command set_msg_config to change the current settings.
INFO: [Physopt 32-663] Processed net SYS/CPU/DP/FDFREG/dx\\.pc_in[8].  Re-placed instance SYS/CPU/DP/FDFREG/fdf\\.pc_out_reg[8]
INFO: [Physopt 32-735] Processed net SYS/CPU/DP/FDFREG/dx\\.pc_in[8]. Optimization improves timing on the net.
INFO: [Physopt 32-702] Processed net SYS/CPU/DP/DXREG/dx\\.rd_out[2]. Optimizations did not improve timing on the net.
INFO: [Physopt 32-710] Processed net SYS/CPU/DP/FDFREG/fdf\\.inst_out_reg[11]_0[2]. Critical path length was reduced through logic transformation on cell SYS/CPU/DP/FDFREG/dx\\.rd_out[2]_i_1_comp.
INFO: [Physopt 32-735] Processed net SYS/CPU/DP/DXREG/dx\\.pc_out1. Optimization improves timing on the net.
INFO: [Physopt 32-702] Processed net SYS/CPU/DP/DXREG/dx\\.rdat2_out[28]. Optimizations did not improve timing on the net.
INFO: [Physopt 32-710] Processed net SYS/CPU/DP/REGF/fdf\\.inst_out_reg[24][28]. Critical path length was reduced through logic transformation on cell SYS/CPU/DP/REGF/dx\\.rdat2_out[28]_i_1_comp.
INFO: [Physopt 32-735] Processed net SYS/CPU/DP/DXREG/dx\\.pc_out1. Optimization improves timing on the net.
INFO: [Common 17-14] Message 'Physopt 32-735' appears 100 times and further instances of the messages will be disabled. Use the Tcl command set_msg_config to change the current settings.
INFO: [Physopt 32-663] Processed net SYS/CPU/DP/FDFREG/fdf\\.inst_out[5].  Re-placed instance SYS/CPU/DP/FDFREG/fdf\\.inst_out_reg[20]
INFO: [Physopt 32-702] Processed net SYS/CPU/DP/DXREG/dx\\.pc_out[2]. Optimizations did not improve timing on the net.
INFO: [Physopt 32-710] Processed net SYS/CPU/DP/FDFREG/fdf\\.pc_out_reg[31]_0[2]. Critical path length was reduced through logic transformation on cell SYS/CPU/DP/FDFREG/dx\\.pc_out[2]_i_1_comp.
INFO: [Physopt 32-702] Processed net SYS/CPU/DP/DXREG/dx\\.rdat2_out[27]. Optimizations did not improve timing on the net.
INFO: [Physopt 32-710] Processed net SYS/CPU/DP/REGF/fdf\\.inst_out_reg[24][27]. Critical path length was reduced through logic transformation on cell SYS/CPU/DP/REGF/dx\\.rdat2_out[27]_i_1_comp.
INFO: [Physopt 32-702] Processed net SYS/CPU/DP/DXREG/dx\\.imm_out[19]. Optimizations did not improve timing on the net.
INFO: [Physopt 32-710] Processed net SYS/CPU/DP/FDFREG/fdf\\.inst_out_reg[31]_0[19]. Critical path length was reduced through logic transformation on cell SYS/CPU/DP/FDFREG/dx\\.imm_out[19]_i_1_comp.
INFO: [Physopt 32-663] Processed net SYS/CPU/DP/FDFREG/cuif\\.inst[28].  Re-placed instance SYS/CPU/DP/FDFREG/fdf\\.inst_out_reg[28]
INFO: [Physopt 32-663] Processed net SYS/CPU/DP/FDFREG/dx\\.pc_in[21].  Re-placed instance SYS/CPU/DP/FDFREG/fdf\\.pc_out_reg[21]
INFO: [Physopt 32-702] Processed net SYS/CPU/DP/FDFREG/cuif\\.inst[28]. Optimizations did not improve timing on the net.
INFO: [Physopt 32-710] Processed net SYS/CPU/DP/EXMREG/exm\\.dmemREN_reg_6[28]. Critical path length was reduced through logic transformation on cell SYS/CPU/DP/EXMREG/fdf\\.inst_out[28]_i_1_comp.
INFO: [Physopt 32-702] Processed net SYS/CPU/DP/FDFREG/fdf\\.inst_out_reg[16]_rep_0. Optimizations did not improve timing on the net.
INFO: [Physopt 32-81] Processed net SYS/CPU/DP/DXREG/fdf\\.flush. Replicated 1 times.
INFO: [Physopt 32-702] Processed net SYS/CPU/DP/DXREG/dx\\.branchPCSrc_out[0]. Optimizations did not improve timing on the net.
INFO: [Physopt 32-710] Processed net SYS/CPU/DP/FDFREG/fdf\\.inst_out_reg[2]_1[0]. Critical path length was reduced through logic transformation on cell SYS/CPU/DP/FDFREG/dx\\.branchPCSrc_out[0]_i_1_comp.
INFO: [Physopt 32-710] Processed net SYS/CPU/DP/EXMREG/exm\\.dmemREN_reg_10. Critical path length was reduced through logic transformation on cell SYS/CPU/DP/EXMREG/fdf\\.inst_out[16]_rep_i_1_comp.
INFO: [Physopt 32-702] Processed net SYS/CPU/DP/DXREG/dx\\.imm_out[14]. Optimizations did not improve timing on the net.
INFO: [Physopt 32-710] Processed net SYS/CPU/DP/FDFREG/fdf\\.inst_out_reg[31]_0[14]. Critical path length was reduced through logic transformation on cell SYS/CPU/DP/FDFREG/dx\\.imm_out[14]_i_1_comp.
INFO: [Physopt 32-702] Processed net SYS/CPU/DP/DXREG/dx\\.rdat2_out[26]. Optimizations did not improve timing on the net.
INFO: [Physopt 32-710] Processed net SYS/CPU/DP/REGF/fdf\\.inst_out_reg[24][26]. Critical path length was reduced through logic transformation on cell SYS/CPU/DP/REGF/dx\\.rdat2_out[26]_i_1_comp.
INFO: [Physopt 32-702] Processed net SYS/CPU/DP/DXREG/dx\\.rd_out[0]. Optimizations did not improve timing on the net.
INFO: [Physopt 32-710] Processed net SYS/CPU/DP/FDFREG/fdf\\.inst_out_reg[11]_0[0]. Critical path length was reduced through logic transformation on cell SYS/CPU/DP/FDFREG/dx\\.rd_out[0]_i_1_comp.
INFO: [Physopt 32-663] Processed net SYS/CPU/DP/FDFREG/fdf\\.inst_out[9].  Re-placed instance SYS/CPU/DP/FDFREG/fdf\\.inst_out_reg[24]
INFO: [Physopt 32-702] Processed net SYS/CPU/DP/DXREG/dx\\.imm_out[17]. Optimizations did not improve timing on the net.
INFO: [Physopt 32-710] Processed net SYS/CPU/DP/FDFREG/fdf\\.inst_out_reg[31]_0[17]. Critical path length was reduced through logic transformation on cell SYS/CPU/DP/FDFREG/dx\\.imm_out[17]_i_1_comp.
INFO: [Physopt 32-702] Processed net SYS/CPU/DP/DXREG/dx\\.pc_out[14]. Optimizations did not improve timing on the net.
INFO: [Physopt 32-710] Processed net SYS/CPU/DP/FDFREG/fdf\\.pc_out_reg[31]_0[14]. Critical path length was reduced through logic transformation on cell SYS/CPU/DP/FDFREG/dx\\.pc_out[14]_i_1_comp.
INFO: [Physopt 32-702] Processed net SYS/RAM/dbg_data_out[6]. Optimizations did not improve timing on the net.
INFO: [Physopt 32-702] Processed net SYS/CPUCLK. Optimizations did not improve timing on the net.
INFO: [Physopt 32-702] Processed net SYS/RAM/rstate3. Optimizations did not improve timing on the net.
INFO: [Physopt 32-702] Processed net SYS/RAM/rstate3_carry_i_4_n_0. Optimizations did not improve timing on the net.
INFO: [Physopt 32-702] Processed net SYS/CPU/DP/EXMREG/D[2]. Optimizations did not improve timing on the net.
INFO: [Physopt 32-702] Processed net SYS/CPU/DP/EXMREG/dpif\\.halt_reg_1[0]. Optimizations did not improve timing on the net.
INFO: [Physopt 32-702] Processed net SYS/CPU/DP/dpif\\.halt_reg_0. Optimizations did not improve timing on the net.
INFO: [Physopt 32-702] Processed net SYS/CPU/DP/DXREG/dx\\.pc_out[26]. Optimizations did not improve timing on the net.
INFO: [Physopt 32-702] Processed net SYS/CPU/DP/DXREG/dx\\.pc_out1. Optimizations did not improve timing on the net.
INFO: [Physopt 32-702] Processed net SYS/CPU/DP/DXREG/pcif\\.PC[31]_i_4_n_0. Optimizations did not improve timing on the net.
INFO: [Physopt 32-608] Optimized 1 net.  Swapped 16 pins.
INFO: [Physopt 32-608] Optimized 1 net.  Swapped 16 pins.
INFO: [Physopt 32-702] Processed net SYS/CPU/DP/DXREG/pcif\\.PC[31]_i_10_n_0. Optimizations did not improve timing on the net.
INFO: [Physopt 32-663] Processed net SYS/CPU/DP/DXREG/pcif\\.PC[31]_i_22_n_0.  Re-placed instance SYS/CPU/DP/DXREG/pcif\\.PC[31]_i_22
INFO: [Physopt 32-608] Optimized 1 net.  Swapped 16 pins.
INFO: [Physopt 32-608] Optimized 1 net.  Swapped 16 pins.
INFO: [Physopt 32-702] Processed net SYS/CPU/DP/DXREG/pcif\\.PC[31]_i_22_n_0. Optimizations did not improve timing on the net.
INFO: [Physopt 32-702] Processed net SYS/CPU/DP/DXREG/D[31]. Optimizations did not improve timing on the net.
INFO: [Physopt 32-702] Processed net SYS/CPU/DP/DXREG/exm\\.alu_out_out[31]_i_3_n_0. Optimizations did not improve timing on the net.
INFO: [Physopt 32-702] Processed net SYS/CPU/DP/DXREG/exm\\.alu_out_out_reg[31]_i_9_n_4. Optimizations did not improve timing on the net.
INFO: [Physopt 32-702] Processed net SYS/CPU/DP/DXREG/exm\\.alu_out_out[7]_i_14_n_0. Optimizations did not improve timing on the net.
INFO: [Physopt 32-702] Processed net SYS/CPU/DP/DXREG/aluif\\.b[7]. Optimizations did not improve timing on the net.
INFO: [Physopt 32-663] Processed net SYS/CPU/DP/EXMREG/dx\\.rdat2_out_reg[31][4].  Re-placed instance SYS/CPU/DP/EXMREG/exm\\.rdat2_out[7]_i_1
INFO: [Physopt 32-702] Processed net SYS/CPU/DP/DXREG/dx\\.rs1_out[0]. Optimizations did not improve timing on the net.
INFO: [Physopt 32-608] Optimized 1 net.  Swapped 24 pins.
INFO: [Physopt 32-702] Processed net SYS/CPU/DP/DXREG/exm\\.alu_out_out[7]_i_16_n_0. Optimizations did not improve timing on the net.
INFO: [Physopt 32-663] Processed net SYS/CPU/DP/DXREG/aluif\\.b[5].  Re-placed instance SYS/CPU/DP/DXREG/exm\\.alu_out_out[5]_i_9
INFO: [Physopt 32-608] Optimized 1 net.  Swapped 16 pins.
INFO: [Physopt 32-663] Processed net SYS/CPU/DP/DXREG/exm\\.alu_out_out[31]_i_2_n_0.  Re-placed instance SYS/CPU/DP/DXREG/exm\\.alu_out_out[31]_i_2
INFO: [Physopt 32-702] Processed net SYS/CPU/DP/DXREG/pcif\\.PC[31]_i_21_n_0. Optimizations did not improve timing on the net.
INFO: [Physopt 32-702] Processed net SYS/CPU/DP/DXREG/D[25]. Optimizations did not improve timing on the net.
INFO: [Physopt 32-608] Optimized 1 net.  Swapped 21 pins.
INFO: [Physopt 32-608] Optimized 1 net.  Swapped 22 pins.
INFO: [Physopt 32-608] Optimized 1 net.  Swapped 24 pins.
INFO: [Physopt 32-702] Processed net SYS/CPU/DP/DXREG/exm\\.alu_out_out[31]_i_2_n_0. Optimizations did not improve timing on the net.
INFO: [Physopt 32-608] Optimized 1 net.  Swapped 18 pins.
INFO: [Physopt 32-702] Processed net SYS/CPU/DP/DXREG/pcif\\.PC[31]_i_9_n_0. Optimizations did not improve timing on the net.
INFO: [Physopt 32-608] Optimized 1 net.  Swapped 13 pins.
INFO: [Physopt 32-663] Processed net SYS/CPU/DP/DXREG/pcif\\.PC[31]_i_20_n_0.  Re-placed instance SYS/CPU/DP/DXREG/pcif\\.PC[31]_i_20
INFO: [Physopt 32-608] Optimized 1 net.  Swapped 16 pins.
INFO: [Physopt 32-608] Optimized 1 net.  Swapped 22 pins.
INFO: [Physopt 32-702] Processed net SYS/CPU/DP/DXREG/pcif\\.PC[31]_i_17_n_0. Optimizations did not improve timing on the net.
INFO: [Physopt 32-608] Optimized 1 net.  Swapped 21 pins.
INFO: [Physopt 32-702] Processed net SYS/CPU/DP/DXREG/aluif\\.b[5]. Optimizations did not improve timing on the net.
INFO: [Physopt 32-663] Processed net SYS/CPU/DP/EXMREG/dx\\.rdat2_out_reg[31][2].  Re-placed instance SYS/CPU/DP/EXMREG/exm\\.rdat2_out[5]_i_1
INFO: [Physopt 32-702] Processed net SYS/CPU/DP/DXREG/pcif\\.PC[31]_i_20_n_0. Optimizations did not improve timing on the net.
INFO: [Physopt 32-702] Processed net SYS/CPU/DP/DXREG/D[7]. Optimizations did not improve timing on the net.
INFO: [Physopt 32-608] Optimized 1 net.  Swapped 21 pins.
INFO: [Physopt 32-608] Optimized 1 net.  Swapped 19 pins.
INFO: [Physopt 32-608] Optimized 1 net.  Swapped 16 pins.
INFO: [Physopt 32-608] Optimized 1 net.  Swapped 19 pins.
INFO: [Physopt 32-702] Processed net SYS/CPU/DP/DXREG/exm\\.alu_out_out[31]_i_6_n_0. Optimizations did not improve timing on the net.
INFO: [Physopt 32-663] Processed net SYS/CPU/DP/DXREG/exm\\.alu_out_out[31]_i_15_n_0.  Re-placed instance SYS/CPU/DP/DXREG/exm\\.alu_out_out[31]_i_15
INFO: [Physopt 32-702] Processed net SYS/CPU/DP/DXREG/D[6]. Optimizations did not improve timing on the net.
INFO: [Physopt 32-702] Processed net SYS/CPU/DP/DXREG/exm\\.alu_out_out[6]_i_2_n_0. Optimizations did not improve timing on the net.
INFO: [Physopt 32-608] Optimized 1 net.  Swapped 23 pins.
INFO: [Physopt 32-608] Optimized 1 net.  Swapped 16 pins.
INFO: [Physopt 32-702] Processed net SYS/CPU/DP/EXMREG/dx\\.rdat2_out_reg[31][4]. Optimizations did not improve timing on the net.
INFO: [Physopt 32-702] Processed net SYS/CPU/DP/EXMREG/exm\\.rd_out_reg[0]_0. Optimizations did not improve timing on the net.
INFO: [Physopt 32-608] Optimized 1 net.  Swapped 20 pins.
INFO: [Physopt 32-702] Processed net SYS/CPU/DP/DXREG/exm\\.alu_out_out[25]_i_3_n_0. Optimizations did not improve timing on the net.
INFO: [Physopt 32-663] Processed net SYS/CPU/DP/DXREG/exm\\.alu_out_out[25]_i_7_n_0.  Re-placed instance SYS/CPU/DP/DXREG/exm\\.alu_out_out[25]_i_7
INFO: [Physopt 32-608] Optimized 1 net.  Swapped 23 pins.
INFO: [Physopt 32-663] Processed net SYS/CPU/DP/DXREG/aluif\\.a[7].  Re-placed instance SYS/CPU/DP/DXREG/exm\\.alu_out_out[7]_i_9
INFO: [Physopt 32-702] Processed net SYS/CPU/DP/DXREG/D[28]. Optimizations did not improve timing on the net.
INFO: [Physopt 32-702] Processed net SYS/CPU/DP/DXREG/exm\\.alu_out_out[28]_i_3_n_0. Optimizations did not improve timing on the net.
INFO: [Physopt 32-663] Processed net SYS/CPU/DP/DXREG/exm\\.alu_out_out[28]_i_7_n_0.  Re-placed instance SYS/CPU/DP/DXREG/exm\\.alu_out_out[28]_i_7
INFO: [Physopt 32-702] Processed net SYS/CPU/DP/DXREG/D[11]. Optimizations did not improve timing on the net.
INFO: [Physopt 32-663] Processed net SYS/CPU/DP/DXREG/exm\\.alu_out_out[11]_i_3_n_0.  Re-placed instance SYS/CPU/DP/DXREG/exm\\.alu_out_out[11]_i_3
INFO: [Physopt 32-702] Processed net SYS/CPU/DP/DXREG/exm\\.alu_out_out[28]_i_2_n_0. Optimizations did not improve timing on the net.
INFO: [Physopt 32-608] Optimized 1 net.  Swapped 23 pins.
INFO: [Physopt 32-663] Processed net SYS/CPU/DP/DXREG/pcif\\.PC[31]_i_19_n_0.  Re-placed instance SYS/CPU/DP/DXREG/pcif\\.PC[31]_i_19
INFO: [Physopt 32-608] Optimized 1 net.  Swapped 24 pins.
INFO: [Physopt 32-702] Processed net SYS/CPU/DP/DXREG/exm\\.alu_out_out[11]_i_2_n_0. Optimizations did not improve timing on the net.
INFO: [Physopt 32-608] Optimized 1 net.  Swapped 23 pins.
INFO: [Physopt 32-608] Optimized 1 net.  Swapped 21 pins.
INFO: [Physopt 32-702] Processed net SYS/CPU/DP/DXREG/pcif\\.PC[31]_i_23_n_0. Optimizations did not improve timing on the net.
INFO: [Physopt 32-702] Processed net SYS/CPU/DP/DXREG/D[16]. Optimizations did not improve timing on the net.
INFO: [Physopt 32-702] Processed net SYS/CPU/DP/DXREG/exm\\.alu_out_out[16]_i_3_n_0. Optimizations did not improve timing on the net.
INFO: [Physopt 32-608] Optimized 1 net.  Swapped 22 pins.
INFO: [Physopt 32-702] Processed net SYS/CPU/DP/DXREG/pcif\\.PC[31]_i_24_n_0. Optimizations did not improve timing on the net.
INFO: [Physopt 32-702] Processed net SYS/CPU/DP/DXREG/D[23]. Optimizations did not improve timing on the net.
INFO: [Physopt 32-663] Processed net SYS/CPU/DP/DXREG/exm\\.alu_out_out[23]_i_2_n_0.  Re-placed instance SYS/CPU/DP/DXREG/exm\\.alu_out_out[23]_i_2
INFO: [Physopt 32-702] Processed net SYS/CPU/DP/EXMREG/exm\\.rdat2_out[7]_i_2_n_0. Optimizations did not improve timing on the net.
INFO: [Physopt 32-702] Processed net SYS/CPU/DP/EXMREG/exm\\.rdat2_out_reg[8]_i_3_n_5. Optimizations did not improve timing on the net.
INFO: [Physopt 32-702] Processed net SYS/CPU/DP/EXMREG/exm\\.rdat2_out[4]_i_4_n_0. Optimizations did not improve timing on the net.
INFO: [Physopt 32-702] Processed net SYS/CPU/DP/FDFREG/fdf\\.inst_out_reg[19]_0[0]. Optimizations did not improve timing on the net.
INFO: [Physopt 32-663] Processed net SYS/CPU/DP/EXMREG/exm\\.pc_out_reg[31]_0[2].  Re-placed instance SYS/CPU/DP/EXMREG/exm\\.pc_out_reg[2]
INFO: [Physopt 32-663] Processed net SYS/CPU/DP/DXREG/exm\\.alu_out_out[12]_i_6_n_0.  Re-placed instance SYS/CPU/DP/DXREG/exm\\.alu_out_out[12]_i_6
INFO: [Physopt 32-608] Optimized 1 net.  Swapped 21 pins.
INFO: [Physopt 32-702] Processed net SYS/CPU/DP/DXREG/D[8]. Optimizations did not improve timing on the net.
INFO: [Physopt 32-663] Processed net SYS/CPU/DP/DXREG/exm\\.alu_out_out[8]_i_2_n_0.  Re-placed instance SYS/CPU/DP/DXREG/exm\\.alu_out_out[8]_i_2
INFO: [Physopt 32-702] Processed net SYS/CPU/DP/DXREG/pcif\\.PC[31]_i_18_n_0. Optimizations did not improve timing on the net.
INFO: [Physopt 32-702] Processed net SYS/CPU/DP/DXREG/D[14]. Optimizations did not improve timing on the net.
INFO: [Physopt 32-702] Processed net SYS/CPU/DP/DXREG/exm\\.alu_out_out[14]_i_3_n_0. Optimizations did not improve timing on the net.
INFO: [Physopt 32-608] Optimized 1 net.  Swapped 22 pins.
INFO: [Physopt 32-702] Processed net SYS/CPU/DP/DXREG/exm\\.alu_out_out[31]_i_8_n_0. Optimizations did not improve timing on the net.
INFO: [Physopt 32-608] Optimized 1 net.  Swapped 20 pins.
INFO: [Physopt 32-702] Processed net SYS/CPU/DP/EXMREG/fuif\\.forwardB[0]. Optimizations did not improve timing on the net.
INFO: [Physopt 32-608] Optimized 1 net.  Swapped 12 pins.
INFO: [Physopt 32-608] Optimized 1 net.  Swapped 23 pins.
INFO: [Physopt 32-663] Processed net SYS/CPU/DP/DXREG/exm\\.alu_out_out[31]_i_16_n_0.  Re-placed instance SYS/CPU/DP/DXREG/exm\\.alu_out_out[31]_i_16
INFO: [Physopt 32-663] Processed net SYS/CPU/DP/DXREG/exm\\.alu_out_out[6]_i_3_n_0.  Re-placed instance SYS/CPU/DP/DXREG/exm\\.alu_out_out[6]_i_3
INFO: [Physopt 32-608] Optimized 1 net.  Swapped 15 pins.
INFO: [Physopt 32-702] Processed net SYS/CPU/DP/DXREG/aluif\\.a[5]. Optimizations did not improve timing on the net.
INFO: [Physopt 32-702] Processed net SYS/CPU/DP/DXREG/exm\\.alu_out_out[5]_i_11_n_0. Optimizations did not improve timing on the net.
INFO: [Physopt 32-608] Optimized 1 net.  Swapped 17 pins.
INFO: [Physopt 32-702] Processed net SYS/CPU/DP/DXREG/D[17]. Optimizations did not improve timing on the net.
INFO: [Physopt 32-663] Processed net SYS/CPU/DP/DXREG/exm\\.alu_out_out[17]_i_3_n_0.  Re-placed instance SYS/CPU/DP/DXREG/exm\\.alu_out_out[17]_i_3
INFO: [Physopt 32-663] Processed net SYS/CPU/DP/DXREG/exm\\.alu_out_out[23]_i_3_n_0.  Re-placed instance SYS/CPU/DP/DXREG/exm\\.alu_out_out[23]_i_3
INFO: [Physopt 32-608] Optimized 1 net.  Swapped 22 pins.
INFO: [Physopt 32-608] Optimized 1 net.  Swapped 21 pins.
INFO: [Physopt 32-608] Optimized 1 net.  Swapped 21 pins.
INFO: [Physopt 32-702] Processed net SYS/CPU/DP/DXREG/exm\\.alu_out_out[31]_i_17_n_0. Optimizations did not improve timing on the net.
INFO: [Physopt 32-608] Optimized 1 net.  Swapped 20 pins.
INFO: [Physopt 32-702] Processed net SYS/CPU/DP/DXREG/D[19]. Optimizations did not improve timing on the net.
INFO: [Physopt 32-608] Optimized 1 net.  Swapped 16 pins.
INFO: [Physopt 32-702] Processed net SYS/CPU/DP/DXREG/D[18]. Optimizations did not improve timing on the net.
INFO: [Physopt 32-608] Optimized 1 net.  Swapped 23 pins.
INFO: [Physopt 32-608] Optimized 1 net.  Swapped 20 pins.
INFO: [Physopt 32-702] Processed net SYS/CPU/DP/DXREG/dx\\.rs2_out_reg[4]_0. Optimizations did not improve timing on the net.
INFO: [Physopt 32-663] Processed net SYS/CPU/DP/EXMREG/exm\\.rd_out_reg[4]_0[4].  Re-placed instance SYS/CPU/DP/EXMREG/exm\\.rd_out_reg[4]
INFO: [Physopt 32-702] Processed net SYS/CPU/DP/DXREG/exm\\.alu_out_out[18]_i_3_n_0. Optimizations did not improve timing on the net.
INFO: [Physopt 32-608] Optimized 1 net.  Swapped 24 pins.
INFO: [Physopt 32-702] Processed net SYS/CPU/DP/DXREG/exm\\.alu_out_out[25]_i_2_n_0. Optimizations did not improve timing on the net.
INFO: [Physopt 32-663] Processed net SYS/CPU/DP/DXREG/exm\\.alu_out_out[25]_i_5_n_0.  Re-placed instance SYS/CPU/DP/DXREG/exm\\.alu_out_out[25]_i_5
INFO: [Physopt 32-702] Processed net SYS/CPU/DP/DXREG/D[30]. Optimizations did not improve timing on the net.
INFO: [Physopt 32-663] Processed net SYS/CPU/DP/DXREG/exm\\.alu_out_out[30]_i_2_n_0.  Re-placed instance SYS/CPU/DP/DXREG/exm\\.alu_out_out[30]_i_2
INFO: [Physopt 32-702] Processed net SYS/CPU/DP/DXREG/exm\\.alu_out_out[19]_i_3_n_0. Optimizations did not improve timing on the net.
INFO: [Physopt 32-608] Optimized 1 net.  Swapped 29 pins.
INFO: [Physopt 32-702] Processed net SYS/CPU/DP/DXREG/D[0]. Optimizations did not improve timing on the net.
INFO: [Physopt 32-702] Processed net SYS/CPU/DP/DXREG/exm\\.alu_out_out[0]_i_4_n_0. Optimizations did not improve timing on the net.
INFO: [Physopt 32-702] Processed net SYS/CPU/DP/DXREG/exm\\.alu_out_out[0]_i_8_n_0. Optimizations did not improve timing on the net.
INFO: [Physopt 32-663] Processed net SYS/CPU/DP/DXREG/exm\\.alu_out_out[0]_i_26_n_0.  Re-placed instance SYS/CPU/DP/DXREG/exm\\.alu_out_out[0]_i_26
INFO: [Physopt 32-702] Processed net SYS/CPU/DP/DXREG/exm\\.alu_out_out[30]_i_2_n_0. Optimizations did not improve timing on the net.
INFO: [Physopt 32-608] Optimized 1 net.  Swapped 17 pins.
INFO: [Physopt 32-608] Optimized 1 net.  Swapped 23 pins.
INFO: [Physopt 32-663] Processed net SYS/CPU/DP/EXMREG/exm\\.pc_out_reg[31]_0[1].  Re-placed instance SYS/CPU/DP/EXMREG/exm\\.pc_out_reg[1]
INFO: [Physopt 32-702] Processed net SYS/CPU/DP/EXMREG/exm\\.pc_out_reg[31]_0[2]. Optimizations did not improve timing on the net.
Netlist sorting complete. Time (s): cpu = 00:00:00.02 ; elapsed = 00:00:00.02 . Memory (MB): peak = 3174.273 ; gain = 0.000 ; free physical = 3873 ; free virtual = 16481
Phase 3 Critical Path Optimization | Checksum: 1487bda89

Time (s): cpu = 00:03:02 ; elapsed = 00:00:44 . Memory (MB): peak = 3174.273 ; gain = 0.000 ; free physical = 3873 ; free virtual = 16481

Phase 4 Critical Path Optimization
INFO: [Physopt 32-780] Instance vio_inst/inst/PROBE_IN_INST/probe_in_reg_reg[7] has DONT_TOUCH and is preventing optimization
Resolution: Removing DONT_TOUCH attributes may enable additional optimization
INFO: [Physopt 32-780] Instance vio_inst/inst/PROBE_IN_INST/probe_in_reg_reg[7] has DONT_TOUCH and is preventing optimization
Resolution: Removing DONT_TOUCH attributes may enable additional optimization
INFO: [Physopt 32-702] Processed net SYS/RAM/dbg_data_out[6]. Optimizations did not improve timing on the net.
INFO: [Physopt 32-702] Processed net SYS/CPUCLK. Optimizations did not improve timing on the net.
INFO: [Physopt 32-702] Processed net SYS/RAM/rstate3. Optimizations did not improve timing on the net.
INFO: [Physopt 32-702] Processed net SYS/RAM/rstate3_carry__0_n_0. Optimizations did not improve timing on the net.
INFO: [Physopt 32-702] Processed net SYS/RAM/rstate3_carry_n_0. Optimizations did not improve timing on the net.
INFO: [Physopt 32-702] Processed net SYS/RAM/rstate3_carry_i_4_n_0. Optimizations did not improve timing on the net.
INFO: [Physopt 32-702] Processed net SYS/CPU/DP/EXMREG/D[2]. Optimizations did not improve timing on the net.
INFO: [Physopt 32-702] Processed net SYS/CPU/DP/EXMREG/dpif\\.halt_reg_1[0]. Optimizations did not improve timing on the net.
INFO: [Physopt 32-702] Processed net SYS/CPU/DP/dpif\\.halt_reg_0. Optimizations did not improve timing on the net.
INFO: [Physopt 32-702] Processed net SYS/CPU/DP/DXREG/dx\\.rs1_out[0]. Optimizations did not improve timing on the net.
INFO: [Physopt 32-571] Net SYS/CPU/DP/DXREG/dx\\.pc_out1 was not replicated.
INFO: [Physopt 32-710] Processed net SYS/CPU/DP/FDFREG/fdf\\.inst_out_reg[19]_0[0]. Critical path length was reduced through logic transformation on cell SYS/CPU/DP/FDFREG/dx\\.rs1_out[0]_i_1_comp.
INFO: [Physopt 32-702] Processed net SYS/CPU/DP/DXREG/dx\\.rs2_out[1]. Optimizations did not improve timing on the net.
INFO: [Physopt 32-571] Net SYS/CPU/DP/DXREG/dx\\.pc_out1 was not replicated.
INFO: [Physopt 32-710] Processed net SYS/CPU/DP/FDFREG/fdf\\.inst_out_reg[24]_0[1]. Critical path length was reduced through logic transformation on cell SYS/CPU/DP/FDFREG/dx\\.rs2_out[1]_i_1_comp.
INFO: [Physopt 32-702] Processed net SYS/CPU/DP/DXREG/dx\\.rs2_out[0]. Optimizations did not improve timing on the net.
INFO: [Physopt 32-571] Net SYS/CPU/DP/DXREG/dx\\.pc_out1 was not replicated.
INFO: [Physopt 32-710] Processed net SYS/CPU/DP/FDFREG/fdf\\.inst_out_reg[24]_0[0]. Critical path length was reduced through logic transformation on cell SYS/CPU/DP/FDFREG/dx\\.rs2_out[0]_i_1_comp.
INFO: [Physopt 32-702] Processed net SYS/CPU/DP/DXREG/fuif\\.dxo_rs2[2]. Optimizations did not improve timing on the net.
INFO: [Physopt 32-571] Net SYS/CPU/DP/DXREG/dx\\.pc_out1 was not replicated.
INFO: [Physopt 32-710] Processed net SYS/CPU/DP/FDFREG/fdf\\.inst_out_reg[24]_0[2]. Critical path length was reduced through logic transformation on cell SYS/CPU/DP/FDFREG/dx\\.rs2_out[2]_i_1_comp.
INFO: [Physopt 32-702] Processed net SYS/CPU/DP/DXREG/dx\\.pc_out[26]. Optimizations did not improve timing on the net.
INFO: [Physopt 32-571] Net SYS/CPU/DP/DXREG/dx\\.pc_out1 was not replicated.
INFO: [Physopt 32-710] Processed net SYS/CPU/DP/FDFREG/fdf\\.pc_out_reg[31]_0[26]. Critical path length was reduced through logic transformation on cell SYS/CPU/DP/FDFREG/dx\\.pc_out[26]_i_1_comp.
INFO: [Physopt 32-702] Processed net SYS/CPU/DP/DXREG/dx\\.imm_out[15]. Optimizations did not improve timing on the net.
INFO: [Physopt 32-571] Net SYS/CPU/DP/DXREG/dx\\.pc_out1 was not replicated.
INFO: [Physopt 32-710] Processed net SYS/CPU/DP/FDFREG/fdf\\.inst_out_reg[31]_0[15]. Critical path length was reduced through logic transformation on cell SYS/CPU/DP/FDFREG/dx\\.imm_out[15]_i_1_comp.
INFO: [Physopt 32-702] Processed net SYS/CPU/DP/DXREG/dx\\.imm_out[16]. Optimizations did not improve timing on the net.
INFO: [Physopt 32-571] Net SYS/CPU/DP/DXREG/dx\\.pc_out1 was not replicated.
INFO: [Physopt 32-710] Processed net SYS/CPU/DP/FDFREG/fdf\\.inst_out_reg[31]_0[16]. Critical path length was reduced through logic transformation on cell SYS/CPU/DP/FDFREG/dx\\.imm_out[16]_i_1_comp.
INFO: [Physopt 32-702] Processed net SYS/CPU/DP/DXREG/dx\\.dWEN_out. Optimizations did not improve timing on the net.
INFO: [Physopt 32-571] Net SYS/CPU/DP/DXREG/dx\\.pc_out1 was not replicated.
INFO: [Physopt 32-710] Processed net SYS/CPU/DP/FDFREG/fdf\\.inst_out_reg[5]_1. Critical path length was reduced through logic transformation on cell SYS/CPU/DP/FDFREG/dx\\.dWEN_out_i_1_comp.
INFO: [Physopt 32-702] Processed net SYS/CPU/DP/DXREG/dx\\.imm_out[29]. Optimizations did not improve timing on the net.
INFO: [Physopt 32-571] Net SYS/CPU/DP/DXREG/dx\\.pc_out1 was not replicated.
INFO: [Physopt 32-710] Processed net SYS/CPU/DP/FDFREG/fdf\\.inst_out_reg[31]_0[29]. Critical path length was reduced through logic transformation on cell SYS/CPU/DP/FDFREG/dx\\.imm_out[29]_i_1_comp.
INFO: [Physopt 32-702] Processed net SYS/CPU/DP/FDFREG/fdf\\.inst_out_reg[21]_rep_0. Optimizations did not improve timing on the net.
INFO: [Physopt 32-571] Net SYS/CPU/DP/DXREG/fdf\\.flush_repN_7 was not replicated.
INFO: [Physopt 32-710] Processed net SYS/CPU/DP/EXMREG/exm\\.dmemREN_reg_7. Critical path length was reduced through logic transformation on cell SYS/CPU/DP/EXMREG/fdf\\.inst_out[21]_rep_i_1_comp.
INFO: [Physopt 32-702] Processed net SYS/CPU/DP/DXREG/fuif\\.dxo_rs1[3]. Optimizations did not improve timing on the net.
INFO: [Physopt 32-571] Net SYS/CPU/DP/DXREG/dx\\.pc_out1 was not replicated.
INFO: [Physopt 32-710] Processed net SYS/CPU/DP/FDFREG/fdf\\.inst_out_reg[19]_0[3]. Critical path length was reduced through logic transformation on cell SYS/CPU/DP/FDFREG/dx\\.rs1_out[3]_i_1_comp.
INFO: [Physopt 32-702] Processed net SYS/CPU/DP/DXREG/dx\\.rdat2_out[9]. Optimizations did not improve timing on the net.
INFO: [Physopt 32-571] Net SYS/CPU/DP/DXREG/dx\\.pc_out1 was not replicated.
INFO: [Physopt 32-710] Processed net SYS/CPU/DP/REGF/fdf\\.inst_out_reg[24][9]. Critical path length was reduced through logic transformation on cell SYS/CPU/DP/REGF/dx\\.rdat2_out[9]_i_1_comp.
INFO: [Physopt 32-702] Processed net SYS/CPU/DP/DXREG/dx\\.rdat1_out[3]. Optimizations did not improve timing on the net.
INFO: [Physopt 32-571] Net SYS/CPU/DP/DXREG/dx\\.pc_out1 was not replicated.
INFO: [Physopt 32-710] Processed net SYS/CPU/DP/REGF/fdf\\.inst_out_reg[19][3]. Critical path length was reduced through logic transformation on cell SYS/CPU/DP/REGF/dx\\.rdat1_out[3]_i_1_comp.
INFO: [Physopt 32-702] Processed net SYS/CPU/DP/DXREG/dx\\.rdat1_out[24]. Optimizations did not improve timing on the net.
INFO: [Physopt 32-571] Net SYS/CPU/DP/DXREG/dx\\.pc_out1 was not replicated.
INFO: [Physopt 32-710] Processed net SYS/CPU/DP/REGF/fdf\\.inst_out_reg[19][24]. Critical path length was reduced through logic transformation on cell SYS/CPU/DP/REGF/dx\\.rdat1_out[24]_i_1_comp.
INFO: [Physopt 32-702] Processed net SYS/CPU/DP/DXREG/dx\\.rdat1_out[28]. Optimizations did not improve timing on the net.
INFO: [Physopt 32-571] Net SYS/CPU/DP/DXREG/dx\\.pc_out1 was not replicated.
INFO: [Physopt 32-710] Processed net SYS/CPU/DP/REGF/fdf\\.inst_out_reg[19][28]. Critical path length was reduced through logic transformation on cell SYS/CPU/DP/REGF/dx\\.rdat1_out[28]_i_1_comp.
INFO: [Physopt 32-702] Processed net SYS/CPU/DP/DXREG/dx\\.pc_out[12]. Optimizations did not improve timing on the net.
INFO: [Physopt 32-571] Net SYS/CPU/DP/DXREG/dx\\.pc_out1 was not replicated.
INFO: [Physopt 32-710] Processed net SYS/CPU/DP/FDFREG/fdf\\.pc_out_reg[31]_0[12]. Critical path length was reduced through logic transformation on cell SYS/CPU/DP/FDFREG/dx\\.pc_out[12]_i_1_comp.
INFO: [Physopt 32-702] Processed net SYS/CPU/DP/DXREG/dx\\.rdat1_out[25]. Optimizations did not improve timing on the net.
INFO: [Physopt 32-571] Net SYS/CPU/DP/DXREG/dx\\.pc_out1 was not replicated.
INFO: [Physopt 32-710] Processed net SYS/CPU/DP/REGF/fdf\\.inst_out_reg[19][25]. Critical path length was reduced through logic transformation on cell SYS/CPU/DP/REGF/dx\\.rdat1_out[25]_i_1_comp.
INFO: [Physopt 32-702] Processed net SYS/RAM/dbg_data_out[6]. Optimizations did not improve timing on the net.
INFO: [Physopt 32-702] Processed net SYS/CPUCLK. Optimizations did not improve timing on the net.
INFO: [Physopt 32-702] Processed net SYS/RAM/rstate3. Optimizations did not improve timing on the net.
INFO: [Physopt 32-702] Processed net SYS/RAM/rstate3_carry_i_4_n_0. Optimizations did not improve timing on the net.
INFO: [Physopt 32-702] Processed net SYS/CPU/DP/EXMREG/D[2]. Optimizations did not improve timing on the net.
INFO: [Physopt 32-702] Processed net SYS/CPU/DP/EXMREG/dpif\\.halt_reg_1[0]. Optimizations did not improve timing on the net.
INFO: [Physopt 32-702] Processed net SYS/CPU/DP/dpif\\.halt_reg_0. Optimizations did not improve timing on the net.
INFO: [Physopt 32-702] Processed net SYS/CPU/DP/DXREG/dx\\.rdat2_out[29]. Optimizations did not improve timing on the net.
INFO: [Physopt 32-702] Processed net SYS/CPU/DP/DXREG/dx\\.pc_out1. Optimizations did not improve timing on the net.
INFO: [Physopt 32-702] Processed net SYS/CPU/DP/DXREG/pcif\\.PC[31]_i_4_n_0. Optimizations did not improve timing on the net.
INFO: [Physopt 32-702] Processed net SYS/CPU/DP/DXREG/pcif\\.PC[31]_i_10_n_0. Optimizations did not improve timing on the net.
INFO: [Physopt 32-702] Processed net SYS/CPU/DP/DXREG/pcif\\.PC[31]_i_22_n_0. Optimizations did not improve timing on the net.
INFO: [Physopt 32-702] Processed net SYS/CPU/DP/DXREG/D[31]. Optimizations did not improve timing on the net.
INFO: [Physopt 32-702] Processed net SYS/CPU/DP/DXREG/exm\\.alu_out_out[31]_i_3_n_0. Optimizations did not improve timing on the net.
INFO: [Physopt 32-702] Processed net SYS/CPU/DP/DXREG/exm\\.alu_out_out_reg[31]_i_9_n_4. Optimizations did not improve timing on the net.
INFO: [Physopt 32-702] Processed net SYS/CPU/DP/DXREG/exm\\.alu_out_out[15]_i_17_n_0. Optimizations did not improve timing on the net.
INFO: [Physopt 32-663] Processed net SYS/CPU/DP/DXREG/aluif\\.b[12].  Re-placed instance SYS/CPU/DP/DXREG/exm\\.alu_out_out[12]_i_9
INFO: [Physopt 32-702] Processed net SYS/CPU/DP/DXREG/exm\\.alu_out_out[7]_i_14_n_0. Optimizations did not improve timing on the net.
INFO: [Physopt 32-702] Processed net SYS/CPU/DP/DXREG/aluif\\.b[7]. Optimizations did not improve timing on the net.
INFO: [Physopt 32-702] Processed net SYS/CPU/DP/EXMREG/dx\\.rdat2_out_reg[31][4]. Optimizations did not improve timing on the net.
INFO: [Physopt 32-702] Processed net SYS/CPU/DP/EXMREG/exm\\.rdat2_out[7]_i_2_n_0. Optimizations did not improve timing on the net.
INFO: [Physopt 32-702] Processed net SYS/CPU/DP/EXMREG/exm\\.rdat2_out_reg[8]_i_3_n_5. Optimizations did not improve timing on the net.
INFO: [Physopt 32-702] Processed net SYS/CPU/DP/EXMREG/exm\\.rdat2_out[4]_i_4_n_0. Optimizations did not improve timing on the net.
INFO: [Physopt 32-702] Processed net SYS/CPU/DP/REGF/fdf\\.inst_out_reg[24][29]. Optimizations did not improve timing on the net.
INFO: [Physopt 32-702] Processed net SYS/CPU/DP/EXMREG/exm\\.pc_out_reg[31]_0[2]. Optimizations did not improve timing on the net.
Netlist sorting complete. Time (s): cpu = 00:00:00.01 ; elapsed = 00:00:00.01 . Memory (MB): peak = 3174.273 ; gain = 0.000 ; free physical = 3871 ; free virtual = 16480
Phase 4 Critical Path Optimization | Checksum: 19d164770

Time (s): cpu = 00:03:28 ; elapsed = 00:00:50 . Memory (MB): peak = 3174.273 ; gain = 0.000 ; free physical = 3871 ; free virtual = 16480
Netlist sorting complete. Time (s): cpu = 00:00:00 ; elapsed = 00:00:00 . Memory (MB): peak = 3174.273 ; gain = 0.000 ; free physical = 3871 ; free virtual = 16480
INFO: [Physopt 32-603] Post Physical Optimization Timing Summary | WNS=-3.792 | TNS=-1113.272 |

Summary of Physical Synthesis Optimizations
============================================


-------------------------------------------------------------------------------------------------------------------------------------------------------------
|  Optimization   |  WNS Gain (ns)  |  TNS Gain (ns)  |  Added Cells  |  Removed Cells  |  Optimized Cells/Nets  |  Dont Touch  |  Iterations  |  Elapsed   |
-------------------------------------------------------------------------------------------------------------------------------------------------------------
|  DSP Register   |          0.000  |          0.000  |            0  |              0  |                     0  |           0  |           1  |  00:00:00  |
|  Critical Path  |          0.571  |        444.233  |           31  |              0  |                   204  |           0  |           2  |  00:00:50  |
|  Total          |          0.571  |        444.233  |           31  |              0  |                   204  |           0  |           3  |  00:00:50  |
-------------------------------------------------------------------------------------------------------------------------------------------------------------


Netlist sorting complete. Time (s): cpu = 00:00:00 ; elapsed = 00:00:00 . Memory (MB): peak = 3174.273 ; gain = 0.000 ; free physical = 3871 ; free virtual = 16480
Ending Physical Synthesis Task | Checksum: 19d164770

Time (s): cpu = 00:03:28 ; elapsed = 00:00:51 . Memory (MB): peak = 3174.273 ; gain = 0.000 ; free physical = 3871 ; free virtual = 16480
INFO: [Common 17-83] Releasing license: Implementation
717 Infos, 0 Warnings, 0 Critical Warnings and 0 Errors encountered.
phys_opt_design completed successfully
phys_opt_design: Time (s): cpu = 00:03:30 ; elapsed = 00:00:51 . Memory (MB): peak = 3174.273 ; gain = 0.000 ; free physical = 3871 ; free virtual = 16480
INFO: [Timing 38-480] Writing timing data to binary archive.
Write ShapeDB Complete: Time (s): cpu = 00:00:00.01 ; elapsed = 00:00:00.01 . Memory (MB): peak = 3174.273 ; gain = 0.000 ; free physical = 3871 ; free virtual = 16480
Wrote PlaceDB: Time (s): cpu = 00:00:00.76 ; elapsed = 00:00:00.27 . Memory (MB): peak = 3174.273 ; gain = 0.000 ; free physical = 3866 ; free virtual = 16481
Wrote PulsedLatchDB: Time (s): cpu = 00:00:00 ; elapsed = 00:00:00 . Memory (MB): peak = 3174.273 ; gain = 0.000 ; free physical = 3865 ; free virtual = 16480
Writing XDEF routing.
Writing XDEF routing logical nets.
Writing XDEF routing special nets.
Wrote RouteStorage: Time (s): cpu = 00:00:00.01 ; elapsed = 00:00:00.01 . Memory (MB): peak = 3174.273 ; gain = 0.000 ; free physical = 3865 ; free virtual = 16480
Wrote Netlist Cache: Time (s): cpu = 00:00:00 ; elapsed = 00:00:00.01 . Memory (MB): peak = 3174.273 ; gain = 0.000 ; free physical = 3864 ; free virtual = 16480
Wrote Device Cache: Time (s): cpu = 00:00:00.01 ; elapsed = 00:00:00 . Memory (MB): peak = 3174.273 ; gain = 0.000 ; free physical = 3864 ; free virtual = 16480
Write Physdb Complete: Time (s): cpu = 00:00:00.82 ; elapsed = 00:00:00.37 . Memory (MB): peak = 3174.273 ; gain = 0.000 ; free physical = 3864 ; free virtual = 16480
INFO: [Common 17-1381] The checkpoint '/home/ecegridfs/a/437mg063/ece437/processors/build/system_fpga.runs/impl_1/system_fpga_physopt.dcp' has been generated.
Command: route_design -directive RuntimeOptimized
Attempting to get a license for feature 'Implementation' and/or device 'xc7s50'
INFO: [Common 17-349] Got license for feature 'Implementation' and/or device 'xc7s50'
INFO: [DRC 23-27] Running DRC with 8 threads
INFO: [Vivado_Tcl 4-198] DRC finished with 0 Errors
INFO: [Vivado_Tcl 4-199] Please refer to the DRC report (report_drc) for more information.
Running DRC as a precondition to command route_design
INFO: [DRC 23-27] Running DRC with 8 threads
INFO: [Vivado_Tcl 4-198] DRC finished with 0 Errors
INFO: [Vivado_Tcl 4-199] Please refer to the DRC report (report_drc) for more information.


Starting Routing Task
INFO: [Route 35-270] Using Router directive 'RuntimeOptimized'.
INFO: [Route 35-254] Multithreading enabled for route_design using a maximum of 8 CPUs

Phase 1 Build RT Design
Checksum: PlaceDB: dfe5a2ec ConstDB: 0 ShapeSum: 37557135 RouteDB: 0
Post Restoration Checksum: NetGraph: b9072280 | NumContArr: e014e5d4 | Constraints: c2a8fa9d | Timing: c2a8fa9d
Phase 1 Build RT Design | Checksum: 31e6dfd8e

Time (s): cpu = 00:00:15 ; elapsed = 00:00:12 . Memory (MB): peak = 3174.273 ; gain = 0.000 ; free physical = 3832 ; free virtual = 16443

Phase 2 Router Initialization

Phase 2.1 Fix Topology Constraints
Phase 2.1 Fix Topology Constraints | Checksum: 31e6dfd8e

Time (s): cpu = 00:00:15 ; elapsed = 00:00:12 . Memory (MB): peak = 3174.273 ; gain = 0.000 ; free physical = 3832 ; free virtual = 16443

Phase 2.2 Pre Route Cleanup
Phase 2.2 Pre Route Cleanup | Checksum: 31e6dfd8e

Time (s): cpu = 00:00:15 ; elapsed = 00:00:12 . Memory (MB): peak = 3174.273 ; gain = 0.000 ; free physical = 3832 ; free virtual = 16443
 Number of Nodes with overlaps = 0

Phase 2.3 Update Timing
Phase 2.3 Update Timing | Checksum: 241de2dce

Time (s): cpu = 00:00:19 ; elapsed = 00:00:13 . Memory (MB): peak = 3180.277 ; gain = 6.004 ; free physical = 3826 ; free virtual = 16437
INFO: [Route 35-416] Intermediate Timing Summary | WNS=-3.621 | TNS=-998.126| WHS=-1.058 | THS=-1936.523|


Phase 2.4 Update Timing for Bus Skew

Phase 2.4.1 Update Timing
Phase 2.4.1 Update Timing | Checksum: 1dae97e88

Time (s): cpu = 00:00:21 ; elapsed = 00:00:14 . Memory (MB): peak = 3180.277 ; gain = 6.004 ; free physical = 3826 ; free virtual = 16437
INFO: [Route 35-416] Intermediate Timing Summary | WNS=-3.621 | TNS=-969.973| WHS=N/A    | THS=N/A    |

Phase 2.4 Update Timing for Bus Skew | Checksum: 2025cbed1

Time (s): cpu = 00:00:21 ; elapsed = 00:00:14 . Memory (MB): peak = 3196.277 ; gain = 22.004 ; free physical = 3826 ; free virtual = 16437

Router Utilization Summary
  Global Vertical Routing Utilization    = 0.00263095 %
  Global Horizontal Routing Utilization  = 0.000780843 %
  Routable Net Status*
  *Does not include unroutable nets such as driverless and loadless.
  Run report_route_status for detailed report.
  Number of Failed Nets               = 4626
    (Failed Nets is the sum of unrouted and partially routed nets)
  Number of Unrouted Nets             = 4624
  Number of Partially Routed Nets     = 2
  Number of Node Overlaps             = 0

Phase 2 Router Initialization | Checksum: 17ddfef53

Time (s): cpu = 00:00:21 ; elapsed = 00:00:14 . Memory (MB): peak = 3196.277 ; gain = 22.004 ; free physical = 3817 ; free virtual = 16428

Phase 3 Initial Routing

Phase 3.1 Global Routing
Phase 3.1 Global Routing | Checksum: 17ddfef53

Time (s): cpu = 00:00:21 ; elapsed = 00:00:14 . Memory (MB): peak = 3196.277 ; gain = 22.004 ; free physical = 3817 ; free virtual = 16428

Phase 3.2 Initial Net Routing
Phase 3.2 Initial Net Routing | Checksum: 24511c9a5

Time (s): cpu = 00:00:47 ; elapsed = 00:00:24 . Memory (MB): peak = 3297.277 ; gain = 123.004 ; free physical = 3705 ; free virtual = 16316
Phase 3 Initial Routing | Checksum: 24511c9a5

Time (s): cpu = 00:00:47 ; elapsed = 00:00:24 . Memory (MB): peak = 3297.277 ; gain = 123.004 ; free physical = 3705 ; free virtual = 16316
INFO: [Route 35-580] Design has 459 pins with tight setup and hold constraints.

The top 5 pins with tight setup and hold constraints:

+====================+===================+==========================================+
| Launch Setup Clock | Launch Hold Clock | Pin                                      |
+====================+===================+==========================================+
| CPUCLK             | MAIN              | SYS/CPU/DP/FDFREG/fdf\\.pc_out_reg[10]/D |
| CPUCLK             | MAIN              | SYS/CPU/DP/FDFREG/fdf\\.pc_out_reg[12]/D |
| CPUCLK             | MAIN              | SYS/CPU/DP/FDFREG/fdf\\.pc_out_reg[1]/D  |
| CPUCLK             | MAIN              | SYS/CPU/DP/FDFREG/fdf\\.pc_out_reg[25]/D |
| CPUCLK             | MAIN              | SYS/CPU/DP/FDFREG/fdf\\.pc_out_reg[14]/D |
+--------------------+-------------------+------------------------------------------+

File with complete list of pins: tight_setup_hold_pins.txt


Phase 4 Rip-up And Reroute

Phase 4.1 Global Iteration 0
 Number of Nodes with overlaps = 1335
 Number of Nodes with overlaps = 382
 Number of Nodes with overlaps = 228
 Number of Nodes with overlaps = 155
 Number of Nodes with overlaps = 95
 Number of Nodes with overlaps = 70
 Number of Nodes with overlaps = 29
 Number of Nodes with overlaps = 21
 Number of Nodes with overlaps = 22
 Number of Nodes with overlaps = 5
 Number of Nodes with overlaps = 3
 Number of Nodes with overlaps = 10
 Number of Nodes with overlaps = 3
 Number of Nodes with overlaps = 1
 Number of Nodes with overlaps = 0
INFO: [Route 35-416] Intermediate Timing Summary | WNS=-4.007 | TNS=-2314.185| WHS=N/A    | THS=N/A    |

Phase 4.1 Global Iteration 0 | Checksum: 2651400e2

Time (s): cpu = 00:01:19 ; elapsed = 00:00:44 . Memory (MB): peak = 3297.277 ; gain = 123.004 ; free physical = 3701 ; free virtual = 16312
Phase 4 Rip-up And Reroute | Checksum: 2651400e2

Time (s): cpu = 00:01:19 ; elapsed = 00:00:44 . Memory (MB): peak = 3297.277 ; gain = 123.004 ; free physical = 3701 ; free virtual = 16312

Phase 5 Delay and Skew Optimization

Phase 5.1 Delay CleanUp
 Number of Nodes with overlaps = 0
Phase 5.1 Delay CleanUp | Checksum: 26f4ab18f

Time (s): cpu = 00:01:26 ; elapsed = 00:00:45 . Memory (MB): peak = 3316.277 ; gain = 142.004 ; free physical = 3694 ; free virtual = 16305

Phase 5.2 Clock Skew Optimization
Phase 5.2 Clock Skew Optimization | Checksum: 26f4ab18f

Time (s): cpu = 00:01:26 ; elapsed = 00:00:45 . Memory (MB): peak = 3316.277 ; gain = 142.004 ; free physical = 3694 ; free virtual = 16305
Phase 5 Delay and Skew Optimization | Checksum: 26f4ab18f

Time (s): cpu = 00:01:26 ; elapsed = 00:00:45 . Memory (MB): peak = 3316.277 ; gain = 142.004 ; free physical = 3694 ; free virtual = 16305

Phase 6 Post Hold Fix

Phase 6.1 Hold Fix Iter

Phase 6.1.1 Update Timing
Phase 6.1.1 Update Timing | Checksum: 25a9f686c

Time (s): cpu = 00:01:27 ; elapsed = 00:00:45 . Memory (MB): peak = 3316.277 ; gain = 142.004 ; free physical = 3694 ; free virtual = 16305
INFO: [Route 35-416] Intermediate Timing Summary | WNS=-4.007 | TNS=-2219.928| WHS=0.033  | THS=0.000  |

Phase 6.1 Hold Fix Iter | Checksum: 2ca4d8023

Time (s): cpu = 00:01:27 ; elapsed = 00:00:45 . Memory (MB): peak = 3316.277 ; gain = 142.004 ; free physical = 3694 ; free virtual = 16305
Phase 6 Post Hold Fix | Checksum: 2ca4d8023

Time (s): cpu = 00:01:27 ; elapsed = 00:00:45 . Memory (MB): peak = 3316.277 ; gain = 142.004 ; free physical = 3694 ; free virtual = 16305

Phase 7 Route finalize

Router Utilization Summary
  Global Vertical Routing Utilization    = 2.42015 %
  Global Horizontal Routing Utilization  = 2.97788 %
  Routable Net Status*
  *Does not include unroutable nets such as driverless and loadless.
  Run report_route_status for detailed report.
  Number of Failed Nets               = 0
    (Failed Nets is the sum of unrouted and partially routed nets)
  Number of Unrouted Nets             = 0
  Number of Partially Routed Nets     = 0
  Number of Node Overlaps             = 0


--GLOBAL Congestion:
Utilization threshold used for congestion level computation: 0.85
Congestion Report
North Dir 1x1 Area, Max Cong = 60.3604%, No Congested Regions.
South Dir 1x1 Area, Max Cong = 78.3784%, No Congested Regions.
East Dir 1x1 Area, Max Cong = 89.7059%, Congestion bounded by tiles (Lower Left Tile -> Upper Right Tile):
   INT_L_X26Y16 -> INT_L_X26Y16
West Dir 1x1 Area, Max Cong = 75%, No Congested Regions.

------------------------------
Reporting congestion hotspots
------------------------------
Direction: North
----------------
Congested clusters found at Level 0
Effective congestion level: 0 Aspect Ratio: 1 Sparse Ratio: 0
Direction: South
----------------
Congested clusters found at Level 0
Effective congestion level: 0 Aspect Ratio: 1 Sparse Ratio: 0
Direction: East
----------------
Congested clusters found at Level 0
Effective congestion level: 0 Aspect Ratio: 1 Sparse Ratio: 1
Direction: West
----------------
Congested clusters found at Level 0
Effective congestion level: 0 Aspect Ratio: 1 Sparse Ratio: 0

Phase 7 Route finalize | Checksum: 2ca4d8023

Time (s): cpu = 00:01:27 ; elapsed = 00:00:45 . Memory (MB): peak = 3316.277 ; gain = 142.004 ; free physical = 3694 ; free virtual = 16305

Phase 8 Verifying routed nets

 Verification completed successfully
Phase 8 Verifying routed nets | Checksum: 2ca4d8023

Time (s): cpu = 00:01:27 ; elapsed = 00:00:45 . Memory (MB): peak = 3316.277 ; gain = 142.004 ; free physical = 3694 ; free virtual = 16305

Phase 9 Depositing Routes
Phase 9 Depositing Routes | Checksum: 2b77ede3f

Time (s): cpu = 00:01:28 ; elapsed = 00:00:46 . Memory (MB): peak = 3316.277 ; gain = 142.004 ; free physical = 3693 ; free virtual = 16304

Phase 10 Post Router Timing
INFO: [Route 35-57] Estimated Timing Summary | WNS=-4.007 | TNS=-2219.928| WHS=0.033  | THS=0.000  |

WARNING: [Route 35-328] Router estimated timing not met.
Resolution: For a complete and accurate timing signoff, report_timing_summary must be run after route_design. Alternatively, route_design can be run with the -timing_summary option to enable a complete timing signoff at the end of route_design.
Phase 10 Post Router Timing | Checksum: 2b77ede3f

Time (s): cpu = 00:01:29 ; elapsed = 00:00:46 . Memory (MB): peak = 3316.277 ; gain = 142.004 ; free physical = 3693 ; free virtual = 16304
INFO: [Route 35-16] Router Completed Successfully

Phase 11 Post-Route Event Processing
Phase 11 Post-Route Event Processing | Checksum: 11eba85d1

Time (s): cpu = 00:01:29 ; elapsed = 00:00:46 . Memory (MB): peak = 3316.277 ; gain = 142.004 ; free physical = 3693 ; free virtual = 16304
Ending Routing Task | Checksum: 11eba85d1

Time (s): cpu = 00:01:29 ; elapsed = 00:00:46 . Memory (MB): peak = 3316.277 ; gain = 142.004 ; free physical = 3693 ; free virtual = 16304

Routing Is Done.
INFO: [Common 17-83] Releasing license: Implementation
736 Infos, 1 Warnings, 0 Critical Warnings and 0 Errors encountered.
route_design completed successfully
route_design: Time (s): cpu = 00:01:30 ; elapsed = 00:00:47 . Memory (MB): peak = 3316.277 ; gain = 142.004 ; free physical = 3693 ; free virtual = 16304
INFO: [runtcl-4] Executing : report_drc -file system_fpga_drc_routed.rpt -pb system_fpga_drc_routed.pb -rpx system_fpga_drc_routed.rpx
Command: report_drc -file system_fpga_drc_routed.rpt -pb system_fpga_drc_routed.pb -rpx system_fpga_drc_routed.rpx
INFO: [IP_Flow 19-1839] IP Catalog is up to date.
INFO: [DRC 23-27] Running DRC with 8 threads
INFO: [Vivado_Tcl 2-168] The results of DRC are in file /home/ecegridfs/a/437mg063/ece437/processors/build/system_fpga.runs/impl_1/system_fpga_drc_routed.rpt.
report_drc completed successfully
INFO: [runtcl-4] Executing : report_methodology -file system_fpga_methodology_drc_routed.rpt -pb system_fpga_methodology_drc_routed.pb -rpx system_fpga_methodology_drc_routed.rpx
Command: report_methodology -file system_fpga_methodology_drc_routed.rpt -pb system_fpga_methodology_drc_routed.pb -rpx system_fpga_methodology_drc_routed.rpx
INFO: [Timing 38-35] Done setting XDC timing constraints.
INFO: [DRC 23-133] Running Methodology with 8 threads
INFO: [Vivado_Tcl 2-1520] The results of Report Methodology are in file /home/ecegridfs/a/437mg063/ece437/processors/build/system_fpga.runs/impl_1/system_fpga_methodology_drc_routed.rpt.
report_methodology completed successfully
INFO: [runtcl-4] Executing : report_power -file system_fpga_power_routed.rpt -pb system_fpga_power_summary_routed.pb -rpx system_fpga_power_routed.rpx
Command: report_power -file system_fpga_power_routed.rpt -pb system_fpga_power_summary_routed.pb -rpx system_fpga_power_routed.rpx
INFO: [Timing 38-35] Done setting XDC timing constraints.
Running Vector-less Activity Propagation...

Finished Running Vector-less Activity Propagation
WARNING: [Power 33-332] Found switching activity that implies high-fanout reset nets being asserted for excessive periods of time which may result in inaccurate power analysis.
Resolution: To review and fix problems, please run Power Constraints Advisor in the GUI from Tools > Power Constraints Advisor or run report_power with the -advisory option to generate a text report.
746 Infos, 2 Warnings, 0 Critical Warnings and 0 Errors encountered.
report_power completed successfully
INFO: [runtcl-4] Executing : report_route_status -file system_fpga_route_status.rpt -pb system_fpga_route_status.pb
INFO: [runtcl-4] Executing : report_timing_summary -max_paths 10 -report_unconstrained -file system_fpga_timing_summary_routed.rpt -pb system_fpga_timing_summary_routed.pb -rpx system_fpga_timing_summary_routed.rpx -warn_on_violation 
INFO: [Timing 38-91] UpdateTimingParams: Speed grade: -1, Delay Type: min_max.
INFO: [Timing 38-191] Multithreading enabled for timing update using a maximum of 8 CPUs
CRITICAL WARNING: [Timing 38-282] The design failed to meet the timing requirements. Please see the timing summary report for details on the timing violations.
WARNING: [Timing 38-436] There are set_bus_skew constraint(s) in this design. Please run report_bus_skew to ensure that bus skew requirements are met.
INFO: [runtcl-4] Executing : report_incremental_reuse -file system_fpga_incremental_reuse_routed.rpt
INFO: [Vivado_Tcl 4-1062] Incremental flow is disabled. No incremental reuse Info to report.
INFO: [runtcl-4] Executing : report_clock_utilization -file system_fpga_clock_utilization_routed.rpt
INFO: [runtcl-4] Executing : report_bus_skew -warn_on_violation -file system_fpga_bus_skew_routed.rpt -pb system_fpga_bus_skew_routed.pb -rpx system_fpga_bus_skew_routed.rpx
INFO: [Timing 38-91] UpdateTimingParams: Speed grade: -1, Delay Type: min_max.
INFO: [Timing 38-191] Multithreading enabled for timing update using a maximum of 8 CPUs
INFO: [Timing 38-480] Writing timing data to binary archive.
Write ShapeDB Complete: Time (s): cpu = 00:00:00.01 ; elapsed = 00:00:00 . Memory (MB): peak = 3404.320 ; gain = 0.000 ; free physical = 3659 ; free virtual = 16277
Wrote PlaceDB: Time (s): cpu = 00:00:00.77 ; elapsed = 00:00:00.27 . Memory (MB): peak = 3404.320 ; gain = 0.000 ; free physical = 3653 ; free virtual = 16277
Wrote PulsedLatchDB: Time (s): cpu = 00:00:00 ; elapsed = 00:00:00 . Memory (MB): peak = 3404.320 ; gain = 0.000 ; free physical = 3657 ; free virtual = 16281
Writing XDEF routing.
Writing XDEF routing logical nets.
Writing XDEF routing special nets.
Wrote RouteStorage: Time (s): cpu = 00:00:00.04 ; elapsed = 00:00:00.05 . Memory (MB): peak = 3404.320 ; gain = 0.000 ; free physical = 3656 ; free virtual = 16281
Wrote Netlist Cache: Time (s): cpu = 00:00:00 ; elapsed = 00:00:00.01 . Memory (MB): peak = 3404.320 ; gain = 0.000 ; free physical = 3654 ; free virtual = 16280
Wrote Device Cache: Time (s): cpu = 00:00:00.01 ; elapsed = 00:00:00 . Memory (MB): peak = 3404.320 ; gain = 0.000 ; free physical = 3653 ; free virtual = 16279
Write Physdb Complete: Time (s): cpu = 00:00:00.83 ; elapsed = 00:00:00.41 . Memory (MB): peak = 3404.320 ; gain = 0.000 ; free physical = 3653 ; free virtual = 16279
INFO: [Common 17-1381] The checkpoint '/home/ecegridfs/a/437mg063/ece437/processors/build/system_fpga.runs/impl_1/system_fpga_routed.dcp' has been generated.
Command: write_bitstream -force system_fpga.bit
Attempting to get a license for feature 'Implementation' and/or device 'xc7s50'
INFO: [Common 17-349] Got license for feature 'Implementation' and/or device 'xc7s50'
Running DRC as a precondition to command write_bitstream
INFO: [IP_Flow 19-1839] IP Catalog is up to date.
INFO: [DRC 23-27] Running DRC with 8 threads
WARNING: [DRC CHECK-3] Report rule limit reached: REQP-1839 rule limit reached: 20 violations have been found.
WARNING: [DRC PDCN-1569] LUT equation term check: Used physical LUT pin 'A3' of cell dbg_hub/inst/BSCANID.u_xsdbm_id/SWITCH_N_EXT_BSCAN.bscan_switch/temp_curid[31]_i_1 (pin dbg_hub/inst/BSCANID.u_xsdbm_id/SWITCH_N_EXT_BSCAN.bscan_switch/temp_curid[31]_i_1/I1) is not included in the LUT equation: 'O6=(A1*A2)+(A1*(~A2)*(~A6))+((~A1))'. If this cell is a user instantiated LUT in the design, please remove connectivity to the pin or change the equation and/or INIT string of the LUT to prevent this issue. If the cell is inferred or IP created LUT, please regenerate the IP and/or resynthesize the design to attempt to correct the issue.
WARNING: [DRC PDCN-1569] LUT equation term check: Used physical LUT pin 'A3' of cell dbg_hub/inst/BSCANID.u_xsdbm_id/SWITCH_N_EXT_BSCAN.id_state[0]_i_1 (pin dbg_hub/inst/BSCANID.u_xsdbm_id/SWITCH_N_EXT_BSCAN.id_state[0]_i_1/I0) is not included in the LUT equation: 'O6=(A6+~A6)*((A2))'. If this cell is a user instantiated LUT in the design, please remove connectivity to the pin or change the equation and/or INIT string of the LUT to prevent this issue. If the cell is inferred or IP created LUT, please regenerate the IP and/or resynthesize the design to attempt to correct the issue.
WARNING: [DRC PDCN-1569] LUT equation term check: Used physical LUT pin 'A4' of cell dbg_hub/inst/BSCANID.u_xsdbm_id/SWITCH_N_EXT_BSCAN.bscan_switch/temp_curid[31]_i_1 (pin dbg_hub/inst/BSCANID.u_xsdbm_id/SWITCH_N_EXT_BSCAN.bscan_switch/temp_curid[31]_i_1/I0) is not included in the LUT equation: 'O6=(A1*A2)+(A1*(~A2)*(~A6))+((~A1))'. If this cell is a user instantiated LUT in the design, please remove connectivity to the pin or change the equation and/or INIT string of the LUT to prevent this issue. If the cell is inferred or IP created LUT, please regenerate the IP and/or resynthesize the design to attempt to correct the issue.
WARNING: [DRC REQP-1839] RAMB36 async control check: The RAMB36E1 SYS/RAM/mem_reg_0 has an input control pin SYS/RAM/mem_reg_0/ADDRARDADDR[11] (net: SYS/RAM/D[12]) which is driven by a register (SYS/CPU/DP/EXMREG/exm\\.alu_out_out_reg[12]) that has an active asychronous set or reset. This may cause corruption of the memory contents and/or read values when the set/reset is asserted and is not analyzed by the default static timing analysis. It is suggested to eliminate the use of a set/reset to registers driving this RAMB pin or else use a synchronous reset in which the assertion of the reset is timed by default.
WARNING: [DRC REQP-1839] RAMB36 async control check: The RAMB36E1 SYS/RAM/mem_reg_0 has an input control pin SYS/RAM/mem_reg_0/ADDRARDADDR[11] (net: SYS/RAM/D[12]) which is driven by a register (SYS/CPU/DP/EXMREG/exm\\.dmemREN_reg) that has an active asychronous set or reset. This may cause corruption of the memory contents and/or read values when the set/reset is asserted and is not analyzed by the default static timing analysis. It is suggested to eliminate the use of a set/reset to registers driving this RAMB pin or else use a synchronous reset in which the assertion of the reset is timed by default.
WARNING: [DRC REQP-1839] RAMB36 async control check: The RAMB36E1 SYS/RAM/mem_reg_0 has an input control pin SYS/RAM/mem_reg_0/ADDRARDADDR[11] (net: SYS/RAM/D[12]) which is driven by a register (SYS/CPU/DP/EXMREG/exm\\.dmemWEN_reg) that has an active asychronous set or reset. This may cause corruption of the memory contents and/or read values when the set/reset is asserted and is not analyzed by the default static timing analysis. It is suggested to eliminate the use of a set/reset to registers driving this RAMB pin or else use a synchronous reset in which the assertion of the reset is timed by default.
WARNING: [DRC REQP-1839] RAMB36 async control check: The RAMB36E1 SYS/RAM/mem_reg_0 has an input control pin SYS/RAM/mem_reg_0/ADDRARDADDR[11] (net: SYS/RAM/D[12]) which is driven by a register (SYS/CPU/DP/PC/pcif\\.PC_reg[12]) that has an active asychronous set or reset. This may cause corruption of the memory contents and/or read values when the set/reset is asserted and is not analyzed by the default static timing analysis. It is suggested to eliminate the use of a set/reset to registers driving this RAMB pin or else use a synchronous reset in which the assertion of the reset is timed by default.
WARNING: [DRC REQP-1839] RAMB36 async control check: The RAMB36E1 SYS/RAM/mem_reg_0 has an input control pin SYS/RAM/mem_reg_0/ADDRARDADDR[11] (net: SYS/RAM/D[12]) which is driven by a register (SYS/CPU/DP/dpif\\.halt_reg) that has an active asychronous set or reset. This may cause corruption of the memory contents and/or read values when the set/reset is asserted and is not analyzed by the default static timing analysis. It is suggested to eliminate the use of a set/reset to registers driving this RAMB pin or else use a synchronous reset in which the assertion of the reset is timed by default.
WARNING: [DRC REQP-1839] RAMB36 async control check: The RAMB36E1 SYS/RAM/mem_reg_0 has an input control pin SYS/RAM/mem_reg_0/ADDRARDADDR[12] (net: SYS/RAM/D[13]) which is driven by a register (SYS/CPU/DP/EXMREG/exm\\.alu_out_out_reg[13]) that has an active asychronous set or reset. This may cause corruption of the memory contents and/or read values when the set/reset is asserted and is not analyzed by the default static timing analysis. It is suggested to eliminate the use of a set/reset to registers driving this RAMB pin or else use a synchronous reset in which the assertion of the reset is timed by default.
WARNING: [DRC REQP-1839] RAMB36 async control check: The RAMB36E1 SYS/RAM/mem_reg_0 has an input control pin SYS/RAM/mem_reg_0/ADDRARDADDR[12] (net: SYS/RAM/D[13]) which is driven by a register (SYS/CPU/DP/EXMREG/exm\\.dmemREN_reg) that has an active asychronous set or reset. This may cause corruption of the memory contents and/or read values when the set/reset is asserted and is not analyzed by the default static timing analysis. It is suggested to eliminate the use of a set/reset to registers driving this RAMB pin or else use a synchronous reset in which the assertion of the reset is timed by default.
WARNING: [DRC REQP-1839] RAMB36 async control check: The RAMB36E1 SYS/RAM/mem_reg_0 has an input control pin SYS/RAM/mem_reg_0/ADDRARDADDR[12] (net: SYS/RAM/D[13]) which is driven by a register (SYS/CPU/DP/EXMREG/exm\\.dmemWEN_reg) that has an active asychronous set or reset. This may cause corruption of the memory contents and/or read values when the set/reset is asserted and is not analyzed by the default static timing analysis. It is suggested to eliminate the use of a set/reset to registers driving this RAMB pin or else use a synchronous reset in which the assertion of the reset is timed by default.
WARNING: [DRC REQP-1839] RAMB36 async control check: The RAMB36E1 SYS/RAM/mem_reg_0 has an input control pin SYS/RAM/mem_reg_0/ADDRARDADDR[12] (net: SYS/RAM/D[13]) which is driven by a register (SYS/CPU/DP/PC/pcif\\.PC_reg[13]) that has an active asychronous set or reset. This may cause corruption of the memory contents and/or read values when the set/reset is asserted and is not analyzed by the default static timing analysis. It is suggested to eliminate the use of a set/reset to registers driving this RAMB pin or else use a synchronous reset in which the assertion of the reset is timed by default.
WARNING: [DRC REQP-1839] RAMB36 async control check: The RAMB36E1 SYS/RAM/mem_reg_0 has an input control pin SYS/RAM/mem_reg_0/ADDRARDADDR[12] (net: SYS/RAM/D[13]) which is driven by a register (SYS/CPU/DP/dpif\\.halt_reg) that has an active asychronous set or reset. This may cause corruption of the memory contents and/or read values when the set/reset is asserted and is not analyzed by the default static timing analysis. It is suggested to eliminate the use of a set/reset to registers driving this RAMB pin or else use a synchronous reset in which the assertion of the reset is timed by default.
WARNING: [DRC REQP-1839] RAMB36 async control check: The RAMB36E1 SYS/RAM/mem_reg_0 has an input control pin SYS/RAM/mem_reg_0/ADDRARDADDR[13] (net: SYS/RAM/D[14]) which is driven by a register (SYS/CPU/DP/EXMREG/exm\\.alu_out_out_reg[14]) that has an active asychronous set or reset. This may cause corruption of the memory contents and/or read values when the set/reset is asserted and is not analyzed by the default static timing analysis. It is suggested to eliminate the use of a set/reset to registers driving this RAMB pin or else use a synchronous reset in which the assertion of the reset is timed by default.
WARNING: [DRC REQP-1839] RAMB36 async control check: The RAMB36E1 SYS/RAM/mem_reg_0 has an input control pin SYS/RAM/mem_reg_0/ADDRARDADDR[13] (net: SYS/RAM/D[14]) which is driven by a register (SYS/CPU/DP/EXMREG/exm\\.dmemREN_reg) that has an active asychronous set or reset. This may cause corruption of the memory contents and/or read values when the set/reset is asserted and is not analyzed by the default static timing analysis. It is suggested to eliminate the use of a set/reset to registers driving this RAMB pin or else use a synchronous reset in which the assertion of the reset is timed by default.
WARNING: [DRC REQP-1839] RAMB36 async control check: The RAMB36E1 SYS/RAM/mem_reg_0 has an input control pin SYS/RAM/mem_reg_0/ADDRARDADDR[13] (net: SYS/RAM/D[14]) which is driven by a register (SYS/CPU/DP/EXMREG/exm\\.dmemWEN_reg) that has an active asychronous set or reset. This may cause corruption of the memory contents and/or read values when the set/reset is asserted and is not analyzed by the default static timing analysis. It is suggested to eliminate the use of a set/reset to registers driving this RAMB pin or else use a synchronous reset in which the assertion of the reset is timed by default.
WARNING: [DRC REQP-1839] RAMB36 async control check: The RAMB36E1 SYS/RAM/mem_reg_0 has an input control pin SYS/RAM/mem_reg_0/ADDRARDADDR[13] (net: SYS/RAM/D[14]) which is driven by a register (SYS/CPU/DP/PC/pcif\\.PC_reg[14]) that has an active asychronous set or reset. This may cause corruption of the memory contents and/or read values when the set/reset is asserted and is not analyzed by the default static timing analysis. It is suggested to eliminate the use of a set/reset to registers driving this RAMB pin or else use a synchronous reset in which the assertion of the reset is timed by default.
WARNING: [DRC REQP-1839] RAMB36 async control check: The RAMB36E1 SYS/RAM/mem_reg_0 has an input control pin SYS/RAM/mem_reg_0/ADDRARDADDR[13] (net: SYS/RAM/D[14]) which is driven by a register (SYS/CPU/DP/dpif\\.halt_reg) that has an active asychronous set or reset. This may cause corruption of the memory contents and/or read values when the set/reset is asserted and is not analyzed by the default static timing analysis. It is suggested to eliminate the use of a set/reset to registers driving this RAMB pin or else use a synchronous reset in which the assertion of the reset is timed by default.
WARNING: [DRC REQP-1839] RAMB36 async control check: The RAMB36E1 SYS/RAM/mem_reg_0 has an input control pin SYS/RAM/mem_reg_0/ADDRARDADDR[14] (net: SYS/RAM/D[15]) which is driven by a register (SYS/CPU/DP/EXMREG/exm\\.alu_out_out_reg[15]) that has an active asychronous set or reset. This may cause corruption of the memory contents and/or read values when the set/reset is asserted and is not analyzed by the default static timing analysis. It is suggested to eliminate the use of a set/reset to registers driving this RAMB pin or else use a synchronous reset in which the assertion of the reset is timed by default.
WARNING: [DRC REQP-1839] RAMB36 async control check: The RAMB36E1 SYS/RAM/mem_reg_0 has an input control pin SYS/RAM/mem_reg_0/ADDRARDADDR[14] (net: SYS/RAM/D[15]) which is driven by a register (SYS/CPU/DP/EXMREG/exm\\.dmemREN_reg) that has an active asychronous set or reset. This may cause corruption of the memory contents and/or read values when the set/reset is asserted and is not analyzed by the default static timing analysis. It is suggested to eliminate the use of a set/reset to registers driving this RAMB pin or else use a synchronous reset in which the assertion of the reset is timed by default.
WARNING: [DRC REQP-1839] RAMB36 async control check: The RAMB36E1 SYS/RAM/mem_reg_0 has an input control pin SYS/RAM/mem_reg_0/ADDRARDADDR[14] (net: SYS/RAM/D[15]) which is driven by a register (SYS/CPU/DP/EXMREG/exm\\.dmemWEN_reg) that has an active asychronous set or reset. This may cause corruption of the memory contents and/or read values when the set/reset is asserted and is not analyzed by the default static timing analysis. It is suggested to eliminate the use of a set/reset to registers driving this RAMB pin or else use a synchronous reset in which the assertion of the reset is timed by default.
WARNING: [DRC REQP-1839] RAMB36 async control check: The RAMB36E1 SYS/RAM/mem_reg_0 has an input control pin SYS/RAM/mem_reg_0/ADDRARDADDR[14] (net: SYS/RAM/D[15]) which is driven by a register (SYS/CPU/DP/PC/pcif\\.PC_reg[15]) that has an active asychronous set or reset. This may cause corruption of the memory contents and/or read values when the set/reset is asserted and is not analyzed by the default static timing analysis. It is suggested to eliminate the use of a set/reset to registers driving this RAMB pin or else use a synchronous reset in which the assertion of the reset is timed by default.
WARNING: [DRC REQP-1839] RAMB36 async control check: The RAMB36E1 SYS/RAM/mem_reg_0 has an input control pin SYS/RAM/mem_reg_0/ADDRARDADDR[14] (net: SYS/RAM/D[15]) which is driven by a register (SYS/CPU/DP/dpif\\.halt_reg) that has an active asychronous set or reset. This may cause corruption of the memory contents and/or read values when the set/reset is asserted and is not analyzed by the default static timing analysis. It is suggested to eliminate the use of a set/reset to registers driving this RAMB pin or else use a synchronous reset in which the assertion of the reset is timed by default.
WARNING: [DRC RTSTAT-10] No routable loads: 19 net(s) have no routable loads. The problem bus(es) and/or net(s) are dbg_hub/inst/BSCANID.u_xsdbm_id/SWITCH_N_EXT_BSCAN.bscan_inst/TMS, dbg_hub/inst/BSCANID.u_xsdbm_id/CORE_XSDB.UUT_MASTER/U_ICON_INTERFACE/U_CMD6_RD/U_RD_FIFO/SUBCORE_FIFO.xsdbm_v3_0_0_rdfifo_inst/inst_fifo_gen/gconvfifo.rf/grf.rf/gntv_or_sync_fifo.gl0.rd/gr1.gr1_int.rfwft/aempty_fwft_i, dbg_hub/inst/BSCANID.u_xsdbm_id/CORE_XSDB.UUT_MASTER/U_ICON_INTERFACE/U_CMD7_CTL/ctl_reg[2:0], dbg_hub/inst/BSCANID.u_xsdbm_id/CORE_XSDB.UUT_MASTER/U_ICON_INTERFACE/U_CMD1/ctl_reg_en_2[1], dbg_hub/inst/BSCANID.u_xsdbm_id/CORE_XSDB.UUT_MASTER/U_ICON_INTERFACE/U_CMD7_CTL/ctl_reg_en_2[1], dbg_hub/inst/BSCANID.u_xsdbm_id/SWITCH_N_EXT_BSCAN.bscan_switch/m_bscan_capture[0], dbg_hub/inst/BSCANID.u_xsdbm_id/SWITCH_N_EXT_BSCAN.bscan_switch/m_bscan_drck[0], dbg_hub/inst/BSCANID.u_xsdbm_id/SWITCH_N_EXT_BSCAN.bscan_switch/m_bscan_runtest[0], dbg_hub/inst/BSCANID.u_xsdbm_id/CORE_XSDB.UUT_MASTER/U_ICON_INTERFACE/U_CMD6_WR/U_WR_FIFO/SUBCORE_FIFO.xsdbm_v3_0_0_wrfifo_inst/inst_fifo_gen/gconvfifo.rf/grf.rf/rstblk/ngwrdrst.grst.rd_rst_reg[0], dbg_hub/inst/BSCANID.u_xsdbm_id/CORE_XSDB.UUT_MASTER/U_ICON_INTERFACE/U_CMD6_RD/U_RD_FIFO/SUBCORE_FIFO.xsdbm_v3_0_0_rdfifo_inst/inst_fifo_gen/gconvfifo.rf/grf.rf/rstblk/ngwrdrst.grst.wr_rst_reg[2], dbg_hub/inst/BSCANID.u_xsdbm_id/CORE_XSDB.UUT_MASTER/U_ICON_INTERFACE/U_CMD6_WR/U_WR_FIFO/SUBCORE_FIFO.xsdbm_v3_0_0_wrfifo_inst/inst_fifo_gen/gconvfifo.rf/grf.rf/rstblk/ngwrdrst.grst.wr_rst_reg[2], dbg_hub/inst/BSCANID.u_xsdbm_id/CORE_XSDB.UUT_MASTER/U_ICON_INTERFACE/U_CMD6_WR/U_WR_FIFO/SUBCORE_FIFO.xsdbm_v3_0_0_wrfifo_inst/inst_fifo_gen/gconvfifo.rf/grf.rf/gntv_or_sync_fifo.gl0.wr/gwhf.whf/overflow, dbg_hub/inst/BSCANID.u_xsdbm_id/CORE_XSDB.UUT_MASTER/U_ICON_INTERFACE/U_CMD6_RD/U_RD_FIFO/SUBCORE_FIFO.xsdbm_v3_0_0_rdfifo_inst/inst_fifo_gen/gconvfifo.rf/grf.rf/gntv_or_sync_fifo.gl0.wr/gwhf.whf/overflow, dbg_hub/inst/BSCANID.u_xsdbm_id/CORE_XSDB.UUT_MASTER/U_ICON_INTERFACE/U_CMD6_RD/U_RD_FIFO/SUBCORE_FIFO.xsdbm_v3_0_0_rdfifo_inst/inst_fifo_gen/gconvfifo.rf/grf.rf/gntv_or_sync_fifo.gl0.rd/gras.rsts/ram_empty_i, dbg_hub/inst/BSCANID.u_xsdbm_id/CORE_XSDB.UUT_MASTER/U_ICON_INTERFACE/U_CMD6_WR/U_WR_FIFO/SUBCORE_FIFO.xsdbm_v3_0_0_wrfifo_inst/inst_fifo_gen/gconvfifo.rf/grf.rf/gntv_or_sync_fifo.gl0.wr/gwas.wsts/ram_full_i... and (the first 15 of 17 listed).
INFO: [Vivado 12-3199] DRC finished with 0 Errors, 25 Warnings
INFO: [Vivado 12-3200] Please refer to the DRC report (report_drc) for more information.
INFO: [Designutils 20-2272] Running write_bitstream with 8 threads.
Loading data files...
Loading site data...
Loading route data...
Processing options...
Creating bitmap...
Creating bitstream...
Writing bitstream ./system_fpga.bit...
INFO: [Vivado 12-1842] Bitgen Completed Successfully.
INFO: [Common 17-83] Releasing license: Implementation
13 Infos, 25 Warnings, 0 Critical Warnings and 0 Errors encountered.
write_bitstream completed successfully
write_bitstream: Time (s): cpu = 00:00:15 ; elapsed = 00:00:18 . Memory (MB): peak = 3539.965 ; gain = 135.645 ; free physical = 3459 ; free virtual = 16079
INFO: [Common 17-206] Exiting Vivado at Thu Oct  9 18:53:24 2025...
