Copyright 1986-2022 Xilinx, Inc. All Rights Reserved. Copyright 2022-2023 Advanced Micro Devices, Inc. All Rights Reserved.
----------------------------------------------------------------------------------------------------------------------------------------------------------
| Tool Version              : Vivado v.2023.2 (lin64) Build 4029153 Fri Oct 13 20:13:54 MDT 2023
| Date                      : Sat Dec  6 14:55:23 2025
| Host                      : cparch08.ecn.purdue.edu running 64-bit Oracle Linux Server release 8.10
| Command                   : report_io -file system_io_placed.rpt
| Design                    : system
| Device                    : xc7s50
| Speed File                : -1
| Package                   : csga324
| Package Version           : PRODUCTION 1.1 05/04/2017
| Package Pin Delay Version : PRODUCTION 1.0 9/10/2016
----------------------------------------------------------------------------------------------------------------------------------------------------------

IO Information

Table of Contents
-----------------
1. Summary
2. IO Assignments by Package Pin

1. Summary
----------

+---------------+
| Total User IO |
+---------------+
|           148 |
+---------------+


2. IO Assignments by Package Pin
--------------------------------

+------------+------------------+------------+------------------------------+-------------+-------------+---------+------------+------+---------------------+----------------------+---------+------------+-----------+----------+------+------------------+--------------+-------------------+--------------+
| Pin Number | Signal Name      | Bank Type  | Pin Name                     | Use         | IO Standard | IO Bank | Drive (mA) | Slew | On-Chip Termination | Off-Chip Termination | Voltage | Constraint | Pull Type | DQS Bias | Vref | Signal Integrity | Pre Emphasis | Lvds Pre Emphasis | Equalization |
+------------+------------------+------------+------------------------------+-------------+-------------+---------+------------+------+---------------------+----------------------+---------+------------+-----------+----------+------+------------------+--------------+-------------------+--------------+
| A1         |                  |            | GND                          | GND         |             |         |            |      |                     |                      |     0.0 |            |           |          |      |                  |              |                   |              |
| A2         | dbg_data_out[29] | High Range | IO_L10N_T1_AD15N_35          | OUTPUT      | LVCMOS18*   |      35 |         12 | SLOW |                     |            FP_VTT_50 |         | UNFIXED    |           |          |      | NONE             |              |                   |              |
| A3         | dbg_data_out[30] | High Range | IO_L10P_T1_AD15P_35          | OUTPUT      | LVCMOS18*   |      35 |         12 | SLOW |                     |            FP_VTT_50 |         | UNFIXED    |           |          |      | NONE             |              |                   |              |
| A4         | dbg_data_out[31] | High Range | IO_L9N_T1_DQS_AD7N_35        | OUTPUT      | LVCMOS18*   |      35 |         12 | SLOW |                     |            FP_VTT_50 |         | UNFIXED    |           |          |      | NONE             |              |                   |              |
| A5         |                  | High Range | IO_L9P_T1_DQS_AD7P_35        | User IO     |             |      35 |            |      |                     |                      |         |            |           |          |      |                  |              |                   |              |
| A6         |                  | High Range | IO_L4N_T0_35                 | User IO     |             |      35 |            |      |                     |                      |         |            |           |          |      |                  |              |                   |              |
| A7         |                  | High Range | IO_L1N_T0_AD4N_35            | User IO     |             |      35 |            |      |                     |                      |         |            |           |          |      |                  |              |                   |              |
| A8         |                  | High Range | IO_L1P_T0_AD4P_35            | User IO     |             |      35 |            |      |                     |                      |         |            |           |          |      |                  |              |                   |              |
| A9         |                  | High Range | IO_L12N_T1_MRCC_16           | User IO     |             |      16 |            |      |                     |                      |         |            |           |          |      |                  |              |                   |              |
| A10        |                  | High Range | IO_L12P_T1_MRCC_16           | User IO     |             |      16 |            |      |                     |                      |         |            |           |          |      |                  |              |                   |              |
| A11        |                  | High Range | IO_L14N_T2_SRCC_16           | User IO     |             |      16 |            |      |                     |                      |         |            |           |          |      |                  |              |                   |              |
| A12        |                  |            | GND                          | GND         |             |         |            |      |                     |                      |     0.0 |            |           |          |      |                  |              |                   |              |
| A13        |                  | High Range | IO_L1N_T0_AD0N_15            | User IO     |             |      15 |            |      |                     |                      |         |            |           |          |      |                  |              |                   |              |
| A14        |                  | High Range | IO_L2N_T0_AD8N_15            | User IO     |             |      15 |            |      |                     |                      |         |            |           |          |      |                  |              |                   |              |
| A15        |                  | High Range | IO_L3N_T0_DQS_AD1N_15        | User IO     |             |      15 |            |      |                     |                      |         |            |           |          |      |                  |              |                   |              |
| A16        |                  | High Range | IO_L4N_T0_15                 | User IO     |             |      15 |            |      |                     |                      |         |            |           |          |      |                  |              |                   |              |
| A17        |                  | High Range | IO_L7N_T1_AD2N_15            | User IO     |             |      15 |            |      |                     |                      |         |            |           |          |      |                  |              |                   |              |
| A18        |                  |            | GND                          | GND         |             |         |            |      |                     |                      |     0.0 |            |           |          |      |                  |              |                   |              |
| B1         | dbg_data_out[25] | High Range | IO_L12N_T1_MRCC_35           | OUTPUT      | LVCMOS18*   |      35 |         12 | SLOW |                     |            FP_VTT_50 |         | UNFIXED    |           |          |      | NONE             |              |                   |              |
| B2         | dbg_data_out[27] | High Range | IO_L11N_T1_SRCC_35           | OUTPUT      | LVCMOS18*   |      35 |         12 | SLOW |                     |            FP_VTT_50 |         | UNFIXED    |           |          |      | NONE             |              |                   |              |
| B3         |                  | High Range | IO_L8N_T1_AD14N_35           | User IO     |             |      35 |            |      |                     |                      |         |            |           |          |      |                  |              |                   |              |
| B4         |                  | High Range | IO_L7N_T1_AD6N_35            | User IO     |             |      35 |            |      |                     |                      |         |            |           |          |      |                  |              |                   |              |
| B5         |                  | High Range | IO_L2N_T0_AD12N_35           | User IO     |             |      35 |            |      |                     |                      |         |            |           |          |      |                  |              |                   |              |
| B6         |                  | High Range | VCCO_35                      | VCCO        |             |      35 |            |      |                     |                      |    1.80 |            |           |          |      |                  |              |                   |              |
| B7         |                  | High Range | IO_L4P_T0_35                 | User IO     |             |      35 |            |      |                     |                      |         |            |           |          |      |                  |              |                   |              |
| B8         |                  | Dedicated  | VCCBATT_0                    | Config      |             |       0 |            |      |                     |                      |         |            |           |          |      |                  |              |                   |              |
| B9         |                  |            | GND                          | GND         |             |         |            |      |                     |                      |     0.0 |            |           |          |      |                  |              |                   |              |
| B10        |                  | High Range | VCCO_16                      | VCCO        |             |      16 |            |      |                     |                      |   any** |            |           |          |      |                  |              |                   |              |
| B11        |                  | High Range | IO_L14P_T2_SRCC_16           | User IO     |             |      16 |            |      |                     |                      |         |            |           |          |      |                  |              |                   |              |
| B12        |                  | High Range | VCCO_16                      | VCCO        |             |      16 |            |      |                     |                      |   any** |            |           |          |      |                  |              |                   |              |
| B13        |                  | High Range | IO_L1P_T0_AD0P_15            | User IO     |             |      15 |            |      |                     |                      |         |            |           |          |      |                  |              |                   |              |
| B14        |                  | High Range | IO_L2P_T0_AD8P_15            | User IO     |             |      15 |            |      |                     |                      |         |            |           |          |      |                  |              |                   |              |
| B15        |                  | High Range | IO_L3P_T0_DQS_AD1P_15        | User IO     |             |      15 |            |      |                     |                      |         |            |           |          |      |                  |              |                   |              |
| B16        |                  | High Range | IO_L4P_T0_15                 | User IO     |             |      15 |            |      |                     |                      |         |            |           |          |      |                  |              |                   |              |
| B17        |                  | High Range | IO_L7P_T1_AD2P_15            | User IO     |             |      15 |            |      |                     |                      |         |            |           |          |      |                  |              |                   |              |
| B18        |                  | High Range | IO_L8N_T1_AD10N_15           | User IO     |             |      15 |            |      |                     |                      |         |            |           |          |      |                  |              |                   |              |
| C1         | dbg_data_out[26] | High Range | IO_L12P_T1_MRCC_35           | OUTPUT      | LVCMOS18*   |      35 |         12 | SLOW |                     |            FP_VTT_50 |         | UNFIXED    |           |          |      | NONE             |              |                   |              |
| C2         | dbg_data_out[28] | High Range | IO_L11P_T1_SRCC_35           | OUTPUT      | LVCMOS18*   |      35 |         12 | SLOW |                     |            FP_VTT_50 |         | UNFIXED    |           |          |      | NONE             |              |                   |              |
| C3         |                  | High Range | IO_L8P_T1_AD14P_35           | User IO     |             |      35 |            |      |                     |                      |         |            |           |          |      |                  |              |                   |              |
| C4         |                  | High Range | IO_L7P_T1_AD6P_35            | User IO     |             |      35 |            |      |                     |                      |         |            |           |          |      |                  |              |                   |              |
| C5         |                  | High Range | IO_L2P_T0_AD12P_35           | User IO     |             |      35 |            |      |                     |                      |         |            |           |          |      |                  |              |                   |              |
| C6         |                  |            | GND                          | GND         |             |         |            |      |                     |                      |     0.0 |            |           |          |      |                  |              |                   |              |
| C7         |                  | High Range | IO_L3N_T0_DQS_AD5N_35        | User IO     |             |      35 |            |      |                     |                      |         |            |           |          |      |                  |              |                   |              |
| C8         |                  | Dedicated  | CCLK_0                       | Config      |             |       0 |            |      |                     |                      |         |            |           |          |      |                  |              |                   |              |
| C9         |                  | High Range | IO_L11N_T1_SRCC_16           | User IO     |             |      16 |            |      |                     |                      |         |            |           |          |      |                  |              |                   |              |
| C10        |                  | High Range | IO_L11P_T1_SRCC_16           | User IO     |             |      16 |            |      |                     |                      |         |            |           |          |      |                  |              |                   |              |
| C11        |                  | High Range | IO_L13N_T2_MRCC_16           | User IO     |             |      16 |            |      |                     |                      |         |            |           |          |      |                  |              |                   |              |
| C12        |                  | High Range | IO_L13P_T2_MRCC_16           | User IO     |             |      16 |            |      |                     |                      |         |            |           |          |      |                  |              |                   |              |
| C13        |                  | High Range | IO_L6P_T0_15                 | User IO     |             |      15 |            |      |                     |                      |         |            |           |          |      |                  |              |                   |              |
| C14        |                  | High Range | IO_L6N_T0_VREF_15            | User IO     |             |      15 |            |      |                     |                      |         |            |           |          |      |                  |              |                   |              |
| C15        |                  | High Range | VCCO_15                      | VCCO        |             |      15 |            |      |                     |                      |    1.80 |            |           |          |      |                  |              |                   |              |
| C16        |                  |            | GND                          | GND         |             |         |            |      |                     |                      |     0.0 |            |           |          |      |                  |              |                   |              |
| C17        |                  | High Range | IO_L8P_T1_AD10P_15           | User IO     |             |      15 |            |      |                     |                      |         |            |           |          |      |                  |              |                   |              |
| C18        | syif\.store[27]  | High Range | IO_L11N_T1_SRCC_15           | INPUT       | LVCMOS18*   |      15 |            |      |                     |                 NONE |         | UNFIXED    |           |          |      | NONE             |              |                   |              |
| D1         | dbg_data_out[21] | High Range | IO_L14N_T2_SRCC_35           | OUTPUT      | LVCMOS18*   |      35 |         12 | SLOW |                     |            FP_VTT_50 |         | UNFIXED    |           |          |      | NONE             |              |                   |              |
| D2         | dbg_data_out[17] | High Range | IO_L16N_T2_35                | OUTPUT      | LVCMOS18*   |      35 |         12 | SLOW |                     |            FP_VTT_50 |         | UNFIXED    |           |          |      | NONE             |              |                   |              |
| D3         |                  |            | GND                          | GND         |             |         |            |      |                     |                      |     0.0 |            |           |          |      |                  |              |                   |              |
| D4         |                  | High Range | VCCO_35                      | VCCO        |             |      35 |            |      |                     |                      |    1.80 |            |           |          |      |                  |              |                   |              |
| D5         |                  | High Range | IO_L6N_T0_VREF_35            | User IO     |             |      35 |            |      |                     |                      |         |            |           |          |      |                  |              |                   |              |
| D6         |                  | High Range | IO_L5N_T0_AD13N_35           | User IO     |             |      35 |            |      |                     |                      |         |            |           |          |      |                  |              |                   |              |
| D7         |                  | High Range | IO_L3P_T0_DQS_AD5P_35        | User IO     |             |      35 |            |      |                     |                      |         |            |           |          |      |                  |              |                   |              |
| D8         |                  | Dedicated  | VCCO_0                       | VCCO        |             |       0 |            |      |                     |                      |   any** |            |           |          |      |                  |              |                   |              |
| D9         |                  | Dedicated  | TCK_0                        | Config      |             |       0 |            |      |                     |                      |         |            |           |          |      |                  |              |                   |              |
| D10        |                  | High Range | IO_L19N_T3_VREF_16           | User IO     |             |      16 |            |      |                     |                      |         |            |           |          |      |                  |              |                   |              |
| D11        |                  | High Range | IO_L6N_T0_VREF_16            | User IO     |             |      16 |            |      |                     |                      |         |            |           |          |      |                  |              |                   |              |
| D12        |                  | High Range | IO_L5N_T0_AD9N_15            | User IO     |             |      15 |            |      |                     |                      |         |            |           |          |      |                  |              |                   |              |
| D13        |                  |            | GND                          | GND         |             |         |            |      |                     |                      |     0.0 |            |           |          |      |                  |              |                   |              |
| D14        | syif\.store[26]  | High Range | IO_L12P_T1_MRCC_15           | INPUT       | LVCMOS18*   |      15 |            |      |                     |                 NONE |         | UNFIXED    |           |          |      | NONE             |              |                   |              |
| D15        | syif\.store[25]  | High Range | IO_L12N_T1_MRCC_15           | INPUT       | LVCMOS18*   |      15 |            |      |                     |                 NONE |         | UNFIXED    |           |          |      | NONE             |              |                   |              |
| D16        |                  | High Range | IO_L9P_T1_DQS_AD3P_15        | User IO     |             |      15 |            |      |                     |                      |         |            |           |          |      |                  |              |                   |              |
| D17        | syif\.store[31]  | High Range | IO_L9N_T1_DQS_AD3N_15        | INPUT       | LVCMOS18*   |      15 |            |      |                     |                 NONE |         | UNFIXED    |           |          |      | NONE             |              |                   |              |
| D18        | syif\.store[28]  | High Range | IO_L11P_T1_SRCC_15           | INPUT       | LVCMOS18*   |      15 |            |      |                     |                 NONE |         | UNFIXED    |           |          |      | NONE             |              |                   |              |
| E1         | dbg_data_out[22] | High Range | IO_L14P_T2_SRCC_35           | OUTPUT      | LVCMOS18*   |      35 |         12 | SLOW |                     |            FP_VTT_50 |         | UNFIXED    |           |          |      | NONE             |              |                   |              |
| E2         | dbg_data_out[18] | High Range | IO_L16P_T2_35                | OUTPUT      | LVCMOS18*   |      35 |         12 | SLOW |                     |            FP_VTT_50 |         | UNFIXED    |           |          |      | NONE             |              |                   |              |
| E3         | dbg_data_out[19] | High Range | IO_L15N_T2_DQS_35            | OUTPUT      | LVCMOS18*   |      35 |         12 | SLOW |                     |            FP_VTT_50 |         | UNFIXED    |           |          |      | NONE             |              |                   |              |
| E4         | dbg_data_out[23] | High Range | IO_L13N_T2_MRCC_35           | OUTPUT      | LVCMOS18*   |      35 |         12 | SLOW |                     |            FP_VTT_50 |         | UNFIXED    |           |          |      | NONE             |              |                   |              |
| E5         |                  | High Range | IO_L6P_T0_35                 | User IO     |             |      35 |            |      |                     |                      |         |            |           |          |      |                  |              |                   |              |
| E6         |                  | High Range | IO_L5P_T0_AD13P_35           | User IO     |             |      35 |            |      |                     |                      |         |            |           |          |      |                  |              |                   |              |
| E7         |                  |            | VCCINT                       | VCCINT      |             |         |            |      |                     |                      |         |            |           |          |      |                  |              |                   |              |
| E8         |                  |            | GND                          | GND         |             |         |            |      |                     |                      |     0.0 |            |           |          |      |                  |              |                   |              |
| E9         |                  |            | VCCINT                       | VCCINT      |             |         |            |      |                     |                      |         |            |           |          |      |                  |              |                   |              |
| E10        |                  |            | GND                          | GND         |             |         |            |      |                     |                      |     0.0 |            |           |          |      |                  |              |                   |              |
| E11        |                  |            | VCCINT                       | VCCINT      |             |         |            |      |                     |                      |         |            |           |          |      |                  |              |                   |              |
| E12        |                  | High Range | IO_L5P_T0_AD9P_15            | User IO     |             |      15 |            |      |                     |                      |         |            |           |          |      |                  |              |                   |              |
| E13        | syif\.store[15]  | High Range | IO_L17N_T2_15                | INPUT       | LVCMOS18*   |      15 |            |      |                     |                 NONE |         | UNFIXED    |           |          |      | NONE             |              |                   |              |
| E14        | syif\.store[20]  | High Range | IO_L15P_T2_DQS_15            | INPUT       | LVCMOS18*   |      15 |            |      |                     |                 NONE |         | UNFIXED    |           |          |      | NONE             |              |                   |              |
| E15        | syif\.store[19]  | High Range | IO_L15N_T2_DQS_15            | INPUT       | LVCMOS18*   |      15 |            |      |                     |                 NONE |         | UNFIXED    |           |          |      | NONE             |              |                   |              |
| E16        | syif\.store[30]  | High Range | IO_L10P_T1_AD11P_15          | INPUT       | LVCMOS18*   |      15 |            |      |                     |                 NONE |         | UNFIXED    |           |          |      | NONE             |              |                   |              |
| E17        | syif\.store[29]  | High Range | IO_L10N_T1_AD11N_15          | INPUT       | LVCMOS18*   |      15 |            |      |                     |                 NONE |         | UNFIXED    |           |          |      | NONE             |              |                   |              |
| E18        | syif\.store[17]  | High Range | IO_L16N_T2_15                | INPUT       | LVCMOS18*   |      15 |            |      |                     |                 NONE |         | UNFIXED    |           |          |      | NONE             |              |                   |              |
| F1         | dbg_data_out[13] | High Range | IO_L18N_T2_35                | OUTPUT      | LVCMOS18*   |      35 |         12 | SLOW |                     |            FP_VTT_50 |         | UNFIXED    |           |          |      | NONE             |              |                   |              |
| F2         | dbg_data_out[14] | High Range | IO_L18P_T2_35                | OUTPUT      | LVCMOS18*   |      35 |         12 | SLOW |                     |            FP_VTT_50 |         | UNFIXED    |           |          |      | NONE             |              |                   |              |
| F3         | dbg_data_out[20] | High Range | IO_L15P_T2_DQS_35            | OUTPUT      | LVCMOS18*   |      35 |         12 | SLOW |                     |            FP_VTT_50 |         | UNFIXED    |           |          |      | NONE             |              |                   |              |
| F4         | dbg_data_out[24] | High Range | IO_L13P_T2_MRCC_35           | OUTPUT      | LVCMOS18*   |      35 |         12 | SLOW |                     |            FP_VTT_50 |         | UNFIXED    |           |          |      | NONE             |              |                   |              |
| F5         | dbg_data_out[15] | High Range | IO_L17N_T2_35                | OUTPUT      | LVCMOS18*   |      35 |         12 | SLOW |                     |            FP_VTT_50 |         | UNFIXED    |           |          |      | NONE             |              |                   |              |
| F6         |                  | High Range | IO_0_35                      | User IO     |             |      35 |            |      |                     |                      |         |            |           |          |      |                  |              |                   |              |
| F7         |                  |            | GND                          | GND         |             |         |            |      |                     |                      |     0.0 |            |           |          |      |                  |              |                   |              |
| F8         |                  |            | VCCINT                       | VCCINT      |             |         |            |      |                     |                      |         |            |           |          |      |                  |              |                   |              |
| F9         |                  |            | GND                          | GND         |             |         |            |      |                     |                      |     0.0 |            |           |          |      |                  |              |                   |              |
| F10        |                  |            | VCCINT                       | VCCINT      |             |         |            |      |                     |                      |         |            |           |          |      |                  |              |                   |              |
| F11        |                  |            | GND                          | GND         |             |         |            |      |                     |                      |     0.0 |            |           |          |      |                  |              |                   |              |
| F12        |                  |            | VCCAUX                       | VCCAUX      |             |         |            |      |                     |                      |    1.80 |            |           |          |      |                  |              |                   |              |
| F13        | syif\.store[16]  | High Range | IO_L17P_T2_15                | INPUT       | LVCMOS18*   |      15 |            |      |                     |                 NONE |         | UNFIXED    |           |          |      | NONE             |              |                   |              |
| F14        | syif\.store[24]  | High Range | IO_L13P_T2_MRCC_15           | INPUT       | LVCMOS18*   |      15 |            |      |                     |                 NONE |         | UNFIXED    |           |          |      | NONE             |              |                   |              |
| F15        | syif\.store[23]  | High Range | IO_L13N_T2_MRCC_15           | INPUT       | LVCMOS18*   |      15 |            |      |                     |                 NONE |         | UNFIXED    |           |          |      | NONE             |              |                   |              |
| F16        |                  | High Range | VCCO_15                      | VCCO        |             |      15 |            |      |                     |                      |    1.80 |            |           |          |      |                  |              |                   |              |
| F17        |                  |            | GND                          | GND         |             |         |            |      |                     |                      |     0.0 |            |           |          |      |                  |              |                   |              |
| F18        | syif\.store[18]  | High Range | IO_L16P_T2_15                | INPUT       | LVCMOS18*   |      15 |            |      |                     |                 NONE |         | UNFIXED    |           |          |      | NONE             |              |                   |              |
| G1         | dbg_data_out[7]  | High Range | IO_L21N_T3_DQS_35            | OUTPUT      | LVCMOS18*   |      35 |         12 | SLOW |                     |            FP_VTT_50 |         | UNFIXED    |           |          |      | NONE             |              |                   |              |
| G2         | dbg_data_out[8]  | High Range | IO_L21P_T3_DQS_35            | OUTPUT      | LVCMOS18*   |      35 |         12 | SLOW |                     |            FP_VTT_50 |         | UNFIXED    |           |          |      | NONE             |              |                   |              |
| G3         |                  | High Range | VCCO_35                      | VCCO        |             |      35 |            |      |                     |                      |    1.80 |            |           |          |      |                  |              |                   |              |
| G4         |                  |            | GND                          | GND         |             |         |            |      |                     |                      |     0.0 |            |           |          |      |                  |              |                   |              |
| G5         | dbg_data_out[16] | High Range | IO_L17P_T2_35                | OUTPUT      | LVCMOS18*   |      35 |         12 | SLOW |                     |            FP_VTT_50 |         | UNFIXED    |           |          |      | NONE             |              |                   |              |
| G6         | dbg_data_out[1]  | High Range | IO_L24N_T3_35                | OUTPUT      | LVCMOS18*   |      35 |         12 | SLOW |                     |            FP_VTT_50 |         | UNFIXED    |           |          |      | NONE             |              |                   |              |
| G7         |                  |            | VCCINT                       | VCCINT      |             |         |            |      |                     |                      |         |            |           |          |      |                  |              |                   |              |
| G8         |                  |            | GND                          | GND         |             |         |            |      |                     |                      |     0.0 |            |           |          |      |                  |              |                   |              |
| G9         |                  |            | VCCINT                       | VCCINT      |             |         |            |      |                     |                      |         |            |           |          |      |                  |              |                   |              |
| G10        |                  |            | GND                          | GND         |             |         |            |      |                     |                      |     0.0 |            |           |          |      |                  |              |                   |              |
| G11        |                  |            | VCCINT                       | VCCINT      |             |         |            |      |                     |                      |         |            |           |          |      |                  |              |                   |              |
| G12        |                  |            | GND                          | GND         |             |         |            |      |                     |                      |     0.0 |            |           |          |      |                  |              |                   |              |
| G13        |                  | High Range | IO_0_15                      | User IO     |             |      15 |            |      |                     |                      |         |            |           |          |      |                  |              |                   |              |
| G14        |                  |            | GND                          | GND         |             |         |            |      |                     |                      |     0.0 |            |           |          |      |                  |              |                   |              |
| G15        | syif\.store[13]  | High Range | IO_L18N_T2_15                | INPUT       | LVCMOS18*   |      15 |            |      |                     |                 NONE |         | UNFIXED    |           |          |      | NONE             |              |                   |              |
| G16        | syif\.store[22]  | High Range | IO_L14P_T2_SRCC_15           | INPUT       | LVCMOS18*   |      15 |            |      |                     |                 NONE |         | UNFIXED    |           |          |      | NONE             |              |                   |              |
| G17        | syif\.store[21]  | High Range | IO_L14N_T2_SRCC_15           | INPUT       | LVCMOS18*   |      15 |            |      |                     |                 NONE |         | UNFIXED    |           |          |      | NONE             |              |                   |              |
| G18        | syif\.store[7]   | High Range | IO_L21N_T3_DQS_15            | INPUT       | LVCMOS18*   |      15 |            |      |                     |                 NONE |         | UNFIXED    |           |          |      | NONE             |              |                   |              |
| H1         |                  |            | GND                          | GND         |             |         |            |      |                     |                      |     0.0 |            |           |          |      |                  |              |                   |              |
| H2         | dbg_data_out[9]  | High Range | IO_L20N_T3_35                | OUTPUT      | LVCMOS18*   |      35 |         12 | SLOW |                     |            FP_VTT_50 |         | UNFIXED    |           |          |      | NONE             |              |                   |              |
| H3         | dbg_data_out[10] | High Range | IO_L20P_T3_35                | OUTPUT      | LVCMOS18*   |      35 |         12 | SLOW |                     |            FP_VTT_50 |         | UNFIXED    |           |          |      | NONE             |              |                   |              |
| H4         | dbg_data_out[5]  | High Range | IO_L22N_T3_35                | OUTPUT      | LVCMOS18*   |      35 |         12 | SLOW |                     |            FP_VTT_50 |         | UNFIXED    |           |          |      | NONE             |              |                   |              |
| H5         | dbg_data_out[6]  | High Range | IO_L22P_T3_35                | OUTPUT      | LVCMOS18*   |      35 |         12 | SLOW |                     |            FP_VTT_50 |         | UNFIXED    |           |          |      | NONE             |              |                   |              |
| H6         | dbg_data_out[2]  | High Range | IO_L24P_T3_35                | OUTPUT      | LVCMOS18*   |      35 |         12 | SLOW |                     |            FP_VTT_50 |         | UNFIXED    |           |          |      | NONE             |              |                   |              |
| H7         |                  |            | GND                          | GND         |             |         |            |      |                     |                      |     0.0 |            |           |          |      |                  |              |                   |              |
| H8         |                  |            | VCCINT                       | VCCINT      |             |         |            |      |                     |                      |         |            |           |          |      |                  |              |                   |              |
| H9         |                  | Dedicated  | GNDADC_0                     | XADC        |             |       0 |            |      |                     |                      |         |            |           |          |      |                  |              |                   |              |
| H10        |                  | Dedicated  | VCCADC_0                     | XADC        |             |       0 |            |      |                     |                      |         |            |           |          |      |                  |              |                   |              |
| H11        |                  |            | GND                          | GND         |             |         |            |      |                     |                      |     0.0 |            |           |          |      |                  |              |                   |              |
| H12        |                  |            | VCCAUX                       | VCCAUX      |             |         |            |      |                     |                      |    1.80 |            |           |          |      |                  |              |                   |              |
| H13        | syif\.store[10]  | High Range | IO_L20P_T3_15                | INPUT       | LVCMOS18*   |      15 |            |      |                     |                 NONE |         | UNFIXED    |           |          |      | NONE             |              |                   |              |
| H14        | syif\.store[9]   | High Range | IO_L20N_T3_15                | INPUT       | LVCMOS18*   |      15 |            |      |                     |                 NONE |         | UNFIXED    |           |          |      | NONE             |              |                   |              |
| H15        | syif\.store[14]  | High Range | IO_L18P_T2_15                | INPUT       | LVCMOS18*   |      15 |            |      |                     |                 NONE |         | UNFIXED    |           |          |      | NONE             |              |                   |              |
| H16        | syif\.store[6]   | High Range | IO_L22P_T3_15                | INPUT       | LVCMOS18*   |      15 |            |      |                     |                 NONE |         | UNFIXED    |           |          |      | NONE             |              |                   |              |
| H17        | syif\.store[5]   | High Range | IO_L22N_T3_15                | INPUT       | LVCMOS18*   |      15 |            |      |                     |                 NONE |         | UNFIXED    |           |          |      | NONE             |              |                   |              |
| H18        | syif\.store[8]   | High Range | IO_L21P_T3_DQS_15            | INPUT       | LVCMOS18*   |      15 |            |      |                     |                 NONE |         | UNFIXED    |           |          |      | NONE             |              |                   |              |
| J1         | dbg_data_out[3]  | High Range | IO_L23N_T3_35                | OUTPUT      | LVCMOS18*   |      35 |         12 | SLOW |                     |            FP_VTT_50 |         | UNFIXED    |           |          |      | NONE             |              |                   |              |
| J2         | dbg_data_out[4]  | High Range | IO_L23P_T3_35                | OUTPUT      | LVCMOS18*   |      35 |         12 | SLOW |                     |            FP_VTT_50 |         | UNFIXED    |           |          |      | NONE             |              |                   |              |
| J3         | dbg_data_out[11] | High Range | IO_L19N_T3_VREF_35           | OUTPUT      | LVCMOS18*   |      35 |         12 | SLOW |                     |            FP_VTT_50 |         | UNFIXED    |           |          |      | NONE             |              |                   |              |
| J4         | dbg_data_out[12] | High Range | IO_L19P_T3_35                | OUTPUT      | LVCMOS18*   |      35 |         12 | SLOW |                     |            FP_VTT_50 |         | UNFIXED    |           |          |      | NONE             |              |                   |              |
| J5         | dbg_data_out[0]  | High Range | IO_25_35                     | OUTPUT      | LVCMOS18*   |      35 |         12 | SLOW |                     |            FP_VTT_50 |         | UNFIXED    |           |          |      | NONE             |              |                   |              |
| J6         |                  | High Range | IO_0_34                      | User IO     |             |      34 |            |      |                     |                      |         |            |           |          |      |                  |              |                   |              |
| J7         |                  |            | VCCINT                       | VCCINT      |             |         |            |      |                     |                      |         |            |           |          |      |                  |              |                   |              |
| J8         |                  |            | GND                          | GND         |             |         |            |      |                     |                      |     0.0 |            |           |          |      |                  |              |                   |              |
| J9         |                  | Dedicated  | VREFN_0                      | XADC        |             |       0 |            |      |                     |                      |         |            |           |          |      |                  |              |                   |              |
| J10        |                  | Dedicated  | VP_0                         | XADC        |             |       0 |            |      |                     |                      |         |            |           |          |      |                  |              |                   |              |
| J11        |                  |            | VCCINT                       | VCCINT      |             |         |            |      |                     |                      |         |            |           |          |      |                  |              |                   |              |
| J12        |                  |            | GND                          | GND         |             |         |            |      |                     |                      |     0.0 |            |           |          |      |                  |              |                   |              |
| J13        | syif\.store[2]   | High Range | IO_L24P_T3_RS1_15            | INPUT       | LVCMOS18*   |      15 |            |      |                     |                 NONE |         | UNFIXED    |           |          |      | NONE             |              |                   |              |
| J14        | syif\.store[1]   | High Range | IO_L24N_T3_RS0_15            | INPUT       | LVCMOS18*   |      15 |            |      |                     |                 NONE |         | UNFIXED    |           |          |      | NONE             |              |                   |              |
| J15        | syif\.store[3]   | High Range | IO_L23N_T3_15                | INPUT       | LVCMOS18*   |      15 |            |      |                     |                 NONE |         | UNFIXED    |           |          |      | NONE             |              |                   |              |
| J16        | syif\.store[11]  | High Range | IO_L19N_T3_VREF_15           | INPUT       | LVCMOS18*   |      15 |            |      |                     |                 NONE |         | UNFIXED    |           |          |      | NONE             |              |                   |              |
| J17        |                  | High Range | VCCO_15                      | VCCO        |             |      15 |            |      |                     |                      |    1.80 |            |           |          |      |                  |              |                   |              |
| J18        |                  |            | GND                          | GND         |             |         |            |      |                     |                      |     0.0 |            |           |          |      |                  |              |                   |              |
| K1         | syif\.load[29]   | High Range | IO_L3P_T0_DQS_34             | OUTPUT      | LVCMOS18*   |      34 |         12 | SLOW |                     |            FP_VTT_50 |         | UNFIXED    |           |          |      | NONE             |              |                   |              |
| K2         | syif\.load[30]   | High Range | IO_L2N_T0_34                 | OUTPUT      | LVCMOS18*   |      34 |         12 | SLOW |                     |            FP_VTT_50 |         | UNFIXED    |           |          |      | NONE             |              |                   |              |
| K3         | syif\.load[31]   | High Range | IO_L2P_T0_34                 | OUTPUT      | LVCMOS18*   |      34 |         12 | SLOW |                     |            FP_VTT_50 |         | UNFIXED    |           |          |      | NONE             |              |                   |              |
| K4         |                  | High Range | IO_L1P_T0_34                 | User IO     |             |      34 |            |      |                     |                      |         |            |           |          |      |                  |              |                   |              |
| K5         |                  |            | GND                          | GND         |             |         |            |      |                     |                      |     0.0 |            |           |          |      |                  |              |                   |              |
| K6         | syif\.load[27]   | High Range | IO_L4P_T0_34                 | OUTPUT      | LVCMOS18*   |      34 |         12 | SLOW |                     |            FP_VTT_50 |         | UNFIXED    |           |          |      | NONE             |              |                   |              |
| K7         |                  |            | GND                          | GND         |             |         |            |      |                     |                      |     0.0 |            |           |          |      |                  |              |                   |              |
| K8         |                  |            | VCCINT                       | VCCINT      |             |         |            |      |                     |                      |         |            |           |          |      |                  |              |                   |              |
| K9         |                  | Dedicated  | VN_0                         | XADC        |             |       0 |            |      |                     |                      |         |            |           |          |      |                  |              |                   |              |
| K10        |                  | Dedicated  | VREFP_0                      | XADC        |             |       0 |            |      |                     |                      |         |            |           |          |      |                  |              |                   |              |
| K11        |                  |            | GND                          | GND         |             |         |            |      |                     |                      |     0.0 |            |           |          |      |                  |              |                   |              |
| K12        |                  |            | VCCAUX                       | VCCAUX      |             |         |            |      |                     |                      |    1.80 |            |           |          |      |                  |              |                   |              |
| K13        | syif\.store[0]   | High Range | IO_25_15                     | INPUT       | LVCMOS18*   |      15 |            |      |                     |                 NONE |         | UNFIXED    |           |          |      | NONE             |              |                   |              |
| K14        | syif\.store[4]   | High Range | IO_L23P_T3_15                | INPUT       | LVCMOS18*   |      15 |            |      |                     |                 NONE |         | UNFIXED    |           |          |      | NONE             |              |                   |              |
| K15        |                  |            | GND                          | GND         |             |         |            |      |                     |                      |     0.0 |            |           |          |      |                  |              |                   |              |
| K16        | syif\.store[12]  | High Range | IO_L19P_T3_15                | INPUT       | LVCMOS18*   |      15 |            |      |                     |                 NONE |         | UNFIXED    |           |          |      | NONE             |              |                   |              |
| K17        |                  | High Range | IO_L1P_T0_D00_MOSI_14        | User IO     |             |      14 |            |      |                     |                      |         |            |           |          |      |                  |              |                   |              |
| K18        |                  | High Range | IO_L1N_T0_D01_DIN_14         | User IO     |             |      14 |            |      |                     |                      |         |            |           |          |      |                  |              |                   |              |
| L1         | syif\.load[28]   | High Range | IO_L3N_T0_DQS_34             | OUTPUT      | LVCMOS18*   |      34 |         12 | SLOW |                     |            FP_VTT_50 |         | UNFIXED    |           |          |      | NONE             |              |                   |              |
| L2         |                  |            | GND                          | GND         |             |         |            |      |                     |                      |     0.0 |            |           |          |      |                  |              |                   |              |
| L3         |                  | High Range | VCCO_34                      | VCCO        |             |      34 |            |      |                     |                      |    1.80 |            |           |          |      |                  |              |                   |              |
| L4         | syif\.halt       | High Range | IO_L1N_T0_34                 | OUTPUT      | LVCMOS18*   |      34 |         12 | SLOW |                     |            FP_VTT_50 |         | UNFIXED    |           |          |      | NONE             |              |                   |              |
| L5         | syif\.load[25]   | High Range | IO_L5P_T0_34                 | OUTPUT      | LVCMOS18*   |      34 |         12 | SLOW |                     |            FP_VTT_50 |         | UNFIXED    |           |          |      | NONE             |              |                   |              |
| L6         | syif\.load[26]   | High Range | IO_L4N_T0_34                 | OUTPUT      | LVCMOS18*   |      34 |         12 | SLOW |                     |            FP_VTT_50 |         | UNFIXED    |           |          |      | NONE             |              |                   |              |
| L7         |                  |            | VCCBRAM                      | VCCBRAM     |             |         |            |      |                     |                      |         |            |           |          |      |                  |              |                   |              |
| L8         |                  |            | GND                          | GND         |             |         |            |      |                     |                      |     0.0 |            |           |          |      |                  |              |                   |              |
| L9         |                  | Dedicated  | DXN_0                        | Temp Sensor |             |       0 |            |      |                     |                      |         |            |           |          |      |                  |              |                   |              |
| L10        |                  | Dedicated  | DXP_0                        | Temp Sensor |             |       0 |            |      |                     |                      |         |            |           |          |      |                  |              |                   |              |
| L11        |                  |            | VCCINT                       | VCCINT      |             |         |            |      |                     |                      |         |            |           |          |      |                  |              |                   |              |
| L12        |                  |            | GND                          | GND         |             |         |            |      |                     |                      |     0.0 |            |           |          |      |                  |              |                   |              |
| L13        |                  | High Range | IO_0_14                      | User IO     |             |      14 |            |      |                     |                      |         |            |           |          |      |                  |              |                   |              |
| L14        |                  | High Range | IO_L2P_T0_D02_14             | User IO     |             |      14 |            |      |                     |                      |         |            |           |          |      |                  |              |                   |              |
| L15        |                  | High Range | IO_L3P_T0_DQS_PUDC_B_14      | User IO     |             |      14 |            |      |                     |                      |         |            |           |          |      |                  |              |                   |              |
| L16        |                  | High Range | IO_L3N_T0_DQS_EMCCLK_14      | User IO     |             |      14 |            |      |                     |                      |         |            |           |          |      |                  |              |                   |              |
| L17        |                  | High Range | IO_L4P_T0_D04_14             | User IO     |             |      14 |            |      |                     |                      |         |            |           |          |      |                  |              |                   |              |
| L18        |                  | High Range | IO_L4N_T0_D05_14             | User IO     |             |      14 |            |      |                     |                      |         |            |           |          |      |                  |              |                   |              |
| M1         | syif\.load[19]   | High Range | IO_L8P_T1_34                 | OUTPUT      | LVCMOS18*   |      34 |         12 | SLOW |                     |            FP_VTT_50 |         | UNFIXED    |           |          |      | NONE             |              |                   |              |
| M2         | syif\.load[20]   | High Range | IO_L7N_T1_34                 | OUTPUT      | LVCMOS18*   |      34 |         12 | SLOW |                     |            FP_VTT_50 |         | UNFIXED    |           |          |      | NONE             |              |                   |              |
| M3         | syif\.load[21]   | High Range | IO_L7P_T1_34                 | OUTPUT      | LVCMOS18*   |      34 |         12 | SLOW |                     |            FP_VTT_50 |         | UNFIXED    |           |          |      | NONE             |              |                   |              |
| M4         | syif\.load[24]   | High Range | IO_L5N_T0_34                 | OUTPUT      | LVCMOS18*   |      34 |         12 | SLOW |                     |            FP_VTT_50 |         | UNFIXED    |           |          |      | NONE             |              |                   |              |
| M5         | syif\.load[22]   | High Range | IO_L6N_T0_VREF_34            | OUTPUT      | LVCMOS18*   |      34 |         12 | SLOW |                     |            FP_VTT_50 |         | UNFIXED    |           |          |      | NONE             |              |                   |              |
| M6         | syif\.load[23]   | High Range | IO_L6P_T0_34                 | OUTPUT      | LVCMOS18*   |      34 |         12 | SLOW |                     |            FP_VTT_50 |         | UNFIXED    |           |          |      | NONE             |              |                   |              |
| M7         |                  |            | GND                          | GND         |             |         |            |      |                     |                      |     0.0 |            |           |          |      |                  |              |                   |              |
| M8         |                  |            | VCCINT                       | VCCINT      |             |         |            |      |                     |                      |         |            |           |          |      |                  |              |                   |              |
| M9         |                  |            | GND                          | GND         |             |         |            |      |                     |                      |     0.0 |            |           |          |      |                  |              |                   |              |
| M10        |                  |            | VCCINT                       | VCCINT      |             |         |            |      |                     |                      |         |            |           |          |      |                  |              |                   |              |
| M11        |                  |            | GND                          | GND         |             |         |            |      |                     |                      |     0.0 |            |           |          |      |                  |              |                   |              |
| M12        |                  |            | VCCAUX                       | VCCAUX      |             |         |            |      |                     |                      |    1.80 |            |           |          |      |                  |              |                   |              |
| M13        |                  | High Range | IO_L6P_T0_FCS_B_14           | User IO     |             |      14 |            |      |                     |                      |         |            |           |          |      |                  |              |                   |              |
| M14        |                  | High Range | IO_L5P_T0_D06_14             | User IO     |             |      14 |            |      |                     |                      |         |            |           |          |      |                  |              |                   |              |
| M15        |                  | High Range | IO_L2N_T0_D03_14             | User IO     |             |      14 |            |      |                     |                      |         |            |           |          |      |                  |              |                   |              |
| M16        |                  | High Range | IO_L7P_T1_D09_14             | User IO     |             |      14 |            |      |                     |                      |         |            |           |          |      |                  |              |                   |              |
| M17        | syif\.tbCTRL     | High Range | IO_L7N_T1_D10_14             | INPUT       | LVCMOS18*   |      14 |            |      |                     |                 NONE |         | UNFIXED    |           |          |      | NONE             |              |                   |              |
| M18        | syif\.WEN        | High Range | IO_L8P_T1_D11_14             | INPUT       | LVCMOS18*   |      14 |            |      |                     |                 NONE |         | UNFIXED    |           |          |      | NONE             |              |                   |              |
| N1         | syif\.load[18]   | High Range | IO_L8N_T1_34                 | OUTPUT      | LVCMOS18*   |      34 |         12 | SLOW |                     |            FP_VTT_50 |         | UNFIXED    |           |          |      | NONE             |              |                   |              |
| N2         | syif\.load[16]   | High Range | IO_L9N_T1_DQS_34             | OUTPUT      | LVCMOS18*   |      34 |         12 | SLOW |                     |            FP_VTT_50 |         | UNFIXED    |           |          |      | NONE             |              |                   |              |
| N3         | syif\.load[17]   | High Range | IO_L9P_T1_DQS_34             | OUTPUT      | LVCMOS18*   |      34 |         12 | SLOW |                     |            FP_VTT_50 |         | UNFIXED    |           |          |      | NONE             |              |                   |              |
| N4         | syif\.load[14]   | High Range | IO_L10N_T1_34                | OUTPUT      | LVCMOS18*   |      34 |         12 | SLOW |                     |            FP_VTT_50 |         | UNFIXED    |           |          |      | NONE             |              |                   |              |
| N5         | syif\.load[15]   | High Range | IO_L10P_T1_34                | OUTPUT      | LVCMOS18*   |      34 |         12 | SLOW |                     |            FP_VTT_50 |         | UNFIXED    |           |          |      | NONE             |              |                   |              |
| N6         |                  |            | GND                          | GND         |             |         |            |      |                     |                      |     0.0 |            |           |          |      |                  |              |                   |              |
| N7         |                  |            | VCCBRAM                      | VCCBRAM     |             |         |            |      |                     |                      |         |            |           |          |      |                  |              |                   |              |
| N8         |                  |            | GND                          | GND         |             |         |            |      |                     |                      |     0.0 |            |           |          |      |                  |              |                   |              |
| N9         |                  |            | VCCINT                       | VCCINT      |             |         |            |      |                     |                      |         |            |           |          |      |                  |              |                   |              |
| N10        |                  |            | GND                          | GND         |             |         |            |      |                     |                      |     0.0 |            |           |          |      |                  |              |                   |              |
| N11        |                  |            | VCCINT                       | VCCINT      |             |         |            |      |                     |                      |         |            |           |          |      |                  |              |                   |              |
| N12        |                  |            | GND                          | GND         |             |         |            |      |                     |                      |     0.0 |            |           |          |      |                  |              |                   |              |
| N13        |                  | High Range | IO_L6N_T0_D08_VREF_14        | User IO     |             |      14 |            |      |                     |                      |         |            |           |          |      |                  |              |                   |              |
| N14        |                  | High Range | IO_L5N_T0_D07_14             | User IO     |             |      14 |            |      |                     |                      |         |            |           |          |      |                  |              |                   |              |
| N15        | syif\.addr[26]   | High Range | IO_L12P_T1_MRCC_14           | INPUT       | LVCMOS18*   |      14 |            |      |                     |                 NONE |         | UNFIXED    |           |          |      | NONE             |              |                   |              |
| N16        |                  |            | GND                          | GND         |             |         |            |      |                     |                      |     0.0 |            |           |          |      |                  |              |                   |              |
| N17        |                  | High Range | VCCO_14                      | VCCO        |             |      14 |            |      |                     |                      |    1.80 |            |           |          |      |                  |              |                   |              |
| N18        | syif\.REN        | High Range | IO_L8N_T1_D12_14             | INPUT       | LVCMOS18*   |      14 |            |      |                     |                 NONE |         | UNFIXED    |           |          |      | NONE             |              |                   |              |
| P1         | syif\.load[13]   | High Range | IO_L11N_T1_SRCC_34           | OUTPUT      | LVCMOS18*   |      34 |         12 | SLOW |                     |            FP_VTT_50 |         | UNFIXED    |           |          |      | NONE             |              |                   |              |
| P2         | CLK              | High Range | IO_L11P_T1_SRCC_34           | INPUT       | LVCMOS18*   |      34 |            |      |                     |                 NONE |         | UNFIXED    |           |          |      | NONE             |              |                   |              |
| P3         |                  |            | GND                          | GND         |             |         |            |      |                     |                      |     0.0 |            |           |          |      |                  |              |                   |              |
| P4         |                  | High Range | VCCO_34                      | VCCO        |             |      34 |            |      |                     |                      |    1.80 |            |           |          |      |                  |              |                   |              |
| P5         | dbg_addr[11]     | High Range | IO_L19N_T3_VREF_34           | INPUT       | LVCMOS18*   |      34 |            |      |                     |                 NONE |         | UNFIXED    |           |          |      | NONE             |              |                   |              |
| P6         | dbg_addr[12]     | High Range | IO_L19P_T3_34                | INPUT       | LVCMOS18*   |      34 |            |      |                     |                 NONE |         | UNFIXED    |           |          |      | NONE             |              |                   |              |
| P7         | dbg_addr[0]      | High Range | IO_25_34                     | INPUT       | LVCMOS18*   |      34 |            |      |                     |                 NONE |         | UNFIXED    |           |          |      | NONE             |              |                   |              |
| P8         |                  |            | VCCINT                       | VCCINT      |             |         |            |      |                     |                      |         |            |           |          |      |                  |              |                   |              |
| P9         |                  |            | GND                          | GND         |             |         |            |      |                     |                      |     0.0 |            |           |          |      |                  |              |                   |              |
| P10        |                  |            | VCCINT                       | VCCINT      |             |         |            |      |                     |                      |         |            |           |          |      |                  |              |                   |              |
| P11        |                  |            | GND                          | GND         |             |         |            |      |                     |                      |     0.0 |            |           |          |      |                  |              |                   |              |
| P12        |                  |            | VCCAUX                       | VCCAUX      |             |         |            |      |                     |                      |    1.80 |            |           |          |      |                  |              |                   |              |
| P13        | syif\.addr[12]   | High Range | IO_L19P_T3_D26_14            | INPUT       | LVCMOS18*   |      14 |            |      |                     |                 NONE |         | UNFIXED    |           |          |      | NONE             |              |                   |              |
| P14        | syif\.addr[28]   | High Range | IO_L11P_T1_SRCC_14           | INPUT       | LVCMOS18*   |      14 |            |      |                     |                 NONE |         | UNFIXED    |           |          |      | NONE             |              |                   |              |
| P15        | syif\.addr[27]   | High Range | IO_L11N_T1_SRCC_14           | INPUT       | LVCMOS18*   |      14 |            |      |                     |                 NONE |         | UNFIXED    |           |          |      | NONE             |              |                   |              |
| P16        | syif\.addr[25]   | High Range | IO_L12N_T1_MRCC_14           | INPUT       | LVCMOS18*   |      14 |            |      |                     |                 NONE |         | UNFIXED    |           |          |      | NONE             |              |                   |              |
| P17        | nRST             | High Range | IO_L9P_T1_DQS_14             | INPUT       | LVCMOS18*   |      14 |            |      |                     |                 NONE |         | UNFIXED    |           |          |      | NONE             |              |                   |              |
| P18        | syif\.addr[31]   | High Range | IO_L9N_T1_DQS_D13_14         | INPUT       | LVCMOS18*   |      14 |            |      |                     |                 NONE |         | UNFIXED    |           |          |      | NONE             |              |                   |              |
| R1         | syif\.load[11]   | High Range | IO_L12N_T1_MRCC_34           | OUTPUT      | LVCMOS18*   |      34 |         12 | SLOW |                     |            FP_VTT_50 |         | UNFIXED    |           |          |      | NONE             |              |                   |              |
| R2         | syif\.load[12]   | High Range | IO_L12P_T1_MRCC_34           | OUTPUT      | LVCMOS18*   |      34 |         12 | SLOW |                     |            FP_VTT_50 |         | UNFIXED    |           |          |      | NONE             |              |                   |              |
| R3         | syif\.load[10]   | High Range | IO_L13P_T2_MRCC_34           | OUTPUT      | LVCMOS18*   |      34 |         12 | SLOW |                     |            FP_VTT_50 |         | UNFIXED    |           |          |      | NONE             |              |                   |              |
| R4         | syif\.load[0]    | High Range | IO_L18P_T2_34                | OUTPUT      | LVCMOS18*   |      34 |         12 | SLOW |                     |            FP_VTT_50 |         | UNFIXED    |           |          |      | NONE             |              |                   |              |
| R5         | dbg_addr[8]      | High Range | IO_L21P_T3_DQS_34            | INPUT       | LVCMOS18*   |      34 |            |      |                     |                 NONE |         | UNFIXED    |           |          |      | NONE             |              |                   |              |
| R6         | dbg_addr[3]      | High Range | IO_L23N_T3_34                | INPUT       | LVCMOS18*   |      34 |            |      |                     |                 NONE |         | UNFIXED    |           |          |      | NONE             |              |                   |              |
| R7         | dbg_addr[4]      | High Range | IO_L23P_T3_34                | INPUT       | LVCMOS18*   |      34 |            |      |                     |                 NONE |         | UNFIXED    |           |          |      | NONE             |              |                   |              |
| R8         |                  | Dedicated  | PROGRAM_B_0                  | Config      |             |       0 |            |      |                     |                      |         |            |           |          |      |                  |              |                   |              |
| R9         |                  | Dedicated  | TDI_0                        | Config      |             |       0 |            |      |                     |                      |         |            |           |          |      |                  |              |                   |              |
| R10        |                  |            | GND                          | GND         |             |         |            |      |                     |                      |     0.0 |            |           |          |      |                  |              |                   |              |
| R11        | syif\.addr[4]    | High Range | IO_L23P_T3_D19_14            | INPUT       | LVCMOS18*   |      14 |            |      |                     |                 NONE |         | UNFIXED    |           |          |      | NONE             |              |                   |              |
| R12        | syif\.addr[0]    | High Range | IO_25_14                     | INPUT       | LVCMOS18*   |      14 |            |      |                     |                 NONE |         | UNFIXED    |           |          |      | NONE             |              |                   |              |
| R13        | syif\.addr[11]   | High Range | IO_L19N_T3_D25_VREF_14       | INPUT       | LVCMOS18*   |      14 |            |      |                     |                 NONE |         | UNFIXED    |           |          |      | NONE             |              |                   |              |
| R14        | syif\.addr[24]   | High Range | IO_L13P_T2_MRCC_14           | INPUT       | LVCMOS18*   |      14 |            |      |                     |                 NONE |         | UNFIXED    |           |          |      | NONE             |              |                   |              |
| R15        | syif\.addr[16]   | High Range | IO_L17P_T2_D30_14            | INPUT       | LVCMOS18*   |      14 |            |      |                     |                 NONE |         | UNFIXED    |           |          |      | NONE             |              |                   |              |
| R16        | syif\.addr[22]   | High Range | IO_L14P_T2_SRCC_14           | INPUT       | LVCMOS18*   |      14 |            |      |                     |                 NONE |         | UNFIXED    |           |          |      | NONE             |              |                   |              |
| R17        | syif\.addr[21]   | High Range | IO_L14N_T2_SRCC_14           | INPUT       | LVCMOS18*   |      14 |            |      |                     |                 NONE |         | UNFIXED    |           |          |      | NONE             |              |                   |              |
| R18        | syif\.addr[30]   | High Range | IO_L10P_T1_D14_14            | INPUT       | LVCMOS18*   |      14 |            |      |                     |                 NONE |         | UNFIXED    |           |          |      | NONE             |              |                   |              |
| T1         | syif\.load[8]    | High Range | IO_L14P_T2_SRCC_34           | OUTPUT      | LVCMOS18*   |      34 |         12 | SLOW |                     |            FP_VTT_50 |         | UNFIXED    |           |          |      | NONE             |              |                   |              |
| T2         | syif\.load[9]    | High Range | IO_L13N_T2_MRCC_34           | OUTPUT      | LVCMOS18*   |      34 |         12 | SLOW |                     |            FP_VTT_50 |         | UNFIXED    |           |          |      | NONE             |              |                   |              |
| T3         | dbg_addr[13]     | High Range | IO_L18N_T2_34                | INPUT       | LVCMOS18*   |      34 |            |      |                     |                 NONE |         | UNFIXED    |           |          |      | NONE             |              |                   |              |
| T4         | dbg_addr[7]      | High Range | IO_L21N_T3_DQS_34            | INPUT       | LVCMOS18*   |      34 |            |      |                     |                 NONE |         | UNFIXED    |           |          |      | NONE             |              |                   |              |
| T5         | dbg_addr[5]      | High Range | IO_L22N_T3_34                | INPUT       | LVCMOS18*   |      34 |            |      |                     |                 NONE |         | UNFIXED    |           |          |      | NONE             |              |                   |              |
| T6         | dbg_addr[6]      | High Range | IO_L22P_T3_34                | INPUT       | LVCMOS18*   |      34 |            |      |                     |                 NONE |         | UNFIXED    |           |          |      | NONE             |              |                   |              |
| T7         |                  |            | GND                          | GND         |             |         |            |      |                     |                      |     0.0 |            |           |          |      |                  |              |                   |              |
| T8         |                  | Dedicated  | TDO_0                        | Config      |             |       0 |            |      |                     |                      |         |            |           |          |      |                  |              |                   |              |
| T9         |                  | Dedicated  | TMS_0                        | Config      |             |       0 |            |      |                     |                      |         |            |           |          |      |                  |              |                   |              |
| T10        |                  | Dedicated  | M0_0                         | Config      |             |       0 |            |      |                     |                      |         |            |           |          |      |                  |              |                   |              |
| T11        | syif\.addr[3]    | High Range | IO_L23N_T3_D18_14            | INPUT       | LVCMOS18*   |      14 |            |      |                     |                 NONE |         | UNFIXED    |           |          |      | NONE             |              |                   |              |
| T12        | syif\.addr[6]    | High Range | IO_L22P_T3_D21_14            | INPUT       | LVCMOS18*   |      14 |            |      |                     |                 NONE |         | UNFIXED    |           |          |      | NONE             |              |                   |              |
| T13        | syif\.addr[5]    | High Range | IO_L22N_T3_D20_14            | INPUT       | LVCMOS18*   |      14 |            |      |                     |                 NONE |         | UNFIXED    |           |          |      | NONE             |              |                   |              |
| T14        | syif\.addr[23]   | High Range | IO_L13N_T2_MRCC_14           | INPUT       | LVCMOS18*   |      14 |            |      |                     |                 NONE |         | UNFIXED    |           |          |      | NONE             |              |                   |              |
| T15        | syif\.addr[15]   | High Range | IO_L17N_T2_D29_14            | INPUT       | LVCMOS18*   |      14 |            |      |                     |                 NONE |         | UNFIXED    |           |          |      | NONE             |              |                   |              |
| T16        |                  | High Range | VCCO_14                      | VCCO        |             |      14 |            |      |                     |                      |    1.80 |            |           |          |      |                  |              |                   |              |
| T17        |                  |            | GND                          | GND         |             |         |            |      |                     |                      |     0.0 |            |           |          |      |                  |              |                   |              |
| T18        | syif\.addr[29]   | High Range | IO_L10N_T1_D15_14            | INPUT       | LVCMOS18*   |      14 |            |      |                     |                 NONE |         | UNFIXED    |           |          |      | NONE             |              |                   |              |
| U1         | syif\.load[7]    | High Range | IO_L14N_T2_SRCC_34           | OUTPUT      | LVCMOS18*   |      34 |         12 | SLOW |                     |            FP_VTT_50 |         | UNFIXED    |           |          |      | NONE             |              |                   |              |
| U2         | syif\.load[5]    | High Range | IO_L15N_T2_DQS_34            | OUTPUT      | LVCMOS18*   |      34 |         12 | SLOW |                     |            FP_VTT_50 |         | UNFIXED    |           |          |      | NONE             |              |                   |              |
| U3         | syif\.load[6]    | High Range | IO_L15P_T2_DQS_34            | OUTPUT      | LVCMOS18*   |      34 |         12 | SLOW |                     |            FP_VTT_50 |         | UNFIXED    |           |          |      | NONE             |              |                   |              |
| U4         |                  |            | GND                          | GND         |             |         |            |      |                     |                      |     0.0 |            |           |          |      |                  |              |                   |              |
| U5         |                  | High Range | VCCO_34                      | VCCO        |             |      34 |            |      |                     |                      |    1.80 |            |           |          |      |                  |              |                   |              |
| U6         | dbg_addr[1]      | High Range | IO_L24N_T3_34                | INPUT       | LVCMOS18*   |      34 |            |      |                     |                 NONE |         | UNFIXED    |           |          |      | NONE             |              |                   |              |
| U7         | dbg_addr[2]      | High Range | IO_L24P_T3_34                | INPUT       | LVCMOS18*   |      34 |            |      |                     |                 NONE |         | UNFIXED    |           |          |      | NONE             |              |                   |              |
| U8         |                  | Dedicated  | INIT_B_0                     | Config      |             |       0 |            |      |                     |                      |         |            |           |          |      |                  |              |                   |              |
| U9         |                  | Dedicated  | M2_0                         | Config      |             |       0 |            |      |                     |                      |         |            |           |          |      |                  |              |                   |              |
| U10        |                  | Dedicated  | M1_0                         | Config      |             |       0 |            |      |                     |                      |         |            |           |          |      |                  |              |                   |              |
| U11        | syif\.addr[2]    | High Range | IO_L24P_T3_D17_14            | INPUT       | LVCMOS18*   |      14 |            |      |                     |                 NONE |         | UNFIXED    |           |          |      | NONE             |              |                   |              |
| U12        | syif\.addr[8]    | High Range | IO_L21P_T3_DQS_14            | INPUT       | LVCMOS18*   |      14 |            |      |                     |                 NONE |         | UNFIXED    |           |          |      | NONE             |              |                   |              |
| U13        |                  | High Range | VCCO_14                      | VCCO        |             |      14 |            |      |                     |                      |    1.80 |            |           |          |      |                  |              |                   |              |
| U14        |                  |            | GND                          | GND         |             |         |            |      |                     |                      |     0.0 |            |           |          |      |                  |              |                   |              |
| U15        | syif\.addr[14]   | High Range | IO_L18P_T2_D28_14            | INPUT       | LVCMOS18*   |      14 |            |      |                     |                 NONE |         | UNFIXED    |           |          |      | NONE             |              |                   |              |
| U16        | syif\.addr[18]   | High Range | IO_L16P_T2_CSI_B_14          | INPUT       | LVCMOS18*   |      14 |            |      |                     |                 NONE |         | UNFIXED    |           |          |      | NONE             |              |                   |              |
| U17        | syif\.addr[20]   | High Range | IO_L15P_T2_DQS_RDWR_B_14     | INPUT       | LVCMOS18*   |      14 |            |      |                     |                 NONE |         | UNFIXED    |           |          |      | NONE             |              |                   |              |
| U18        | syif\.addr[19]   | High Range | IO_L15N_T2_DQS_DOUT_CSO_B_14 | INPUT       | LVCMOS18*   |      14 |            |      |                     |                 NONE |         | UNFIXED    |           |          |      | NONE             |              |                   |              |
| V1         |                  |            | GND                          | GND         |             |         |            |      |                     |                      |     0.0 |            |           |          |      |                  |              |                   |              |
| V2         | syif\.load[3]    | High Range | IO_L16N_T2_34                | OUTPUT      | LVCMOS18*   |      34 |         12 | SLOW |                     |            FP_VTT_50 |         | UNFIXED    |           |          |      | NONE             |              |                   |              |
| V3         | syif\.load[4]    | High Range | IO_L16P_T2_34                | OUTPUT      | LVCMOS18*   |      34 |         12 | SLOW |                     |            FP_VTT_50 |         | UNFIXED    |           |          |      | NONE             |              |                   |              |
| V4         | syif\.load[1]    | High Range | IO_L17N_T2_34                | OUTPUT      | LVCMOS18*   |      34 |         12 | SLOW |                     |            FP_VTT_50 |         | UNFIXED    |           |          |      | NONE             |              |                   |              |
| V5         | syif\.load[2]    | High Range | IO_L17P_T2_34                | OUTPUT      | LVCMOS18*   |      34 |         12 | SLOW |                     |            FP_VTT_50 |         | UNFIXED    |           |          |      | NONE             |              |                   |              |
| V6         | dbg_addr[9]      | High Range | IO_L20N_T3_34                | INPUT       | LVCMOS18*   |      34 |            |      |                     |                 NONE |         | UNFIXED    |           |          |      | NONE             |              |                   |              |
| V7         | dbg_addr[10]     | High Range | IO_L20P_T3_34                | INPUT       | LVCMOS18*   |      34 |            |      |                     |                 NONE |         | UNFIXED    |           |          |      | NONE             |              |                   |              |
| V8         |                  | Dedicated  | DONE_0                       | Config      |             |       0 |            |      |                     |                      |         |            |           |          |      |                  |              |                   |              |
| V9         |                  | Dedicated  | CFGBVS_0                     | Config      |             |       0 |            |      |                     |                      |         |            |           |          |      |                  |              |                   |              |
| V10        |                  | Dedicated  | VCCO_0                       | VCCO        |             |       0 |            |      |                     |                      |   any** |            |           |          |      |                  |              |                   |              |
| V11        |                  |            | GND                          | GND         |             |         |            |      |                     |                      |     0.0 |            |           |          |      |                  |              |                   |              |
| V12        | syif\.addr[1]    | High Range | IO_L24N_T3_D16_14            | INPUT       | LVCMOS18*   |      14 |            |      |                     |                 NONE |         | UNFIXED    |           |          |      | NONE             |              |                   |              |
| V13        | syif\.addr[7]    | High Range | IO_L21N_T3_DQS_D22_14        | INPUT       | LVCMOS18*   |      14 |            |      |                     |                 NONE |         | UNFIXED    |           |          |      | NONE             |              |                   |              |
| V14        | syif\.addr[10]   | High Range | IO_L20P_T3_D24_14            | INPUT       | LVCMOS18*   |      14 |            |      |                     |                 NONE |         | UNFIXED    |           |          |      | NONE             |              |                   |              |
| V15        | syif\.addr[9]    | High Range | IO_L20N_T3_D23_14            | INPUT       | LVCMOS18*   |      14 |            |      |                     |                 NONE |         | UNFIXED    |           |          |      | NONE             |              |                   |              |
| V16        | syif\.addr[13]   | High Range | IO_L18N_T2_D27_14            | INPUT       | LVCMOS18*   |      14 |            |      |                     |                 NONE |         | UNFIXED    |           |          |      | NONE             |              |                   |              |
| V17        | syif\.addr[17]   | High Range | IO_L16N_T2_D31_14            | INPUT       | LVCMOS18*   |      14 |            |      |                     |                 NONE |         | UNFIXED    |           |          |      | NONE             |              |                   |              |
| V18        |                  |            | GND                          | GND         |             |         |            |      |                     |                      |     0.0 |            |           |          |      |                  |              |                   |              |
+------------+------------------+------------+------------------------------+-------------+-------------+---------+------------+------+---------------------+----------------------+---------+------------+-----------+----------+------+------------------+--------------+-------------------+--------------+
* Default value
** Special VCCO requirements may apply. Please consult the device family datasheet for specific guideline on VCCO requirements.


