Copyright 1986-2022 Xilinx, Inc. All Rights Reserved. Copyright 2022-2023 Advanced Micro Devices, Inc. All Rights Reserved.
---------------------------------------------------------------------------------------------------------------------------------------------------------------------------------------------------------------
| Tool Version : Vivado v.2023.2 (lin64) Build 4029153 Fri Oct 13 20:13:54 MDT 2023
| Date         : Tue Dec  2 18:11:07 2025
| Host         : ececomp4.ecn.purdue.edu running 64-bit Oracle Linux Server release 8.10
| Command      : report_timing_summary -max_paths 10 -report_unconstrained -file system_timing_summary_routed.rpt -pb system_timing_summary_routed.pb -rpx system_timing_summary_routed.rpx -warn_on_violation
| Design       : system
| Device       : 7s50-csga324
| Speed File   : -1  PRODUCTION 1.23 2018-06-13
| Design State : Routed
---------------------------------------------------------------------------------------------------------------------------------------------------------------------------------------------------------------

Timing Summary Report

------------------------------------------------------------------------------------------------
| Timer Settings
| --------------
------------------------------------------------------------------------------------------------

  Enable Multi Corner Analysis               :  Yes
  Enable Pessimism Removal                   :  Yes
  Pessimism Removal Resolution               :  Nearest Common Node
  Enable Input Delay Default Clock           :  No
  Enable Preset / Clear Arcs                 :  No
  Disable Flight Delays                      :  No
  Ignore I/O Paths                           :  No
  Timing Early Launch at Borrowing Latches   :  No
  Borrow Time for Max Delay Exceptions       :  Yes
  Merge Timing Exceptions                    :  Yes
  Inter-SLR Compensation                     :  Conservative

  Corner  Analyze    Analyze    
  Name    Max Paths  Min Paths  
  ------  ---------  ---------  
  Slow    Yes        Yes        
  Fast    Yes        Yes        


------------------------------------------------------------------------------------------------
| Report Methodology
| ------------------
------------------------------------------------------------------------------------------------

Rule       Severity  Description                     Violations  
---------  --------  ------------------------------  ----------  
TIMING-16  Warning   Large setup violation           1000        
TIMING-18  Warning   Missing input or output delay   146         
TIMING-20  Warning   Non-clocked latch               6           
TIMING-23  Warning   Combinational loop found        1           
LATCH-1    Advisory  Existing latches in the design  1           

Note: This report is based on the most recent report_methodology run and may not be up-to-date. Run report_methodology on the current design for the latest report.



check_timing report

Table of Contents
-----------------
1. checking no_clock (54)
2. checking constant_clock (0)
3. checking pulse_width_clock (0)
4. checking unconstrained_internal_endpoints (6)
5. checking no_input_delay (82)
6. checking no_output_delay (65)
7. checking multiple_clock (0)
8. checking generated_clocks (0)
9. checking loops (1)
10. checking partial_input_delay (0)
11. checking partial_output_delay (0)
12. checking latch_loops (0)

1. checking no_clock (54)
-------------------------
 There are 6 register/latch pins with no clock driven by root clock pin: CPU/CC/FSM_sequential_curr_state_reg[0]/Q (HIGH)

 There are 6 register/latch pins with no clock driven by root clock pin: CPU/CC/FSM_sequential_curr_state_reg[1]/Q (HIGH)

 There are 6 register/latch pins with no clock driven by root clock pin: CPU/CC/FSM_sequential_curr_state_reg[2]/Q (HIGH)

 There are 6 register/latch pins with no clock driven by root clock pin: CPU/CC/FSM_sequential_curr_state_reg[3]/Q (HIGH)

 There are 6 register/latch pins with no clock driven by root clock pin: CPU/CC/lru_reg/Q (HIGH)

 There are 3 register/latch pins with no clock driven by root clock pin: CPU/CM0/DCACHE/state_reg[0]/Q (HIGH)

 There are 3 register/latch pins with no clock driven by root clock pin: CPU/CM0/DCACHE/state_reg[1]/Q (HIGH)

 There are 3 register/latch pins with no clock driven by root clock pin: CPU/CM0/DCACHE/state_reg[2]/Q (HIGH)

 There are 3 register/latch pins with no clock driven by root clock pin: CPU/CM0/DCACHE/state_reg[3]/Q (HIGH)

 There are 3 register/latch pins with no clock driven by root clock pin: CPU/CM1/DCACHE/state_reg[0]/Q (HIGH)

 There are 3 register/latch pins with no clock driven by root clock pin: CPU/CM1/DCACHE/state_reg[1]/Q (HIGH)

 There are 3 register/latch pins with no clock driven by root clock pin: CPU/CM1/DCACHE/state_reg[2]/Q (HIGH)

 There are 3 register/latch pins with no clock driven by root clock pin: CPU/CM1/DCACHE/state_reg[3]/Q (HIGH)


2. checking constant_clock (0)
------------------------------
 There are 0 register/latch pins with constant_clock.


3. checking pulse_width_clock (0)
---------------------------------
 There are 0 register/latch pins which need pulse_width check


4. checking unconstrained_internal_endpoints (6)
------------------------------------------------
 There are 6 pins that are not constrained for maximum delay. (HIGH)

 There are 0 pins that are not constrained for maximum delay due to constant clock.


5. checking no_input_delay (82)
-------------------------------
 There are 82 input ports with no input delay specified. (HIGH)

 There are 0 input ports with no input delay but user has a false path constraint.


6. checking no_output_delay (65)
--------------------------------
 There are 65 ports with no output delay specified. (HIGH)

 There are 0 ports with no output delay but user has a false path constraint

 There are 0 ports with no output delay but with a timing clock defined on it or propagating through it


7. checking multiple_clock (0)
------------------------------
 There are 0 register/latch pins with multiple clocks.


8. checking generated_clocks (0)
--------------------------------
 There are 0 generated clocks that are not connected to a clock source.


9. checking loops (1)
---------------------
 There is 1 combinational loop in the design. (HIGH)


10. checking partial_input_delay (0)
------------------------------------
 There are 0 input ports with partial input delay specified.


11. checking partial_output_delay (0)
-------------------------------------
 There are 0 ports with partial output delay specified.


12. checking latch_loops (0)
----------------------------
 There are 0 combinational latch loops in the design through latch input



------------------------------------------------------------------------------------------------
| Design Timing Summary
| ---------------------
------------------------------------------------------------------------------------------------

    WNS(ns)      TNS(ns)  TNS Failing Endpoints  TNS Total Endpoints      WHS(ns)      THS(ns)  THS Failing Endpoints  THS Total Endpoints     WPWS(ns)     TPWS(ns)  TPWS Failing Endpoints  TPWS Total Endpoints  
    -------      -------  ---------------------  -------------------      -------      -------  ---------------------  -------------------     --------     --------  ----------------------  --------------------  
     -8.106   -53535.164                  13399                16663        0.051        0.000                      0                16663        2.000        0.000                       0                  8286  


Timing constraints are not met.


------------------------------------------------------------------------------------------------
| Clock Summary
| -------------
------------------------------------------------------------------------------------------------

Clock     Waveform(ns)         Period(ns)      Frequency(MHz)
-----     ------------         ----------      --------------
MAIN      {0.000 2.500}        5.000           200.000         
  CPUCLK  {0.000 5.000}        10.000          100.000         


------------------------------------------------------------------------------------------------
| Intra Clock Table
| -----------------
------------------------------------------------------------------------------------------------

Clock             WNS(ns)      TNS(ns)  TNS Failing Endpoints  TNS Total Endpoints      WHS(ns)      THS(ns)  THS Failing Endpoints  THS Total Endpoints     WPWS(ns)     TPWS(ns)  TPWS Failing Endpoints  TPWS Total Endpoints  
-----             -------      -------  ---------------------  -------------------      -------      -------  ---------------------  -------------------     --------     --------  ----------------------  --------------------  
MAIN               -2.319      -55.948                     52                   53        0.320        0.000                      0                   53        2.000        0.000                       0                    71  
  CPUCLK           -7.696   -51725.766                  13055                16318        0.051        0.000                      0                16318        4.500        0.000                       0                  8215  


------------------------------------------------------------------------------------------------
| Inter Clock Table
| -----------------
------------------------------------------------------------------------------------------------

From Clock    To Clock          WNS(ns)      TNS(ns)  TNS Failing Endpoints  TNS Total Endpoints      WHS(ns)      THS(ns)  THS Failing Endpoints  THS Total Endpoints  
----------    --------          -------      -------  ---------------------  -------------------      -------      -------  ---------------------  -------------------  
CPUCLK        MAIN               -8.106    -1809.400                    344                  345        0.270        0.000                      0                  345  
MAIN          CPUCLK             -7.182   -40638.812                   8848                 8848        0.202        0.000                      0                 8848  


------------------------------------------------------------------------------------------------
| Other Path Groups Table
| -----------------------
------------------------------------------------------------------------------------------------

Path Group    From Clock    To Clock          WNS(ns)      TNS(ns)  TNS Failing Endpoints  TNS Total Endpoints      WHS(ns)      THS(ns)  THS Failing Endpoints  THS Total Endpoints  
----------    ----------    --------          -------      -------  ---------------------  -------------------      -------      -------  ---------------------  -------------------  


------------------------------------------------------------------------------------------------
| User Ignored Path Table
| -----------------------
------------------------------------------------------------------------------------------------

Path Group    From Clock    To Clock    
----------    ----------    --------    


------------------------------------------------------------------------------------------------
| Unconstrained Path Table
| ------------------------
------------------------------------------------------------------------------------------------

Path Group    From Clock    To Clock    
----------    ----------    --------    
(none)                                    
(none)        CPUCLK                      
(none)        MAIN                        
(none)                      CPUCLK        
(none)                      MAIN          


------------------------------------------------------------------------------------------------
| Timing Details
| --------------
------------------------------------------------------------------------------------------------


---------------------------------------------------------------------------------------------------
From Clock:  MAIN
  To Clock:  MAIN

Setup :           52  Failing Endpoints,  Worst Slack       -2.319ns,  Total Violation      -55.948ns
Hold  :            0  Failing Endpoints,  Worst Slack        0.320ns,  Total Violation        0.000ns
PW    :            0  Failing Endpoints,  Worst Slack        2.000ns,  Total Violation        0.000ns
---------------------------------------------------------------------------------------------------


Max Delay Paths
--------------------------------------------------------------------------------------
Slack (VIOLATED) :        -2.319ns  (required time - arrival time)
  Source:                 RAM/addr_reg[17]/C
                            (rising edge-triggered cell FDCE clocked by MAIN  {rise@0.000ns fall@2.500ns period=5.000ns})
  Destination:            RAM/mem_reg_11/WEA[0]
                            (rising edge-triggered cell RAMB36E1 clocked by MAIN  {rise@0.000ns fall@2.500ns period=5.000ns})
  Path Group:             MAIN
  Path Type:              Setup (Max at Slow Process Corner)
  Requirement:            5.000ns  (MAIN rise@5.000ns - MAIN rise@0.000ns)
  Data Path Delay:        6.697ns  (logic 1.919ns (28.653%)  route 4.778ns (71.347%))
  Logic Levels:           6  (CARRY4=2 LUT6=4)
  Clock Path Skew:        -0.054ns (DCD - SCD + CPR)
    Destination Clock Delay (DCD):    4.272ns = ( 9.272 - 5.000 ) 
    Source Clock Delay      (SCD):    4.568ns
    Clock Pessimism Removal (CPR):    0.242ns
  Clock Uncertainty:      0.035ns  ((TSJ^2 + TIJ^2)^1/2 + DJ) / 2 + PE
    Total System Jitter     (TSJ):    0.071ns
    Total Input Jitter      (TIJ):    0.000ns
    Discrete Jitter          (DJ):    0.000ns
    Phase Error              (PE):    0.000ns

    Location             Delay type                Incr(ns)  Path(ns)    Netlist Resource(s)
  -------------------------------------------------------------------    -------------------
                         (clock MAIN rise edge)       0.000     0.000 r  
    D18                                               0.000     0.000 r  CLK (IN)
                         net (fo=0)                   0.000     0.000    CLK
    D18                  IBUF (Prop_ibuf_I_O)         0.954     0.954 r  CLK_IBUF_inst/O
                         net (fo=1, routed)           1.972     2.925    CLK_IBUF
    BUFGCTRL_X0Y16       BUFG (Prop_bufg_I_O)         0.096     3.021 r  CLK_IBUF_BUFG_inst/O
                         net (fo=70, routed)          1.547     4.568    RAM/CLK
    SLICE_X35Y61         FDCE                                         r  RAM/addr_reg[17]/C
  -------------------------------------------------------------------    -------------------
    SLICE_X35Y61         FDCE (Prop_fdce_C_Q)         0.456     5.024 r  RAM/addr_reg[17]/Q
                         net (fo=2, routed)           0.662     5.686    RAM/Q[1]
    SLICE_X36Y61         LUT6 (Prop_lut6_I2_O)        0.124     5.810 r  RAM/count3_carry__0_i_9/O
                         net (fo=2, routed)           1.120     6.930    CPU/CC/count3_carry__0_i_9_n_0_alias
    SLICE_X28Y55         LUT6 (Prop_lut6_I1_O)        0.124     7.054 r  CPU/CC/addr[15]_i_3_comp_1/O
                         net (fo=1, routed)           0.770     7.824    RAM/lru_reg_4[15]_repN_alias
    SLICE_X35Y59         LUT6 (Prop_lut6_I5_O)        0.124     7.948 r  RAM/rstate3_carry__0_i_3_comp/O
                         net (fo=1, routed)           0.000     7.948    RAM/rstate3_carry__0_i_3_n_0
    SLICE_X35Y59         CARRY4 (Prop_carry4_S[1]_CO[3])
                                                      0.550     8.498 r  RAM/rstate3_carry__0/CO[3]
                         net (fo=1, routed)           0.000     8.498    RAM/rstate3_carry__0_n_0
    SLICE_X35Y60         CARRY4 (Prop_carry4_CI_CO[2])
                                                      0.228     8.726 r  RAM/rstate3_carry__1/CO[2]
                         net (fo=50, routed)          0.623     9.349    RAM/CO[0]
    SLICE_X32Y59         LUT6 (Prop_lut6_I3_O)        0.313     9.662 r  RAM/mem_reg_9_i_3/O
                         net (fo=2, routed)           1.604    11.266    RAM/wren
    RAMB36_X0Y7          RAMB36E1                                     r  RAM/mem_reg_11/WEA[0]
  -------------------------------------------------------------------    -------------------

                         (clock MAIN rise edge)       5.000     5.000 r  
    D18                                               0.000     5.000 r  CLK (IN)
                         net (fo=0)                   0.000     5.000    CLK
    D18                  IBUF (Prop_ibuf_I_O)         0.820     5.820 r  CLK_IBUF_inst/O
                         net (fo=1, routed)           1.868     7.688    CLK_IBUF
    BUFGCTRL_X0Y16       BUFG (Prop_bufg_I_O)         0.091     7.779 r  CLK_IBUF_BUFG_inst/O
                         net (fo=70, routed)          1.493     9.272    RAM/CLK
    RAMB36_X0Y7          RAMB36E1                                     r  RAM/mem_reg_11/CLKARDCLK
                         clock pessimism              0.242     9.514    
                         clock uncertainty           -0.035     9.479    
    RAMB36_X0Y7          RAMB36E1 (Setup_ramb36e1_CLKARDCLK_WEA[0])
                                                     -0.532     8.947    RAM/mem_reg_11
  -------------------------------------------------------------------
                         required time                          8.947    
                         arrival time                         -11.266    
  -------------------------------------------------------------------
                         slack                                 -2.319    

Slack (VIOLATED) :        -2.308ns  (required time - arrival time)
  Source:                 RAM/addr_reg[17]/C
                            (rising edge-triggered cell FDCE clocked by MAIN  {rise@0.000ns fall@2.500ns period=5.000ns})
  Destination:            RAM/mem_reg_6/WEA[0]
                            (rising edge-triggered cell RAMB36E1 clocked by MAIN  {rise@0.000ns fall@2.500ns period=5.000ns})
  Path Group:             MAIN
  Path Type:              Setup (Max at Slow Process Corner)
  Requirement:            5.000ns  (MAIN rise@5.000ns - MAIN rise@0.000ns)
  Data Path Delay:        6.691ns  (logic 1.919ns (28.680%)  route 4.772ns (71.320%))
  Logic Levels:           6  (CARRY4=2 LUT6=4)
  Clock Path Skew:        -0.049ns (DCD - SCD + CPR)
    Destination Clock Delay (DCD):    4.277ns = ( 9.277 - 5.000 ) 
    Source Clock Delay      (SCD):    4.568ns
    Clock Pessimism Removal (CPR):    0.242ns
  Clock Uncertainty:      0.035ns  ((TSJ^2 + TIJ^2)^1/2 + DJ) / 2 + PE
    Total System Jitter     (TSJ):    0.071ns
    Total Input Jitter      (TIJ):    0.000ns
    Discrete Jitter          (DJ):    0.000ns
    Phase Error              (PE):    0.000ns

    Location             Delay type                Incr(ns)  Path(ns)    Netlist Resource(s)
  -------------------------------------------------------------------    -------------------
                         (clock MAIN rise edge)       0.000     0.000 r  
    D18                                               0.000     0.000 r  CLK (IN)
                         net (fo=0)                   0.000     0.000    CLK
    D18                  IBUF (Prop_ibuf_I_O)         0.954     0.954 r  CLK_IBUF_inst/O
                         net (fo=1, routed)           1.972     2.925    CLK_IBUF
    BUFGCTRL_X0Y16       BUFG (Prop_bufg_I_O)         0.096     3.021 r  CLK_IBUF_BUFG_inst/O
                         net (fo=70, routed)          1.547     4.568    RAM/CLK
    SLICE_X35Y61         FDCE                                         r  RAM/addr_reg[17]/C
  -------------------------------------------------------------------    -------------------
    SLICE_X35Y61         FDCE (Prop_fdce_C_Q)         0.456     5.024 r  RAM/addr_reg[17]/Q
                         net (fo=2, routed)           0.662     5.686    RAM/Q[1]
    SLICE_X36Y61         LUT6 (Prop_lut6_I2_O)        0.124     5.810 r  RAM/count3_carry__0_i_9/O
                         net (fo=2, routed)           1.120     6.930    CPU/CC/count3_carry__0_i_9_n_0_alias
    SLICE_X28Y55         LUT6 (Prop_lut6_I1_O)        0.124     7.054 r  CPU/CC/addr[15]_i_3_comp_1/O
                         net (fo=1, routed)           0.770     7.824    RAM/lru_reg_4[15]_repN_alias
    SLICE_X35Y59         LUT6 (Prop_lut6_I5_O)        0.124     7.948 r  RAM/rstate3_carry__0_i_3_comp/O
                         net (fo=1, routed)           0.000     7.948    RAM/rstate3_carry__0_i_3_n_0
    SLICE_X35Y59         CARRY4 (Prop_carry4_S[1]_CO[3])
                                                      0.550     8.498 r  RAM/rstate3_carry__0/CO[3]
                         net (fo=1, routed)           0.000     8.498    RAM/rstate3_carry__0_n_0
    SLICE_X35Y60         CARRY4 (Prop_carry4_CI_CO[2])
                                                      0.228     8.726 r  RAM/rstate3_carry__1/CO[2]
                         net (fo=50, routed)          1.225     9.951    RAM/CO[0]
    SLICE_X41Y47         LUT6 (Prop_lut6_I3_O)        0.313    10.264 r  RAM/mem_reg_6_i_3/O
                         net (fo=1, routed)           0.995    11.259    RAM/mem_reg_6_i_3_n_0
    RAMB36_X1Y9          RAMB36E1                                     r  RAM/mem_reg_6/WEA[0]
  -------------------------------------------------------------------    -------------------

                         (clock MAIN rise edge)       5.000     5.000 r  
    D18                                               0.000     5.000 r  CLK (IN)
                         net (fo=0)                   0.000     5.000    CLK
    D18                  IBUF (Prop_ibuf_I_O)         0.820     5.820 r  CLK_IBUF_inst/O
                         net (fo=1, routed)           1.868     7.688    CLK_IBUF
    BUFGCTRL_X0Y16       BUFG (Prop_bufg_I_O)         0.091     7.779 r  CLK_IBUF_BUFG_inst/O
                         net (fo=70, routed)          1.498     9.277    RAM/CLK
    RAMB36_X1Y9          RAMB36E1                                     r  RAM/mem_reg_6/CLKARDCLK
                         clock pessimism              0.242     9.519    
                         clock uncertainty           -0.035     9.484    
    RAMB36_X1Y9          RAMB36E1 (Setup_ramb36e1_CLKARDCLK_WEA[0])
                                                     -0.532     8.952    RAM/mem_reg_6
  -------------------------------------------------------------------
                         required time                          8.952    
                         arrival time                         -11.259    
  -------------------------------------------------------------------
                         slack                                 -2.308    

Slack (VIOLATED) :        -2.303ns  (required time - arrival time)
  Source:                 RAM/addr_reg[17]/C
                            (rising edge-triggered cell FDCE clocked by MAIN  {rise@0.000ns fall@2.500ns period=5.000ns})
  Destination:            RAM/mem_reg_12/WEA[0]
                            (rising edge-triggered cell RAMB36E1 clocked by MAIN  {rise@0.000ns fall@2.500ns period=5.000ns})
  Path Group:             MAIN
  Path Type:              Setup (Max at Slow Process Corner)
  Requirement:            5.000ns  (MAIN rise@5.000ns - MAIN rise@0.000ns)
  Data Path Delay:        6.679ns  (logic 1.919ns (28.733%)  route 4.760ns (71.267%))
  Logic Levels:           6  (CARRY4=2 LUT6=4)
  Clock Path Skew:        -0.057ns (DCD - SCD + CPR)
    Destination Clock Delay (DCD):    4.262ns = ( 9.262 - 5.000 ) 
    Source Clock Delay      (SCD):    4.568ns
    Clock Pessimism Removal (CPR):    0.250ns
  Clock Uncertainty:      0.035ns  ((TSJ^2 + TIJ^2)^1/2 + DJ) / 2 + PE
    Total System Jitter     (TSJ):    0.071ns
    Total Input Jitter      (TIJ):    0.000ns
    Discrete Jitter          (DJ):    0.000ns
    Phase Error              (PE):    0.000ns

    Location             Delay type                Incr(ns)  Path(ns)    Netlist Resource(s)
  -------------------------------------------------------------------    -------------------
                         (clock MAIN rise edge)       0.000     0.000 r  
    D18                                               0.000     0.000 r  CLK (IN)
                         net (fo=0)                   0.000     0.000    CLK
    D18                  IBUF (Prop_ibuf_I_O)         0.954     0.954 r  CLK_IBUF_inst/O
                         net (fo=1, routed)           1.972     2.925    CLK_IBUF
    BUFGCTRL_X0Y16       BUFG (Prop_bufg_I_O)         0.096     3.021 r  CLK_IBUF_BUFG_inst/O
                         net (fo=70, routed)          1.547     4.568    RAM/CLK
    SLICE_X35Y61         FDCE                                         r  RAM/addr_reg[17]/C
  -------------------------------------------------------------------    -------------------
    SLICE_X35Y61         FDCE (Prop_fdce_C_Q)         0.456     5.024 r  RAM/addr_reg[17]/Q
                         net (fo=2, routed)           0.662     5.686    RAM/Q[1]
    SLICE_X36Y61         LUT6 (Prop_lut6_I2_O)        0.124     5.810 r  RAM/count3_carry__0_i_9/O
                         net (fo=2, routed)           1.120     6.930    CPU/CC/count3_carry__0_i_9_n_0_alias
    SLICE_X28Y55         LUT6 (Prop_lut6_I1_O)        0.124     7.054 r  CPU/CC/addr[15]_i_3_comp_1/O
                         net (fo=1, routed)           0.770     7.824    RAM/lru_reg_4[15]_repN_alias
    SLICE_X35Y59         LUT6 (Prop_lut6_I5_O)        0.124     7.948 r  RAM/rstate3_carry__0_i_3_comp/O
                         net (fo=1, routed)           0.000     7.948    RAM/rstate3_carry__0_i_3_n_0
    SLICE_X35Y59         CARRY4 (Prop_carry4_S[1]_CO[3])
                                                      0.550     8.498 r  RAM/rstate3_carry__0/CO[3]
                         net (fo=1, routed)           0.000     8.498    RAM/rstate3_carry__0_n_0
    SLICE_X35Y60         CARRY4 (Prop_carry4_CI_CO[2])
                                                      0.228     8.726 r  RAM/rstate3_carry__1/CO[2]
                         net (fo=50, routed)          1.282    10.008    RAM/CO[0]
    SLICE_X51Y53         LUT6 (Prop_lut6_I3_O)        0.313    10.321 r  RAM/mem_reg_12_i_3/O
                         net (fo=1, routed)           0.926    11.247    RAM/mem_reg_12_i_3_n_0
    RAMB36_X2Y10         RAMB36E1                                     r  RAM/mem_reg_12/WEA[0]
  -------------------------------------------------------------------    -------------------

                         (clock MAIN rise edge)       5.000     5.000 r  
    D18                                               0.000     5.000 r  CLK (IN)
                         net (fo=0)                   0.000     5.000    CLK
    D18                  IBUF (Prop_ibuf_I_O)         0.820     5.820 r  CLK_IBUF_inst/O
                         net (fo=1, routed)           1.868     7.688    CLK_IBUF
    BUFGCTRL_X0Y16       BUFG (Prop_bufg_I_O)         0.091     7.779 r  CLK_IBUF_BUFG_inst/O
                         net (fo=70, routed)          1.482     9.262    RAM/CLK
    RAMB36_X2Y10         RAMB36E1                                     r  RAM/mem_reg_12/CLKARDCLK
                         clock pessimism              0.250     9.512    
                         clock uncertainty           -0.035     9.476    
    RAMB36_X2Y10         RAMB36E1 (Setup_ramb36e1_CLKARDCLK_WEA[0])
                                                     -0.532     8.944    RAM/mem_reg_12
  -------------------------------------------------------------------
                         required time                          8.944    
                         arrival time                         -11.247    
  -------------------------------------------------------------------
                         slack                                 -2.303    

Slack (VIOLATED) :        -2.269ns  (required time - arrival time)
  Source:                 RAM/addr_reg[17]/C
                            (rising edge-triggered cell FDCE clocked by MAIN  {rise@0.000ns fall@2.500ns period=5.000ns})
  Destination:            RAM/mem_reg_14/WEA[0]
                            (rising edge-triggered cell RAMB36E1 clocked by MAIN  {rise@0.000ns fall@2.500ns period=5.000ns})
  Path Group:             MAIN
  Path Type:              Setup (Max at Slow Process Corner)
  Requirement:            5.000ns  (MAIN rise@5.000ns - MAIN rise@0.000ns)
  Data Path Delay:        6.644ns  (logic 1.919ns (28.882%)  route 4.725ns (71.118%))
  Logic Levels:           6  (CARRY4=2 LUT6=4)
  Clock Path Skew:        -0.058ns (DCD - SCD + CPR)
    Destination Clock Delay (DCD):    4.261ns = ( 9.261 - 5.000 ) 
    Source Clock Delay      (SCD):    4.568ns
    Clock Pessimism Removal (CPR):    0.250ns
  Clock Uncertainty:      0.035ns  ((TSJ^2 + TIJ^2)^1/2 + DJ) / 2 + PE
    Total System Jitter     (TSJ):    0.071ns
    Total Input Jitter      (TIJ):    0.000ns
    Discrete Jitter          (DJ):    0.000ns
    Phase Error              (PE):    0.000ns

    Location             Delay type                Incr(ns)  Path(ns)    Netlist Resource(s)
  -------------------------------------------------------------------    -------------------
                         (clock MAIN rise edge)       0.000     0.000 r  
    D18                                               0.000     0.000 r  CLK (IN)
                         net (fo=0)                   0.000     0.000    CLK
    D18                  IBUF (Prop_ibuf_I_O)         0.954     0.954 r  CLK_IBUF_inst/O
                         net (fo=1, routed)           1.972     2.925    CLK_IBUF
    BUFGCTRL_X0Y16       BUFG (Prop_bufg_I_O)         0.096     3.021 r  CLK_IBUF_BUFG_inst/O
                         net (fo=70, routed)          1.547     4.568    RAM/CLK
    SLICE_X35Y61         FDCE                                         r  RAM/addr_reg[17]/C
  -------------------------------------------------------------------    -------------------
    SLICE_X35Y61         FDCE (Prop_fdce_C_Q)         0.456     5.024 r  RAM/addr_reg[17]/Q
                         net (fo=2, routed)           0.662     5.686    RAM/Q[1]
    SLICE_X36Y61         LUT6 (Prop_lut6_I2_O)        0.124     5.810 r  RAM/count3_carry__0_i_9/O
                         net (fo=2, routed)           1.120     6.930    CPU/CC/count3_carry__0_i_9_n_0_alias
    SLICE_X28Y55         LUT6 (Prop_lut6_I1_O)        0.124     7.054 r  CPU/CC/addr[15]_i_3_comp_1/O
                         net (fo=1, routed)           0.770     7.824    RAM/lru_reg_4[15]_repN_alias
    SLICE_X35Y59         LUT6 (Prop_lut6_I5_O)        0.124     7.948 r  RAM/rstate3_carry__0_i_3_comp/O
                         net (fo=1, routed)           0.000     7.948    RAM/rstate3_carry__0_i_3_n_0
    SLICE_X35Y59         CARRY4 (Prop_carry4_S[1]_CO[3])
                                                      0.550     8.498 r  RAM/rstate3_carry__0/CO[3]
                         net (fo=1, routed)           0.000     8.498    RAM/rstate3_carry__0_n_0
    SLICE_X35Y60         CARRY4 (Prop_carry4_CI_CO[2])
                                                      0.228     8.726 r  RAM/rstate3_carry__1/CO[2]
                         net (fo=50, routed)          0.927     9.653    RAM/CO[0]
    SLICE_X43Y58         LUT6 (Prop_lut6_I3_O)        0.313     9.966 r  RAM/mem_reg_14_i_3/O
                         net (fo=1, routed)           1.246    11.213    RAM/mem_reg_14_i_3_n_0
    RAMB36_X2Y11         RAMB36E1                                     r  RAM/mem_reg_14/WEA[0]
  -------------------------------------------------------------------    -------------------

                         (clock MAIN rise edge)       5.000     5.000 r  
    D18                                               0.000     5.000 r  CLK (IN)
                         net (fo=0)                   0.000     5.000    CLK
    D18                  IBUF (Prop_ibuf_I_O)         0.820     5.820 r  CLK_IBUF_inst/O
                         net (fo=1, routed)           1.868     7.688    CLK_IBUF
    BUFGCTRL_X0Y16       BUFG (Prop_bufg_I_O)         0.091     7.779 r  CLK_IBUF_BUFG_inst/O
                         net (fo=70, routed)          1.481     9.261    RAM/CLK
    RAMB36_X2Y11         RAMB36E1                                     r  RAM/mem_reg_14/CLKARDCLK
                         clock pessimism              0.250     9.511    
                         clock uncertainty           -0.035     9.475    
    RAMB36_X2Y11         RAMB36E1 (Setup_ramb36e1_CLKARDCLK_WEA[0])
                                                     -0.532     8.943    RAM/mem_reg_14
  -------------------------------------------------------------------
                         required time                          8.943    
                         arrival time                         -11.213    
  -------------------------------------------------------------------
                         slack                                 -2.269    

Slack (VIOLATED) :        -2.249ns  (required time - arrival time)
  Source:                 RAM/addr_reg[17]/C
                            (rising edge-triggered cell FDCE clocked by MAIN  {rise@0.000ns fall@2.500ns period=5.000ns})
  Destination:            RAM/mem_reg_0/WEA[0]
                            (rising edge-triggered cell RAMB36E1 clocked by MAIN  {rise@0.000ns fall@2.500ns period=5.000ns})
  Path Group:             MAIN
  Path Type:              Setup (Max at Slow Process Corner)
  Requirement:            5.000ns  (MAIN rise@5.000ns - MAIN rise@0.000ns)
  Data Path Delay:        6.622ns  (logic 1.919ns (28.981%)  route 4.703ns (71.019%))
  Logic Levels:           6  (CARRY4=2 LUT6=4)
  Clock Path Skew:        -0.060ns (DCD - SCD + CPR)
    Destination Clock Delay (DCD):    4.259ns = ( 9.259 - 5.000 ) 
    Source Clock Delay      (SCD):    4.568ns
    Clock Pessimism Removal (CPR):    0.250ns
  Clock Uncertainty:      0.035ns  ((TSJ^2 + TIJ^2)^1/2 + DJ) / 2 + PE
    Total System Jitter     (TSJ):    0.071ns
    Total Input Jitter      (TIJ):    0.000ns
    Discrete Jitter          (DJ):    0.000ns
    Phase Error              (PE):    0.000ns

    Location             Delay type                Incr(ns)  Path(ns)    Netlist Resource(s)
  -------------------------------------------------------------------    -------------------
                         (clock MAIN rise edge)       0.000     0.000 r  
    D18                                               0.000     0.000 r  CLK (IN)
                         net (fo=0)                   0.000     0.000    CLK
    D18                  IBUF (Prop_ibuf_I_O)         0.954     0.954 r  CLK_IBUF_inst/O
                         net (fo=1, routed)           1.972     2.925    CLK_IBUF
    BUFGCTRL_X0Y16       BUFG (Prop_bufg_I_O)         0.096     3.021 r  CLK_IBUF_BUFG_inst/O
                         net (fo=70, routed)          1.547     4.568    RAM/CLK
    SLICE_X35Y61         FDCE                                         r  RAM/addr_reg[17]/C
  -------------------------------------------------------------------    -------------------
    SLICE_X35Y61         FDCE (Prop_fdce_C_Q)         0.456     5.024 r  RAM/addr_reg[17]/Q
                         net (fo=2, routed)           0.662     5.686    RAM/Q[1]
    SLICE_X36Y61         LUT6 (Prop_lut6_I2_O)        0.124     5.810 r  RAM/count3_carry__0_i_9/O
                         net (fo=2, routed)           1.120     6.930    CPU/CC/count3_carry__0_i_9_n_0_alias
    SLICE_X28Y55         LUT6 (Prop_lut6_I1_O)        0.124     7.054 r  CPU/CC/addr[15]_i_3_comp_1/O
                         net (fo=1, routed)           0.770     7.824    RAM/lru_reg_4[15]_repN_alias
    SLICE_X35Y59         LUT6 (Prop_lut6_I5_O)        0.124     7.948 r  RAM/rstate3_carry__0_i_3_comp/O
                         net (fo=1, routed)           0.000     7.948    RAM/rstate3_carry__0_i_3_n_0
    SLICE_X35Y59         CARRY4 (Prop_carry4_S[1]_CO[3])
                                                      0.550     8.498 r  RAM/rstate3_carry__0/CO[3]
                         net (fo=1, routed)           0.000     8.498    RAM/rstate3_carry__0_n_0
    SLICE_X35Y60         CARRY4 (Prop_carry4_CI_CO[2])
                                                      0.228     8.726 r  RAM/rstate3_carry__1/CO[2]
                         net (fo=50, routed)          1.353    10.079    RAM/CO[0]
    SLICE_X52Y57         LUT6 (Prop_lut6_I3_O)        0.313    10.392 r  RAM/mem_reg_0_i_3/O
                         net (fo=1, routed)           0.798    11.190    RAM/mem_reg_0_i_3_n_0
    RAMB36_X1Y11         RAMB36E1                                     r  RAM/mem_reg_0/WEA[0]
  -------------------------------------------------------------------    -------------------

                         (clock MAIN rise edge)       5.000     5.000 r  
    D18                                               0.000     5.000 r  CLK (IN)
                         net (fo=0)                   0.000     5.000    CLK
    D18                  IBUF (Prop_ibuf_I_O)         0.820     5.820 r  CLK_IBUF_inst/O
                         net (fo=1, routed)           1.868     7.688    CLK_IBUF
    BUFGCTRL_X0Y16       BUFG (Prop_bufg_I_O)         0.091     7.779 r  CLK_IBUF_BUFG_inst/O
                         net (fo=70, routed)          1.479     9.259    RAM/CLK
    RAMB36_X1Y11         RAMB36E1                                     r  RAM/mem_reg_0/CLKARDCLK
                         clock pessimism              0.250     9.509    
                         clock uncertainty           -0.035     9.473    
    RAMB36_X1Y11         RAMB36E1 (Setup_ramb36e1_CLKARDCLK_WEA[0])
                                                     -0.532     8.941    RAM/mem_reg_0
  -------------------------------------------------------------------
                         required time                          8.941    
                         arrival time                         -11.190    
  -------------------------------------------------------------------
                         slack                                 -2.249    

Slack (VIOLATED) :        -2.226ns  (required time - arrival time)
  Source:                 RAM/addr_reg[17]/C
                            (rising edge-triggered cell FDCE clocked by MAIN  {rise@0.000ns fall@2.500ns period=5.000ns})
  Destination:            RAM/mem_reg_2/WEA[0]
                            (rising edge-triggered cell RAMB36E1 clocked by MAIN  {rise@0.000ns fall@2.500ns period=5.000ns})
  Path Group:             MAIN
  Path Type:              Setup (Max at Slow Process Corner)
  Requirement:            5.000ns  (MAIN rise@5.000ns - MAIN rise@0.000ns)
  Data Path Delay:        6.608ns  (logic 1.919ns (29.040%)  route 4.689ns (70.960%))
  Logic Levels:           6  (CARRY4=2 LUT6=4)
  Clock Path Skew:        -0.050ns (DCD - SCD + CPR)
    Destination Clock Delay (DCD):    4.276ns = ( 9.276 - 5.000 ) 
    Source Clock Delay      (SCD):    4.568ns
    Clock Pessimism Removal (CPR):    0.242ns
  Clock Uncertainty:      0.035ns  ((TSJ^2 + TIJ^2)^1/2 + DJ) / 2 + PE
    Total System Jitter     (TSJ):    0.071ns
    Total Input Jitter      (TIJ):    0.000ns
    Discrete Jitter          (DJ):    0.000ns
    Phase Error              (PE):    0.000ns

    Location             Delay type                Incr(ns)  Path(ns)    Netlist Resource(s)
  -------------------------------------------------------------------    -------------------
                         (clock MAIN rise edge)       0.000     0.000 r  
    D18                                               0.000     0.000 r  CLK (IN)
                         net (fo=0)                   0.000     0.000    CLK
    D18                  IBUF (Prop_ibuf_I_O)         0.954     0.954 r  CLK_IBUF_inst/O
                         net (fo=1, routed)           1.972     2.925    CLK_IBUF
    BUFGCTRL_X0Y16       BUFG (Prop_bufg_I_O)         0.096     3.021 r  CLK_IBUF_BUFG_inst/O
                         net (fo=70, routed)          1.547     4.568    RAM/CLK
    SLICE_X35Y61         FDCE                                         r  RAM/addr_reg[17]/C
  -------------------------------------------------------------------    -------------------
    SLICE_X35Y61         FDCE (Prop_fdce_C_Q)         0.456     5.024 r  RAM/addr_reg[17]/Q
                         net (fo=2, routed)           0.662     5.686    RAM/Q[1]
    SLICE_X36Y61         LUT6 (Prop_lut6_I2_O)        0.124     5.810 r  RAM/count3_carry__0_i_9/O
                         net (fo=2, routed)           1.120     6.930    CPU/CC/count3_carry__0_i_9_n_0_alias
    SLICE_X28Y55         LUT6 (Prop_lut6_I1_O)        0.124     7.054 r  CPU/CC/addr[15]_i_3_comp_1/O
                         net (fo=1, routed)           0.770     7.824    RAM/lru_reg_4[15]_repN_alias
    SLICE_X35Y59         LUT6 (Prop_lut6_I5_O)        0.124     7.948 r  RAM/rstate3_carry__0_i_3_comp/O
                         net (fo=1, routed)           0.000     7.948    RAM/rstate3_carry__0_i_3_n_0
    SLICE_X35Y59         CARRY4 (Prop_carry4_S[1]_CO[3])
                                                      0.550     8.498 r  RAM/rstate3_carry__0/CO[3]
                         net (fo=1, routed)           0.000     8.498    RAM/rstate3_carry__0_n_0
    SLICE_X35Y60         CARRY4 (Prop_carry4_CI_CO[2])
                                                      0.228     8.726 r  RAM/rstate3_carry__1/CO[2]
                         net (fo=50, routed)          1.263     9.990    RAM/CO[0]
    SLICE_X46Y46         LUT6 (Prop_lut6_I3_O)        0.313    10.303 r  RAM/mem_reg_2_i_3/O
                         net (fo=1, routed)           0.874    11.177    RAM/mem_reg_2_i_3_n_0
    RAMB36_X1Y8          RAMB36E1                                     r  RAM/mem_reg_2/WEA[0]
  -------------------------------------------------------------------    -------------------

                         (clock MAIN rise edge)       5.000     5.000 r  
    D18                                               0.000     5.000 r  CLK (IN)
                         net (fo=0)                   0.000     5.000    CLK
    D18                  IBUF (Prop_ibuf_I_O)         0.820     5.820 r  CLK_IBUF_inst/O
                         net (fo=1, routed)           1.868     7.688    CLK_IBUF
    BUFGCTRL_X0Y16       BUFG (Prop_bufg_I_O)         0.091     7.779 r  CLK_IBUF_BUFG_inst/O
                         net (fo=70, routed)          1.497     9.276    RAM/CLK
    RAMB36_X1Y8          RAMB36E1                                     r  RAM/mem_reg_2/CLKARDCLK
                         clock pessimism              0.242     9.518    
                         clock uncertainty           -0.035     9.483    
    RAMB36_X1Y8          RAMB36E1 (Setup_ramb36e1_CLKARDCLK_WEA[0])
                                                     -0.532     8.951    RAM/mem_reg_2
  -------------------------------------------------------------------
                         required time                          8.951    
                         arrival time                         -11.177    
  -------------------------------------------------------------------
                         slack                                 -2.226    

Slack (VIOLATED) :        -2.202ns  (required time - arrival time)
  Source:                 RAM/addr_reg[17]/C
                            (rising edge-triggered cell FDCE clocked by MAIN  {rise@0.000ns fall@2.500ns period=5.000ns})
  Destination:            RAM/mem_reg_4/WEA[0]
                            (rising edge-triggered cell RAMB36E1 clocked by MAIN  {rise@0.000ns fall@2.500ns period=5.000ns})
  Path Group:             MAIN
  Path Type:              Setup (Max at Slow Process Corner)
  Requirement:            5.000ns  (MAIN rise@5.000ns - MAIN rise@0.000ns)
  Data Path Delay:        6.645ns  (logic 1.919ns (28.879%)  route 4.726ns (71.121%))
  Logic Levels:           6  (CARRY4=2 LUT6=4)
  Clock Path Skew:        0.010ns (DCD - SCD + CPR)
    Destination Clock Delay (DCD):    4.258ns = ( 9.258 - 5.000 ) 
    Source Clock Delay      (SCD):    4.568ns
    Clock Pessimism Removal (CPR):    0.321ns
  Clock Uncertainty:      0.035ns  ((TSJ^2 + TIJ^2)^1/2 + DJ) / 2 + PE
    Total System Jitter     (TSJ):    0.071ns
    Total Input Jitter      (TIJ):    0.000ns
    Discrete Jitter          (DJ):    0.000ns
    Phase Error              (PE):    0.000ns

    Location             Delay type                Incr(ns)  Path(ns)    Netlist Resource(s)
  -------------------------------------------------------------------    -------------------
                         (clock MAIN rise edge)       0.000     0.000 r  
    D18                                               0.000     0.000 r  CLK (IN)
                         net (fo=0)                   0.000     0.000    CLK
    D18                  IBUF (Prop_ibuf_I_O)         0.954     0.954 r  CLK_IBUF_inst/O
                         net (fo=1, routed)           1.972     2.925    CLK_IBUF
    BUFGCTRL_X0Y16       BUFG (Prop_bufg_I_O)         0.096     3.021 r  CLK_IBUF_BUFG_inst/O
                         net (fo=70, routed)          1.547     4.568    RAM/CLK
    SLICE_X35Y61         FDCE                                         r  RAM/addr_reg[17]/C
  -------------------------------------------------------------------    -------------------
    SLICE_X35Y61         FDCE (Prop_fdce_C_Q)         0.456     5.024 r  RAM/addr_reg[17]/Q
                         net (fo=2, routed)           0.662     5.686    RAM/Q[1]
    SLICE_X36Y61         LUT6 (Prop_lut6_I2_O)        0.124     5.810 r  RAM/count3_carry__0_i_9/O
                         net (fo=2, routed)           1.120     6.930    CPU/CC/count3_carry__0_i_9_n_0_alias
    SLICE_X28Y55         LUT6 (Prop_lut6_I1_O)        0.124     7.054 r  CPU/CC/addr[15]_i_3_comp_1/O
                         net (fo=1, routed)           0.770     7.824    RAM/lru_reg_4[15]_repN_alias
    SLICE_X35Y59         LUT6 (Prop_lut6_I5_O)        0.124     7.948 r  RAM/rstate3_carry__0_i_3_comp/O
                         net (fo=1, routed)           0.000     7.948    RAM/rstate3_carry__0_i_3_n_0
    SLICE_X35Y59         CARRY4 (Prop_carry4_S[1]_CO[3])
                                                      0.550     8.498 r  RAM/rstate3_carry__0/CO[3]
                         net (fo=1, routed)           0.000     8.498    RAM/rstate3_carry__0_n_0
    SLICE_X35Y60         CARRY4 (Prop_carry4_CI_CO[2])
                                                      0.228     8.726 r  RAM/rstate3_carry__1/CO[2]
                         net (fo=50, routed)          1.283    10.009    RAM/CO[0]
    SLICE_X10Y58         LUT6 (Prop_lut6_I3_O)        0.313    10.322 r  RAM/mem_reg_4_i_3/O
                         net (fo=1, routed)           0.891    11.213    RAM/mem_reg_4_i_3_n_0
    RAMB36_X0Y11         RAMB36E1                                     r  RAM/mem_reg_4/WEA[0]
  -------------------------------------------------------------------    -------------------

                         (clock MAIN rise edge)       5.000     5.000 r  
    D18                                               0.000     5.000 r  CLK (IN)
                         net (fo=0)                   0.000     5.000    CLK
    D18                  IBUF (Prop_ibuf_I_O)         0.820     5.820 r  CLK_IBUF_inst/O
                         net (fo=1, routed)           1.868     7.688    CLK_IBUF
    BUFGCTRL_X0Y16       BUFG (Prop_bufg_I_O)         0.091     7.779 r  CLK_IBUF_BUFG_inst/O
                         net (fo=70, routed)          1.478     9.258    RAM/CLK
    RAMB36_X0Y11         RAMB36E1                                     r  RAM/mem_reg_4/CLKARDCLK
                         clock pessimism              0.321     9.579    
                         clock uncertainty           -0.035     9.544    
    RAMB36_X0Y11         RAMB36E1 (Setup_ramb36e1_CLKARDCLK_WEA[0])
                                                     -0.532     9.012    RAM/mem_reg_4
  -------------------------------------------------------------------
                         required time                          9.012    
                         arrival time                         -11.213    
  -------------------------------------------------------------------
                         slack                                 -2.202    

Slack (VIOLATED) :        -2.202ns  (required time - arrival time)
  Source:                 RAM/addr_reg[17]/C
                            (rising edge-triggered cell FDCE clocked by MAIN  {rise@0.000ns fall@2.500ns period=5.000ns})
  Destination:            RAM/mem_reg_13/WEA[0]
                            (rising edge-triggered cell RAMB36E1 clocked by MAIN  {rise@0.000ns fall@2.500ns period=5.000ns})
  Path Group:             MAIN
  Path Type:              Setup (Max at Slow Process Corner)
  Requirement:            5.000ns  (MAIN rise@5.000ns - MAIN rise@0.000ns)
  Data Path Delay:        6.581ns  (logic 1.919ns (29.158%)  route 4.662ns (70.842%))
  Logic Levels:           6  (CARRY4=2 LUT6=4)
  Clock Path Skew:        -0.053ns (DCD - SCD + CPR)
    Destination Clock Delay (DCD):    4.273ns = ( 9.273 - 5.000 ) 
    Source Clock Delay      (SCD):    4.568ns
    Clock Pessimism Removal (CPR):    0.242ns
  Clock Uncertainty:      0.035ns  ((TSJ^2 + TIJ^2)^1/2 + DJ) / 2 + PE
    Total System Jitter     (TSJ):    0.071ns
    Total Input Jitter      (TIJ):    0.000ns
    Discrete Jitter          (DJ):    0.000ns
    Phase Error              (PE):    0.000ns

    Location             Delay type                Incr(ns)  Path(ns)    Netlist Resource(s)
  -------------------------------------------------------------------    -------------------
                         (clock MAIN rise edge)       0.000     0.000 r  
    D18                                               0.000     0.000 r  CLK (IN)
                         net (fo=0)                   0.000     0.000    CLK
    D18                  IBUF (Prop_ibuf_I_O)         0.954     0.954 r  CLK_IBUF_inst/O
                         net (fo=1, routed)           1.972     2.925    CLK_IBUF
    BUFGCTRL_X0Y16       BUFG (Prop_bufg_I_O)         0.096     3.021 r  CLK_IBUF_BUFG_inst/O
                         net (fo=70, routed)          1.547     4.568    RAM/CLK
    SLICE_X35Y61         FDCE                                         r  RAM/addr_reg[17]/C
  -------------------------------------------------------------------    -------------------
    SLICE_X35Y61         FDCE (Prop_fdce_C_Q)         0.456     5.024 r  RAM/addr_reg[17]/Q
                         net (fo=2, routed)           0.662     5.686    RAM/Q[1]
    SLICE_X36Y61         LUT6 (Prop_lut6_I2_O)        0.124     5.810 r  RAM/count3_carry__0_i_9/O
                         net (fo=2, routed)           1.120     6.930    CPU/CC/count3_carry__0_i_9_n_0_alias
    SLICE_X28Y55         LUT6 (Prop_lut6_I1_O)        0.124     7.054 r  CPU/CC/addr[15]_i_3_comp_1/O
                         net (fo=1, routed)           0.770     7.824    RAM/lru_reg_4[15]_repN_alias
    SLICE_X35Y59         LUT6 (Prop_lut6_I5_O)        0.124     7.948 r  RAM/rstate3_carry__0_i_3_comp/O
                         net (fo=1, routed)           0.000     7.948    RAM/rstate3_carry__0_i_3_n_0
    SLICE_X35Y59         CARRY4 (Prop_carry4_S[1]_CO[3])
                                                      0.550     8.498 r  RAM/rstate3_carry__0/CO[3]
                         net (fo=1, routed)           0.000     8.498    RAM/rstate3_carry__0_n_0
    SLICE_X35Y60         CARRY4 (Prop_carry4_CI_CO[2])
                                                      0.228     8.726 r  RAM/rstate3_carry__1/CO[2]
                         net (fo=50, routed)          1.266     9.993    RAM/CO[0]
    SLICE_X46Y46         LUT6 (Prop_lut6_I3_O)        0.313    10.306 r  RAM/mem_reg_13_i_3/O
                         net (fo=1, routed)           0.844    11.150    RAM/mem_reg_13_i_3_n_0
    RAMB36_X1Y7          RAMB36E1                                     r  RAM/mem_reg_13/WEA[0]
  -------------------------------------------------------------------    -------------------

                         (clock MAIN rise edge)       5.000     5.000 r  
    D18                                               0.000     5.000 r  CLK (IN)
                         net (fo=0)                   0.000     5.000    CLK
    D18                  IBUF (Prop_ibuf_I_O)         0.820     5.820 r  CLK_IBUF_inst/O
                         net (fo=1, routed)           1.868     7.688    CLK_IBUF
    BUFGCTRL_X0Y16       BUFG (Prop_bufg_I_O)         0.091     7.779 r  CLK_IBUF_BUFG_inst/O
                         net (fo=70, routed)          1.494     9.273    RAM/CLK
    RAMB36_X1Y7          RAMB36E1                                     r  RAM/mem_reg_13/CLKARDCLK
                         clock pessimism              0.242     9.515    
                         clock uncertainty           -0.035     9.480    
    RAMB36_X1Y7          RAMB36E1 (Setup_ramb36e1_CLKARDCLK_WEA[0])
                                                     -0.532     8.948    RAM/mem_reg_13
  -------------------------------------------------------------------
                         required time                          8.948    
                         arrival time                         -11.150    
  -------------------------------------------------------------------
                         slack                                 -2.202    

Slack (VIOLATED) :        -2.136ns  (required time - arrival time)
  Source:                 RAM/addr_reg[17]/C
                            (rising edge-triggered cell FDCE clocked by MAIN  {rise@0.000ns fall@2.500ns period=5.000ns})
  Destination:            RAM/mem_reg_10/WEA[0]
                            (rising edge-triggered cell RAMB36E1 clocked by MAIN  {rise@0.000ns fall@2.500ns period=5.000ns})
  Path Group:             MAIN
  Path Type:              Setup (Max at Slow Process Corner)
  Requirement:            5.000ns  (MAIN rise@5.000ns - MAIN rise@0.000ns)
  Data Path Delay:        6.519ns  (logic 1.919ns (29.438%)  route 4.600ns (70.562%))
  Logic Levels:           6  (CARRY4=2 LUT6=4)
  Clock Path Skew:        -0.050ns (DCD - SCD + CPR)
    Destination Clock Delay (DCD):    4.276ns = ( 9.276 - 5.000 ) 
    Source Clock Delay      (SCD):    4.568ns
    Clock Pessimism Removal (CPR):    0.242ns
  Clock Uncertainty:      0.035ns  ((TSJ^2 + TIJ^2)^1/2 + DJ) / 2 + PE
    Total System Jitter     (TSJ):    0.071ns
    Total Input Jitter      (TIJ):    0.000ns
    Discrete Jitter          (DJ):    0.000ns
    Phase Error              (PE):    0.000ns

    Location             Delay type                Incr(ns)  Path(ns)    Netlist Resource(s)
  -------------------------------------------------------------------    -------------------
                         (clock MAIN rise edge)       0.000     0.000 r  
    D18                                               0.000     0.000 r  CLK (IN)
                         net (fo=0)                   0.000     0.000    CLK
    D18                  IBUF (Prop_ibuf_I_O)         0.954     0.954 r  CLK_IBUF_inst/O
                         net (fo=1, routed)           1.972     2.925    CLK_IBUF
    BUFGCTRL_X0Y16       BUFG (Prop_bufg_I_O)         0.096     3.021 r  CLK_IBUF_BUFG_inst/O
                         net (fo=70, routed)          1.547     4.568    RAM/CLK
    SLICE_X35Y61         FDCE                                         r  RAM/addr_reg[17]/C
  -------------------------------------------------------------------    -------------------
    SLICE_X35Y61         FDCE (Prop_fdce_C_Q)         0.456     5.024 r  RAM/addr_reg[17]/Q
                         net (fo=2, routed)           0.662     5.686    RAM/Q[1]
    SLICE_X36Y61         LUT6 (Prop_lut6_I2_O)        0.124     5.810 r  RAM/count3_carry__0_i_9/O
                         net (fo=2, routed)           1.120     6.930    CPU/CC/count3_carry__0_i_9_n_0_alias
    SLICE_X28Y55         LUT6 (Prop_lut6_I1_O)        0.124     7.054 r  CPU/CC/addr[15]_i_3_comp_1/O
                         net (fo=1, routed)           0.770     7.824    RAM/lru_reg_4[15]_repN_alias
    SLICE_X35Y59         LUT6 (Prop_lut6_I5_O)        0.124     7.948 r  RAM/rstate3_carry__0_i_3_comp/O
                         net (fo=1, routed)           0.000     7.948    RAM/rstate3_carry__0_i_3_n_0
    SLICE_X35Y59         CARRY4 (Prop_carry4_S[1]_CO[3])
                                                      0.550     8.498 r  RAM/rstate3_carry__0/CO[3]
                         net (fo=1, routed)           0.000     8.498    RAM/rstate3_carry__0_n_0
    SLICE_X35Y60         CARRY4 (Prop_carry4_CI_CO[2])
                                                      0.228     8.726 r  RAM/rstate3_carry__1/CO[2]
                         net (fo=50, routed)          1.244     9.970    RAM/CO[0]
    SLICE_X11Y51         LUT6 (Prop_lut6_I3_O)        0.313    10.283 r  RAM/mem_reg_10_i_3/O
                         net (fo=1, routed)           0.804    11.087    RAM/mem_reg_10_i_3_n_0
    RAMB36_X0Y9          RAMB36E1                                     r  RAM/mem_reg_10/WEA[0]
  -------------------------------------------------------------------    -------------------

                         (clock MAIN rise edge)       5.000     5.000 r  
    D18                                               0.000     5.000 r  CLK (IN)
                         net (fo=0)                   0.000     5.000    CLK
    D18                  IBUF (Prop_ibuf_I_O)         0.820     5.820 r  CLK_IBUF_inst/O
                         net (fo=1, routed)           1.868     7.688    CLK_IBUF
    BUFGCTRL_X0Y16       BUFG (Prop_bufg_I_O)         0.091     7.779 r  CLK_IBUF_BUFG_inst/O
                         net (fo=70, routed)          1.497     9.276    RAM/CLK
    RAMB36_X0Y9          RAMB36E1                                     r  RAM/mem_reg_10/CLKARDCLK
                         clock pessimism              0.242     9.518    
                         clock uncertainty           -0.035     9.483    
    RAMB36_X0Y9          RAMB36E1 (Setup_ramb36e1_CLKARDCLK_WEA[0])
                                                     -0.532     8.951    RAM/mem_reg_10
  -------------------------------------------------------------------
                         required time                          8.951    
                         arrival time                         -11.087    
  -------------------------------------------------------------------
                         slack                                 -2.136    

Slack (VIOLATED) :        -2.130ns  (required time - arrival time)
  Source:                 RAM/addr_reg[17]/C
                            (rising edge-triggered cell FDCE clocked by MAIN  {rise@0.000ns fall@2.500ns period=5.000ns})
  Destination:            RAM/mem_reg_5/WEA[0]
                            (rising edge-triggered cell RAMB36E1 clocked by MAIN  {rise@0.000ns fall@2.500ns period=5.000ns})
  Path Group:             MAIN
  Path Type:              Setup (Max at Slow Process Corner)
  Requirement:            5.000ns  (MAIN rise@5.000ns - MAIN rise@0.000ns)
  Data Path Delay:        6.562ns  (logic 1.919ns (29.243%)  route 4.643ns (70.757%))
  Logic Levels:           6  (CARRY4=2 LUT6=4)
  Clock Path Skew:        -0.001ns (DCD - SCD + CPR)
    Destination Clock Delay (DCD):    4.247ns = ( 9.247 - 5.000 ) 
    Source Clock Delay      (SCD):    4.568ns
    Clock Pessimism Removal (CPR):    0.321ns
  Clock Uncertainty:      0.035ns  ((TSJ^2 + TIJ^2)^1/2 + DJ) / 2 + PE
    Total System Jitter     (TSJ):    0.071ns
    Total Input Jitter      (TIJ):    0.000ns
    Discrete Jitter          (DJ):    0.000ns
    Phase Error              (PE):    0.000ns

    Location             Delay type                Incr(ns)  Path(ns)    Netlist Resource(s)
  -------------------------------------------------------------------    -------------------
                         (clock MAIN rise edge)       0.000     0.000 r  
    D18                                               0.000     0.000 r  CLK (IN)
                         net (fo=0)                   0.000     0.000    CLK
    D18                  IBUF (Prop_ibuf_I_O)         0.954     0.954 r  CLK_IBUF_inst/O
                         net (fo=1, routed)           1.972     2.925    CLK_IBUF
    BUFGCTRL_X0Y16       BUFG (Prop_bufg_I_O)         0.096     3.021 r  CLK_IBUF_BUFG_inst/O
                         net (fo=70, routed)          1.547     4.568    RAM/CLK
    SLICE_X35Y61         FDCE                                         r  RAM/addr_reg[17]/C
  -------------------------------------------------------------------    -------------------
    SLICE_X35Y61         FDCE (Prop_fdce_C_Q)         0.456     5.024 r  RAM/addr_reg[17]/Q
                         net (fo=2, routed)           0.662     5.686    RAM/Q[1]
    SLICE_X36Y61         LUT6 (Prop_lut6_I2_O)        0.124     5.810 r  RAM/count3_carry__0_i_9/O
                         net (fo=2, routed)           1.120     6.930    CPU/CC/count3_carry__0_i_9_n_0_alias
    SLICE_X28Y55         LUT6 (Prop_lut6_I1_O)        0.124     7.054 r  CPU/CC/addr[15]_i_3_comp_1/O
                         net (fo=1, routed)           0.770     7.824    RAM/lru_reg_4[15]_repN_alias
    SLICE_X35Y59         LUT6 (Prop_lut6_I5_O)        0.124     7.948 r  RAM/rstate3_carry__0_i_3_comp/O
                         net (fo=1, routed)           0.000     7.948    RAM/rstate3_carry__0_i_3_n_0
    SLICE_X35Y59         CARRY4 (Prop_carry4_S[1]_CO[3])
                                                      0.550     8.498 r  RAM/rstate3_carry__0/CO[3]
                         net (fo=1, routed)           0.000     8.498    RAM/rstate3_carry__0_n_0
    SLICE_X35Y60         CARRY4 (Prop_carry4_CI_CO[2])
                                                      0.228     8.726 r  RAM/rstate3_carry__1/CO[2]
                         net (fo=50, routed)          0.802     9.528    RAM/CO[0]
    SLICE_X29Y62         LUT6 (Prop_lut6_I3_O)        0.313     9.841 r  RAM/mem_reg_5_i_3/O
                         net (fo=1, routed)           1.290    11.131    RAM/mem_reg_5_i_3_n_0
    RAMB36_X0Y15         RAMB36E1                                     r  RAM/mem_reg_5/WEA[0]
  -------------------------------------------------------------------    -------------------

                         (clock MAIN rise edge)       5.000     5.000 r  
    D18                                               0.000     5.000 r  CLK (IN)
                         net (fo=0)                   0.000     5.000    CLK
    D18                  IBUF (Prop_ibuf_I_O)         0.820     5.820 r  CLK_IBUF_inst/O
                         net (fo=1, routed)           1.868     7.688    CLK_IBUF
    BUFGCTRL_X0Y16       BUFG (Prop_bufg_I_O)         0.091     7.779 r  CLK_IBUF_BUFG_inst/O
                         net (fo=70, routed)          1.467     9.247    RAM/CLK
    RAMB36_X0Y15         RAMB36E1                                     r  RAM/mem_reg_5/CLKARDCLK
                         clock pessimism              0.321     9.568    
                         clock uncertainty           -0.035     9.533    
    RAMB36_X0Y15         RAMB36E1 (Setup_ramb36e1_CLKARDCLK_WEA[0])
                                                     -0.532     9.001    RAM/mem_reg_5
  -------------------------------------------------------------------
                         required time                          9.001    
                         arrival time                         -11.131    
  -------------------------------------------------------------------
                         slack                                 -2.130    





Min Delay Paths
--------------------------------------------------------------------------------------
Slack (MET) :             0.320ns  (arrival time - required time)
  Source:                 RAM/count_reg[0]/C
                            (rising edge-triggered cell FDCE clocked by MAIN  {rise@0.000ns fall@2.500ns period=5.000ns})
  Destination:            RAM/count_reg[0]/D
                            (rising edge-triggered cell FDCE clocked by MAIN  {rise@0.000ns fall@2.500ns period=5.000ns})
  Path Group:             MAIN
  Path Type:              Hold (Min at Fast Process Corner)
  Requirement:            0.000ns  (MAIN rise@0.000ns - MAIN rise@0.000ns)
  Data Path Delay:        0.441ns  (logic 0.209ns (47.370%)  route 0.232ns (52.630%))
  Logic Levels:           1  (LUT5=1)
  Clock Path Skew:        0.000ns (DCD - SCD - CPR)
    Destination Clock Delay (DCD):    1.911ns
    Source Clock Delay      (SCD):    1.397ns
    Clock Pessimism Removal (CPR):    0.514ns

    Location             Delay type                Incr(ns)  Path(ns)    Netlist Resource(s)
  -------------------------------------------------------------------    -------------------
                         (clock MAIN rise edge)       0.000     0.000 r  
    D18                                               0.000     0.000 r  CLK (IN)
                         net (fo=0)                   0.000     0.000    CLK
    D18                  IBUF (Prop_ibuf_I_O)         0.183     0.183 r  CLK_IBUF_inst/O
                         net (fo=1, routed)           0.634     0.817    CLK_IBUF
    BUFGCTRL_X0Y16       BUFG (Prop_bufg_I_O)         0.026     0.843 r  CLK_IBUF_BUFG_inst/O
                         net (fo=70, routed)          0.554     1.397    RAM/CLK
    SLICE_X34Y63         FDCE                                         r  RAM/count_reg[0]/C
  -------------------------------------------------------------------    -------------------
    SLICE_X34Y63         FDCE (Prop_fdce_C_Q)         0.164     1.561 r  RAM/count_reg[0]/Q
                         net (fo=2, routed)           0.232     1.793    RAM/count[0]
    SLICE_X34Y63         LUT5 (Prop_lut5_I4_O)        0.045     1.838 r  RAM/count[0]_i_1/O
                         net (fo=1, routed)           0.000     1.838    RAM/count[0]_i_1_n_0
    SLICE_X34Y63         FDCE                                         r  RAM/count_reg[0]/D
  -------------------------------------------------------------------    -------------------

                         (clock MAIN rise edge)       0.000     0.000 r  
    D18                                               0.000     0.000 r  CLK (IN)
                         net (fo=0)                   0.000     0.000    CLK
    D18                  IBUF (Prop_ibuf_I_O)         0.372     0.372 r  CLK_IBUF_inst/O
                         net (fo=1, routed)           0.689     1.060    CLK_IBUF
    BUFGCTRL_X0Y16       BUFG (Prop_bufg_I_O)         0.029     1.089 r  CLK_IBUF_BUFG_inst/O
                         net (fo=70, routed)          0.822     1.911    RAM/CLK
    SLICE_X34Y63         FDCE                                         r  RAM/count_reg[0]/C
                         clock pessimism             -0.514     1.397    
    SLICE_X34Y63         FDCE (Hold_fdce_C_D)         0.121     1.518    RAM/count_reg[0]
  -------------------------------------------------------------------
                         required time                         -1.518    
                         arrival time                           1.838    
  -------------------------------------------------------------------
                         slack                                  0.320    

Slack (MET) :             0.323ns  (arrival time - required time)
  Source:                 RAM/count_reg[0]/C
                            (rising edge-triggered cell FDCE clocked by MAIN  {rise@0.000ns fall@2.500ns period=5.000ns})
  Destination:            RAM/count_reg[1]/D
                            (rising edge-triggered cell FDCE clocked by MAIN  {rise@0.000ns fall@2.500ns period=5.000ns})
  Path Group:             MAIN
  Path Type:              Hold (Min at Fast Process Corner)
  Requirement:            0.000ns  (MAIN rise@0.000ns - MAIN rise@0.000ns)
  Data Path Delay:        0.443ns  (logic 0.209ns (47.156%)  route 0.234ns (52.844%))
  Logic Levels:           1  (LUT5=1)
  Clock Path Skew:        0.000ns (DCD - SCD - CPR)
    Destination Clock Delay (DCD):    1.911ns
    Source Clock Delay      (SCD):    1.397ns
    Clock Pessimism Removal (CPR):    0.514ns

    Location             Delay type                Incr(ns)  Path(ns)    Netlist Resource(s)
  -------------------------------------------------------------------    -------------------
                         (clock MAIN rise edge)       0.000     0.000 r  
    D18                                               0.000     0.000 r  CLK (IN)
                         net (fo=0)                   0.000     0.000    CLK
    D18                  IBUF (Prop_ibuf_I_O)         0.183     0.183 r  CLK_IBUF_inst/O
                         net (fo=1, routed)           0.634     0.817    CLK_IBUF
    BUFGCTRL_X0Y16       BUFG (Prop_bufg_I_O)         0.026     0.843 r  CLK_IBUF_BUFG_inst/O
                         net (fo=70, routed)          0.554     1.397    RAM/CLK
    SLICE_X34Y63         FDCE                                         r  RAM/count_reg[0]/C
  -------------------------------------------------------------------    -------------------
    SLICE_X34Y63         FDCE (Prop_fdce_C_Q)         0.164     1.561 r  RAM/count_reg[0]/Q
                         net (fo=2, routed)           0.234     1.795    RAM/count[0]
    SLICE_X34Y63         LUT5 (Prop_lut5_I0_O)        0.045     1.840 r  RAM/count[1]_i_1/O
                         net (fo=1, routed)           0.000     1.840    RAM/count[1]_i_1_n_0
    SLICE_X34Y63         FDCE                                         r  RAM/count_reg[1]/D
  -------------------------------------------------------------------    -------------------

                         (clock MAIN rise edge)       0.000     0.000 r  
    D18                                               0.000     0.000 r  CLK (IN)
                         net (fo=0)                   0.000     0.000    CLK
    D18                  IBUF (Prop_ibuf_I_O)         0.372     0.372 r  CLK_IBUF_inst/O
                         net (fo=1, routed)           0.689     1.060    CLK_IBUF
    BUFGCTRL_X0Y16       BUFG (Prop_bufg_I_O)         0.029     1.089 r  CLK_IBUF_BUFG_inst/O
                         net (fo=70, routed)          0.822     1.911    RAM/CLK
    SLICE_X34Y63         FDCE                                         r  RAM/count_reg[1]/C
                         clock pessimism             -0.514     1.397    
    SLICE_X34Y63         FDCE (Hold_fdce_C_D)         0.120     1.517    RAM/count_reg[1]
  -------------------------------------------------------------------
                         required time                         -1.517    
                         arrival time                           1.840    
  -------------------------------------------------------------------
                         slack                                  0.323    

Slack (MET) :             0.734ns  (arrival time - required time)
  Source:                 RAM/en_reg[0]/C
                            (rising edge-triggered cell FDPE clocked by MAIN  {rise@0.000ns fall@2.500ns period=5.000ns})
  Destination:            RAM/mem_reg_7/WEA[0]
                            (rising edge-triggered cell RAMB36E1 clocked by MAIN  {rise@0.000ns fall@2.500ns period=5.000ns})
  Path Group:             MAIN
  Path Type:              Hold (Min at Fast Process Corner)
  Requirement:            0.000ns  (MAIN rise@0.000ns - MAIN rise@0.000ns)
  Data Path Delay:        1.136ns  (logic 0.186ns (16.370%)  route 0.950ns (83.630%))
  Logic Levels:           1  (LUT6=1)
  Clock Path Skew:        0.313ns (DCD - SCD - CPR)
    Destination Clock Delay (DCD):    1.963ns
    Source Clock Delay      (SCD):    1.399ns
    Clock Pessimism Removal (CPR):    0.251ns

    Location             Delay type                Incr(ns)  Path(ns)    Netlist Resource(s)
  -------------------------------------------------------------------    -------------------
                         (clock MAIN rise edge)       0.000     0.000 r  
    D18                                               0.000     0.000 r  CLK (IN)
                         net (fo=0)                   0.000     0.000    CLK
    D18                  IBUF (Prop_ibuf_I_O)         0.183     0.183 r  CLK_IBUF_inst/O
                         net (fo=1, routed)           0.634     0.817    CLK_IBUF
    BUFGCTRL_X0Y16       BUFG (Prop_bufg_I_O)         0.026     0.843 r  CLK_IBUF_BUFG_inst/O
                         net (fo=70, routed)          0.556     1.399    RAM/CLK
    SLICE_X33Y62         FDPE                                         r  RAM/en_reg[0]/C
  -------------------------------------------------------------------    -------------------
    SLICE_X33Y62         FDPE (Prop_fdpe_C_Q)         0.141     1.540 r  RAM/en_reg[0]/Q
                         net (fo=19, routed)          0.522     2.062    RAM/en_reg[1]_0[0]
    SLICE_X39Y52         LUT6 (Prop_lut6_I2_O)        0.045     2.107 r  RAM/mem_reg_7_i_3/O
                         net (fo=1, routed)           0.428     2.535    RAM/mem_reg_7_i_3_n_0
    RAMB36_X1Y10         RAMB36E1                                     r  RAM/mem_reg_7/WEA[0]
  -------------------------------------------------------------------    -------------------

                         (clock MAIN rise edge)       0.000     0.000 r  
    D18                                               0.000     0.000 r  CLK (IN)
                         net (fo=0)                   0.000     0.000    CLK
    D18                  IBUF (Prop_ibuf_I_O)         0.372     0.372 r  CLK_IBUF_inst/O
                         net (fo=1, routed)           0.689     1.060    CLK_IBUF
    BUFGCTRL_X0Y16       BUFG (Prop_bufg_I_O)         0.029     1.089 r  CLK_IBUF_BUFG_inst/O
                         net (fo=70, routed)          0.874     1.963    RAM/CLK
    RAMB36_X1Y10         RAMB36E1                                     r  RAM/mem_reg_7/CLKARDCLK
                         clock pessimism             -0.251     1.712    
    RAMB36_X1Y10         RAMB36E1 (Hold_ramb36e1_CLKARDCLK_WEA[0])
                                                      0.089     1.801    RAM/mem_reg_7
  -------------------------------------------------------------------
                         required time                         -1.801    
                         arrival time                           2.535    
  -------------------------------------------------------------------
                         slack                                  0.734    

Slack (MET) :             0.757ns  (arrival time - required time)
  Source:                 RAM/count_reg[1]/C
                            (rising edge-triggered cell FDCE clocked by MAIN  {rise@0.000ns fall@2.500ns period=5.000ns})
  Destination:            RAM/mem_reg_9/WEA[0]
                            (rising edge-triggered cell RAMB36E1 clocked by MAIN  {rise@0.000ns fall@2.500ns period=5.000ns})
  Path Group:             MAIN
  Path Type:              Hold (Min at Fast Process Corner)
  Requirement:            0.000ns  (MAIN rise@0.000ns - MAIN rise@0.000ns)
  Data Path Delay:        1.173ns  (logic 0.209ns (17.820%)  route 0.964ns (82.180%))
  Logic Levels:           1  (LUT6=1)
  Clock Path Skew:        0.326ns (DCD - SCD - CPR)
    Destination Clock Delay (DCD):    1.969ns
    Source Clock Delay      (SCD):    1.397ns
    Clock Pessimism Removal (CPR):    0.246ns

    Location             Delay type                Incr(ns)  Path(ns)    Netlist Resource(s)
  -------------------------------------------------------------------    -------------------
                         (clock MAIN rise edge)       0.000     0.000 r  
    D18                                               0.000     0.000 r  CLK (IN)
                         net (fo=0)                   0.000     0.000    CLK
    D18                  IBUF (Prop_ibuf_I_O)         0.183     0.183 r  CLK_IBUF_inst/O
                         net (fo=1, routed)           0.634     0.817    CLK_IBUF
    BUFGCTRL_X0Y16       BUFG (Prop_bufg_I_O)         0.026     0.843 r  CLK_IBUF_BUFG_inst/O
                         net (fo=70, routed)          0.554     1.397    RAM/CLK
    SLICE_X34Y63         FDCE                                         r  RAM/count_reg[1]/C
  -------------------------------------------------------------------    -------------------
    SLICE_X34Y63         FDCE (Prop_fdce_C_Q)         0.164     1.561 r  RAM/count_reg[1]/Q
                         net (fo=52, routed)          0.386     1.947    RAM/count_reg[1]_0[0]
    SLICE_X32Y59         LUT6 (Prop_lut6_I0_O)        0.045     1.992 r  RAM/mem_reg_9_i_3/O
                         net (fo=2, routed)           0.577     2.570    RAM/wren
    RAMB36_X0Y8          RAMB36E1                                     r  RAM/mem_reg_9/WEA[0]
  -------------------------------------------------------------------    -------------------

                         (clock MAIN rise edge)       0.000     0.000 r  
    D18                                               0.000     0.000 r  CLK (IN)
                         net (fo=0)                   0.000     0.000    CLK
    D18                  IBUF (Prop_ibuf_I_O)         0.372     0.372 r  CLK_IBUF_inst/O
                         net (fo=1, routed)           0.689     1.060    CLK_IBUF
    BUFGCTRL_X0Y16       BUFG (Prop_bufg_I_O)         0.029     1.089 r  CLK_IBUF_BUFG_inst/O
                         net (fo=70, routed)          0.880     1.969    RAM/CLK
    RAMB36_X0Y8          RAMB36E1                                     r  RAM/mem_reg_9/CLKARDCLK
                         clock pessimism             -0.246     1.723    
    RAMB36_X0Y8          RAMB36E1 (Hold_ramb36e1_CLKARDCLK_WEA[0])
                                                      0.089     1.812    RAM/mem_reg_9
  -------------------------------------------------------------------
                         required time                         -1.812    
                         arrival time                           2.570    
  -------------------------------------------------------------------
                         slack                                  0.757    

Slack (MET) :             0.794ns  (arrival time - required time)
  Source:                 RAM/count_reg[1]/C
                            (rising edge-triggered cell FDCE clocked by MAIN  {rise@0.000ns fall@2.500ns period=5.000ns})
  Destination:            RAM/mem_reg_11/WEA[0]
                            (rising edge-triggered cell RAMB36E1 clocked by MAIN  {rise@0.000ns fall@2.500ns period=5.000ns})
  Path Group:             MAIN
  Path Type:              Hold (Min at Fast Process Corner)
  Requirement:            0.000ns  (MAIN rise@0.000ns - MAIN rise@0.000ns)
  Data Path Delay:        1.208ns  (logic 0.209ns (17.307%)  route 0.999ns (82.693%))
  Logic Levels:           1  (LUT6=1)
  Clock Path Skew:        0.324ns (DCD - SCD - CPR)
    Destination Clock Delay (DCD):    1.967ns
    Source Clock Delay      (SCD):    1.397ns
    Clock Pessimism Removal (CPR):    0.246ns

    Location             Delay type                Incr(ns)  Path(ns)    Netlist Resource(s)
  -------------------------------------------------------------------    -------------------
                         (clock MAIN rise edge)       0.000     0.000 r  
    D18                                               0.000     0.000 r  CLK (IN)
                         net (fo=0)                   0.000     0.000    CLK
    D18                  IBUF (Prop_ibuf_I_O)         0.183     0.183 r  CLK_IBUF_inst/O
                         net (fo=1, routed)           0.634     0.817    CLK_IBUF
    BUFGCTRL_X0Y16       BUFG (Prop_bufg_I_O)         0.026     0.843 r  CLK_IBUF_BUFG_inst/O
                         net (fo=70, routed)          0.554     1.397    RAM/CLK
    SLICE_X34Y63         FDCE                                         r  RAM/count_reg[1]/C
  -------------------------------------------------------------------    -------------------
    SLICE_X34Y63         FDCE (Prop_fdce_C_Q)         0.164     1.561 r  RAM/count_reg[1]/Q
                         net (fo=52, routed)          0.386     1.947    RAM/count_reg[1]_0[0]
    SLICE_X32Y59         LUT6 (Prop_lut6_I0_O)        0.045     1.992 r  RAM/mem_reg_9_i_3/O
                         net (fo=2, routed)           0.612     2.604    RAM/wren
    RAMB36_X0Y7          RAMB36E1                                     r  RAM/mem_reg_11/WEA[0]
  -------------------------------------------------------------------    -------------------

                         (clock MAIN rise edge)       0.000     0.000 r  
    D18                                               0.000     0.000 r  CLK (IN)
                         net (fo=0)                   0.000     0.000    CLK
    D18                  IBUF (Prop_ibuf_I_O)         0.372     0.372 r  CLK_IBUF_inst/O
                         net (fo=1, routed)           0.689     1.060    CLK_IBUF
    BUFGCTRL_X0Y16       BUFG (Prop_bufg_I_O)         0.029     1.089 r  CLK_IBUF_BUFG_inst/O
                         net (fo=70, routed)          0.878     1.967    RAM/CLK
    RAMB36_X0Y7          RAMB36E1                                     r  RAM/mem_reg_11/CLKARDCLK
                         clock pessimism             -0.246     1.721    
    RAMB36_X0Y7          RAMB36E1 (Hold_ramb36e1_CLKARDCLK_WEA[0])
                                                      0.089     1.810    RAM/mem_reg_11
  -------------------------------------------------------------------
                         required time                         -1.810    
                         arrival time                           2.604    
  -------------------------------------------------------------------
                         slack                                  0.794    

Slack (MET) :             0.866ns  (arrival time - required time)
  Source:                 RAM/en_reg[0]/C
                            (rising edge-triggered cell FDPE clocked by MAIN  {rise@0.000ns fall@2.500ns period=5.000ns})
  Destination:            RAM/mem_reg_6/WEA[0]
                            (rising edge-triggered cell RAMB36E1 clocked by MAIN  {rise@0.000ns fall@2.500ns period=5.000ns})
  Path Group:             MAIN
  Path Type:              Hold (Min at Fast Process Corner)
  Requirement:            0.000ns  (MAIN rise@0.000ns - MAIN rise@0.000ns)
  Data Path Delay:        1.280ns  (logic 0.186ns (14.526%)  route 1.094ns (85.474%))
  Logic Levels:           1  (LUT6=1)
  Clock Path Skew:        0.325ns (DCD - SCD - CPR)
    Destination Clock Delay (DCD):    1.970ns
    Source Clock Delay      (SCD):    1.399ns
    Clock Pessimism Removal (CPR):    0.246ns

    Location             Delay type                Incr(ns)  Path(ns)    Netlist Resource(s)
  -------------------------------------------------------------------    -------------------
                         (clock MAIN rise edge)       0.000     0.000 r  
    D18                                               0.000     0.000 r  CLK (IN)
                         net (fo=0)                   0.000     0.000    CLK
    D18                  IBUF (Prop_ibuf_I_O)         0.183     0.183 r  CLK_IBUF_inst/O
                         net (fo=1, routed)           0.634     0.817    CLK_IBUF
    BUFGCTRL_X0Y16       BUFG (Prop_bufg_I_O)         0.026     0.843 r  CLK_IBUF_BUFG_inst/O
                         net (fo=70, routed)          0.556     1.399    RAM/CLK
    SLICE_X33Y62         FDPE                                         r  RAM/en_reg[0]/C
  -------------------------------------------------------------------    -------------------
    SLICE_X33Y62         FDPE (Prop_fdpe_C_Q)         0.141     1.540 r  RAM/en_reg[0]/Q
                         net (fo=19, routed)          0.648     2.188    RAM/en_reg[1]_0[0]
    SLICE_X41Y47         LUT6 (Prop_lut6_I2_O)        0.045     2.233 r  RAM/mem_reg_6_i_3/O
                         net (fo=1, routed)           0.446     2.679    RAM/mem_reg_6_i_3_n_0
    RAMB36_X1Y9          RAMB36E1                                     r  RAM/mem_reg_6/WEA[0]
  -------------------------------------------------------------------    -------------------

                         (clock MAIN rise edge)       0.000     0.000 r  
    D18                                               0.000     0.000 r  CLK (IN)
                         net (fo=0)                   0.000     0.000    CLK
    D18                  IBUF (Prop_ibuf_I_O)         0.372     0.372 r  CLK_IBUF_inst/O
                         net (fo=1, routed)           0.689     1.060    CLK_IBUF
    BUFGCTRL_X0Y16       BUFG (Prop_bufg_I_O)         0.029     1.089 r  CLK_IBUF_BUFG_inst/O
                         net (fo=70, routed)          0.881     1.970    RAM/CLK
    RAMB36_X1Y9          RAMB36E1                                     r  RAM/mem_reg_6/CLKARDCLK
                         clock pessimism             -0.246     1.724    
    RAMB36_X1Y9          RAMB36E1 (Hold_ramb36e1_CLKARDCLK_WEA[0])
                                                      0.089     1.813    RAM/mem_reg_6
  -------------------------------------------------------------------
                         required time                         -1.813    
                         arrival time                           2.679    
  -------------------------------------------------------------------
                         slack                                  0.866    

Slack (MET) :             0.898ns  (arrival time - required time)
  Source:                 RAM/en_reg[0]/C
                            (rising edge-triggered cell FDPE clocked by MAIN  {rise@0.000ns fall@2.500ns period=5.000ns})
  Destination:            RAM/mem_reg_3/WEA[0]
                            (rising edge-triggered cell RAMB36E1 clocked by MAIN  {rise@0.000ns fall@2.500ns period=5.000ns})
  Path Group:             MAIN
  Path Type:              Hold (Min at Fast Process Corner)
  Requirement:            0.000ns  (MAIN rise@0.000ns - MAIN rise@0.000ns)
  Data Path Delay:        1.072ns  (logic 0.186ns (17.354%)  route 0.886ns (82.646%))
  Logic Levels:           1  (LUT6=1)
  Clock Path Skew:        0.084ns (DCD - SCD - CPR)
    Destination Clock Delay (DCD):    1.963ns
    Source Clock Delay      (SCD):    1.399ns
    Clock Pessimism Removal (CPR):    0.480ns

    Location             Delay type                Incr(ns)  Path(ns)    Netlist Resource(s)
  -------------------------------------------------------------------    -------------------
                         (clock MAIN rise edge)       0.000     0.000 r  
    D18                                               0.000     0.000 r  CLK (IN)
                         net (fo=0)                   0.000     0.000    CLK
    D18                  IBUF (Prop_ibuf_I_O)         0.183     0.183 r  CLK_IBUF_inst/O
                         net (fo=1, routed)           0.634     0.817    CLK_IBUF
    BUFGCTRL_X0Y16       BUFG (Prop_bufg_I_O)         0.026     0.843 r  CLK_IBUF_BUFG_inst/O
                         net (fo=70, routed)          0.556     1.399    RAM/CLK
    SLICE_X33Y62         FDPE                                         r  RAM/en_reg[0]/C
  -------------------------------------------------------------------    -------------------
    SLICE_X33Y62         FDPE (Prop_fdpe_C_Q)         0.141     1.540 r  RAM/en_reg[0]/Q
                         net (fo=19, routed)          0.564     2.104    RAM/en_reg[1]_0[0]
    SLICE_X15Y53         LUT6 (Prop_lut6_I2_O)        0.045     2.149 r  RAM/mem_reg_3_i_3/O
                         net (fo=1, routed)           0.322     2.470    RAM/mem_reg_3_i_3_n_0
    RAMB36_X0Y10         RAMB36E1                                     r  RAM/mem_reg_3/WEA[0]
  -------------------------------------------------------------------    -------------------

                         (clock MAIN rise edge)       0.000     0.000 r  
    D18                                               0.000     0.000 r  CLK (IN)
                         net (fo=0)                   0.000     0.000    CLK
    D18                  IBUF (Prop_ibuf_I_O)         0.372     0.372 r  CLK_IBUF_inst/O
                         net (fo=1, routed)           0.689     1.060    CLK_IBUF
    BUFGCTRL_X0Y16       BUFG (Prop_bufg_I_O)         0.029     1.089 r  CLK_IBUF_BUFG_inst/O
                         net (fo=70, routed)          0.874     1.963    RAM/CLK
    RAMB36_X0Y10         RAMB36E1                                     r  RAM/mem_reg_3/CLKARDCLK
                         clock pessimism             -0.480     1.483    
    RAMB36_X0Y10         RAMB36E1 (Hold_ramb36e1_CLKARDCLK_WEA[0])
                                                      0.089     1.572    RAM/mem_reg_3
  -------------------------------------------------------------------
                         required time                         -1.572    
                         arrival time                           2.470    
  -------------------------------------------------------------------
                         slack                                  0.898    

Slack (MET) :             0.973ns  (arrival time - required time)
  Source:                 RAM/en_reg[0]/C
                            (rising edge-triggered cell FDPE clocked by MAIN  {rise@0.000ns fall@2.500ns period=5.000ns})
  Destination:            RAM/mem_reg_15/WEA[0]
                            (rising edge-triggered cell RAMB36E1 clocked by MAIN  {rise@0.000ns fall@2.500ns period=5.000ns})
  Path Group:             MAIN
  Path Type:              Hold (Min at Fast Process Corner)
  Requirement:            0.000ns  (MAIN rise@0.000ns - MAIN rise@0.000ns)
  Data Path Delay:        1.142ns  (logic 0.186ns (16.291%)  route 0.956ns (83.709%))
  Logic Levels:           1  (LUT6=1)
  Clock Path Skew:        0.079ns (DCD - SCD - CPR)
    Destination Clock Delay (DCD):    1.958ns
    Source Clock Delay      (SCD):    1.399ns
    Clock Pessimism Removal (CPR):    0.480ns

    Location             Delay type                Incr(ns)  Path(ns)    Netlist Resource(s)
  -------------------------------------------------------------------    -------------------
                         (clock MAIN rise edge)       0.000     0.000 r  
    D18                                               0.000     0.000 r  CLK (IN)
                         net (fo=0)                   0.000     0.000    CLK
    D18                  IBUF (Prop_ibuf_I_O)         0.183     0.183 r  CLK_IBUF_inst/O
                         net (fo=1, routed)           0.634     0.817    CLK_IBUF
    BUFGCTRL_X0Y16       BUFG (Prop_bufg_I_O)         0.026     0.843 r  CLK_IBUF_BUFG_inst/O
                         net (fo=70, routed)          0.556     1.399    RAM/CLK
    SLICE_X33Y62         FDPE                                         r  RAM/en_reg[0]/C
  -------------------------------------------------------------------    -------------------
    SLICE_X33Y62         FDPE (Prop_fdpe_C_Q)         0.141     1.540 r  RAM/en_reg[0]/Q
                         net (fo=19, routed)          0.655     2.195    RAM/en_reg[1]_0[0]
    SLICE_X13Y61         LUT6 (Prop_lut6_I2_O)        0.045     2.240 r  RAM/mem_reg_15_i_3/O
                         net (fo=1, routed)           0.300     2.540    RAM/mem_reg_15_i_3_n_0
    RAMB36_X0Y12         RAMB36E1                                     r  RAM/mem_reg_15/WEA[0]
  -------------------------------------------------------------------    -------------------

                         (clock MAIN rise edge)       0.000     0.000 r  
    D18                                               0.000     0.000 r  CLK (IN)
                         net (fo=0)                   0.000     0.000    CLK
    D18                  IBUF (Prop_ibuf_I_O)         0.372     0.372 r  CLK_IBUF_inst/O
                         net (fo=1, routed)           0.689     1.060    CLK_IBUF
    BUFGCTRL_X0Y16       BUFG (Prop_bufg_I_O)         0.029     1.089 r  CLK_IBUF_BUFG_inst/O
                         net (fo=70, routed)          0.869     1.958    RAM/CLK
    RAMB36_X0Y12         RAMB36E1                                     r  RAM/mem_reg_15/CLKARDCLK
                         clock pessimism             -0.480     1.478    
    RAMB36_X0Y12         RAMB36E1 (Hold_ramb36e1_CLKARDCLK_WEA[0])
                                                      0.089     1.567    RAM/mem_reg_15
  -------------------------------------------------------------------
                         required time                         -1.567    
                         arrival time                           2.540    
  -------------------------------------------------------------------
                         slack                                  0.973    

Slack (MET) :             1.061ns  (arrival time - required time)
  Source:                 RAM/en_reg[0]/C
                            (rising edge-triggered cell FDPE clocked by MAIN  {rise@0.000ns fall@2.500ns period=5.000ns})
  Destination:            RAM/mem_reg_4/WEA[0]
                            (rising edge-triggered cell RAMB36E1 clocked by MAIN  {rise@0.000ns fall@2.500ns period=5.000ns})
  Path Group:             MAIN
  Path Type:              Hold (Min at Fast Process Corner)
  Requirement:            0.000ns  (MAIN rise@0.000ns - MAIN rise@0.000ns)
  Data Path Delay:        1.234ns  (logic 0.186ns (15.074%)  route 1.048ns (84.926%))
  Logic Levels:           1  (LUT6=1)
  Clock Path Skew:        0.083ns (DCD - SCD - CPR)
    Destination Clock Delay (DCD):    1.962ns
    Source Clock Delay      (SCD):    1.399ns
    Clock Pessimism Removal (CPR):    0.480ns

    Location             Delay type                Incr(ns)  Path(ns)    Netlist Resource(s)
  -------------------------------------------------------------------    -------------------
                         (clock MAIN rise edge)       0.000     0.000 r  
    D18                                               0.000     0.000 r  CLK (IN)
                         net (fo=0)                   0.000     0.000    CLK
    D18                  IBUF (Prop_ibuf_I_O)         0.183     0.183 r  CLK_IBUF_inst/O
                         net (fo=1, routed)           0.634     0.817    CLK_IBUF
    BUFGCTRL_X0Y16       BUFG (Prop_bufg_I_O)         0.026     0.843 r  CLK_IBUF_BUFG_inst/O
                         net (fo=70, routed)          0.556     1.399    RAM/CLK
    SLICE_X33Y62         FDPE                                         r  RAM/en_reg[0]/C
  -------------------------------------------------------------------    -------------------
    SLICE_X33Y62         FDPE (Prop_fdpe_C_Q)         0.141     1.540 r  RAM/en_reg[0]/Q
                         net (fo=19, routed)          0.737     2.276    RAM/en_reg[1]_0[0]
    SLICE_X10Y58         LUT6 (Prop_lut6_I2_O)        0.045     2.321 r  RAM/mem_reg_4_i_3/O
                         net (fo=1, routed)           0.311     2.633    RAM/mem_reg_4_i_3_n_0
    RAMB36_X0Y11         RAMB36E1                                     r  RAM/mem_reg_4/WEA[0]
  -------------------------------------------------------------------    -------------------

                         (clock MAIN rise edge)       0.000     0.000 r  
    D18                                               0.000     0.000 r  CLK (IN)
                         net (fo=0)                   0.000     0.000    CLK
    D18                  IBUF (Prop_ibuf_I_O)         0.372     0.372 r  CLK_IBUF_inst/O
                         net (fo=1, routed)           0.689     1.060    CLK_IBUF
    BUFGCTRL_X0Y16       BUFG (Prop_bufg_I_O)         0.029     1.089 r  CLK_IBUF_BUFG_inst/O
                         net (fo=70, routed)          0.873     1.962    RAM/CLK
    RAMB36_X0Y11         RAMB36E1                                     r  RAM/mem_reg_4/CLKARDCLK
                         clock pessimism             -0.480     1.482    
    RAMB36_X0Y11         RAMB36E1 (Hold_ramb36e1_CLKARDCLK_WEA[0])
                                                      0.089     1.571    RAM/mem_reg_4
  -------------------------------------------------------------------
                         required time                         -1.571    
                         arrival time                           2.633    
  -------------------------------------------------------------------
                         slack                                  1.061    

Slack (MET) :             1.102ns  (arrival time - required time)
  Source:                 RAM/addr_reg[31]/C
                            (rising edge-triggered cell FDCE clocked by MAIN  {rise@0.000ns fall@2.500ns period=5.000ns})
  Destination:            RAM/addr_reg[13]/CE
                            (rising edge-triggered cell FDCE clocked by MAIN  {rise@0.000ns fall@2.500ns period=5.000ns})
  Path Group:             MAIN
  Path Type:              Hold (Min at Fast Process Corner)
  Requirement:            0.000ns  (MAIN rise@0.000ns - MAIN rise@0.000ns)
  Data Path Delay:        1.100ns  (logic 0.417ns (37.893%)  route 0.683ns (62.107%))
  Logic Levels:           3  (CARRY4=1 LUT2=1 LUT6=1)
  Clock Path Skew:        0.014ns (DCD - SCD - CPR)
    Destination Clock Delay (DCD):    1.912ns
    Source Clock Delay      (SCD):    1.399ns
    Clock Pessimism Removal (CPR):    0.499ns

    Location             Delay type                Incr(ns)  Path(ns)    Netlist Resource(s)
  -------------------------------------------------------------------    -------------------
                         (clock MAIN rise edge)       0.000     0.000 r  
    D18                                               0.000     0.000 r  CLK (IN)
                         net (fo=0)                   0.000     0.000    CLK
    D18                  IBUF (Prop_ibuf_I_O)         0.183     0.183 r  CLK_IBUF_inst/O
                         net (fo=1, routed)           0.634     0.817    CLK_IBUF
    BUFGCTRL_X0Y16       BUFG (Prop_bufg_I_O)         0.026     0.843 r  CLK_IBUF_BUFG_inst/O
                         net (fo=70, routed)          0.556     1.399    RAM/CLK
    SLICE_X35Y61         FDCE                                         r  RAM/addr_reg[31]/C
  -------------------------------------------------------------------    -------------------
    SLICE_X35Y61         FDCE (Prop_fdce_C_Q)         0.128     1.527 r  RAM/addr_reg[31]/Q
                         net (fo=2, routed)           0.302     1.828    RAM/addr[31]
    SLICE_X34Y60         LUT6 (Prop_lut6_I0_O)        0.098     1.926 r  RAM/count3_carry__1_i_1/O
                         net (fo=1, routed)           0.000     1.926    RAM/count3_carry__1_i_1_n_0
    SLICE_X34Y60         CARRY4 (Prop_carry4_S[2]_CO[2])
                                                      0.081     2.007 r  RAM/count3_carry__1/CO[2]
                         net (fo=3, routed)           0.218     2.226    CPU/CC/addr_reg[0][0]
    SLICE_X34Y62         LUT2 (Prop_lut2_I1_O)        0.110     2.336 r  CPU/CC/addr[31]_i_1/O
                         net (fo=35, routed)          0.164     2.499    RAM/E[0]
    SLICE_X34Y62         FDCE                                         r  RAM/addr_reg[13]/CE
  -------------------------------------------------------------------    -------------------

                         (clock MAIN rise edge)       0.000     0.000 r  
    D18                                               0.000     0.000 r  CLK (IN)
                         net (fo=0)                   0.000     0.000    CLK
    D18                  IBUF (Prop_ibuf_I_O)         0.372     0.372 r  CLK_IBUF_inst/O
                         net (fo=1, routed)           0.689     1.060    CLK_IBUF
    BUFGCTRL_X0Y16       BUFG (Prop_bufg_I_O)         0.029     1.089 r  CLK_IBUF_BUFG_inst/O
                         net (fo=70, routed)          0.822     1.912    RAM/CLK
    SLICE_X34Y62         FDCE                                         r  RAM/addr_reg[13]/C
                         clock pessimism             -0.499     1.413    
    SLICE_X34Y62         FDCE (Hold_fdce_C_CE)       -0.016     1.397    RAM/addr_reg[13]
  -------------------------------------------------------------------
                         required time                         -1.397    
                         arrival time                           2.499    
  -------------------------------------------------------------------
                         slack                                  1.102    





Pulse Width Checks
--------------------------------------------------------------------------------------
Clock Name:         MAIN
Waveform(ns):       { 0.000 2.500 }
Period(ns):         5.000
Sources:            { CLK }

Check Type        Corner  Lib Pin             Reference Pin  Required(ns)  Actual(ns)  Slack(ns)  Location      Pin
Min Period        n/a     RAMB36E1/CLKARDCLK  n/a            2.944         5.000       2.056      RAMB36_X1Y11  RAM/mem_reg_0/CLKARDCLK
Min Period        n/a     RAMB36E1/CLKARDCLK  n/a            2.944         5.000       2.056      RAMB36_X0Y14  RAM/mem_reg_1/CLKARDCLK
Min Period        n/a     RAMB36E1/CLKARDCLK  n/a            2.944         5.000       2.056      RAMB36_X0Y9   RAM/mem_reg_10/CLKARDCLK
Min Period        n/a     RAMB36E1/CLKARDCLK  n/a            2.944         5.000       2.056      RAMB36_X0Y7   RAM/mem_reg_11/CLKARDCLK
Min Period        n/a     RAMB36E1/CLKARDCLK  n/a            2.944         5.000       2.056      RAMB36_X2Y10  RAM/mem_reg_12/CLKARDCLK
Min Period        n/a     RAMB36E1/CLKARDCLK  n/a            2.944         5.000       2.056      RAMB36_X1Y7   RAM/mem_reg_13/CLKARDCLK
Min Period        n/a     RAMB36E1/CLKARDCLK  n/a            2.944         5.000       2.056      RAMB36_X2Y11  RAM/mem_reg_14/CLKARDCLK
Min Period        n/a     RAMB36E1/CLKARDCLK  n/a            2.944         5.000       2.056      RAMB36_X0Y12  RAM/mem_reg_15/CLKARDCLK
Min Period        n/a     RAMB36E1/CLKARDCLK  n/a            2.944         5.000       2.056      RAMB36_X1Y8   RAM/mem_reg_2/CLKARDCLK
Min Period        n/a     RAMB36E1/CLKARDCLK  n/a            2.944         5.000       2.056      RAMB36_X0Y10  RAM/mem_reg_3/CLKARDCLK
Low Pulse Width   Slow    FDCE/C              n/a            0.500         2.500       2.000      SLICE_X39Y46  CPUCLK_reg/C
Low Pulse Width   Fast    FDCE/C              n/a            0.500         2.500       2.000      SLICE_X39Y46  CPUCLK_reg/C
Low Pulse Width   Slow    FDCE/C              n/a            0.500         2.500       2.000      SLICE_X34Y64  RAM/addr_reg[0]/C
Low Pulse Width   Fast    FDCE/C              n/a            0.500         2.500       2.000      SLICE_X34Y64  RAM/addr_reg[0]/C
Low Pulse Width   Slow    FDCE/C              n/a            0.500         2.500       2.000      SLICE_X34Y61  RAM/addr_reg[10]/C
Low Pulse Width   Fast    FDCE/C              n/a            0.500         2.500       2.000      SLICE_X34Y61  RAM/addr_reg[10]/C
Low Pulse Width   Slow    FDCE/C              n/a            0.500         2.500       2.000      SLICE_X35Y60  RAM/addr_reg[11]/C
Low Pulse Width   Fast    FDCE/C              n/a            0.500         2.500       2.000      SLICE_X35Y60  RAM/addr_reg[11]/C
Low Pulse Width   Slow    FDCE/C              n/a            0.500         2.500       2.000      SLICE_X35Y62  RAM/addr_reg[12]/C
Low Pulse Width   Fast    FDCE/C              n/a            0.500         2.500       2.000      SLICE_X35Y62  RAM/addr_reg[12]/C
High Pulse Width  Slow    FDCE/C              n/a            0.500         2.500       2.000      SLICE_X39Y46  CPUCLK_reg/C
High Pulse Width  Fast    FDCE/C              n/a            0.500         2.500       2.000      SLICE_X39Y46  CPUCLK_reg/C
High Pulse Width  Slow    FDCE/C              n/a            0.500         2.500       2.000      SLICE_X34Y64  RAM/addr_reg[0]/C
High Pulse Width  Fast    FDCE/C              n/a            0.500         2.500       2.000      SLICE_X34Y64  RAM/addr_reg[0]/C
High Pulse Width  Slow    FDCE/C              n/a            0.500         2.500       2.000      SLICE_X34Y61  RAM/addr_reg[10]/C
High Pulse Width  Fast    FDCE/C              n/a            0.500         2.500       2.000      SLICE_X34Y61  RAM/addr_reg[10]/C
High Pulse Width  Slow    FDCE/C              n/a            0.500         2.500       2.000      SLICE_X35Y60  RAM/addr_reg[11]/C
High Pulse Width  Fast    FDCE/C              n/a            0.500         2.500       2.000      SLICE_X35Y60  RAM/addr_reg[11]/C
High Pulse Width  Slow    FDCE/C              n/a            0.500         2.500       2.000      SLICE_X35Y62  RAM/addr_reg[12]/C
High Pulse Width  Fast    FDCE/C              n/a            0.500         2.500       2.000      SLICE_X35Y62  RAM/addr_reg[12]/C



---------------------------------------------------------------------------------------------------
From Clock:  CPUCLK
  To Clock:  CPUCLK

Setup :        13055  Failing Endpoints,  Worst Slack       -7.696ns,  Total Violation   -51725.765ns
Hold  :            0  Failing Endpoints,  Worst Slack        0.051ns,  Total Violation        0.000ns
PW    :            0  Failing Endpoints,  Worst Slack        4.500ns,  Total Violation        0.000ns
---------------------------------------------------------------------------------------------------


Max Delay Paths
--------------------------------------------------------------------------------------
Slack (VIOLATED) :        -7.696ns  (required time - arrival time)
  Source:                 CPU/CM0/DCACHE/m_setIdx_reg[0]_rep__0/C
                            (rising edge-triggered cell FDCE clocked by CPUCLK  {rise@0.000ns fall@5.000ns period=10.000ns})
  Destination:            CPU/CM0/DCACHE/frames_reg[5][1][valid]/D
                            (rising edge-triggered cell FDCE clocked by CPUCLK  {rise@0.000ns fall@5.000ns period=10.000ns})
  Path Group:             CPUCLK
  Path Type:              Setup (Max at Slow Process Corner)
  Requirement:            10.000ns  (CPUCLK rise@10.000ns - CPUCLK rise@0.000ns)
  Data Path Delay:        17.656ns  (logic 3.841ns (21.755%)  route 13.815ns (78.245%))
  Logic Levels:           20  (CARRY4=3 LUT3=1 LUT4=3 LUT5=5 LUT6=6 MUXF7=1 MUXF8=1)
  Clock Path Skew:        -0.036ns (DCD - SCD + CPR)
    Destination Clock Delay (DCD):    6.735ns = ( 16.735 - 10.000 ) 
    Source Clock Delay      (SCD):    7.285ns
    Clock Pessimism Removal (CPR):    0.515ns
  Clock Uncertainty:      0.035ns  ((TSJ^2 + TIJ^2)^1/2 + DJ) / 2 + PE
    Total System Jitter     (TSJ):    0.071ns
    Total Input Jitter      (TIJ):    0.000ns
    Discrete Jitter          (DJ):    0.000ns
    Phase Error              (PE):    0.000ns

    Location             Delay type                Incr(ns)  Path(ns)    Netlist Resource(s)
  -------------------------------------------------------------------    -------------------
                         (clock CPUCLK rise edge)     0.000     0.000 r  
    D18                                               0.000     0.000 r  CLK (IN)
                         net (fo=0)                   0.000     0.000    CLK
    D18                  IBUF (Prop_ibuf_I_O)         0.954     0.954 r  CLK_IBUF_inst/O
                         net (fo=1, routed)           1.972     2.925    CLK_IBUF
    BUFGCTRL_X0Y16       BUFG (Prop_bufg_I_O)         0.096     3.021 r  CLK_IBUF_BUFG_inst/O
                         net (fo=70, routed)          1.567     4.589    CLK_IBUF_BUFG
    SLICE_X39Y46         FDCE (Prop_fdce_C_Q)         0.456     5.045 r  CPUCLK_reg/Q
                         net (fo=2, routed)           0.589     5.634    CPUCLK
    BUFGCTRL_X0Y0        BUFG (Prop_bufg_I_O)         0.096     5.730 r  CPUCLK_BUFG_inst/O
                         net (fo=8214, routed)        1.555     7.285    CPU/CM0/DCACHE/CPUCLK_BUFG
    SLICE_X46Y55         FDCE                                         r  CPU/CM0/DCACHE/m_setIdx_reg[0]_rep__0/C
  -------------------------------------------------------------------    -------------------
    SLICE_X46Y55         FDCE (Prop_fdce_C_Q)         0.518     7.803 r  CPU/CM0/DCACHE/m_setIdx_reg[0]_rep__0/Q
                         net (fo=107, routed)         1.229     9.033    CPU/CM0/DCACHE/m_setIdx_reg[0]_rep__0_n_0
    SLICE_X40Y51         LUT6 (Prop_lut6_I4_O)        0.124     9.157 r  CPU/CM0/DCACHE/addr[7]_i_28/O
                         net (fo=1, routed)           0.000     9.157    CPU/CM0/DCACHE/addr[7]_i_28_n_0
    SLICE_X40Y51         MUXF7 (Prop_muxf7_I0_O)      0.238     9.395 r  CPU/CM0/DCACHE/addr_reg[7]_i_20/O
                         net (fo=1, routed)           0.000     9.395    CPU/CM0/DCACHE/addr_reg[7]_i_20_n_0
    SLICE_X40Y51         MUXF8 (Prop_muxf8_I0_O)      0.104     9.499 r  CPU/CM0/DCACHE/addr_reg[7]_i_12/O
                         net (fo=1, routed)           0.645    10.144    CPU/CM0/DCACHE/addr_reg[7]_i_12_n_0
    SLICE_X40Y54         LUT6 (Prop_lut6_I3_O)        0.316    10.460 f  CPU/CM0/DCACHE/addr[7]_i_7/O
                         net (fo=1, routed)           0.728    11.188    CPU/CM0/DCACHE/addr[7]_i_7_n_0
    SLICE_X39Y56         LUT3 (Prop_lut3_I0_O)        0.124    11.312 r  CPU/CM0/DCACHE/addr[7]_i_5/O
                         net (fo=2, routed)           0.644    11.956    CPU/CC/addr_reg[7]_0
    SLICE_X38Y58         LUT6 (Prop_lut6_I3_O)        0.124    12.080 r  CPU/CC/addr[7]_i_3/O
                         net (fo=2, routed)           0.491    12.571    RAM/count3_carry__1_1[7]
    SLICE_X36Y58         LUT4 (Prop_lut4_I2_O)        0.124    12.695 r  RAM/count3_carry_i_8/O
                         net (fo=2, routed)           0.954    13.650    RAM/count3_carry_i_8_n_0
    SLICE_X35Y58         LUT5 (Prop_lut5_I3_O)        0.124    13.774 r  RAM/rstate3_carry_i_2/O
                         net (fo=1, routed)           0.000    13.774    RAM/rstate3_carry_i_2_n_0
    SLICE_X35Y58         CARRY4 (Prop_carry4_S[2]_CO[3])
                                                      0.398    14.172 r  RAM/rstate3_carry/CO[3]
                         net (fo=1, routed)           0.000    14.172    RAM/rstate3_carry_n_0
    SLICE_X35Y59         CARRY4 (Prop_carry4_CI_CO[3])
                                                      0.114    14.286 r  RAM/rstate3_carry__0/CO[3]
                         net (fo=1, routed)           0.000    14.286    RAM/rstate3_carry__0_n_0
    SLICE_X35Y60         CARRY4 (Prop_carry4_CI_CO[2])
                                                      0.228    14.514 r  RAM/rstate3_carry__1/CO[2]
                         net (fo=50, routed)          1.459    15.973    CPU/CC/CO[0]
    SLICE_X35Y63         LUT4 (Prop_lut4_I1_O)        0.313    16.286 r  CPU/CC/cache_mem[15][data][31]_i_3/O
                         net (fo=103, routed)         1.527    17.812    CPU/CC/prif\\.ramstate[1]
    SLICE_X36Y62         LUT6 (Prop_lut6_I5_O)        0.124    17.936 r  CPU/CC/FSM_sequential_curr_state[2]_i_2/O
                         net (fo=5, routed)           1.189    19.125    CPU/CC/FSM_sequential_curr_state[2]_i_2_n_0
    SLICE_X36Y56         LUT6 (Prop_lut6_I3_O)        0.124    19.249 f  CPU/CC/frames[7][1][dirty]_i_8/O
                         net (fo=13, routed)          0.887    20.136    CPU/CM0/DCACHE/ccif\\.dwait__0[0]
    SLICE_X37Y53         LUT5 (Prop_lut5_I4_O)        0.124    20.260 r  CPU/CM0/DCACHE/frames[7][1][tag][25]_i_5/O
                         net (fo=26, routed)          0.657    20.917    CPU/CM0/DCACHE/frames[7][1][tag][25]_i_5_n_0
    SLICE_X37Y50         LUT4 (Prop_lut4_I0_O)        0.124    21.041 r  CPU/CM0/DCACHE/frames[5][1][tag][25]_i_3/O
                         net (fo=79, routed)          0.904    21.944    CPU/CM0/DCACHE/frames[5][1][tag][25]_i_3_n_0
    SLICE_X31Y40         LUT6 (Prop_lut6_I0_O)        0.124    22.068 r  CPU/CM0/DCACHE/frames[5][1][tag][25]_i_1__0/O
                         net (fo=60, routed)          1.502    23.570    CPU/CM0/DCACHE/frames[5][1][tag][25]_i_1__0_n_0
    SLICE_X60Y47         LUT5 (Prop_lut5_I3_O)        0.124    23.694 r  CPU/CM0/DCACHE/frames[5][1][valid]_i_4/O
                         net (fo=1, routed)           0.567    24.261    CPU/CC/frames[5][1][valid]_i_4_n_0_alias
    SLICE_X60Y47         LUT5 (Prop_lut5_I4_O)        0.124    24.385 f  CPU/CC/frames[5][1][valid]_i_5__0_comp/O
                         net (fo=1, routed)           0.432    24.817    CPU/CM0/DCACHE/state_reg[2]_4_repN_alias
    SLICE_X58Y48         LUT5 (Prop_lut5_I2_O)        0.124    24.941 r  CPU/CM0/DCACHE/frames[5][1][valid]_i_1_comp_1/O
                         net (fo=1, routed)           0.000    24.941    CPU/CM0/DCACHE/frames[5][1][valid]_i_1_n_0
    SLICE_X58Y48         FDCE                                         r  CPU/CM0/DCACHE/frames_reg[5][1][valid]/D
  -------------------------------------------------------------------    -------------------

                         (clock CPUCLK rise edge)    10.000    10.000 r  
    D18                                               0.000    10.000 r  CLK (IN)
                         net (fo=0)                   0.000    10.000    CLK
    D18                  IBUF (Prop_ibuf_I_O)         0.820    10.820 r  CLK_IBUF_inst/O
                         net (fo=1, routed)           1.868    12.688    CLK_IBUF
    BUFGCTRL_X0Y16       BUFG (Prop_bufg_I_O)         0.091    12.779 r  CLK_IBUF_BUFG_inst/O
                         net (fo=70, routed)          1.448    14.228    CLK_IBUF_BUFG
    SLICE_X39Y46         FDCE (Prop_fdce_C_Q)         0.367    14.595 r  CPUCLK_reg/Q
                         net (fo=2, routed)           0.529    15.124    CPUCLK
    BUFGCTRL_X0Y0        BUFG (Prop_bufg_I_O)         0.091    15.215 r  CPUCLK_BUFG_inst/O
                         net (fo=8214, routed)        1.519    16.735    CPU/CM0/DCACHE/CPUCLK_BUFG
    SLICE_X58Y48         FDCE                                         r  CPU/CM0/DCACHE/frames_reg[5][1][valid]/C
                         clock pessimism              0.515    17.250    
                         clock uncertainty           -0.035    17.214    
    SLICE_X58Y48         FDCE (Setup_fdce_C_D)        0.031    17.245    CPU/CM0/DCACHE/frames_reg[5][1][valid]
  -------------------------------------------------------------------
                         required time                         17.245    
                         arrival time                         -24.941    
  -------------------------------------------------------------------
                         slack                                 -7.696    

Slack (VIOLATED) :        -7.658ns  (required time - arrival time)
  Source:                 CPU/CM0/DCACHE/m_setIdx_reg[0]_rep__0/C
                            (rising edge-triggered cell FDCE clocked by CPUCLK  {rise@0.000ns fall@5.000ns period=10.000ns})
  Destination:            CPU/CM0/DCACHE/frames_reg[3][1][data][0][13]/CE
                            (rising edge-triggered cell FDCE clocked by CPUCLK  {rise@0.000ns fall@5.000ns period=10.000ns})
  Path Group:             CPUCLK
  Path Type:              Setup (Max at Slow Process Corner)
  Requirement:            10.000ns  (CPUCLK rise@10.000ns - CPUCLK rise@0.000ns)
  Data Path Delay:        17.303ns  (logic 3.469ns (20.048%)  route 13.834ns (79.952%))
  Logic Levels:           17  (CARRY4=3 LUT3=1 LUT4=4 LUT5=2 LUT6=5 MUXF7=1 MUXF8=1)
  Clock Path Skew:        -0.114ns (DCD - SCD + CPR)
    Destination Clock Delay (DCD):    6.649ns = ( 16.649 - 10.000 ) 
    Source Clock Delay      (SCD):    7.285ns
    Clock Pessimism Removal (CPR):    0.522ns
  Clock Uncertainty:      0.035ns  ((TSJ^2 + TIJ^2)^1/2 + DJ) / 2 + PE
    Total System Jitter     (TSJ):    0.071ns
    Total Input Jitter      (TIJ):    0.000ns
    Discrete Jitter          (DJ):    0.000ns
    Phase Error              (PE):    0.000ns

    Location             Delay type                Incr(ns)  Path(ns)    Netlist Resource(s)
  -------------------------------------------------------------------    -------------------
                         (clock CPUCLK rise edge)     0.000     0.000 r  
    D18                                               0.000     0.000 r  CLK (IN)
                         net (fo=0)                   0.000     0.000    CLK
    D18                  IBUF (Prop_ibuf_I_O)         0.954     0.954 r  CLK_IBUF_inst/O
                         net (fo=1, routed)           1.972     2.925    CLK_IBUF
    BUFGCTRL_X0Y16       BUFG (Prop_bufg_I_O)         0.096     3.021 r  CLK_IBUF_BUFG_inst/O
                         net (fo=70, routed)          1.567     4.589    CLK_IBUF_BUFG
    SLICE_X39Y46         FDCE (Prop_fdce_C_Q)         0.456     5.045 r  CPUCLK_reg/Q
                         net (fo=2, routed)           0.589     5.634    CPUCLK
    BUFGCTRL_X0Y0        BUFG (Prop_bufg_I_O)         0.096     5.730 r  CPUCLK_BUFG_inst/O
                         net (fo=8214, routed)        1.555     7.285    CPU/CM0/DCACHE/CPUCLK_BUFG
    SLICE_X46Y55         FDCE                                         r  CPU/CM0/DCACHE/m_setIdx_reg[0]_rep__0/C
  -------------------------------------------------------------------    -------------------
    SLICE_X46Y55         FDCE (Prop_fdce_C_Q)         0.518     7.803 r  CPU/CM0/DCACHE/m_setIdx_reg[0]_rep__0/Q
                         net (fo=107, routed)         1.229     9.033    CPU/CM0/DCACHE/m_setIdx_reg[0]_rep__0_n_0
    SLICE_X40Y51         LUT6 (Prop_lut6_I4_O)        0.124     9.157 r  CPU/CM0/DCACHE/addr[7]_i_28/O
                         net (fo=1, routed)           0.000     9.157    CPU/CM0/DCACHE/addr[7]_i_28_n_0
    SLICE_X40Y51         MUXF7 (Prop_muxf7_I0_O)      0.238     9.395 r  CPU/CM0/DCACHE/addr_reg[7]_i_20/O
                         net (fo=1, routed)           0.000     9.395    CPU/CM0/DCACHE/addr_reg[7]_i_20_n_0
    SLICE_X40Y51         MUXF8 (Prop_muxf8_I0_O)      0.104     9.499 r  CPU/CM0/DCACHE/addr_reg[7]_i_12/O
                         net (fo=1, routed)           0.645    10.144    CPU/CM0/DCACHE/addr_reg[7]_i_12_n_0
    SLICE_X40Y54         LUT6 (Prop_lut6_I3_O)        0.316    10.460 f  CPU/CM0/DCACHE/addr[7]_i_7/O
                         net (fo=1, routed)           0.728    11.188    CPU/CM0/DCACHE/addr[7]_i_7_n_0
    SLICE_X39Y56         LUT3 (Prop_lut3_I0_O)        0.124    11.312 r  CPU/CM0/DCACHE/addr[7]_i_5/O
                         net (fo=2, routed)           0.644    11.956    CPU/CC/addr_reg[7]_0
    SLICE_X38Y58         LUT6 (Prop_lut6_I3_O)        0.124    12.080 r  CPU/CC/addr[7]_i_3/O
                         net (fo=2, routed)           0.491    12.571    RAM/count3_carry__1_1[7]
    SLICE_X36Y58         LUT4 (Prop_lut4_I2_O)        0.124    12.695 r  RAM/count3_carry_i_8/O
                         net (fo=2, routed)           0.954    13.650    RAM/count3_carry_i_8_n_0
    SLICE_X35Y58         LUT5 (Prop_lut5_I3_O)        0.124    13.774 r  RAM/rstate3_carry_i_2/O
                         net (fo=1, routed)           0.000    13.774    RAM/rstate3_carry_i_2_n_0
    SLICE_X35Y58         CARRY4 (Prop_carry4_S[2]_CO[3])
                                                      0.398    14.172 r  RAM/rstate3_carry/CO[3]
                         net (fo=1, routed)           0.000    14.172    RAM/rstate3_carry_n_0
    SLICE_X35Y59         CARRY4 (Prop_carry4_CI_CO[3])
                                                      0.114    14.286 r  RAM/rstate3_carry__0/CO[3]
                         net (fo=1, routed)           0.000    14.286    RAM/rstate3_carry__0_n_0
    SLICE_X35Y60         CARRY4 (Prop_carry4_CI_CO[2])
                                                      0.228    14.514 r  RAM/rstate3_carry__1/CO[2]
                         net (fo=50, routed)          1.459    15.973    CPU/CC/CO[0]
    SLICE_X35Y63         LUT4 (Prop_lut4_I1_O)        0.313    16.286 r  CPU/CC/cache_mem[15][data][31]_i_3/O
                         net (fo=103, routed)         1.527    17.812    CPU/CC/prif\\.ramstate[1]
    SLICE_X36Y62         LUT6 (Prop_lut6_I5_O)        0.124    17.936 r  CPU/CC/FSM_sequential_curr_state[2]_i_2/O
                         net (fo=5, routed)           1.189    19.125    CPU/CC/FSM_sequential_curr_state[2]_i_2_n_0
    SLICE_X36Y56         LUT6 (Prop_lut6_I3_O)        0.124    19.249 f  CPU/CC/frames[7][1][dirty]_i_8/O
                         net (fo=13, routed)          1.019    20.269    CPU/CM0/DCACHE/ccif\\.dwait__0[0]
    SLICE_X28Y56         LUT5 (Prop_lut5_I4_O)        0.124    20.393 r  CPU/CM0/DCACHE/frames[2][1][data][0][31]_i_4/O
                         net (fo=25, routed)          0.516    20.909    CPU/CM0/DCACHE/frames[2][1][data][0][31]_i_4_n_0
    SLICE_X29Y55         LUT4 (Prop_lut4_I0_O)        0.124    21.033 r  CPU/CM0/DCACHE/frames[3][1][data][0][31]_i_3/O
                         net (fo=66, routed)          1.554    22.587    CPU/CM0/DCACHE/frames[3][1][data][0][31]_i_3_n_0
    SLICE_X4Y38          LUT4 (Prop_lut4_I0_O)        0.124    22.711 r  CPU/CM0/DCACHE/frames[3][1][data][0][31]_i_1/O
                         net (fo=32, routed)          1.877    24.588    CPU/CM0/DCACHE/frames[3][1][data][0][31]_i_1_n_0
    SLICE_X31Y57         FDCE                                         r  CPU/CM0/DCACHE/frames_reg[3][1][data][0][13]/CE
  -------------------------------------------------------------------    -------------------

                         (clock CPUCLK rise edge)    10.000    10.000 r  
    D18                                               0.000    10.000 r  CLK (IN)
                         net (fo=0)                   0.000    10.000    CLK
    D18                  IBUF (Prop_ibuf_I_O)         0.820    10.820 r  CLK_IBUF_inst/O
                         net (fo=1, routed)           1.868    12.688    CLK_IBUF
    BUFGCTRL_X0Y16       BUFG (Prop_bufg_I_O)         0.091    12.779 r  CLK_IBUF_BUFG_inst/O
                         net (fo=70, routed)          1.448    14.228    CLK_IBUF_BUFG
    SLICE_X39Y46         FDCE (Prop_fdce_C_Q)         0.367    14.595 r  CPUCLK_reg/Q
                         net (fo=2, routed)           0.529    15.124    CPUCLK
    BUFGCTRL_X0Y0        BUFG (Prop_bufg_I_O)         0.091    15.215 r  CPUCLK_BUFG_inst/O
                         net (fo=8214, routed)        1.434    16.649    CPU/CM0/DCACHE/CPUCLK_BUFG
    SLICE_X31Y57         FDCE                                         r  CPU/CM0/DCACHE/frames_reg[3][1][data][0][13]/C
                         clock pessimism              0.522    17.171    
                         clock uncertainty           -0.035    17.136    
    SLICE_X31Y57         FDCE (Setup_fdce_C_CE)      -0.205    16.931    CPU/CM0/DCACHE/frames_reg[3][1][data][0][13]
  -------------------------------------------------------------------
                         required time                         16.931    
                         arrival time                         -24.588    
  -------------------------------------------------------------------
                         slack                                 -7.658    

Slack (VIOLATED) :        -7.658ns  (required time - arrival time)
  Source:                 CPU/CM0/DCACHE/m_setIdx_reg[0]_rep__0/C
                            (rising edge-triggered cell FDCE clocked by CPUCLK  {rise@0.000ns fall@5.000ns period=10.000ns})
  Destination:            CPU/CM0/DCACHE/frames_reg[3][1][data][0][29]/CE
                            (rising edge-triggered cell FDCE clocked by CPUCLK  {rise@0.000ns fall@5.000ns period=10.000ns})
  Path Group:             CPUCLK
  Path Type:              Setup (Max at Slow Process Corner)
  Requirement:            10.000ns  (CPUCLK rise@10.000ns - CPUCLK rise@0.000ns)
  Data Path Delay:        17.303ns  (logic 3.469ns (20.048%)  route 13.834ns (79.952%))
  Logic Levels:           17  (CARRY4=3 LUT3=1 LUT4=4 LUT5=2 LUT6=5 MUXF7=1 MUXF8=1)
  Clock Path Skew:        -0.114ns (DCD - SCD + CPR)
    Destination Clock Delay (DCD):    6.649ns = ( 16.649 - 10.000 ) 
    Source Clock Delay      (SCD):    7.285ns
    Clock Pessimism Removal (CPR):    0.522ns
  Clock Uncertainty:      0.035ns  ((TSJ^2 + TIJ^2)^1/2 + DJ) / 2 + PE
    Total System Jitter     (TSJ):    0.071ns
    Total Input Jitter      (TIJ):    0.000ns
    Discrete Jitter          (DJ):    0.000ns
    Phase Error              (PE):    0.000ns

    Location             Delay type                Incr(ns)  Path(ns)    Netlist Resource(s)
  -------------------------------------------------------------------    -------------------
                         (clock CPUCLK rise edge)     0.000     0.000 r  
    D18                                               0.000     0.000 r  CLK (IN)
                         net (fo=0)                   0.000     0.000    CLK
    D18                  IBUF (Prop_ibuf_I_O)         0.954     0.954 r  CLK_IBUF_inst/O
                         net (fo=1, routed)           1.972     2.925    CLK_IBUF
    BUFGCTRL_X0Y16       BUFG (Prop_bufg_I_O)         0.096     3.021 r  CLK_IBUF_BUFG_inst/O
                         net (fo=70, routed)          1.567     4.589    CLK_IBUF_BUFG
    SLICE_X39Y46         FDCE (Prop_fdce_C_Q)         0.456     5.045 r  CPUCLK_reg/Q
                         net (fo=2, routed)           0.589     5.634    CPUCLK
    BUFGCTRL_X0Y0        BUFG (Prop_bufg_I_O)         0.096     5.730 r  CPUCLK_BUFG_inst/O
                         net (fo=8214, routed)        1.555     7.285    CPU/CM0/DCACHE/CPUCLK_BUFG
    SLICE_X46Y55         FDCE                                         r  CPU/CM0/DCACHE/m_setIdx_reg[0]_rep__0/C
  -------------------------------------------------------------------    -------------------
    SLICE_X46Y55         FDCE (Prop_fdce_C_Q)         0.518     7.803 r  CPU/CM0/DCACHE/m_setIdx_reg[0]_rep__0/Q
                         net (fo=107, routed)         1.229     9.033    CPU/CM0/DCACHE/m_setIdx_reg[0]_rep__0_n_0
    SLICE_X40Y51         LUT6 (Prop_lut6_I4_O)        0.124     9.157 r  CPU/CM0/DCACHE/addr[7]_i_28/O
                         net (fo=1, routed)           0.000     9.157    CPU/CM0/DCACHE/addr[7]_i_28_n_0
    SLICE_X40Y51         MUXF7 (Prop_muxf7_I0_O)      0.238     9.395 r  CPU/CM0/DCACHE/addr_reg[7]_i_20/O
                         net (fo=1, routed)           0.000     9.395    CPU/CM0/DCACHE/addr_reg[7]_i_20_n_0
    SLICE_X40Y51         MUXF8 (Prop_muxf8_I0_O)      0.104     9.499 r  CPU/CM0/DCACHE/addr_reg[7]_i_12/O
                         net (fo=1, routed)           0.645    10.144    CPU/CM0/DCACHE/addr_reg[7]_i_12_n_0
    SLICE_X40Y54         LUT6 (Prop_lut6_I3_O)        0.316    10.460 f  CPU/CM0/DCACHE/addr[7]_i_7/O
                         net (fo=1, routed)           0.728    11.188    CPU/CM0/DCACHE/addr[7]_i_7_n_0
    SLICE_X39Y56         LUT3 (Prop_lut3_I0_O)        0.124    11.312 r  CPU/CM0/DCACHE/addr[7]_i_5/O
                         net (fo=2, routed)           0.644    11.956    CPU/CC/addr_reg[7]_0
    SLICE_X38Y58         LUT6 (Prop_lut6_I3_O)        0.124    12.080 r  CPU/CC/addr[7]_i_3/O
                         net (fo=2, routed)           0.491    12.571    RAM/count3_carry__1_1[7]
    SLICE_X36Y58         LUT4 (Prop_lut4_I2_O)        0.124    12.695 r  RAM/count3_carry_i_8/O
                         net (fo=2, routed)           0.954    13.650    RAM/count3_carry_i_8_n_0
    SLICE_X35Y58         LUT5 (Prop_lut5_I3_O)        0.124    13.774 r  RAM/rstate3_carry_i_2/O
                         net (fo=1, routed)           0.000    13.774    RAM/rstate3_carry_i_2_n_0
    SLICE_X35Y58         CARRY4 (Prop_carry4_S[2]_CO[3])
                                                      0.398    14.172 r  RAM/rstate3_carry/CO[3]
                         net (fo=1, routed)           0.000    14.172    RAM/rstate3_carry_n_0
    SLICE_X35Y59         CARRY4 (Prop_carry4_CI_CO[3])
                                                      0.114    14.286 r  RAM/rstate3_carry__0/CO[3]
                         net (fo=1, routed)           0.000    14.286    RAM/rstate3_carry__0_n_0
    SLICE_X35Y60         CARRY4 (Prop_carry4_CI_CO[2])
                                                      0.228    14.514 r  RAM/rstate3_carry__1/CO[2]
                         net (fo=50, routed)          1.459    15.973    CPU/CC/CO[0]
    SLICE_X35Y63         LUT4 (Prop_lut4_I1_O)        0.313    16.286 r  CPU/CC/cache_mem[15][data][31]_i_3/O
                         net (fo=103, routed)         1.527    17.812    CPU/CC/prif\\.ramstate[1]
    SLICE_X36Y62         LUT6 (Prop_lut6_I5_O)        0.124    17.936 r  CPU/CC/FSM_sequential_curr_state[2]_i_2/O
                         net (fo=5, routed)           1.189    19.125    CPU/CC/FSM_sequential_curr_state[2]_i_2_n_0
    SLICE_X36Y56         LUT6 (Prop_lut6_I3_O)        0.124    19.249 f  CPU/CC/frames[7][1][dirty]_i_8/O
                         net (fo=13, routed)          1.019    20.269    CPU/CM0/DCACHE/ccif\\.dwait__0[0]
    SLICE_X28Y56         LUT5 (Prop_lut5_I4_O)        0.124    20.393 r  CPU/CM0/DCACHE/frames[2][1][data][0][31]_i_4/O
                         net (fo=25, routed)          0.516    20.909    CPU/CM0/DCACHE/frames[2][1][data][0][31]_i_4_n_0
    SLICE_X29Y55         LUT4 (Prop_lut4_I0_O)        0.124    21.033 r  CPU/CM0/DCACHE/frames[3][1][data][0][31]_i_3/O
                         net (fo=66, routed)          1.554    22.587    CPU/CM0/DCACHE/frames[3][1][data][0][31]_i_3_n_0
    SLICE_X4Y38          LUT4 (Prop_lut4_I0_O)        0.124    22.711 r  CPU/CM0/DCACHE/frames[3][1][data][0][31]_i_1/O
                         net (fo=32, routed)          1.877    24.588    CPU/CM0/DCACHE/frames[3][1][data][0][31]_i_1_n_0
    SLICE_X31Y57         FDCE                                         r  CPU/CM0/DCACHE/frames_reg[3][1][data][0][29]/CE
  -------------------------------------------------------------------    -------------------

                         (clock CPUCLK rise edge)    10.000    10.000 r  
    D18                                               0.000    10.000 r  CLK (IN)
                         net (fo=0)                   0.000    10.000    CLK
    D18                  IBUF (Prop_ibuf_I_O)         0.820    10.820 r  CLK_IBUF_inst/O
                         net (fo=1, routed)           1.868    12.688    CLK_IBUF
    BUFGCTRL_X0Y16       BUFG (Prop_bufg_I_O)         0.091    12.779 r  CLK_IBUF_BUFG_inst/O
                         net (fo=70, routed)          1.448    14.228    CLK_IBUF_BUFG
    SLICE_X39Y46         FDCE (Prop_fdce_C_Q)         0.367    14.595 r  CPUCLK_reg/Q
                         net (fo=2, routed)           0.529    15.124    CPUCLK
    BUFGCTRL_X0Y0        BUFG (Prop_bufg_I_O)         0.091    15.215 r  CPUCLK_BUFG_inst/O
                         net (fo=8214, routed)        1.434    16.649    CPU/CM0/DCACHE/CPUCLK_BUFG
    SLICE_X31Y57         FDCE                                         r  CPU/CM0/DCACHE/frames_reg[3][1][data][0][29]/C
                         clock pessimism              0.522    17.171    
                         clock uncertainty           -0.035    17.136    
    SLICE_X31Y57         FDCE (Setup_fdce_C_CE)      -0.205    16.931    CPU/CM0/DCACHE/frames_reg[3][1][data][0][29]
  -------------------------------------------------------------------
                         required time                         16.931    
                         arrival time                         -24.588    
  -------------------------------------------------------------------
                         slack                                 -7.658    

Slack (VIOLATED) :        -7.658ns  (required time - arrival time)
  Source:                 CPU/CM0/DCACHE/m_setIdx_reg[0]_rep__0/C
                            (rising edge-triggered cell FDCE clocked by CPUCLK  {rise@0.000ns fall@5.000ns period=10.000ns})
  Destination:            CPU/CM0/DCACHE/frames_reg[3][1][data][0][31]/CE
                            (rising edge-triggered cell FDCE clocked by CPUCLK  {rise@0.000ns fall@5.000ns period=10.000ns})
  Path Group:             CPUCLK
  Path Type:              Setup (Max at Slow Process Corner)
  Requirement:            10.000ns  (CPUCLK rise@10.000ns - CPUCLK rise@0.000ns)
  Data Path Delay:        17.303ns  (logic 3.469ns (20.048%)  route 13.834ns (79.952%))
  Logic Levels:           17  (CARRY4=3 LUT3=1 LUT4=4 LUT5=2 LUT6=5 MUXF7=1 MUXF8=1)
  Clock Path Skew:        -0.114ns (DCD - SCD + CPR)
    Destination Clock Delay (DCD):    6.649ns = ( 16.649 - 10.000 ) 
    Source Clock Delay      (SCD):    7.285ns
    Clock Pessimism Removal (CPR):    0.522ns
  Clock Uncertainty:      0.035ns  ((TSJ^2 + TIJ^2)^1/2 + DJ) / 2 + PE
    Total System Jitter     (TSJ):    0.071ns
    Total Input Jitter      (TIJ):    0.000ns
    Discrete Jitter          (DJ):    0.000ns
    Phase Error              (PE):    0.000ns

    Location             Delay type                Incr(ns)  Path(ns)    Netlist Resource(s)
  -------------------------------------------------------------------    -------------------
                         (clock CPUCLK rise edge)     0.000     0.000 r  
    D18                                               0.000     0.000 r  CLK (IN)
                         net (fo=0)                   0.000     0.000    CLK
    D18                  IBUF (Prop_ibuf_I_O)         0.954     0.954 r  CLK_IBUF_inst/O
                         net (fo=1, routed)           1.972     2.925    CLK_IBUF
    BUFGCTRL_X0Y16       BUFG (Prop_bufg_I_O)         0.096     3.021 r  CLK_IBUF_BUFG_inst/O
                         net (fo=70, routed)          1.567     4.589    CLK_IBUF_BUFG
    SLICE_X39Y46         FDCE (Prop_fdce_C_Q)         0.456     5.045 r  CPUCLK_reg/Q
                         net (fo=2, routed)           0.589     5.634    CPUCLK
    BUFGCTRL_X0Y0        BUFG (Prop_bufg_I_O)         0.096     5.730 r  CPUCLK_BUFG_inst/O
                         net (fo=8214, routed)        1.555     7.285    CPU/CM0/DCACHE/CPUCLK_BUFG
    SLICE_X46Y55         FDCE                                         r  CPU/CM0/DCACHE/m_setIdx_reg[0]_rep__0/C
  -------------------------------------------------------------------    -------------------
    SLICE_X46Y55         FDCE (Prop_fdce_C_Q)         0.518     7.803 r  CPU/CM0/DCACHE/m_setIdx_reg[0]_rep__0/Q
                         net (fo=107, routed)         1.229     9.033    CPU/CM0/DCACHE/m_setIdx_reg[0]_rep__0_n_0
    SLICE_X40Y51         LUT6 (Prop_lut6_I4_O)        0.124     9.157 r  CPU/CM0/DCACHE/addr[7]_i_28/O
                         net (fo=1, routed)           0.000     9.157    CPU/CM0/DCACHE/addr[7]_i_28_n_0
    SLICE_X40Y51         MUXF7 (Prop_muxf7_I0_O)      0.238     9.395 r  CPU/CM0/DCACHE/addr_reg[7]_i_20/O
                         net (fo=1, routed)           0.000     9.395    CPU/CM0/DCACHE/addr_reg[7]_i_20_n_0
    SLICE_X40Y51         MUXF8 (Prop_muxf8_I0_O)      0.104     9.499 r  CPU/CM0/DCACHE/addr_reg[7]_i_12/O
                         net (fo=1, routed)           0.645    10.144    CPU/CM0/DCACHE/addr_reg[7]_i_12_n_0
    SLICE_X40Y54         LUT6 (Prop_lut6_I3_O)        0.316    10.460 f  CPU/CM0/DCACHE/addr[7]_i_7/O
                         net (fo=1, routed)           0.728    11.188    CPU/CM0/DCACHE/addr[7]_i_7_n_0
    SLICE_X39Y56         LUT3 (Prop_lut3_I0_O)        0.124    11.312 r  CPU/CM0/DCACHE/addr[7]_i_5/O
                         net (fo=2, routed)           0.644    11.956    CPU/CC/addr_reg[7]_0
    SLICE_X38Y58         LUT6 (Prop_lut6_I3_O)        0.124    12.080 r  CPU/CC/addr[7]_i_3/O
                         net (fo=2, routed)           0.491    12.571    RAM/count3_carry__1_1[7]
    SLICE_X36Y58         LUT4 (Prop_lut4_I2_O)        0.124    12.695 r  RAM/count3_carry_i_8/O
                         net (fo=2, routed)           0.954    13.650    RAM/count3_carry_i_8_n_0
    SLICE_X35Y58         LUT5 (Prop_lut5_I3_O)        0.124    13.774 r  RAM/rstate3_carry_i_2/O
                         net (fo=1, routed)           0.000    13.774    RAM/rstate3_carry_i_2_n_0
    SLICE_X35Y58         CARRY4 (Prop_carry4_S[2]_CO[3])
                                                      0.398    14.172 r  RAM/rstate3_carry/CO[3]
                         net (fo=1, routed)           0.000    14.172    RAM/rstate3_carry_n_0
    SLICE_X35Y59         CARRY4 (Prop_carry4_CI_CO[3])
                                                      0.114    14.286 r  RAM/rstate3_carry__0/CO[3]
                         net (fo=1, routed)           0.000    14.286    RAM/rstate3_carry__0_n_0
    SLICE_X35Y60         CARRY4 (Prop_carry4_CI_CO[2])
                                                      0.228    14.514 r  RAM/rstate3_carry__1/CO[2]
                         net (fo=50, routed)          1.459    15.973    CPU/CC/CO[0]
    SLICE_X35Y63         LUT4 (Prop_lut4_I1_O)        0.313    16.286 r  CPU/CC/cache_mem[15][data][31]_i_3/O
                         net (fo=103, routed)         1.527    17.812    CPU/CC/prif\\.ramstate[1]
    SLICE_X36Y62         LUT6 (Prop_lut6_I5_O)        0.124    17.936 r  CPU/CC/FSM_sequential_curr_state[2]_i_2/O
                         net (fo=5, routed)           1.189    19.125    CPU/CC/FSM_sequential_curr_state[2]_i_2_n_0
    SLICE_X36Y56         LUT6 (Prop_lut6_I3_O)        0.124    19.249 f  CPU/CC/frames[7][1][dirty]_i_8/O
                         net (fo=13, routed)          1.019    20.269    CPU/CM0/DCACHE/ccif\\.dwait__0[0]
    SLICE_X28Y56         LUT5 (Prop_lut5_I4_O)        0.124    20.393 r  CPU/CM0/DCACHE/frames[2][1][data][0][31]_i_4/O
                         net (fo=25, routed)          0.516    20.909    CPU/CM0/DCACHE/frames[2][1][data][0][31]_i_4_n_0
    SLICE_X29Y55         LUT4 (Prop_lut4_I0_O)        0.124    21.033 r  CPU/CM0/DCACHE/frames[3][1][data][0][31]_i_3/O
                         net (fo=66, routed)          1.554    22.587    CPU/CM0/DCACHE/frames[3][1][data][0][31]_i_3_n_0
    SLICE_X4Y38          LUT4 (Prop_lut4_I0_O)        0.124    22.711 r  CPU/CM0/DCACHE/frames[3][1][data][0][31]_i_1/O
                         net (fo=32, routed)          1.877    24.588    CPU/CM0/DCACHE/frames[3][1][data][0][31]_i_1_n_0
    SLICE_X31Y57         FDCE                                         r  CPU/CM0/DCACHE/frames_reg[3][1][data][0][31]/CE
  -------------------------------------------------------------------    -------------------

                         (clock CPUCLK rise edge)    10.000    10.000 r  
    D18                                               0.000    10.000 r  CLK (IN)
                         net (fo=0)                   0.000    10.000    CLK
    D18                  IBUF (Prop_ibuf_I_O)         0.820    10.820 r  CLK_IBUF_inst/O
                         net (fo=1, routed)           1.868    12.688    CLK_IBUF
    BUFGCTRL_X0Y16       BUFG (Prop_bufg_I_O)         0.091    12.779 r  CLK_IBUF_BUFG_inst/O
                         net (fo=70, routed)          1.448    14.228    CLK_IBUF_BUFG
    SLICE_X39Y46         FDCE (Prop_fdce_C_Q)         0.367    14.595 r  CPUCLK_reg/Q
                         net (fo=2, routed)           0.529    15.124    CPUCLK
    BUFGCTRL_X0Y0        BUFG (Prop_bufg_I_O)         0.091    15.215 r  CPUCLK_BUFG_inst/O
                         net (fo=8214, routed)        1.434    16.649    CPU/CM0/DCACHE/CPUCLK_BUFG
    SLICE_X31Y57         FDCE                                         r  CPU/CM0/DCACHE/frames_reg[3][1][data][0][31]/C
                         clock pessimism              0.522    17.171    
                         clock uncertainty           -0.035    17.136    
    SLICE_X31Y57         FDCE (Setup_fdce_C_CE)      -0.205    16.931    CPU/CM0/DCACHE/frames_reg[3][1][data][0][31]
  -------------------------------------------------------------------
                         required time                         16.931    
                         arrival time                         -24.588    
  -------------------------------------------------------------------
                         slack                                 -7.658    

Slack (VIOLATED) :        -7.523ns  (required time - arrival time)
  Source:                 CPU/CM0/DCACHE/m_setIdx_reg[0]_rep__0/C
                            (rising edge-triggered cell FDCE clocked by CPUCLK  {rise@0.000ns fall@5.000ns period=10.000ns})
  Destination:            CPU/CM0/DCACHE/frames_reg[6][0][data][0][29]/D
                            (rising edge-triggered cell FDCE clocked by CPUCLK  {rise@0.000ns fall@5.000ns period=10.000ns})
  Path Group:             CPUCLK
  Path Type:              Setup (Max at Slow Process Corner)
  Requirement:            10.000ns  (CPUCLK rise@10.000ns - CPUCLK rise@0.000ns)
  Data Path Delay:        17.337ns  (logic 3.469ns (20.009%)  route 13.868ns (79.991%))
  Logic Levels:           17  (CARRY4=3 LUT3=1 LUT4=2 LUT5=2 LUT6=7 MUXF7=1 MUXF8=1)
  Clock Path Skew:        -0.110ns (DCD - SCD + CPR)
    Destination Clock Delay (DCD):    6.653ns = ( 16.653 - 10.000 ) 
    Source Clock Delay      (SCD):    7.285ns
    Clock Pessimism Removal (CPR):    0.522ns
  Clock Uncertainty:      0.035ns  ((TSJ^2 + TIJ^2)^1/2 + DJ) / 2 + PE
    Total System Jitter     (TSJ):    0.071ns
    Total Input Jitter      (TIJ):    0.000ns
    Discrete Jitter          (DJ):    0.000ns
    Phase Error              (PE):    0.000ns

    Location             Delay type                Incr(ns)  Path(ns)    Netlist Resource(s)
  -------------------------------------------------------------------    -------------------
                         (clock CPUCLK rise edge)     0.000     0.000 r  
    D18                                               0.000     0.000 r  CLK (IN)
                         net (fo=0)                   0.000     0.000    CLK
    D18                  IBUF (Prop_ibuf_I_O)         0.954     0.954 r  CLK_IBUF_inst/O
                         net (fo=1, routed)           1.972     2.925    CLK_IBUF
    BUFGCTRL_X0Y16       BUFG (Prop_bufg_I_O)         0.096     3.021 r  CLK_IBUF_BUFG_inst/O
                         net (fo=70, routed)          1.567     4.589    CLK_IBUF_BUFG
    SLICE_X39Y46         FDCE (Prop_fdce_C_Q)         0.456     5.045 r  CPUCLK_reg/Q
                         net (fo=2, routed)           0.589     5.634    CPUCLK
    BUFGCTRL_X0Y0        BUFG (Prop_bufg_I_O)         0.096     5.730 r  CPUCLK_BUFG_inst/O
                         net (fo=8214, routed)        1.555     7.285    CPU/CM0/DCACHE/CPUCLK_BUFG
    SLICE_X46Y55         FDCE                                         r  CPU/CM0/DCACHE/m_setIdx_reg[0]_rep__0/C
  -------------------------------------------------------------------    -------------------
    SLICE_X46Y55         FDCE (Prop_fdce_C_Q)         0.518     7.803 r  CPU/CM0/DCACHE/m_setIdx_reg[0]_rep__0/Q
                         net (fo=107, routed)         1.229     9.033    CPU/CM0/DCACHE/m_setIdx_reg[0]_rep__0_n_0
    SLICE_X40Y51         LUT6 (Prop_lut6_I4_O)        0.124     9.157 r  CPU/CM0/DCACHE/addr[7]_i_28/O
                         net (fo=1, routed)           0.000     9.157    CPU/CM0/DCACHE/addr[7]_i_28_n_0
    SLICE_X40Y51         MUXF7 (Prop_muxf7_I0_O)      0.238     9.395 r  CPU/CM0/DCACHE/addr_reg[7]_i_20/O
                         net (fo=1, routed)           0.000     9.395    CPU/CM0/DCACHE/addr_reg[7]_i_20_n_0
    SLICE_X40Y51         MUXF8 (Prop_muxf8_I0_O)      0.104     9.499 r  CPU/CM0/DCACHE/addr_reg[7]_i_12/O
                         net (fo=1, routed)           0.645    10.144    CPU/CM0/DCACHE/addr_reg[7]_i_12_n_0
    SLICE_X40Y54         LUT6 (Prop_lut6_I3_O)        0.316    10.460 f  CPU/CM0/DCACHE/addr[7]_i_7/O
                         net (fo=1, routed)           0.728    11.188    CPU/CM0/DCACHE/addr[7]_i_7_n_0
    SLICE_X39Y56         LUT3 (Prop_lut3_I0_O)        0.124    11.312 r  CPU/CM0/DCACHE/addr[7]_i_5/O
                         net (fo=2, routed)           0.644    11.956    CPU/CC/addr_reg[7]_0
    SLICE_X38Y58         LUT6 (Prop_lut6_I3_O)        0.124    12.080 r  CPU/CC/addr[7]_i_3/O
                         net (fo=2, routed)           0.491    12.571    RAM/count3_carry__1_1[7]
    SLICE_X36Y58         LUT4 (Prop_lut4_I2_O)        0.124    12.695 r  RAM/count3_carry_i_8/O
                         net (fo=2, routed)           0.954    13.650    RAM/count3_carry_i_8_n_0
    SLICE_X35Y58         LUT5 (Prop_lut5_I3_O)        0.124    13.774 r  RAM/rstate3_carry_i_2/O
                         net (fo=1, routed)           0.000    13.774    RAM/rstate3_carry_i_2_n_0
    SLICE_X35Y58         CARRY4 (Prop_carry4_S[2]_CO[3])
                                                      0.398    14.172 r  RAM/rstate3_carry/CO[3]
                         net (fo=1, routed)           0.000    14.172    RAM/rstate3_carry_n_0
    SLICE_X35Y59         CARRY4 (Prop_carry4_CI_CO[3])
                                                      0.114    14.286 r  RAM/rstate3_carry__0/CO[3]
                         net (fo=1, routed)           0.000    14.286    RAM/rstate3_carry__0_n_0
    SLICE_X35Y60         CARRY4 (Prop_carry4_CI_CO[2])
                                                      0.228    14.514 r  RAM/rstate3_carry__1/CO[2]
                         net (fo=50, routed)          1.459    15.973    CPU/CC/CO[0]
    SLICE_X35Y63         LUT4 (Prop_lut4_I1_O)        0.313    16.286 r  CPU/CC/cache_mem[15][data][31]_i_3/O
                         net (fo=103, routed)         1.527    17.812    CPU/CC/prif\\.ramstate[1]
    SLICE_X36Y62         LUT6 (Prop_lut6_I5_O)        0.124    17.936 r  CPU/CC/FSM_sequential_curr_state[2]_i_2/O
                         net (fo=5, routed)           1.189    19.125    CPU/CC/FSM_sequential_curr_state[2]_i_2_n_0
    SLICE_X36Y56         LUT6 (Prop_lut6_I3_O)        0.124    19.249 f  CPU/CC/frames[7][1][dirty]_i_8/O
                         net (fo=13, routed)          1.327    20.576    CPU/CM0/DCACHE/ccif\\.dwait__0[0]
    SLICE_X15Y45         LUT6 (Prop_lut6_I4_O)        0.124    20.700 r  CPU/CM0/DCACHE/frames[7][0][data][0][29]_i_4__0/O
                         net (fo=63, routed)          1.248    21.948    CPU/CM0/DCACHE/frames[7][0][data][0][29]_i_4__0_n_0
    SLICE_X2Y38          LUT6 (Prop_lut6_I0_O)        0.124    22.072 r  CPU/CM0/DCACHE/frames[6][0][data][0][31]_i_4/O
                         net (fo=23, routed)          1.540    23.613    CPU/CM0/DCACHE/frames[6][0][data][0][31]_i_4_n_0
    SLICE_X33Y52         LUT5 (Prop_lut5_I4_O)        0.124    23.737 r  CPU/CM0/DCACHE/frames[6][0][data][0][29]_i_1/O
                         net (fo=1, routed)           0.886    24.623    CPU/CM0/DCACHE/frames[6][0][data][0][29]_i_1_n_0
    SLICE_X28Y51         FDCE                                         r  CPU/CM0/DCACHE/frames_reg[6][0][data][0][29]/D
  -------------------------------------------------------------------    -------------------

                         (clock CPUCLK rise edge)    10.000    10.000 r  
    D18                                               0.000    10.000 r  CLK (IN)
                         net (fo=0)                   0.000    10.000    CLK
    D18                  IBUF (Prop_ibuf_I_O)         0.820    10.820 r  CLK_IBUF_inst/O
                         net (fo=1, routed)           1.868    12.688    CLK_IBUF
    BUFGCTRL_X0Y16       BUFG (Prop_bufg_I_O)         0.091    12.779 r  CLK_IBUF_BUFG_inst/O
                         net (fo=70, routed)          1.448    14.228    CLK_IBUF_BUFG
    SLICE_X39Y46         FDCE (Prop_fdce_C_Q)         0.367    14.595 r  CPUCLK_reg/Q
                         net (fo=2, routed)           0.529    15.124    CPUCLK
    BUFGCTRL_X0Y0        BUFG (Prop_bufg_I_O)         0.091    15.215 r  CPUCLK_BUFG_inst/O
                         net (fo=8214, routed)        1.438    16.653    CPU/CM0/DCACHE/CPUCLK_BUFG
    SLICE_X28Y51         FDCE                                         r  CPU/CM0/DCACHE/frames_reg[6][0][data][0][29]/C
                         clock pessimism              0.522    17.175    
                         clock uncertainty           -0.035    17.140    
    SLICE_X28Y51         FDCE (Setup_fdce_C_D)       -0.040    17.100    CPU/CM0/DCACHE/frames_reg[6][0][data][0][29]
  -------------------------------------------------------------------
                         required time                         17.100    
                         arrival time                         -24.623    
  -------------------------------------------------------------------
                         slack                                 -7.523    

Slack (VIOLATED) :        -7.480ns  (required time - arrival time)
  Source:                 CPU/CM0/DCACHE/m_setIdx_reg[0]_rep__0/C
                            (rising edge-triggered cell FDCE clocked by CPUCLK  {rise@0.000ns fall@5.000ns period=10.000ns})
  Destination:            CPU/CM0/DCACHE/frames_reg[4][1][dirty]/D
                            (rising edge-triggered cell FDCE clocked by CPUCLK  {rise@0.000ns fall@5.000ns period=10.000ns})
  Path Group:             CPUCLK
  Path Type:              Setup (Max at Slow Process Corner)
  Requirement:            10.000ns  (CPUCLK rise@10.000ns - CPUCLK rise@0.000ns)
  Data Path Delay:        17.489ns  (logic 3.916ns (22.392%)  route 13.573ns (77.608%))
  Logic Levels:           19  (CARRY4=3 LUT3=2 LUT4=3 LUT5=3 LUT6=6 MUXF7=1 MUXF8=1)
  Clock Path Skew:        -0.033ns (DCD - SCD + CPR)
    Destination Clock Delay (DCD):    6.659ns = ( 16.659 - 10.000 ) 
    Source Clock Delay      (SCD):    7.285ns
    Clock Pessimism Removal (CPR):    0.593ns
  Clock Uncertainty:      0.035ns  ((TSJ^2 + TIJ^2)^1/2 + DJ) / 2 + PE
    Total System Jitter     (TSJ):    0.071ns
    Total Input Jitter      (TIJ):    0.000ns
    Discrete Jitter          (DJ):    0.000ns
    Phase Error              (PE):    0.000ns

    Location             Delay type                Incr(ns)  Path(ns)    Netlist Resource(s)
  -------------------------------------------------------------------    -------------------
                         (clock CPUCLK rise edge)     0.000     0.000 r  
    D18                                               0.000     0.000 r  CLK (IN)
                         net (fo=0)                   0.000     0.000    CLK
    D18                  IBUF (Prop_ibuf_I_O)         0.954     0.954 r  CLK_IBUF_inst/O
                         net (fo=1, routed)           1.972     2.925    CLK_IBUF
    BUFGCTRL_X0Y16       BUFG (Prop_bufg_I_O)         0.096     3.021 r  CLK_IBUF_BUFG_inst/O
                         net (fo=70, routed)          1.567     4.589    CLK_IBUF_BUFG
    SLICE_X39Y46         FDCE (Prop_fdce_C_Q)         0.456     5.045 r  CPUCLK_reg/Q
                         net (fo=2, routed)           0.589     5.634    CPUCLK
    BUFGCTRL_X0Y0        BUFG (Prop_bufg_I_O)         0.096     5.730 r  CPUCLK_BUFG_inst/O
                         net (fo=8214, routed)        1.555     7.285    CPU/CM0/DCACHE/CPUCLK_BUFG
    SLICE_X46Y55         FDCE                                         r  CPU/CM0/DCACHE/m_setIdx_reg[0]_rep__0/C
  -------------------------------------------------------------------    -------------------
    SLICE_X46Y55         FDCE (Prop_fdce_C_Q)         0.518     7.803 r  CPU/CM0/DCACHE/m_setIdx_reg[0]_rep__0/Q
                         net (fo=107, routed)         1.229     9.033    CPU/CM0/DCACHE/m_setIdx_reg[0]_rep__0_n_0
    SLICE_X40Y51         LUT6 (Prop_lut6_I4_O)        0.124     9.157 r  CPU/CM0/DCACHE/addr[7]_i_28/O
                         net (fo=1, routed)           0.000     9.157    CPU/CM0/DCACHE/addr[7]_i_28_n_0
    SLICE_X40Y51         MUXF7 (Prop_muxf7_I0_O)      0.238     9.395 r  CPU/CM0/DCACHE/addr_reg[7]_i_20/O
                         net (fo=1, routed)           0.000     9.395    CPU/CM0/DCACHE/addr_reg[7]_i_20_n_0
    SLICE_X40Y51         MUXF8 (Prop_muxf8_I0_O)      0.104     9.499 r  CPU/CM0/DCACHE/addr_reg[7]_i_12/O
                         net (fo=1, routed)           0.645    10.144    CPU/CM0/DCACHE/addr_reg[7]_i_12_n_0
    SLICE_X40Y54         LUT6 (Prop_lut6_I3_O)        0.316    10.460 f  CPU/CM0/DCACHE/addr[7]_i_7/O
                         net (fo=1, routed)           0.728    11.188    CPU/CM0/DCACHE/addr[7]_i_7_n_0
    SLICE_X39Y56         LUT3 (Prop_lut3_I0_O)        0.124    11.312 r  CPU/CM0/DCACHE/addr[7]_i_5/O
                         net (fo=2, routed)           0.644    11.956    CPU/CC/addr_reg[7]_0
    SLICE_X38Y58         LUT6 (Prop_lut6_I3_O)        0.124    12.080 r  CPU/CC/addr[7]_i_3/O
                         net (fo=2, routed)           0.491    12.571    RAM/count3_carry__1_1[7]
    SLICE_X36Y58         LUT4 (Prop_lut4_I2_O)        0.124    12.695 r  RAM/count3_carry_i_8/O
                         net (fo=2, routed)           0.954    13.650    RAM/count3_carry_i_8_n_0
    SLICE_X35Y58         LUT5 (Prop_lut5_I3_O)        0.124    13.774 r  RAM/rstate3_carry_i_2/O
                         net (fo=1, routed)           0.000    13.774    RAM/rstate3_carry_i_2_n_0
    SLICE_X35Y58         CARRY4 (Prop_carry4_S[2]_CO[3])
                                                      0.398    14.172 r  RAM/rstate3_carry/CO[3]
                         net (fo=1, routed)           0.000    14.172    RAM/rstate3_carry_n_0
    SLICE_X35Y59         CARRY4 (Prop_carry4_CI_CO[3])
                                                      0.114    14.286 r  RAM/rstate3_carry__0/CO[3]
                         net (fo=1, routed)           0.000    14.286    RAM/rstate3_carry__0_n_0
    SLICE_X35Y60         CARRY4 (Prop_carry4_CI_CO[2])
                                                      0.228    14.514 r  RAM/rstate3_carry__1/CO[2]
                         net (fo=50, routed)          1.459    15.973    CPU/CC/CO[0]
    SLICE_X35Y63         LUT4 (Prop_lut4_I1_O)        0.313    16.286 f  CPU/CC/cache_mem[15][data][31]_i_3/O
                         net (fo=103, routed)         1.527    17.812    CPU/CC/prif\\.ramstate[1]
    SLICE_X36Y62         LUT6 (Prop_lut6_I5_O)        0.124    17.936 f  CPU/CC/FSM_sequential_curr_state[2]_i_2/O
                         net (fo=5, routed)           1.189    19.125    CPU/CC/FSM_sequential_curr_state[2]_i_2_n_0
    SLICE_X36Y56         LUT6 (Prop_lut6_I3_O)        0.124    19.249 r  CPU/CC/frames[7][1][dirty]_i_8/O
                         net (fo=13, routed)          0.887    20.136    CPU/CM0/DCACHE/ccif\\.dwait__0[0]
    SLICE_X37Y53         LUT5 (Prop_lut5_I4_O)        0.124    20.260 f  CPU/CM0/DCACHE/frames[7][1][tag][25]_i_5/O
                         net (fo=26, routed)          0.814    21.074    CPU/CM0/DCACHE/frames[7][1][tag][25]_i_5_n_0
    SLICE_X40Y50         LUT4 (Prop_lut4_I0_O)        0.124    21.198 f  CPU/CM0/DCACHE/frames[4][1][tag][25]_i_3/O
                         net (fo=122, routed)         1.402    22.600    CPU/CM0/DCACHE/frames[4][1][tag][25]_i_3_n_0
    SLICE_X55Y59         LUT5 (Prop_lut5_I4_O)        0.120    22.720 r  CPU/CM0/DCACHE/frames[4][0][data][0][11]_i_2_comp/O
                         net (fo=1, routed)           0.411    23.130    CPU/CM0/DCACHE/frames[4][0][data][0][11]_i_2_n_0_repN
    SLICE_X57Y58         LUT3 (Prop_lut3_I1_O)        0.327    23.457 f  CPU/CM0/DCACHE/frames[4][1][dirty]_i_2__0_comp/O
                         net (fo=1, routed)           1.193    24.650    CPU/CM0/DCACHE/frames[4][1][dirty]_i_2__0_n_0
    SLICE_X56Y50         LUT6 (Prop_lut6_I1_O)        0.124    24.774 r  CPU/CM0/DCACHE/frames[4][1][dirty]_i_1_comp/O
                         net (fo=1, routed)           0.000    24.774    CPU/CM0/DCACHE/frames[4][1][dirty]_i_1_n_0
    SLICE_X56Y50         FDCE                                         r  CPU/CM0/DCACHE/frames_reg[4][1][dirty]/D
  -------------------------------------------------------------------    -------------------

                         (clock CPUCLK rise edge)    10.000    10.000 r  
    D18                                               0.000    10.000 r  CLK (IN)
                         net (fo=0)                   0.000    10.000    CLK
    D18                  IBUF (Prop_ibuf_I_O)         0.820    10.820 r  CLK_IBUF_inst/O
                         net (fo=1, routed)           1.868    12.688    CLK_IBUF
    BUFGCTRL_X0Y16       BUFG (Prop_bufg_I_O)         0.091    12.779 r  CLK_IBUF_BUFG_inst/O
                         net (fo=70, routed)          1.448    14.228    CLK_IBUF_BUFG
    SLICE_X39Y46         FDCE (Prop_fdce_C_Q)         0.367    14.595 r  CPUCLK_reg/Q
                         net (fo=2, routed)           0.529    15.124    CPUCLK
    BUFGCTRL_X0Y0        BUFG (Prop_bufg_I_O)         0.091    15.215 r  CPUCLK_BUFG_inst/O
                         net (fo=8214, routed)        1.444    16.659    CPU/CM0/DCACHE/CPUCLK_BUFG
    SLICE_X56Y50         FDCE                                         r  CPU/CM0/DCACHE/frames_reg[4][1][dirty]/C
                         clock pessimism              0.593    17.252    
                         clock uncertainty           -0.035    17.217    
    SLICE_X56Y50         FDCE (Setup_fdce_C_D)        0.077    17.294    CPU/CM0/DCACHE/frames_reg[4][1][dirty]
  -------------------------------------------------------------------
                         required time                         17.294    
                         arrival time                         -24.774    
  -------------------------------------------------------------------
                         slack                                 -7.480    

Slack (VIOLATED) :        -7.477ns  (required time - arrival time)
  Source:                 CPU/CM0/DCACHE/m_setIdx_reg[0]_rep__0/C
                            (rising edge-triggered cell FDCE clocked by CPUCLK  {rise@0.000ns fall@5.000ns period=10.000ns})
  Destination:            CPU/CM0/DCACHE/frames_reg[6][0][data][0][12]/CE
                            (rising edge-triggered cell FDCE clocked by CPUCLK  {rise@0.000ns fall@5.000ns period=10.000ns})
  Path Group:             CPUCLK
  Path Type:              Setup (Max at Slow Process Corner)
  Requirement:            10.000ns  (CPUCLK rise@10.000ns - CPUCLK rise@0.000ns)
  Data Path Delay:        17.123ns  (logic 3.469ns (20.259%)  route 13.654ns (79.741%))
  Logic Levels:           17  (CARRY4=3 LUT3=1 LUT4=2 LUT5=1 LUT6=8 MUXF7=1 MUXF8=1)
  Clock Path Skew:        -0.113ns (DCD - SCD + CPR)
    Destination Clock Delay (DCD):    6.650ns = ( 16.650 - 10.000 ) 
    Source Clock Delay      (SCD):    7.285ns
    Clock Pessimism Removal (CPR):    0.522ns
  Clock Uncertainty:      0.035ns  ((TSJ^2 + TIJ^2)^1/2 + DJ) / 2 + PE
    Total System Jitter     (TSJ):    0.071ns
    Total Input Jitter      (TIJ):    0.000ns
    Discrete Jitter          (DJ):    0.000ns
    Phase Error              (PE):    0.000ns

    Location             Delay type                Incr(ns)  Path(ns)    Netlist Resource(s)
  -------------------------------------------------------------------    -------------------
                         (clock CPUCLK rise edge)     0.000     0.000 r  
    D18                                               0.000     0.000 r  CLK (IN)
                         net (fo=0)                   0.000     0.000    CLK
    D18                  IBUF (Prop_ibuf_I_O)         0.954     0.954 r  CLK_IBUF_inst/O
                         net (fo=1, routed)           1.972     2.925    CLK_IBUF
    BUFGCTRL_X0Y16       BUFG (Prop_bufg_I_O)         0.096     3.021 r  CLK_IBUF_BUFG_inst/O
                         net (fo=70, routed)          1.567     4.589    CLK_IBUF_BUFG
    SLICE_X39Y46         FDCE (Prop_fdce_C_Q)         0.456     5.045 r  CPUCLK_reg/Q
                         net (fo=2, routed)           0.589     5.634    CPUCLK
    BUFGCTRL_X0Y0        BUFG (Prop_bufg_I_O)         0.096     5.730 r  CPUCLK_BUFG_inst/O
                         net (fo=8214, routed)        1.555     7.285    CPU/CM0/DCACHE/CPUCLK_BUFG
    SLICE_X46Y55         FDCE                                         r  CPU/CM0/DCACHE/m_setIdx_reg[0]_rep__0/C
  -------------------------------------------------------------------    -------------------
    SLICE_X46Y55         FDCE (Prop_fdce_C_Q)         0.518     7.803 r  CPU/CM0/DCACHE/m_setIdx_reg[0]_rep__0/Q
                         net (fo=107, routed)         1.229     9.033    CPU/CM0/DCACHE/m_setIdx_reg[0]_rep__0_n_0
    SLICE_X40Y51         LUT6 (Prop_lut6_I4_O)        0.124     9.157 r  CPU/CM0/DCACHE/addr[7]_i_28/O
                         net (fo=1, routed)           0.000     9.157    CPU/CM0/DCACHE/addr[7]_i_28_n_0
    SLICE_X40Y51         MUXF7 (Prop_muxf7_I0_O)      0.238     9.395 r  CPU/CM0/DCACHE/addr_reg[7]_i_20/O
                         net (fo=1, routed)           0.000     9.395    CPU/CM0/DCACHE/addr_reg[7]_i_20_n_0
    SLICE_X40Y51         MUXF8 (Prop_muxf8_I0_O)      0.104     9.499 r  CPU/CM0/DCACHE/addr_reg[7]_i_12/O
                         net (fo=1, routed)           0.645    10.144    CPU/CM0/DCACHE/addr_reg[7]_i_12_n_0
    SLICE_X40Y54         LUT6 (Prop_lut6_I3_O)        0.316    10.460 f  CPU/CM0/DCACHE/addr[7]_i_7/O
                         net (fo=1, routed)           0.728    11.188    CPU/CM0/DCACHE/addr[7]_i_7_n_0
    SLICE_X39Y56         LUT3 (Prop_lut3_I0_O)        0.124    11.312 r  CPU/CM0/DCACHE/addr[7]_i_5/O
                         net (fo=2, routed)           0.644    11.956    CPU/CC/addr_reg[7]_0
    SLICE_X38Y58         LUT6 (Prop_lut6_I3_O)        0.124    12.080 r  CPU/CC/addr[7]_i_3/O
                         net (fo=2, routed)           0.491    12.571    RAM/count3_carry__1_1[7]
    SLICE_X36Y58         LUT4 (Prop_lut4_I2_O)        0.124    12.695 r  RAM/count3_carry_i_8/O
                         net (fo=2, routed)           0.954    13.650    RAM/count3_carry_i_8_n_0
    SLICE_X35Y58         LUT5 (Prop_lut5_I3_O)        0.124    13.774 r  RAM/rstate3_carry_i_2/O
                         net (fo=1, routed)           0.000    13.774    RAM/rstate3_carry_i_2_n_0
    SLICE_X35Y58         CARRY4 (Prop_carry4_S[2]_CO[3])
                                                      0.398    14.172 r  RAM/rstate3_carry/CO[3]
                         net (fo=1, routed)           0.000    14.172    RAM/rstate3_carry_n_0
    SLICE_X35Y59         CARRY4 (Prop_carry4_CI_CO[3])
                                                      0.114    14.286 r  RAM/rstate3_carry__0/CO[3]
                         net (fo=1, routed)           0.000    14.286    RAM/rstate3_carry__0_n_0
    SLICE_X35Y60         CARRY4 (Prop_carry4_CI_CO[2])
                                                      0.228    14.514 r  RAM/rstate3_carry__1/CO[2]
                         net (fo=50, routed)          1.459    15.973    CPU/CC/CO[0]
    SLICE_X35Y63         LUT4 (Prop_lut4_I1_O)        0.313    16.286 r  CPU/CC/cache_mem[15][data][31]_i_3/O
                         net (fo=103, routed)         1.527    17.812    CPU/CC/prif\\.ramstate[1]
    SLICE_X36Y62         LUT6 (Prop_lut6_I5_O)        0.124    17.936 r  CPU/CC/FSM_sequential_curr_state[2]_i_2/O
                         net (fo=5, routed)           1.189    19.125    CPU/CC/FSM_sequential_curr_state[2]_i_2_n_0
    SLICE_X36Y56         LUT6 (Prop_lut6_I3_O)        0.124    19.249 f  CPU/CC/frames[7][1][dirty]_i_8/O
                         net (fo=13, routed)          1.327    20.576    CPU/CM0/DCACHE/ccif\\.dwait__0[0]
    SLICE_X15Y45         LUT6 (Prop_lut6_I4_O)        0.124    20.700 r  CPU/CM0/DCACHE/frames[7][0][data][0][29]_i_4__0/O
                         net (fo=63, routed)          1.248    21.948    CPU/CM0/DCACHE/frames[7][0][data][0][29]_i_4__0_n_0
    SLICE_X2Y38          LUT6 (Prop_lut6_I0_O)        0.124    22.072 r  CPU/CM0/DCACHE/frames[6][0][data][0][31]_i_4/O
                         net (fo=23, routed)          0.705    22.777    CPU/CM0/DCACHE/frames[6][0][data][0][31]_i_4_n_0
    SLICE_X2Y42          LUT6 (Prop_lut6_I5_O)        0.124    22.901 r  CPU/CM0/DCACHE/frames[6][0][data][0][31]_i_1/O
                         net (fo=32, routed)          1.508    24.409    CPU/CM0/DCACHE/frames[6][0][data][0][31]_i_1_n_0
    SLICE_X31Y53         FDCE                                         r  CPU/CM0/DCACHE/frames_reg[6][0][data][0][12]/CE
  -------------------------------------------------------------------    -------------------

                         (clock CPUCLK rise edge)    10.000    10.000 r  
    D18                                               0.000    10.000 r  CLK (IN)
                         net (fo=0)                   0.000    10.000    CLK
    D18                  IBUF (Prop_ibuf_I_O)         0.820    10.820 r  CLK_IBUF_inst/O
                         net (fo=1, routed)           1.868    12.688    CLK_IBUF
    BUFGCTRL_X0Y16       BUFG (Prop_bufg_I_O)         0.091    12.779 r  CLK_IBUF_BUFG_inst/O
                         net (fo=70, routed)          1.448    14.228    CLK_IBUF_BUFG
    SLICE_X39Y46         FDCE (Prop_fdce_C_Q)         0.367    14.595 r  CPUCLK_reg/Q
                         net (fo=2, routed)           0.529    15.124    CPUCLK
    BUFGCTRL_X0Y0        BUFG (Prop_bufg_I_O)         0.091    15.215 r  CPUCLK_BUFG_inst/O
                         net (fo=8214, routed)        1.435    16.650    CPU/CM0/DCACHE/CPUCLK_BUFG
    SLICE_X31Y53         FDCE                                         r  CPU/CM0/DCACHE/frames_reg[6][0][data][0][12]/C
                         clock pessimism              0.522    17.172    
                         clock uncertainty           -0.035    17.137    
    SLICE_X31Y53         FDCE (Setup_fdce_C_CE)      -0.205    16.932    CPU/CM0/DCACHE/frames_reg[6][0][data][0][12]
  -------------------------------------------------------------------
                         required time                         16.932    
                         arrival time                         -24.409    
  -------------------------------------------------------------------
                         slack                                 -7.477    

Slack (VIOLATED) :        -7.477ns  (required time - arrival time)
  Source:                 CPU/CM0/DCACHE/m_setIdx_reg[0]_rep__0/C
                            (rising edge-triggered cell FDCE clocked by CPUCLK  {rise@0.000ns fall@5.000ns period=10.000ns})
  Destination:            CPU/CM0/DCACHE/frames_reg[6][0][data][0][13]/CE
                            (rising edge-triggered cell FDCE clocked by CPUCLK  {rise@0.000ns fall@5.000ns period=10.000ns})
  Path Group:             CPUCLK
  Path Type:              Setup (Max at Slow Process Corner)
  Requirement:            10.000ns  (CPUCLK rise@10.000ns - CPUCLK rise@0.000ns)
  Data Path Delay:        17.123ns  (logic 3.469ns (20.259%)  route 13.654ns (79.741%))
  Logic Levels:           17  (CARRY4=3 LUT3=1 LUT4=2 LUT5=1 LUT6=8 MUXF7=1 MUXF8=1)
  Clock Path Skew:        -0.113ns (DCD - SCD + CPR)
    Destination Clock Delay (DCD):    6.650ns = ( 16.650 - 10.000 ) 
    Source Clock Delay      (SCD):    7.285ns
    Clock Pessimism Removal (CPR):    0.522ns
  Clock Uncertainty:      0.035ns  ((TSJ^2 + TIJ^2)^1/2 + DJ) / 2 + PE
    Total System Jitter     (TSJ):    0.071ns
    Total Input Jitter      (TIJ):    0.000ns
    Discrete Jitter          (DJ):    0.000ns
    Phase Error              (PE):    0.000ns

    Location             Delay type                Incr(ns)  Path(ns)    Netlist Resource(s)
  -------------------------------------------------------------------    -------------------
                         (clock CPUCLK rise edge)     0.000     0.000 r  
    D18                                               0.000     0.000 r  CLK (IN)
                         net (fo=0)                   0.000     0.000    CLK
    D18                  IBUF (Prop_ibuf_I_O)         0.954     0.954 r  CLK_IBUF_inst/O
                         net (fo=1, routed)           1.972     2.925    CLK_IBUF
    BUFGCTRL_X0Y16       BUFG (Prop_bufg_I_O)         0.096     3.021 r  CLK_IBUF_BUFG_inst/O
                         net (fo=70, routed)          1.567     4.589    CLK_IBUF_BUFG
    SLICE_X39Y46         FDCE (Prop_fdce_C_Q)         0.456     5.045 r  CPUCLK_reg/Q
                         net (fo=2, routed)           0.589     5.634    CPUCLK
    BUFGCTRL_X0Y0        BUFG (Prop_bufg_I_O)         0.096     5.730 r  CPUCLK_BUFG_inst/O
                         net (fo=8214, routed)        1.555     7.285    CPU/CM0/DCACHE/CPUCLK_BUFG
    SLICE_X46Y55         FDCE                                         r  CPU/CM0/DCACHE/m_setIdx_reg[0]_rep__0/C
  -------------------------------------------------------------------    -------------------
    SLICE_X46Y55         FDCE (Prop_fdce_C_Q)         0.518     7.803 r  CPU/CM0/DCACHE/m_setIdx_reg[0]_rep__0/Q
                         net (fo=107, routed)         1.229     9.033    CPU/CM0/DCACHE/m_setIdx_reg[0]_rep__0_n_0
    SLICE_X40Y51         LUT6 (Prop_lut6_I4_O)        0.124     9.157 r  CPU/CM0/DCACHE/addr[7]_i_28/O
                         net (fo=1, routed)           0.000     9.157    CPU/CM0/DCACHE/addr[7]_i_28_n_0
    SLICE_X40Y51         MUXF7 (Prop_muxf7_I0_O)      0.238     9.395 r  CPU/CM0/DCACHE/addr_reg[7]_i_20/O
                         net (fo=1, routed)           0.000     9.395    CPU/CM0/DCACHE/addr_reg[7]_i_20_n_0
    SLICE_X40Y51         MUXF8 (Prop_muxf8_I0_O)      0.104     9.499 r  CPU/CM0/DCACHE/addr_reg[7]_i_12/O
                         net (fo=1, routed)           0.645    10.144    CPU/CM0/DCACHE/addr_reg[7]_i_12_n_0
    SLICE_X40Y54         LUT6 (Prop_lut6_I3_O)        0.316    10.460 f  CPU/CM0/DCACHE/addr[7]_i_7/O
                         net (fo=1, routed)           0.728    11.188    CPU/CM0/DCACHE/addr[7]_i_7_n_0
    SLICE_X39Y56         LUT3 (Prop_lut3_I0_O)        0.124    11.312 r  CPU/CM0/DCACHE/addr[7]_i_5/O
                         net (fo=2, routed)           0.644    11.956    CPU/CC/addr_reg[7]_0
    SLICE_X38Y58         LUT6 (Prop_lut6_I3_O)        0.124    12.080 r  CPU/CC/addr[7]_i_3/O
                         net (fo=2, routed)           0.491    12.571    RAM/count3_carry__1_1[7]
    SLICE_X36Y58         LUT4 (Prop_lut4_I2_O)        0.124    12.695 r  RAM/count3_carry_i_8/O
                         net (fo=2, routed)           0.954    13.650    RAM/count3_carry_i_8_n_0
    SLICE_X35Y58         LUT5 (Prop_lut5_I3_O)        0.124    13.774 r  RAM/rstate3_carry_i_2/O
                         net (fo=1, routed)           0.000    13.774    RAM/rstate3_carry_i_2_n_0
    SLICE_X35Y58         CARRY4 (Prop_carry4_S[2]_CO[3])
                                                      0.398    14.172 r  RAM/rstate3_carry/CO[3]
                         net (fo=1, routed)           0.000    14.172    RAM/rstate3_carry_n_0
    SLICE_X35Y59         CARRY4 (Prop_carry4_CI_CO[3])
                                                      0.114    14.286 r  RAM/rstate3_carry__0/CO[3]
                         net (fo=1, routed)           0.000    14.286    RAM/rstate3_carry__0_n_0
    SLICE_X35Y60         CARRY4 (Prop_carry4_CI_CO[2])
                                                      0.228    14.514 r  RAM/rstate3_carry__1/CO[2]
                         net (fo=50, routed)          1.459    15.973    CPU/CC/CO[0]
    SLICE_X35Y63         LUT4 (Prop_lut4_I1_O)        0.313    16.286 r  CPU/CC/cache_mem[15][data][31]_i_3/O
                         net (fo=103, routed)         1.527    17.812    CPU/CC/prif\\.ramstate[1]
    SLICE_X36Y62         LUT6 (Prop_lut6_I5_O)        0.124    17.936 r  CPU/CC/FSM_sequential_curr_state[2]_i_2/O
                         net (fo=5, routed)           1.189    19.125    CPU/CC/FSM_sequential_curr_state[2]_i_2_n_0
    SLICE_X36Y56         LUT6 (Prop_lut6_I3_O)        0.124    19.249 f  CPU/CC/frames[7][1][dirty]_i_8/O
                         net (fo=13, routed)          1.327    20.576    CPU/CM0/DCACHE/ccif\\.dwait__0[0]
    SLICE_X15Y45         LUT6 (Prop_lut6_I4_O)        0.124    20.700 r  CPU/CM0/DCACHE/frames[7][0][data][0][29]_i_4__0/O
                         net (fo=63, routed)          1.248    21.948    CPU/CM0/DCACHE/frames[7][0][data][0][29]_i_4__0_n_0
    SLICE_X2Y38          LUT6 (Prop_lut6_I0_O)        0.124    22.072 r  CPU/CM0/DCACHE/frames[6][0][data][0][31]_i_4/O
                         net (fo=23, routed)          0.705    22.777    CPU/CM0/DCACHE/frames[6][0][data][0][31]_i_4_n_0
    SLICE_X2Y42          LUT6 (Prop_lut6_I5_O)        0.124    22.901 r  CPU/CM0/DCACHE/frames[6][0][data][0][31]_i_1/O
                         net (fo=32, routed)          1.508    24.409    CPU/CM0/DCACHE/frames[6][0][data][0][31]_i_1_n_0
    SLICE_X31Y53         FDCE                                         r  CPU/CM0/DCACHE/frames_reg[6][0][data][0][13]/CE
  -------------------------------------------------------------------    -------------------

                         (clock CPUCLK rise edge)    10.000    10.000 r  
    D18                                               0.000    10.000 r  CLK (IN)
                         net (fo=0)                   0.000    10.000    CLK
    D18                  IBUF (Prop_ibuf_I_O)         0.820    10.820 r  CLK_IBUF_inst/O
                         net (fo=1, routed)           1.868    12.688    CLK_IBUF
    BUFGCTRL_X0Y16       BUFG (Prop_bufg_I_O)         0.091    12.779 r  CLK_IBUF_BUFG_inst/O
                         net (fo=70, routed)          1.448    14.228    CLK_IBUF_BUFG
    SLICE_X39Y46         FDCE (Prop_fdce_C_Q)         0.367    14.595 r  CPUCLK_reg/Q
                         net (fo=2, routed)           0.529    15.124    CPUCLK
    BUFGCTRL_X0Y0        BUFG (Prop_bufg_I_O)         0.091    15.215 r  CPUCLK_BUFG_inst/O
                         net (fo=8214, routed)        1.435    16.650    CPU/CM0/DCACHE/CPUCLK_BUFG
    SLICE_X31Y53         FDCE                                         r  CPU/CM0/DCACHE/frames_reg[6][0][data][0][13]/C
                         clock pessimism              0.522    17.172    
                         clock uncertainty           -0.035    17.137    
    SLICE_X31Y53         FDCE (Setup_fdce_C_CE)      -0.205    16.932    CPU/CM0/DCACHE/frames_reg[6][0][data][0][13]
  -------------------------------------------------------------------
                         required time                         16.932    
                         arrival time                         -24.409    
  -------------------------------------------------------------------
                         slack                                 -7.477    

Slack (VIOLATED) :        -7.477ns  (required time - arrival time)
  Source:                 CPU/CM0/DCACHE/m_setIdx_reg[0]_rep__0/C
                            (rising edge-triggered cell FDCE clocked by CPUCLK  {rise@0.000ns fall@5.000ns period=10.000ns})
  Destination:            CPU/CM0/DCACHE/frames_reg[6][0][data][0][31]/CE
                            (rising edge-triggered cell FDCE clocked by CPUCLK  {rise@0.000ns fall@5.000ns period=10.000ns})
  Path Group:             CPUCLK
  Path Type:              Setup (Max at Slow Process Corner)
  Requirement:            10.000ns  (CPUCLK rise@10.000ns - CPUCLK rise@0.000ns)
  Data Path Delay:        17.123ns  (logic 3.469ns (20.259%)  route 13.654ns (79.741%))
  Logic Levels:           17  (CARRY4=3 LUT3=1 LUT4=2 LUT5=1 LUT6=8 MUXF7=1 MUXF8=1)
  Clock Path Skew:        -0.113ns (DCD - SCD + CPR)
    Destination Clock Delay (DCD):    6.650ns = ( 16.650 - 10.000 ) 
    Source Clock Delay      (SCD):    7.285ns
    Clock Pessimism Removal (CPR):    0.522ns
  Clock Uncertainty:      0.035ns  ((TSJ^2 + TIJ^2)^1/2 + DJ) / 2 + PE
    Total System Jitter     (TSJ):    0.071ns
    Total Input Jitter      (TIJ):    0.000ns
    Discrete Jitter          (DJ):    0.000ns
    Phase Error              (PE):    0.000ns

    Location             Delay type                Incr(ns)  Path(ns)    Netlist Resource(s)
  -------------------------------------------------------------------    -------------------
                         (clock CPUCLK rise edge)     0.000     0.000 r  
    D18                                               0.000     0.000 r  CLK (IN)
                         net (fo=0)                   0.000     0.000    CLK
    D18                  IBUF (Prop_ibuf_I_O)         0.954     0.954 r  CLK_IBUF_inst/O
                         net (fo=1, routed)           1.972     2.925    CLK_IBUF
    BUFGCTRL_X0Y16       BUFG (Prop_bufg_I_O)         0.096     3.021 r  CLK_IBUF_BUFG_inst/O
                         net (fo=70, routed)          1.567     4.589    CLK_IBUF_BUFG
    SLICE_X39Y46         FDCE (Prop_fdce_C_Q)         0.456     5.045 r  CPUCLK_reg/Q
                         net (fo=2, routed)           0.589     5.634    CPUCLK
    BUFGCTRL_X0Y0        BUFG (Prop_bufg_I_O)         0.096     5.730 r  CPUCLK_BUFG_inst/O
                         net (fo=8214, routed)        1.555     7.285    CPU/CM0/DCACHE/CPUCLK_BUFG
    SLICE_X46Y55         FDCE                                         r  CPU/CM0/DCACHE/m_setIdx_reg[0]_rep__0/C
  -------------------------------------------------------------------    -------------------
    SLICE_X46Y55         FDCE (Prop_fdce_C_Q)         0.518     7.803 r  CPU/CM0/DCACHE/m_setIdx_reg[0]_rep__0/Q
                         net (fo=107, routed)         1.229     9.033    CPU/CM0/DCACHE/m_setIdx_reg[0]_rep__0_n_0
    SLICE_X40Y51         LUT6 (Prop_lut6_I4_O)        0.124     9.157 r  CPU/CM0/DCACHE/addr[7]_i_28/O
                         net (fo=1, routed)           0.000     9.157    CPU/CM0/DCACHE/addr[7]_i_28_n_0
    SLICE_X40Y51         MUXF7 (Prop_muxf7_I0_O)      0.238     9.395 r  CPU/CM0/DCACHE/addr_reg[7]_i_20/O
                         net (fo=1, routed)           0.000     9.395    CPU/CM0/DCACHE/addr_reg[7]_i_20_n_0
    SLICE_X40Y51         MUXF8 (Prop_muxf8_I0_O)      0.104     9.499 r  CPU/CM0/DCACHE/addr_reg[7]_i_12/O
                         net (fo=1, routed)           0.645    10.144    CPU/CM0/DCACHE/addr_reg[7]_i_12_n_0
    SLICE_X40Y54         LUT6 (Prop_lut6_I3_O)        0.316    10.460 f  CPU/CM0/DCACHE/addr[7]_i_7/O
                         net (fo=1, routed)           0.728    11.188    CPU/CM0/DCACHE/addr[7]_i_7_n_0
    SLICE_X39Y56         LUT3 (Prop_lut3_I0_O)        0.124    11.312 r  CPU/CM0/DCACHE/addr[7]_i_5/O
                         net (fo=2, routed)           0.644    11.956    CPU/CC/addr_reg[7]_0
    SLICE_X38Y58         LUT6 (Prop_lut6_I3_O)        0.124    12.080 r  CPU/CC/addr[7]_i_3/O
                         net (fo=2, routed)           0.491    12.571    RAM/count3_carry__1_1[7]
    SLICE_X36Y58         LUT4 (Prop_lut4_I2_O)        0.124    12.695 r  RAM/count3_carry_i_8/O
                         net (fo=2, routed)           0.954    13.650    RAM/count3_carry_i_8_n_0
    SLICE_X35Y58         LUT5 (Prop_lut5_I3_O)        0.124    13.774 r  RAM/rstate3_carry_i_2/O
                         net (fo=1, routed)           0.000    13.774    RAM/rstate3_carry_i_2_n_0
    SLICE_X35Y58         CARRY4 (Prop_carry4_S[2]_CO[3])
                                                      0.398    14.172 r  RAM/rstate3_carry/CO[3]
                         net (fo=1, routed)           0.000    14.172    RAM/rstate3_carry_n_0
    SLICE_X35Y59         CARRY4 (Prop_carry4_CI_CO[3])
                                                      0.114    14.286 r  RAM/rstate3_carry__0/CO[3]
                         net (fo=1, routed)           0.000    14.286    RAM/rstate3_carry__0_n_0
    SLICE_X35Y60         CARRY4 (Prop_carry4_CI_CO[2])
                                                      0.228    14.514 r  RAM/rstate3_carry__1/CO[2]
                         net (fo=50, routed)          1.459    15.973    CPU/CC/CO[0]
    SLICE_X35Y63         LUT4 (Prop_lut4_I1_O)        0.313    16.286 r  CPU/CC/cache_mem[15][data][31]_i_3/O
                         net (fo=103, routed)         1.527    17.812    CPU/CC/prif\\.ramstate[1]
    SLICE_X36Y62         LUT6 (Prop_lut6_I5_O)        0.124    17.936 r  CPU/CC/FSM_sequential_curr_state[2]_i_2/O
                         net (fo=5, routed)           1.189    19.125    CPU/CC/FSM_sequential_curr_state[2]_i_2_n_0
    SLICE_X36Y56         LUT6 (Prop_lut6_I3_O)        0.124    19.249 f  CPU/CC/frames[7][1][dirty]_i_8/O
                         net (fo=13, routed)          1.327    20.576    CPU/CM0/DCACHE/ccif\\.dwait__0[0]
    SLICE_X15Y45         LUT6 (Prop_lut6_I4_O)        0.124    20.700 r  CPU/CM0/DCACHE/frames[7][0][data][0][29]_i_4__0/O
                         net (fo=63, routed)          1.248    21.948    CPU/CM0/DCACHE/frames[7][0][data][0][29]_i_4__0_n_0
    SLICE_X2Y38          LUT6 (Prop_lut6_I0_O)        0.124    22.072 r  CPU/CM0/DCACHE/frames[6][0][data][0][31]_i_4/O
                         net (fo=23, routed)          0.705    22.777    CPU/CM0/DCACHE/frames[6][0][data][0][31]_i_4_n_0
    SLICE_X2Y42          LUT6 (Prop_lut6_I5_O)        0.124    22.901 r  CPU/CM0/DCACHE/frames[6][0][data][0][31]_i_1/O
                         net (fo=32, routed)          1.508    24.409    CPU/CM0/DCACHE/frames[6][0][data][0][31]_i_1_n_0
    SLICE_X31Y53         FDCE                                         r  CPU/CM0/DCACHE/frames_reg[6][0][data][0][31]/CE
  -------------------------------------------------------------------    -------------------

                         (clock CPUCLK rise edge)    10.000    10.000 r  
    D18                                               0.000    10.000 r  CLK (IN)
                         net (fo=0)                   0.000    10.000    CLK
    D18                  IBUF (Prop_ibuf_I_O)         0.820    10.820 r  CLK_IBUF_inst/O
                         net (fo=1, routed)           1.868    12.688    CLK_IBUF
    BUFGCTRL_X0Y16       BUFG (Prop_bufg_I_O)         0.091    12.779 r  CLK_IBUF_BUFG_inst/O
                         net (fo=70, routed)          1.448    14.228    CLK_IBUF_BUFG
    SLICE_X39Y46         FDCE (Prop_fdce_C_Q)         0.367    14.595 r  CPUCLK_reg/Q
                         net (fo=2, routed)           0.529    15.124    CPUCLK
    BUFGCTRL_X0Y0        BUFG (Prop_bufg_I_O)         0.091    15.215 r  CPUCLK_BUFG_inst/O
                         net (fo=8214, routed)        1.435    16.650    CPU/CM0/DCACHE/CPUCLK_BUFG
    SLICE_X31Y53         FDCE                                         r  CPU/CM0/DCACHE/frames_reg[6][0][data][0][31]/C
                         clock pessimism              0.522    17.172    
                         clock uncertainty           -0.035    17.137    
    SLICE_X31Y53         FDCE (Setup_fdce_C_CE)      -0.205    16.932    CPU/CM0/DCACHE/frames_reg[6][0][data][0][31]
  -------------------------------------------------------------------
                         required time                         16.932    
                         arrival time                         -24.409    
  -------------------------------------------------------------------
                         slack                                 -7.477    

Slack (VIOLATED) :        -7.470ns  (required time - arrival time)
  Source:                 CPU/CM0/DCACHE/m_setIdx_reg[0]_rep__0/C
                            (rising edge-triggered cell FDCE clocked by CPUCLK  {rise@0.000ns fall@5.000ns period=10.000ns})
  Destination:            CPU/CM0/DCACHE/frames_reg[6][0][data][0][25]/CE
                            (rising edge-triggered cell FDCE clocked by CPUCLK  {rise@0.000ns fall@5.000ns period=10.000ns})
  Path Group:             CPUCLK
  Path Type:              Setup (Max at Slow Process Corner)
  Requirement:            10.000ns  (CPUCLK rise@10.000ns - CPUCLK rise@0.000ns)
  Data Path Delay:        17.149ns  (logic 3.469ns (20.229%)  route 13.680ns (79.771%))
  Logic Levels:           17  (CARRY4=3 LUT3=1 LUT4=2 LUT5=1 LUT6=8 MUXF7=1 MUXF8=1)
  Clock Path Skew:        -0.117ns (DCD - SCD + CPR)
    Destination Clock Delay (DCD):    6.654ns = ( 16.654 - 10.000 ) 
    Source Clock Delay      (SCD):    7.285ns
    Clock Pessimism Removal (CPR):    0.515ns
  Clock Uncertainty:      0.035ns  ((TSJ^2 + TIJ^2)^1/2 + DJ) / 2 + PE
    Total System Jitter     (TSJ):    0.071ns
    Total Input Jitter      (TIJ):    0.000ns
    Discrete Jitter          (DJ):    0.000ns
    Phase Error              (PE):    0.000ns

    Location             Delay type                Incr(ns)  Path(ns)    Netlist Resource(s)
  -------------------------------------------------------------------    -------------------
                         (clock CPUCLK rise edge)     0.000     0.000 r  
    D18                                               0.000     0.000 r  CLK (IN)
                         net (fo=0)                   0.000     0.000    CLK
    D18                  IBUF (Prop_ibuf_I_O)         0.954     0.954 r  CLK_IBUF_inst/O
                         net (fo=1, routed)           1.972     2.925    CLK_IBUF
    BUFGCTRL_X0Y16       BUFG (Prop_bufg_I_O)         0.096     3.021 r  CLK_IBUF_BUFG_inst/O
                         net (fo=70, routed)          1.567     4.589    CLK_IBUF_BUFG
    SLICE_X39Y46         FDCE (Prop_fdce_C_Q)         0.456     5.045 r  CPUCLK_reg/Q
                         net (fo=2, routed)           0.589     5.634    CPUCLK
    BUFGCTRL_X0Y0        BUFG (Prop_bufg_I_O)         0.096     5.730 r  CPUCLK_BUFG_inst/O
                         net (fo=8214, routed)        1.555     7.285    CPU/CM0/DCACHE/CPUCLK_BUFG
    SLICE_X46Y55         FDCE                                         r  CPU/CM0/DCACHE/m_setIdx_reg[0]_rep__0/C
  -------------------------------------------------------------------    -------------------
    SLICE_X46Y55         FDCE (Prop_fdce_C_Q)         0.518     7.803 r  CPU/CM0/DCACHE/m_setIdx_reg[0]_rep__0/Q
                         net (fo=107, routed)         1.229     9.033    CPU/CM0/DCACHE/m_setIdx_reg[0]_rep__0_n_0
    SLICE_X40Y51         LUT6 (Prop_lut6_I4_O)        0.124     9.157 r  CPU/CM0/DCACHE/addr[7]_i_28/O
                         net (fo=1, routed)           0.000     9.157    CPU/CM0/DCACHE/addr[7]_i_28_n_0
    SLICE_X40Y51         MUXF7 (Prop_muxf7_I0_O)      0.238     9.395 r  CPU/CM0/DCACHE/addr_reg[7]_i_20/O
                         net (fo=1, routed)           0.000     9.395    CPU/CM0/DCACHE/addr_reg[7]_i_20_n_0
    SLICE_X40Y51         MUXF8 (Prop_muxf8_I0_O)      0.104     9.499 r  CPU/CM0/DCACHE/addr_reg[7]_i_12/O
                         net (fo=1, routed)           0.645    10.144    CPU/CM0/DCACHE/addr_reg[7]_i_12_n_0
    SLICE_X40Y54         LUT6 (Prop_lut6_I3_O)        0.316    10.460 f  CPU/CM0/DCACHE/addr[7]_i_7/O
                         net (fo=1, routed)           0.728    11.188    CPU/CM0/DCACHE/addr[7]_i_7_n_0
    SLICE_X39Y56         LUT3 (Prop_lut3_I0_O)        0.124    11.312 r  CPU/CM0/DCACHE/addr[7]_i_5/O
                         net (fo=2, routed)           0.644    11.956    CPU/CC/addr_reg[7]_0
    SLICE_X38Y58         LUT6 (Prop_lut6_I3_O)        0.124    12.080 r  CPU/CC/addr[7]_i_3/O
                         net (fo=2, routed)           0.491    12.571    RAM/count3_carry__1_1[7]
    SLICE_X36Y58         LUT4 (Prop_lut4_I2_O)        0.124    12.695 r  RAM/count3_carry_i_8/O
                         net (fo=2, routed)           0.954    13.650    RAM/count3_carry_i_8_n_0
    SLICE_X35Y58         LUT5 (Prop_lut5_I3_O)        0.124    13.774 r  RAM/rstate3_carry_i_2/O
                         net (fo=1, routed)           0.000    13.774    RAM/rstate3_carry_i_2_n_0
    SLICE_X35Y58         CARRY4 (Prop_carry4_S[2]_CO[3])
                                                      0.398    14.172 r  RAM/rstate3_carry/CO[3]
                         net (fo=1, routed)           0.000    14.172    RAM/rstate3_carry_n_0
    SLICE_X35Y59         CARRY4 (Prop_carry4_CI_CO[3])
                                                      0.114    14.286 r  RAM/rstate3_carry__0/CO[3]
                         net (fo=1, routed)           0.000    14.286    RAM/rstate3_carry__0_n_0
    SLICE_X35Y60         CARRY4 (Prop_carry4_CI_CO[2])
                                                      0.228    14.514 r  RAM/rstate3_carry__1/CO[2]
                         net (fo=50, routed)          1.459    15.973    CPU/CC/CO[0]
    SLICE_X35Y63         LUT4 (Prop_lut4_I1_O)        0.313    16.286 r  CPU/CC/cache_mem[15][data][31]_i_3/O
                         net (fo=103, routed)         1.527    17.812    CPU/CC/prif\\.ramstate[1]
    SLICE_X36Y62         LUT6 (Prop_lut6_I5_O)        0.124    17.936 r  CPU/CC/FSM_sequential_curr_state[2]_i_2/O
                         net (fo=5, routed)           1.189    19.125    CPU/CC/FSM_sequential_curr_state[2]_i_2_n_0
    SLICE_X36Y56         LUT6 (Prop_lut6_I3_O)        0.124    19.249 f  CPU/CC/frames[7][1][dirty]_i_8/O
                         net (fo=13, routed)          1.327    20.576    CPU/CM0/DCACHE/ccif\\.dwait__0[0]
    SLICE_X15Y45         LUT6 (Prop_lut6_I4_O)        0.124    20.700 r  CPU/CM0/DCACHE/frames[7][0][data][0][29]_i_4__0/O
                         net (fo=63, routed)          1.248    21.948    CPU/CM0/DCACHE/frames[7][0][data][0][29]_i_4__0_n_0
    SLICE_X2Y38          LUT6 (Prop_lut6_I0_O)        0.124    22.072 r  CPU/CM0/DCACHE/frames[6][0][data][0][31]_i_4/O
                         net (fo=23, routed)          0.705    22.777    CPU/CM0/DCACHE/frames[6][0][data][0][31]_i_4_n_0
    SLICE_X2Y42          LUT6 (Prop_lut6_I5_O)        0.124    22.901 r  CPU/CM0/DCACHE/frames[6][0][data][0][31]_i_1/O
                         net (fo=32, routed)          1.533    24.434    CPU/CM0/DCACHE/frames[6][0][data][0][31]_i_1_n_0
    SLICE_X30Y33         FDCE                                         r  CPU/CM0/DCACHE/frames_reg[6][0][data][0][25]/CE
  -------------------------------------------------------------------    -------------------

                         (clock CPUCLK rise edge)    10.000    10.000 r  
    D18                                               0.000    10.000 r  CLK (IN)
                         net (fo=0)                   0.000    10.000    CLK
    D18                  IBUF (Prop_ibuf_I_O)         0.820    10.820 r  CLK_IBUF_inst/O
                         net (fo=1, routed)           1.868    12.688    CLK_IBUF
    BUFGCTRL_X0Y16       BUFG (Prop_bufg_I_O)         0.091    12.779 r  CLK_IBUF_BUFG_inst/O
                         net (fo=70, routed)          1.448    14.228    CLK_IBUF_BUFG
    SLICE_X39Y46         FDCE (Prop_fdce_C_Q)         0.367    14.595 r  CPUCLK_reg/Q
                         net (fo=2, routed)           0.529    15.124    CPUCLK
    BUFGCTRL_X0Y0        BUFG (Prop_bufg_I_O)         0.091    15.215 r  CPUCLK_BUFG_inst/O
                         net (fo=8214, routed)        1.438    16.654    CPU/CM0/DCACHE/CPUCLK_BUFG
    SLICE_X30Y33         FDCE                                         r  CPU/CM0/DCACHE/frames_reg[6][0][data][0][25]/C
                         clock pessimism              0.515    17.169    
                         clock uncertainty           -0.035    17.133    
    SLICE_X30Y33         FDCE (Setup_fdce_C_CE)      -0.169    16.964    CPU/CM0/DCACHE/frames_reg[6][0][data][0][25]
  -------------------------------------------------------------------
                         required time                         16.964    
                         arrival time                         -24.434    
  -------------------------------------------------------------------
                         slack                                 -7.470    





Min Delay Paths
--------------------------------------------------------------------------------------
Slack (MET) :             0.051ns  (arrival time - required time)
  Source:                 CPU/DP0/EXMREG/exm\\.imm_out_reg[18]/C
                            (rising edge-triggered cell FDCE clocked by CPUCLK  {rise@0.000ns fall@5.000ns period=10.000ns})
  Destination:            CPU/DP0/MWBREG/mwb\\.imm_out_reg[18]/D
                            (rising edge-triggered cell FDCE clocked by CPUCLK  {rise@0.000ns fall@5.000ns period=10.000ns})
  Path Group:             CPUCLK
  Path Type:              Hold (Min at Fast Process Corner)
  Requirement:            0.000ns  (CPUCLK rise@0.000ns - CPUCLK rise@0.000ns)
  Data Path Delay:        0.385ns  (logic 0.141ns (36.590%)  route 0.244ns (63.410%))
  Logic Levels:           0  
  Clock Path Skew:        0.262ns (DCD - SCD - CPR)
    Destination Clock Delay (DCD):    3.212ns
    Source Clock Delay      (SCD):    2.366ns
    Clock Pessimism Removal (CPR):    0.584ns

    Location             Delay type                Incr(ns)  Path(ns)    Netlist Resource(s)
  -------------------------------------------------------------------    -------------------
                         (clock CPUCLK rise edge)     0.000     0.000 r  
    D18                                               0.000     0.000 r  CLK (IN)
                         net (fo=0)                   0.000     0.000    CLK
    D18                  IBUF (Prop_ibuf_I_O)         0.183     0.183 r  CLK_IBUF_inst/O
                         net (fo=1, routed)           0.634     0.817    CLK_IBUF
    BUFGCTRL_X0Y16       BUFG (Prop_bufg_I_O)         0.026     0.843 r  CLK_IBUF_BUFG_inst/O
                         net (fo=70, routed)          0.565     1.408    CLK_IBUF_BUFG
    SLICE_X39Y46         FDCE (Prop_fdce_C_Q)         0.141     1.549 r  CPUCLK_reg/Q
                         net (fo=2, routed)           0.234     1.783    CPUCLK
    BUFGCTRL_X0Y0        BUFG (Prop_bufg_I_O)         0.026     1.809 r  CPUCLK_BUFG_inst/O
                         net (fo=8214, routed)        0.557     2.366    CPU/DP0/EXMREG/CPUCLK_BUFG
    SLICE_X40Y32         FDCE                                         r  CPU/DP0/EXMREG/exm\\.imm_out_reg[18]/C
  -------------------------------------------------------------------    -------------------
    SLICE_X40Y32         FDCE (Prop_fdce_C_Q)         0.141     2.507 r  CPU/DP0/EXMREG/exm\\.imm_out_reg[18]/Q
                         net (fo=3, routed)           0.244     2.751    CPU/DP0/MWBREG/mwb\\.imm_in[18]
    SLICE_X35Y33         FDCE                                         r  CPU/DP0/MWBREG/mwb\\.imm_out_reg[18]/D
  -------------------------------------------------------------------    -------------------

                         (clock CPUCLK rise edge)     0.000     0.000 r  
    D18                                               0.000     0.000 r  CLK (IN)
                         net (fo=0)                   0.000     0.000    CLK
    D18                  IBUF (Prop_ibuf_I_O)         0.372     0.372 r  CLK_IBUF_inst/O
                         net (fo=1, routed)           0.689     1.060    CLK_IBUF
    BUFGCTRL_X0Y16       BUFG (Prop_bufg_I_O)         0.029     1.089 r  CLK_IBUF_BUFG_inst/O
                         net (fo=70, routed)          0.834     1.923    CLK_IBUF_BUFG
    SLICE_X39Y46         FDCE (Prop_fdce_C_Q)         0.175     2.098 r  CPUCLK_reg/Q
                         net (fo=2, routed)           0.261     2.359    CPUCLK
    BUFGCTRL_X0Y0        BUFG (Prop_bufg_I_O)         0.029     2.388 r  CPUCLK_BUFG_inst/O
                         net (fo=8214, routed)        0.824     3.212    CPU/DP0/MWBREG/CPUCLK_BUFG
    SLICE_X35Y33         FDCE                                         r  CPU/DP0/MWBREG/mwb\\.imm_out_reg[18]/C
                         clock pessimism             -0.584     2.628    
    SLICE_X35Y33         FDCE (Hold_fdce_C_D)         0.072     2.700    CPU/DP0/MWBREG/mwb\\.imm_out_reg[18]
  -------------------------------------------------------------------
                         required time                         -2.700    
                         arrival time                           2.751    
  -------------------------------------------------------------------
                         slack                                  0.051    

Slack (MET) :             0.053ns  (arrival time - required time)
  Source:                 CPU/CM0/DCACHE/m_tag_reg[22]/C
                            (rising edge-triggered cell FDCE clocked by CPUCLK  {rise@0.000ns fall@5.000ns period=10.000ns})
  Destination:            CPU/CM0/DCACHE/frames_reg[1][0][tag][22]/D
                            (rising edge-triggered cell FDCE clocked by CPUCLK  {rise@0.000ns fall@5.000ns period=10.000ns})
  Path Group:             CPUCLK
  Path Type:              Hold (Min at Fast Process Corner)
  Requirement:            0.000ns  (CPUCLK rise@0.000ns - CPUCLK rise@0.000ns)
  Data Path Delay:        0.413ns  (logic 0.209ns (50.645%)  route 0.204ns (49.355%))
  Logic Levels:           1  (LUT3=1)
  Clock Path Skew:        0.268ns (DCD - SCD - CPR)
    Destination Clock Delay (DCD):    3.221ns
    Source Clock Delay      (SCD):    2.374ns
    Clock Pessimism Removal (CPR):    0.579ns

    Location             Delay type                Incr(ns)  Path(ns)    Netlist Resource(s)
  -------------------------------------------------------------------    -------------------
                         (clock CPUCLK rise edge)     0.000     0.000 r  
    D18                                               0.000     0.000 r  CLK (IN)
                         net (fo=0)                   0.000     0.000    CLK
    D18                  IBUF (Prop_ibuf_I_O)         0.183     0.183 r  CLK_IBUF_inst/O
                         net (fo=1, routed)           0.634     0.817    CLK_IBUF
    BUFGCTRL_X0Y16       BUFG (Prop_bufg_I_O)         0.026     0.843 r  CLK_IBUF_BUFG_inst/O
                         net (fo=70, routed)          0.565     1.408    CLK_IBUF_BUFG
    SLICE_X39Y46         FDCE (Prop_fdce_C_Q)         0.141     1.549 r  CPUCLK_reg/Q
                         net (fo=2, routed)           0.234     1.783    CPUCLK
    BUFGCTRL_X0Y0        BUFG (Prop_bufg_I_O)         0.026     1.809 r  CPUCLK_BUFG_inst/O
                         net (fo=8214, routed)        0.565     2.374    CPU/CM0/DCACHE/CPUCLK_BUFG
    SLICE_X46Y49         FDCE                                         r  CPU/CM0/DCACHE/m_tag_reg[22]/C
  -------------------------------------------------------------------    -------------------
    SLICE_X46Y49         FDCE (Prop_fdce_C_Q)         0.164     2.538 r  CPU/CM0/DCACHE/m_tag_reg[22]/Q
                         net (fo=17, routed)          0.204     2.741    CPU/CM0/DCACHE/m_tag[22]
    SLICE_X44Y50         LUT3 (Prop_lut3_I0_O)        0.045     2.786 r  CPU/CM0/DCACHE/frames[1][0][tag][22]_i_1/O
                         net (fo=1, routed)           0.000     2.786    CPU/CM0/DCACHE/frames[1][0][tag][22]_i_1_n_0
    SLICE_X44Y50         FDCE                                         r  CPU/CM0/DCACHE/frames_reg[1][0][tag][22]/D
  -------------------------------------------------------------------    -------------------

                         (clock CPUCLK rise edge)     0.000     0.000 r  
    D18                                               0.000     0.000 r  CLK (IN)
                         net (fo=0)                   0.000     0.000    CLK
    D18                  IBUF (Prop_ibuf_I_O)         0.372     0.372 r  CLK_IBUF_inst/O
                         net (fo=1, routed)           0.689     1.060    CLK_IBUF
    BUFGCTRL_X0Y16       BUFG (Prop_bufg_I_O)         0.029     1.089 r  CLK_IBUF_BUFG_inst/O
                         net (fo=70, routed)          0.834     1.923    CLK_IBUF_BUFG
    SLICE_X39Y46         FDCE (Prop_fdce_C_Q)         0.175     2.098 r  CPUCLK_reg/Q
                         net (fo=2, routed)           0.261     2.359    CPUCLK
    BUFGCTRL_X0Y0        BUFG (Prop_bufg_I_O)         0.029     2.388 r  CPUCLK_BUFG_inst/O
                         net (fo=8214, routed)        0.833     3.221    CPU/CM0/DCACHE/CPUCLK_BUFG
    SLICE_X44Y50         FDCE                                         r  CPU/CM0/DCACHE/frames_reg[1][0][tag][22]/C
                         clock pessimism             -0.579     2.641    
    SLICE_X44Y50         FDCE (Hold_fdce_C_D)         0.092     2.733    CPU/CM0/DCACHE/frames_reg[1][0][tag][22]
  -------------------------------------------------------------------
                         required time                         -2.733    
                         arrival time                           2.786    
  -------------------------------------------------------------------
                         slack                                  0.053    

Slack (MET) :             0.064ns  (arrival time - required time)
  Source:                 CPU/CM0/DCACHE/m_tag_reg[9]/C
                            (rising edge-triggered cell FDCE clocked by CPUCLK  {rise@0.000ns fall@5.000ns period=10.000ns})
  Destination:            CPU/CM0/DCACHE/frames_reg[1][1][tag][9]/D
                            (rising edge-triggered cell FDCE clocked by CPUCLK  {rise@0.000ns fall@5.000ns period=10.000ns})
  Path Group:             CPUCLK
  Path Type:              Hold (Min at Fast Process Corner)
  Requirement:            0.000ns  (CPUCLK rise@0.000ns - CPUCLK rise@0.000ns)
  Data Path Delay:        0.424ns  (logic 0.209ns (49.290%)  route 0.215ns (50.710%))
  Logic Levels:           1  (LUT4=1)
  Clock Path Skew:        0.268ns (DCD - SCD - CPR)
    Destination Clock Delay (DCD):    3.221ns
    Source Clock Delay      (SCD):    2.374ns
    Clock Pessimism Removal (CPR):    0.579ns

    Location             Delay type                Incr(ns)  Path(ns)    Netlist Resource(s)
  -------------------------------------------------------------------    -------------------
                         (clock CPUCLK rise edge)     0.000     0.000 r  
    D18                                               0.000     0.000 r  CLK (IN)
                         net (fo=0)                   0.000     0.000    CLK
    D18                  IBUF (Prop_ibuf_I_O)         0.183     0.183 r  CLK_IBUF_inst/O
                         net (fo=1, routed)           0.634     0.817    CLK_IBUF
    BUFGCTRL_X0Y16       BUFG (Prop_bufg_I_O)         0.026     0.843 r  CLK_IBUF_BUFG_inst/O
                         net (fo=70, routed)          0.565     1.408    CLK_IBUF_BUFG
    SLICE_X39Y46         FDCE (Prop_fdce_C_Q)         0.141     1.549 r  CPUCLK_reg/Q
                         net (fo=2, routed)           0.234     1.783    CPUCLK
    BUFGCTRL_X0Y0        BUFG (Prop_bufg_I_O)         0.026     1.809 r  CPUCLK_BUFG_inst/O
                         net (fo=8214, routed)        0.565     2.374    CPU/CM0/DCACHE/CPUCLK_BUFG
    SLICE_X46Y48         FDCE                                         r  CPU/CM0/DCACHE/m_tag_reg[9]/C
  -------------------------------------------------------------------    -------------------
    SLICE_X46Y48         FDCE (Prop_fdce_C_Q)         0.164     2.538 r  CPU/CM0/DCACHE/m_tag_reg[9]/Q
                         net (fo=18, routed)          0.215     2.753    CPU/CM0/DCACHE/m_tag[9]
    SLICE_X45Y50         LUT4 (Prop_lut4_I2_O)        0.045     2.798 r  CPU/CM0/DCACHE/frames[1][1][tag][9]_i_1__0/O
                         net (fo=1, routed)           0.000     2.798    CPU/CM0/DCACHE/frames[1][1][tag][9]_i_1__0_n_0
    SLICE_X45Y50         FDCE                                         r  CPU/CM0/DCACHE/frames_reg[1][1][tag][9]/D
  -------------------------------------------------------------------    -------------------

                         (clock CPUCLK rise edge)     0.000     0.000 r  
    D18                                               0.000     0.000 r  CLK (IN)
                         net (fo=0)                   0.000     0.000    CLK
    D18                  IBUF (Prop_ibuf_I_O)         0.372     0.372 r  CLK_IBUF_inst/O
                         net (fo=1, routed)           0.689     1.060    CLK_IBUF
    BUFGCTRL_X0Y16       BUFG (Prop_bufg_I_O)         0.029     1.089 r  CLK_IBUF_BUFG_inst/O
                         net (fo=70, routed)          0.834     1.923    CLK_IBUF_BUFG
    SLICE_X39Y46         FDCE (Prop_fdce_C_Q)         0.175     2.098 r  CPUCLK_reg/Q
                         net (fo=2, routed)           0.261     2.359    CPUCLK
    BUFGCTRL_X0Y0        BUFG (Prop_bufg_I_O)         0.029     2.388 r  CPUCLK_BUFG_inst/O
                         net (fo=8214, routed)        0.833     3.221    CPU/CM0/DCACHE/CPUCLK_BUFG
    SLICE_X45Y50         FDCE                                         r  CPU/CM0/DCACHE/frames_reg[1][1][tag][9]/C
                         clock pessimism             -0.579     2.641    
    SLICE_X45Y50         FDCE (Hold_fdce_C_D)         0.092     2.733    CPU/CM0/DCACHE/frames_reg[1][1][tag][9]
  -------------------------------------------------------------------
                         required time                         -2.733    
                         arrival time                           2.798    
  -------------------------------------------------------------------
                         slack                                  0.064    

Slack (MET) :             0.107ns  (arrival time - required time)
  Source:                 CPU/DP0/EXMREG/exm\\.rdat2_out_reg[23]/C
                            (rising edge-triggered cell FDCE clocked by CPUCLK  {rise@0.000ns fall@5.000ns period=10.000ns})
  Destination:            CPU/CM0/DCACHE/frames_reg[7][1][data][1][23]/D
                            (rising edge-triggered cell FDCE clocked by CPUCLK  {rise@0.000ns fall@5.000ns period=10.000ns})
  Path Group:             CPUCLK
  Path Type:              Hold (Min at Fast Process Corner)
  Requirement:            0.000ns  (CPUCLK rise@0.000ns - CPUCLK rise@0.000ns)
  Data Path Delay:        0.489ns  (logic 0.186ns (38.053%)  route 0.303ns (61.947%))
  Logic Levels:           1  (LUT6=1)
  Clock Path Skew:        0.261ns (DCD - SCD - CPR)
    Destination Clock Delay (DCD):    3.210ns
    Source Clock Delay      (SCD):    2.365ns
    Clock Pessimism Removal (CPR):    0.584ns

    Location             Delay type                Incr(ns)  Path(ns)    Netlist Resource(s)
  -------------------------------------------------------------------    -------------------
                         (clock CPUCLK rise edge)     0.000     0.000 r  
    D18                                               0.000     0.000 r  CLK (IN)
                         net (fo=0)                   0.000     0.000    CLK
    D18                  IBUF (Prop_ibuf_I_O)         0.183     0.183 r  CLK_IBUF_inst/O
                         net (fo=1, routed)           0.634     0.817    CLK_IBUF
    BUFGCTRL_X0Y16       BUFG (Prop_bufg_I_O)         0.026     0.843 r  CLK_IBUF_BUFG_inst/O
                         net (fo=70, routed)          0.565     1.408    CLK_IBUF_BUFG
    SLICE_X39Y46         FDCE (Prop_fdce_C_Q)         0.141     1.549 r  CPUCLK_reg/Q
                         net (fo=2, routed)           0.234     1.783    CPUCLK
    BUFGCTRL_X0Y0        BUFG (Prop_bufg_I_O)         0.026     1.809 r  CPUCLK_BUFG_inst/O
                         net (fo=8214, routed)        0.556     2.365    CPU/DP0/EXMREG/CPUCLK_BUFG
    SLICE_X36Y31         FDCE                                         r  CPU/DP0/EXMREG/exm\\.rdat2_out_reg[23]/C
  -------------------------------------------------------------------    -------------------
    SLICE_X36Y31         FDCE (Prop_fdce_C_Q)         0.141     2.506 r  CPU/DP0/EXMREG/exm\\.rdat2_out_reg[23]/Q
                         net (fo=19, routed)          0.303     2.808    CPU/CM0/DCACHE/m_wdata_reg[31]_0[23]
    SLICE_X30Y30         LUT6 (Prop_lut6_I0_O)        0.045     2.853 r  CPU/CM0/DCACHE/frames[7][1][data][1][23]_i_1/O
                         net (fo=1, routed)           0.000     2.853    CPU/CM0/DCACHE/frames[7][1][data][1][23]_i_1_n_0
    SLICE_X30Y30         FDCE                                         r  CPU/CM0/DCACHE/frames_reg[7][1][data][1][23]/D
  -------------------------------------------------------------------    -------------------

                         (clock CPUCLK rise edge)     0.000     0.000 r  
    D18                                               0.000     0.000 r  CLK (IN)
                         net (fo=0)                   0.000     0.000    CLK
    D18                  IBUF (Prop_ibuf_I_O)         0.372     0.372 r  CLK_IBUF_inst/O
                         net (fo=1, routed)           0.689     1.060    CLK_IBUF
    BUFGCTRL_X0Y16       BUFG (Prop_bufg_I_O)         0.029     1.089 r  CLK_IBUF_BUFG_inst/O
                         net (fo=70, routed)          0.834     1.923    CLK_IBUF_BUFG
    SLICE_X39Y46         FDCE (Prop_fdce_C_Q)         0.175     2.098 r  CPUCLK_reg/Q
                         net (fo=2, routed)           0.261     2.359    CPUCLK
    BUFGCTRL_X0Y0        BUFG (Prop_bufg_I_O)         0.029     2.388 r  CPUCLK_BUFG_inst/O
                         net (fo=8214, routed)        0.822     3.210    CPU/CM0/DCACHE/CPUCLK_BUFG
    SLICE_X30Y30         FDCE                                         r  CPU/CM0/DCACHE/frames_reg[7][1][data][1][23]/C
                         clock pessimism             -0.584     2.626    
    SLICE_X30Y30         FDCE (Hold_fdce_C_D)         0.121     2.747    CPU/CM0/DCACHE/frames_reg[7][1][data][1][23]
  -------------------------------------------------------------------
                         required time                         -2.747    
                         arrival time                           2.853    
  -------------------------------------------------------------------
                         slack                                  0.107    

Slack (MET) :             0.108ns  (arrival time - required time)
  Source:                 CPU/DP0/DXREG/dx\\.halt_out_reg/C
                            (rising edge-triggered cell FDCE clocked by CPUCLK  {rise@0.000ns fall@5.000ns period=10.000ns})
  Destination:            CPU/DP0/EXMREG/exm\\.halt_out_reg/D
                            (rising edge-triggered cell FDCE clocked by CPUCLK  {rise@0.000ns fall@5.000ns period=10.000ns})
  Path Group:             CPUCLK
  Path Type:              Hold (Min at Fast Process Corner)
  Requirement:            0.000ns  (CPUCLK rise@0.000ns - CPUCLK rise@0.000ns)
  Data Path Delay:        0.436ns  (logic 0.141ns (32.328%)  route 0.295ns (67.672%))
  Logic Levels:           0  
  Clock Path Skew:        0.262ns (DCD - SCD - CPR)
    Destination Clock Delay (DCD):    3.208ns
    Source Clock Delay      (SCD):    2.362ns
    Clock Pessimism Removal (CPR):    0.584ns

    Location             Delay type                Incr(ns)  Path(ns)    Netlist Resource(s)
  -------------------------------------------------------------------    -------------------
                         (clock CPUCLK rise edge)     0.000     0.000 r  
    D18                                               0.000     0.000 r  CLK (IN)
                         net (fo=0)                   0.000     0.000    CLK
    D18                  IBUF (Prop_ibuf_I_O)         0.183     0.183 r  CLK_IBUF_inst/O
                         net (fo=1, routed)           0.634     0.817    CLK_IBUF
    BUFGCTRL_X0Y16       BUFG (Prop_bufg_I_O)         0.026     0.843 r  CLK_IBUF_BUFG_inst/O
                         net (fo=70, routed)          0.565     1.408    CLK_IBUF_BUFG
    SLICE_X39Y46         FDCE (Prop_fdce_C_Q)         0.141     1.549 r  CPUCLK_reg/Q
                         net (fo=2, routed)           0.234     1.783    CPUCLK
    BUFGCTRL_X0Y0        BUFG (Prop_bufg_I_O)         0.026     1.809 r  CPUCLK_BUFG_inst/O
                         net (fo=8214, routed)        0.553     2.362    CPU/DP0/DXREG/CPUCLK_BUFG
    SLICE_X36Y28         FDCE                                         r  CPU/DP0/DXREG/dx\\.halt_out_reg/C
  -------------------------------------------------------------------    -------------------
    SLICE_X36Y28         FDCE (Prop_fdce_C_Q)         0.141     2.503 r  CPU/DP0/DXREG/dx\\.halt_out_reg/Q
                         net (fo=1, routed)           0.295     2.798    CPU/DP0/EXMREG/dx\\.halt_out
    SLICE_X35Y29         FDCE                                         r  CPU/DP0/EXMREG/exm\\.halt_out_reg/D
  -------------------------------------------------------------------    -------------------

                         (clock CPUCLK rise edge)     0.000     0.000 r  
    D18                                               0.000     0.000 r  CLK (IN)
                         net (fo=0)                   0.000     0.000    CLK
    D18                  IBUF (Prop_ibuf_I_O)         0.372     0.372 r  CLK_IBUF_inst/O
                         net (fo=1, routed)           0.689     1.060    CLK_IBUF
    BUFGCTRL_X0Y16       BUFG (Prop_bufg_I_O)         0.029     1.089 r  CLK_IBUF_BUFG_inst/O
                         net (fo=70, routed)          0.834     1.923    CLK_IBUF_BUFG
    SLICE_X39Y46         FDCE (Prop_fdce_C_Q)         0.175     2.098 r  CPUCLK_reg/Q
                         net (fo=2, routed)           0.261     2.359    CPUCLK
    BUFGCTRL_X0Y0        BUFG (Prop_bufg_I_O)         0.029     2.388 r  CPUCLK_BUFG_inst/O
                         net (fo=8214, routed)        0.820     3.208    CPU/DP0/EXMREG/CPUCLK_BUFG
    SLICE_X35Y29         FDCE                                         r  CPU/DP0/EXMREG/exm\\.halt_out_reg/C
                         clock pessimism             -0.584     2.624    
    SLICE_X35Y29         FDCE (Hold_fdce_C_D)         0.066     2.690    CPU/DP0/EXMREG/exm\\.halt_out_reg
  -------------------------------------------------------------------
                         required time                         -2.690    
                         arrival time                           2.798    
  -------------------------------------------------------------------
                         slack                                  0.108    

Slack (MET) :             0.113ns  (arrival time - required time)
  Source:                 CPU/CM0/DCACHE/m_tag_reg[22]/C
                            (rising edge-triggered cell FDCE clocked by CPUCLK  {rise@0.000ns fall@5.000ns period=10.000ns})
  Destination:            CPU/CM0/DCACHE/frames_reg[1][1][tag][22]/D
                            (rising edge-triggered cell FDCE clocked by CPUCLK  {rise@0.000ns fall@5.000ns period=10.000ns})
  Path Group:             CPUCLK
  Path Type:              Hold (Min at Fast Process Corner)
  Requirement:            0.000ns  (CPUCLK rise@0.000ns - CPUCLK rise@0.000ns)
  Data Path Delay:        0.473ns  (logic 0.209ns (44.194%)  route 0.264ns (55.806%))
  Logic Levels:           1  (LUT4=1)
  Clock Path Skew:        0.268ns (DCD - SCD - CPR)
    Destination Clock Delay (DCD):    3.221ns
    Source Clock Delay      (SCD):    2.374ns
    Clock Pessimism Removal (CPR):    0.579ns

    Location             Delay type                Incr(ns)  Path(ns)    Netlist Resource(s)
  -------------------------------------------------------------------    -------------------
                         (clock CPUCLK rise edge)     0.000     0.000 r  
    D18                                               0.000     0.000 r  CLK (IN)
                         net (fo=0)                   0.000     0.000    CLK
    D18                  IBUF (Prop_ibuf_I_O)         0.183     0.183 r  CLK_IBUF_inst/O
                         net (fo=1, routed)           0.634     0.817    CLK_IBUF
    BUFGCTRL_X0Y16       BUFG (Prop_bufg_I_O)         0.026     0.843 r  CLK_IBUF_BUFG_inst/O
                         net (fo=70, routed)          0.565     1.408    CLK_IBUF_BUFG
    SLICE_X39Y46         FDCE (Prop_fdce_C_Q)         0.141     1.549 r  CPUCLK_reg/Q
                         net (fo=2, routed)           0.234     1.783    CPUCLK
    BUFGCTRL_X0Y0        BUFG (Prop_bufg_I_O)         0.026     1.809 r  CPUCLK_BUFG_inst/O
                         net (fo=8214, routed)        0.565     2.374    CPU/CM0/DCACHE/CPUCLK_BUFG
    SLICE_X46Y49         FDCE                                         r  CPU/CM0/DCACHE/m_tag_reg[22]/C
  -------------------------------------------------------------------    -------------------
    SLICE_X46Y49         FDCE (Prop_fdce_C_Q)         0.164     2.538 r  CPU/CM0/DCACHE/m_tag_reg[22]/Q
                         net (fo=17, routed)          0.264     2.801    CPU/CM0/DCACHE/m_tag[22]
    SLICE_X45Y50         LUT4 (Prop_lut4_I2_O)        0.045     2.846 r  CPU/CM0/DCACHE/frames[1][1][tag][22]_i_1__0/O
                         net (fo=1, routed)           0.000     2.846    CPU/CM0/DCACHE/frames[1][1][tag][22]_i_1__0_n_0
    SLICE_X45Y50         FDCE                                         r  CPU/CM0/DCACHE/frames_reg[1][1][tag][22]/D
  -------------------------------------------------------------------    -------------------

                         (clock CPUCLK rise edge)     0.000     0.000 r  
    D18                                               0.000     0.000 r  CLK (IN)
                         net (fo=0)                   0.000     0.000    CLK
    D18                  IBUF (Prop_ibuf_I_O)         0.372     0.372 r  CLK_IBUF_inst/O
                         net (fo=1, routed)           0.689     1.060    CLK_IBUF
    BUFGCTRL_X0Y16       BUFG (Prop_bufg_I_O)         0.029     1.089 r  CLK_IBUF_BUFG_inst/O
                         net (fo=70, routed)          0.834     1.923    CLK_IBUF_BUFG
    SLICE_X39Y46         FDCE (Prop_fdce_C_Q)         0.175     2.098 r  CPUCLK_reg/Q
                         net (fo=2, routed)           0.261     2.359    CPUCLK
    BUFGCTRL_X0Y0        BUFG (Prop_bufg_I_O)         0.029     2.388 r  CPUCLK_BUFG_inst/O
                         net (fo=8214, routed)        0.833     3.221    CPU/CM0/DCACHE/CPUCLK_BUFG
    SLICE_X45Y50         FDCE                                         r  CPU/CM0/DCACHE/frames_reg[1][1][tag][22]/C
                         clock pessimism             -0.579     2.641    
    SLICE_X45Y50         FDCE (Hold_fdce_C_D)         0.092     2.733    CPU/CM0/DCACHE/frames_reg[1][1][tag][22]
  -------------------------------------------------------------------
                         required time                         -2.733    
                         arrival time                           2.846    
  -------------------------------------------------------------------
                         slack                                  0.113    

Slack (MET) :             0.122ns  (arrival time - required time)
  Source:                 CPU/DP0/EXMREG/exm\\.MemtoReg_out_reg[1]/C
                            (rising edge-triggered cell FDCE clocked by CPUCLK  {rise@0.000ns fall@5.000ns period=10.000ns})
  Destination:            CPU/DP0/MWBREG/mwb\\.MemtoReg_out_reg[1]/D
                            (rising edge-triggered cell FDCE clocked by CPUCLK  {rise@0.000ns fall@5.000ns period=10.000ns})
  Path Group:             CPUCLK
  Path Type:              Hold (Min at Fast Process Corner)
  Requirement:            0.000ns  (CPUCLK rise@0.000ns - CPUCLK rise@0.000ns)
  Data Path Delay:        0.479ns  (logic 0.141ns (29.453%)  route 0.338ns (70.547%))
  Logic Levels:           0  
  Clock Path Skew:        0.269ns (DCD - SCD - CPR)
    Destination Clock Delay (DCD):    3.215ns
    Source Clock Delay      (SCD):    2.362ns
    Clock Pessimism Removal (CPR):    0.584ns

    Location             Delay type                Incr(ns)  Path(ns)    Netlist Resource(s)
  -------------------------------------------------------------------    -------------------
                         (clock CPUCLK rise edge)     0.000     0.000 r  
    D18                                               0.000     0.000 r  CLK (IN)
                         net (fo=0)                   0.000     0.000    CLK
    D18                  IBUF (Prop_ibuf_I_O)         0.183     0.183 r  CLK_IBUF_inst/O
                         net (fo=1, routed)           0.634     0.817    CLK_IBUF
    BUFGCTRL_X0Y16       BUFG (Prop_bufg_I_O)         0.026     0.843 r  CLK_IBUF_BUFG_inst/O
                         net (fo=70, routed)          0.565     1.408    CLK_IBUF_BUFG
    SLICE_X39Y46         FDCE (Prop_fdce_C_Q)         0.141     1.549 r  CPUCLK_reg/Q
                         net (fo=2, routed)           0.234     1.783    CPUCLK
    BUFGCTRL_X0Y0        BUFG (Prop_bufg_I_O)         0.026     1.809 r  CPUCLK_BUFG_inst/O
                         net (fo=8214, routed)        0.553     2.362    CPU/DP0/EXMREG/CPUCLK_BUFG
    SLICE_X35Y29         FDCE                                         r  CPU/DP0/EXMREG/exm\\.MemtoReg_out_reg[1]/C
  -------------------------------------------------------------------    -------------------
    SLICE_X35Y29         FDCE (Prop_fdce_C_Q)         0.141     2.503 r  CPU/DP0/EXMREG/exm\\.MemtoReg_out_reg[1]/Q
                         net (fo=1, routed)           0.338     2.840    CPU/DP0/MWBREG/mwb\\.MemtoReg_in[1]
    SLICE_X42Y34         FDCE                                         r  CPU/DP0/MWBREG/mwb\\.MemtoReg_out_reg[1]/D
  -------------------------------------------------------------------    -------------------

                         (clock CPUCLK rise edge)     0.000     0.000 r  
    D18                                               0.000     0.000 r  CLK (IN)
                         net (fo=0)                   0.000     0.000    CLK
    D18                  IBUF (Prop_ibuf_I_O)         0.372     0.372 r  CLK_IBUF_inst/O
                         net (fo=1, routed)           0.689     1.060    CLK_IBUF
    BUFGCTRL_X0Y16       BUFG (Prop_bufg_I_O)         0.029     1.089 r  CLK_IBUF_BUFG_inst/O
                         net (fo=70, routed)          0.834     1.923    CLK_IBUF_BUFG
    SLICE_X39Y46         FDCE (Prop_fdce_C_Q)         0.175     2.098 r  CPUCLK_reg/Q
                         net (fo=2, routed)           0.261     2.359    CPUCLK
    BUFGCTRL_X0Y0        BUFG (Prop_bufg_I_O)         0.029     2.388 r  CPUCLK_BUFG_inst/O
                         net (fo=8214, routed)        0.827     3.215    CPU/DP0/MWBREG/CPUCLK_BUFG
    SLICE_X42Y34         FDCE                                         r  CPU/DP0/MWBREG/mwb\\.MemtoReg_out_reg[1]/C
                         clock pessimism             -0.584     2.631    
    SLICE_X42Y34         FDCE (Hold_fdce_C_D)         0.088     2.719    CPU/DP0/MWBREG/mwb\\.MemtoReg_out_reg[1]
  -------------------------------------------------------------------
                         required time                         -2.719    
                         arrival time                           2.840    
  -------------------------------------------------------------------
                         slack                                  0.122    

Slack (MET) :             0.122ns  (arrival time - required time)
  Source:                 CPU/DP0/PC/pcif\\.PC_reg[23]/C
                            (rising edge-triggered cell FDCE clocked by CPUCLK  {rise@0.000ns fall@5.000ns period=10.000ns})
  Destination:            CPU/CM0/ICACHE/cache_mem_reg[8][tag][17]/D
                            (rising edge-triggered cell FDCE clocked by CPUCLK  {rise@0.000ns fall@5.000ns period=10.000ns})
  Path Group:             CPUCLK
  Path Type:              Hold (Min at Fast Process Corner)
  Requirement:            0.000ns  (CPUCLK rise@0.000ns - CPUCLK rise@0.000ns)
  Data Path Delay:        0.448ns  (logic 0.141ns (31.444%)  route 0.307ns (68.556%))
  Logic Levels:           0  
  Clock Path Skew:        0.256ns (DCD - SCD - CPR)
    Destination Clock Delay (DCD):    3.204ns
    Source Clock Delay      (SCD):    2.364ns
    Clock Pessimism Removal (CPR):    0.584ns

    Location             Delay type                Incr(ns)  Path(ns)    Netlist Resource(s)
  -------------------------------------------------------------------    -------------------
                         (clock CPUCLK rise edge)     0.000     0.000 r  
    D18                                               0.000     0.000 r  CLK (IN)
                         net (fo=0)                   0.000     0.000    CLK
    D18                  IBUF (Prop_ibuf_I_O)         0.183     0.183 r  CLK_IBUF_inst/O
                         net (fo=1, routed)           0.634     0.817    CLK_IBUF
    BUFGCTRL_X0Y16       BUFG (Prop_bufg_I_O)         0.026     0.843 r  CLK_IBUF_BUFG_inst/O
                         net (fo=70, routed)          0.565     1.408    CLK_IBUF_BUFG
    SLICE_X39Y46         FDCE (Prop_fdce_C_Q)         0.141     1.549 r  CPUCLK_reg/Q
                         net (fo=2, routed)           0.234     1.783    CPUCLK
    BUFGCTRL_X0Y0        BUFG (Prop_bufg_I_O)         0.026     1.809 r  CPUCLK_BUFG_inst/O
                         net (fo=8214, routed)        0.555     2.364    CPU/DP0/PC/CPUCLK_BUFG
    SLICE_X39Y30         FDCE                                         r  CPU/DP0/PC/pcif\\.PC_reg[23]/C
  -------------------------------------------------------------------    -------------------
    SLICE_X39Y30         FDCE (Prop_fdce_C_Q)         0.141     2.505 r  CPU/DP0/PC/pcif\\.PC_reg[23]/Q
                         net (fo=19, routed)          0.307     2.812    CPU/CM0/ICACHE/cache_mem_reg[0][tag][25]_0[17]
    SLICE_X35Y23         FDCE                                         r  CPU/CM0/ICACHE/cache_mem_reg[8][tag][17]/D
  -------------------------------------------------------------------    -------------------

                         (clock CPUCLK rise edge)     0.000     0.000 r  
    D18                                               0.000     0.000 r  CLK (IN)
                         net (fo=0)                   0.000     0.000    CLK
    D18                  IBUF (Prop_ibuf_I_O)         0.372     0.372 r  CLK_IBUF_inst/O
                         net (fo=1, routed)           0.689     1.060    CLK_IBUF
    BUFGCTRL_X0Y16       BUFG (Prop_bufg_I_O)         0.029     1.089 r  CLK_IBUF_BUFG_inst/O
                         net (fo=70, routed)          0.834     1.923    CLK_IBUF_BUFG
    SLICE_X39Y46         FDCE (Prop_fdce_C_Q)         0.175     2.098 r  CPUCLK_reg/Q
                         net (fo=2, routed)           0.261     2.359    CPUCLK
    BUFGCTRL_X0Y0        BUFG (Prop_bufg_I_O)         0.029     2.388 r  CPUCLK_BUFG_inst/O
                         net (fo=8214, routed)        0.816     3.204    CPU/CM0/ICACHE/CPUCLK_BUFG
    SLICE_X35Y23         FDCE                                         r  CPU/CM0/ICACHE/cache_mem_reg[8][tag][17]/C
                         clock pessimism             -0.584     2.620    
    SLICE_X35Y23         FDCE (Hold_fdce_C_D)         0.070     2.690    CPU/CM0/ICACHE/cache_mem_reg[8][tag][17]
  -------------------------------------------------------------------
                         required time                         -2.690    
                         arrival time                           2.812    
  -------------------------------------------------------------------
                         slack                                  0.122    

Slack (MET) :             0.122ns  (arrival time - required time)
  Source:                 CPU/CM0/DCACHE/m_tag_reg[21]/C
                            (rising edge-triggered cell FDCE clocked by CPUCLK  {rise@0.000ns fall@5.000ns period=10.000ns})
  Destination:            CPU/CM0/DCACHE/frames_reg[7][0][tag][21]/D
                            (rising edge-triggered cell FDCE clocked by CPUCLK  {rise@0.000ns fall@5.000ns period=10.000ns})
  Path Group:             CPUCLK
  Path Type:              Hold (Min at Fast Process Corner)
  Requirement:            0.000ns  (CPUCLK rise@0.000ns - CPUCLK rise@0.000ns)
  Data Path Delay:        0.478ns  (logic 0.186ns (38.892%)  route 0.292ns (61.108%))
  Logic Levels:           1  (LUT4=1)
  Clock Path Skew:        0.264ns (DCD - SCD - CPR)
    Destination Clock Delay (DCD):    3.218ns
    Source Clock Delay      (SCD):    2.370ns
    Clock Pessimism Removal (CPR):    0.584ns

    Location             Delay type                Incr(ns)  Path(ns)    Netlist Resource(s)
  -------------------------------------------------------------------    -------------------
                         (clock CPUCLK rise edge)     0.000     0.000 r  
    D18                                               0.000     0.000 r  CLK (IN)
                         net (fo=0)                   0.000     0.000    CLK
    D18                  IBUF (Prop_ibuf_I_O)         0.183     0.183 r  CLK_IBUF_inst/O
                         net (fo=1, routed)           0.634     0.817    CLK_IBUF
    BUFGCTRL_X0Y16       BUFG (Prop_bufg_I_O)         0.026     0.843 r  CLK_IBUF_BUFG_inst/O
                         net (fo=70, routed)          0.565     1.408    CLK_IBUF_BUFG
    SLICE_X39Y46         FDCE (Prop_fdce_C_Q)         0.141     1.549 r  CPUCLK_reg/Q
                         net (fo=2, routed)           0.234     1.783    CPUCLK
    BUFGCTRL_X0Y0        BUFG (Prop_bufg_I_O)         0.026     1.809 r  CPUCLK_BUFG_inst/O
                         net (fo=8214, routed)        0.561     2.370    CPU/CM0/DCACHE/CPUCLK_BUFG
    SLICE_X37Y53         FDCE                                         r  CPU/CM0/DCACHE/m_tag_reg[21]/C
  -------------------------------------------------------------------    -------------------
    SLICE_X37Y53         FDCE (Prop_fdce_C_Q)         0.141     2.511 r  CPU/CM0/DCACHE/m_tag_reg[21]/Q
                         net (fo=18, routed)          0.292     2.803    CPU/CM0/DCACHE/m_tag[21]
    SLICE_X35Y51         LUT4 (Prop_lut4_I2_O)        0.045     2.848 r  CPU/CM0/DCACHE/frames[7][0][tag][21]_i_1__0/O
                         net (fo=1, routed)           0.000     2.848    CPU/CM0/DCACHE/frames[7][0][tag][21]_i_1__0_n_0
    SLICE_X35Y51         FDCE                                         r  CPU/CM0/DCACHE/frames_reg[7][0][tag][21]/D
  -------------------------------------------------------------------    -------------------

                         (clock CPUCLK rise edge)     0.000     0.000 r  
    D18                                               0.000     0.000 r  CLK (IN)
                         net (fo=0)                   0.000     0.000    CLK
    D18                  IBUF (Prop_ibuf_I_O)         0.372     0.372 r  CLK_IBUF_inst/O
                         net (fo=1, routed)           0.689     1.060    CLK_IBUF
    BUFGCTRL_X0Y16       BUFG (Prop_bufg_I_O)         0.029     1.089 r  CLK_IBUF_BUFG_inst/O
                         net (fo=70, routed)          0.834     1.923    CLK_IBUF_BUFG
    SLICE_X39Y46         FDCE (Prop_fdce_C_Q)         0.175     2.098 r  CPUCLK_reg/Q
                         net (fo=2, routed)           0.261     2.359    CPUCLK
    BUFGCTRL_X0Y0        BUFG (Prop_bufg_I_O)         0.029     2.388 r  CPUCLK_BUFG_inst/O
                         net (fo=8214, routed)        0.829     3.218    CPU/CM0/DCACHE/CPUCLK_BUFG
    SLICE_X35Y51         FDCE                                         r  CPU/CM0/DCACHE/frames_reg[7][0][tag][21]/C
                         clock pessimism             -0.584     2.633    
    SLICE_X35Y51         FDCE (Hold_fdce_C_D)         0.092     2.725    CPU/CM0/DCACHE/frames_reg[7][0][tag][21]
  -------------------------------------------------------------------
                         required time                         -2.725    
                         arrival time                           2.848    
  -------------------------------------------------------------------
                         slack                                  0.122    

Slack (MET) :             0.130ns  (arrival time - required time)
  Source:                 CPU/DP0/EXMREG/exm\\.rdat2_out_reg[28]/C
                            (rising edge-triggered cell FDCE clocked by CPUCLK  {rise@0.000ns fall@5.000ns period=10.000ns})
  Destination:            CPU/CM0/DCACHE/frames_reg[6][1][data][1][28]/D
                            (rising edge-triggered cell FDCE clocked by CPUCLK  {rise@0.000ns fall@5.000ns period=10.000ns})
  Path Group:             CPUCLK
  Path Type:              Hold (Min at Fast Process Corner)
  Requirement:            0.000ns  (CPUCLK rise@0.000ns - CPUCLK rise@0.000ns)
  Data Path Delay:        0.514ns  (logic 0.186ns (36.152%)  route 0.328ns (63.848%))
  Logic Levels:           1  (LUT6=1)
  Clock Path Skew:        0.263ns (DCD - SCD - CPR)
    Destination Clock Delay (DCD):    3.217ns
    Source Clock Delay      (SCD):    2.370ns
    Clock Pessimism Removal (CPR):    0.584ns

    Location             Delay type                Incr(ns)  Path(ns)    Netlist Resource(s)
  -------------------------------------------------------------------    -------------------
                         (clock CPUCLK rise edge)     0.000     0.000 r  
    D18                                               0.000     0.000 r  CLK (IN)
                         net (fo=0)                   0.000     0.000    CLK
    D18                  IBUF (Prop_ibuf_I_O)         0.183     0.183 r  CLK_IBUF_inst/O
                         net (fo=1, routed)           0.634     0.817    CLK_IBUF
    BUFGCTRL_X0Y16       BUFG (Prop_bufg_I_O)         0.026     0.843 r  CLK_IBUF_BUFG_inst/O
                         net (fo=70, routed)          0.565     1.408    CLK_IBUF_BUFG
    SLICE_X39Y46         FDCE (Prop_fdce_C_Q)         0.141     1.549 r  CPUCLK_reg/Q
                         net (fo=2, routed)           0.234     1.783    CPUCLK
    BUFGCTRL_X0Y0        BUFG (Prop_bufg_I_O)         0.026     1.809 r  CPUCLK_BUFG_inst/O
                         net (fo=8214, routed)        0.561     2.370    CPU/DP0/EXMREG/CPUCLK_BUFG
    SLICE_X36Y38         FDCE                                         r  CPU/DP0/EXMREG/exm\\.rdat2_out_reg[28]/C
  -------------------------------------------------------------------    -------------------
    SLICE_X36Y38         FDCE (Prop_fdce_C_Q)         0.141     2.511 r  CPU/DP0/EXMREG/exm\\.rdat2_out_reg[28]/Q
                         net (fo=19, routed)          0.328     2.839    CPU/CM0/DCACHE/m_wdata_reg[31]_0[28]
    SLICE_X34Y38         LUT6 (Prop_lut6_I0_O)        0.045     2.884 r  CPU/CM0/DCACHE/frames[6][1][data][1][28]_i_1__0/O
                         net (fo=1, routed)           0.000     2.884    CPU/CM0/DCACHE/frames[6][1][data][1][28]_i_1__0_n_0
    SLICE_X34Y38         FDCE                                         r  CPU/CM0/DCACHE/frames_reg[6][1][data][1][28]/D
  -------------------------------------------------------------------    -------------------

                         (clock CPUCLK rise edge)     0.000     0.000 r  
    D18                                               0.000     0.000 r  CLK (IN)
                         net (fo=0)                   0.000     0.000    CLK
    D18                  IBUF (Prop_ibuf_I_O)         0.372     0.372 r  CLK_IBUF_inst/O
                         net (fo=1, routed)           0.689     1.060    CLK_IBUF
    BUFGCTRL_X0Y16       BUFG (Prop_bufg_I_O)         0.029     1.089 r  CLK_IBUF_BUFG_inst/O
                         net (fo=70, routed)          0.834     1.923    CLK_IBUF_BUFG
    SLICE_X39Y46         FDCE (Prop_fdce_C_Q)         0.175     2.098 r  CPUCLK_reg/Q
                         net (fo=2, routed)           0.261     2.359    CPUCLK
    BUFGCTRL_X0Y0        BUFG (Prop_bufg_I_O)         0.029     2.388 r  CPUCLK_BUFG_inst/O
                         net (fo=8214, routed)        0.829     3.217    CPU/CM0/DCACHE/CPUCLK_BUFG
    SLICE_X34Y38         FDCE                                         r  CPU/CM0/DCACHE/frames_reg[6][1][data][1][28]/C
                         clock pessimism             -0.584     2.633    
    SLICE_X34Y38         FDCE (Hold_fdce_C_D)         0.121     2.754    CPU/CM0/DCACHE/frames_reg[6][1][data][1][28]
  -------------------------------------------------------------------
                         required time                         -2.754    
                         arrival time                           2.884    
  -------------------------------------------------------------------
                         slack                                  0.130    





Pulse Width Checks
--------------------------------------------------------------------------------------
Clock Name:         CPUCLK
Waveform(ns):       { 0.000 5.000 }
Period(ns):         10.000
Sources:            { CPUCLK_reg/Q }

Check Type        Corner  Lib Pin  Reference Pin  Required(ns)  Actual(ns)  Slack(ns)  Location       Pin
Min Period        n/a     BUFG/I   n/a            2.155         10.000      7.845      BUFGCTRL_X0Y0  CPUCLK_BUFG_inst/I
Min Period        n/a     FDCE/C   n/a            1.000         10.000      9.000      SLICE_X31Y62   CPU/CC/FSM_sequential_curr_state_reg[0]/C
Min Period        n/a     FDCE/C   n/a            1.000         10.000      9.000      SLICE_X36Y62   CPU/CC/FSM_sequential_curr_state_reg[1]/C
Min Period        n/a     FDCE/C   n/a            1.000         10.000      9.000      SLICE_X36Y62   CPU/CC/FSM_sequential_curr_state_reg[2]/C
Min Period        n/a     FDCE/C   n/a            1.000         10.000      9.000      SLICE_X36Y62   CPU/CC/FSM_sequential_curr_state_reg[3]/C
Min Period        n/a     FDCE/C   n/a            1.000         10.000      9.000      SLICE_X36Y61   CPU/CC/lru_reg/C
Min Period        n/a     FDCE/C   n/a            1.000         10.000      9.000      SLICE_X15Y54   CPU/CM0/DCACHE/frames_reg[0][0][data][0][0]/C
Min Period        n/a     FDCE/C   n/a            1.000         10.000      9.000      SLICE_X9Y56    CPU/CM0/DCACHE/frames_reg[0][0][data][0][10]/C
Min Period        n/a     FDCE/C   n/a            1.000         10.000      9.000      SLICE_X10Y58   CPU/CM0/DCACHE/frames_reg[0][0][data][0][11]/C
Min Period        n/a     FDCE/C   n/a            1.000         10.000      9.000      SLICE_X15Y54   CPU/CM0/DCACHE/frames_reg[0][0][data][0][12]/C
Low Pulse Width   Slow    FDCE/C   n/a            0.500         5.000       4.500      SLICE_X31Y62   CPU/CC/FSM_sequential_curr_state_reg[0]/C
Low Pulse Width   Fast    FDCE/C   n/a            0.500         5.000       4.500      SLICE_X31Y62   CPU/CC/FSM_sequential_curr_state_reg[0]/C
Low Pulse Width   Slow    FDCE/C   n/a            0.500         5.000       4.500      SLICE_X36Y62   CPU/CC/FSM_sequential_curr_state_reg[1]/C
Low Pulse Width   Fast    FDCE/C   n/a            0.500         5.000       4.500      SLICE_X36Y62   CPU/CC/FSM_sequential_curr_state_reg[1]/C
Low Pulse Width   Slow    FDCE/C   n/a            0.500         5.000       4.500      SLICE_X36Y62   CPU/CC/FSM_sequential_curr_state_reg[2]/C
Low Pulse Width   Fast    FDCE/C   n/a            0.500         5.000       4.500      SLICE_X36Y62   CPU/CC/FSM_sequential_curr_state_reg[2]/C
Low Pulse Width   Slow    FDCE/C   n/a            0.500         5.000       4.500      SLICE_X36Y62   CPU/CC/FSM_sequential_curr_state_reg[3]/C
Low Pulse Width   Fast    FDCE/C   n/a            0.500         5.000       4.500      SLICE_X36Y62   CPU/CC/FSM_sequential_curr_state_reg[3]/C
Low Pulse Width   Slow    FDCE/C   n/a            0.500         5.000       4.500      SLICE_X36Y61   CPU/CC/lru_reg/C
Low Pulse Width   Fast    FDCE/C   n/a            0.500         5.000       4.500      SLICE_X36Y61   CPU/CC/lru_reg/C
High Pulse Width  Slow    FDCE/C   n/a            0.500         5.000       4.500      SLICE_X31Y62   CPU/CC/FSM_sequential_curr_state_reg[0]/C
High Pulse Width  Fast    FDCE/C   n/a            0.500         5.000       4.500      SLICE_X31Y62   CPU/CC/FSM_sequential_curr_state_reg[0]/C
High Pulse Width  Slow    FDCE/C   n/a            0.500         5.000       4.500      SLICE_X36Y62   CPU/CC/FSM_sequential_curr_state_reg[1]/C
High Pulse Width  Fast    FDCE/C   n/a            0.500         5.000       4.500      SLICE_X36Y62   CPU/CC/FSM_sequential_curr_state_reg[1]/C
High Pulse Width  Slow    FDCE/C   n/a            0.500         5.000       4.500      SLICE_X36Y62   CPU/CC/FSM_sequential_curr_state_reg[2]/C
High Pulse Width  Fast    FDCE/C   n/a            0.500         5.000       4.500      SLICE_X36Y62   CPU/CC/FSM_sequential_curr_state_reg[2]/C
High Pulse Width  Slow    FDCE/C   n/a            0.500         5.000       4.500      SLICE_X36Y62   CPU/CC/FSM_sequential_curr_state_reg[3]/C
High Pulse Width  Fast    FDCE/C   n/a            0.500         5.000       4.500      SLICE_X36Y62   CPU/CC/FSM_sequential_curr_state_reg[3]/C
High Pulse Width  Slow    FDCE/C   n/a            0.500         5.000       4.500      SLICE_X36Y61   CPU/CC/lru_reg/C
High Pulse Width  Fast    FDCE/C   n/a            0.500         5.000       4.500      SLICE_X36Y61   CPU/CC/lru_reg/C



---------------------------------------------------------------------------------------------------
From Clock:  CPUCLK
  To Clock:  MAIN

Setup :          344  Failing Endpoints,  Worst Slack       -8.106ns,  Total Violation    -1809.400ns
Hold  :            0  Failing Endpoints,  Worst Slack        0.270ns,  Total Violation        0.000ns
---------------------------------------------------------------------------------------------------


Max Delay Paths
--------------------------------------------------------------------------------------
Slack (VIOLATED) :        -8.106ns  (required time - arrival time)
  Source:                 CPU/CM0/DCACHE/m_setIdx_reg[0]_rep__0/C
                            (rising edge-triggered cell FDCE clocked by CPUCLK  {rise@0.000ns fall@5.000ns period=10.000ns})
  Destination:            RAM/mem_reg_11/WEA[0]
                            (rising edge-triggered cell RAMB36E1 clocked by MAIN  {rise@0.000ns fall@2.500ns period=5.000ns})
  Path Group:             MAIN
  Path Type:              Setup (Max at Slow Process Corner)
  Requirement:            5.000ns  (MAIN rise@5.000ns - CPUCLK rise@0.000ns)
  Data Path Delay:        9.768ns  (logic 2.849ns (29.167%)  route 6.919ns (70.833%))
  Logic Levels:           12  (CARRY4=3 LUT3=1 LUT4=1 LUT5=1 LUT6=4 MUXF7=1 MUXF8=1)
  Clock Path Skew:        -2.771ns (DCD - SCD + CPR)
    Destination Clock Delay (DCD):    4.272ns = ( 9.272 - 5.000 ) 
    Source Clock Delay      (SCD):    7.285ns
    Clock Pessimism Removal (CPR):    0.242ns
  Clock Uncertainty:      0.035ns  ((TSJ^2 + TIJ^2)^1/2 + DJ) / 2 + PE
    Total System Jitter     (TSJ):    0.071ns
    Total Input Jitter      (TIJ):    0.000ns
    Discrete Jitter          (DJ):    0.000ns
    Phase Error              (PE):    0.000ns

    Location             Delay type                Incr(ns)  Path(ns)    Netlist Resource(s)
  -------------------------------------------------------------------    -------------------
                         (clock CPUCLK rise edge)     0.000     0.000 r  
    D18                                               0.000     0.000 r  CLK (IN)
                         net (fo=0)                   0.000     0.000    CLK
    D18                  IBUF (Prop_ibuf_I_O)         0.954     0.954 r  CLK_IBUF_inst/O
                         net (fo=1, routed)           1.972     2.925    CLK_IBUF
    BUFGCTRL_X0Y16       BUFG (Prop_bufg_I_O)         0.096     3.021 r  CLK_IBUF_BUFG_inst/O
                         net (fo=70, routed)          1.567     4.589    CLK_IBUF_BUFG
    SLICE_X39Y46         FDCE (Prop_fdce_C_Q)         0.456     5.045 r  CPUCLK_reg/Q
                         net (fo=2, routed)           0.589     5.634    CPUCLK
    BUFGCTRL_X0Y0        BUFG (Prop_bufg_I_O)         0.096     5.730 r  CPUCLK_BUFG_inst/O
                         net (fo=8214, routed)        1.555     7.285    CPU/CM0/DCACHE/CPUCLK_BUFG
    SLICE_X46Y55         FDCE                                         r  CPU/CM0/DCACHE/m_setIdx_reg[0]_rep__0/C
  -------------------------------------------------------------------    -------------------
    SLICE_X46Y55         FDCE (Prop_fdce_C_Q)         0.518     7.803 r  CPU/CM0/DCACHE/m_setIdx_reg[0]_rep__0/Q
                         net (fo=107, routed)         1.229     9.033    CPU/CM0/DCACHE/m_setIdx_reg[0]_rep__0_n_0
    SLICE_X40Y51         LUT6 (Prop_lut6_I4_O)        0.124     9.157 r  CPU/CM0/DCACHE/addr[7]_i_28/O
                         net (fo=1, routed)           0.000     9.157    CPU/CM0/DCACHE/addr[7]_i_28_n_0
    SLICE_X40Y51         MUXF7 (Prop_muxf7_I0_O)      0.238     9.395 r  CPU/CM0/DCACHE/addr_reg[7]_i_20/O
                         net (fo=1, routed)           0.000     9.395    CPU/CM0/DCACHE/addr_reg[7]_i_20_n_0
    SLICE_X40Y51         MUXF8 (Prop_muxf8_I0_O)      0.104     9.499 r  CPU/CM0/DCACHE/addr_reg[7]_i_12/O
                         net (fo=1, routed)           0.645    10.144    CPU/CM0/DCACHE/addr_reg[7]_i_12_n_0
    SLICE_X40Y54         LUT6 (Prop_lut6_I3_O)        0.316    10.460 f  CPU/CM0/DCACHE/addr[7]_i_7/O
                         net (fo=1, routed)           0.728    11.188    CPU/CM0/DCACHE/addr[7]_i_7_n_0
    SLICE_X39Y56         LUT3 (Prop_lut3_I0_O)        0.124    11.312 r  CPU/CM0/DCACHE/addr[7]_i_5/O
                         net (fo=2, routed)           0.644    11.956    CPU/CC/addr_reg[7]_0
    SLICE_X38Y58         LUT6 (Prop_lut6_I3_O)        0.124    12.080 r  CPU/CC/addr[7]_i_3/O
                         net (fo=2, routed)           0.491    12.571    RAM/count3_carry__1_1[7]
    SLICE_X36Y58         LUT4 (Prop_lut4_I2_O)        0.124    12.695 r  RAM/count3_carry_i_8/O
                         net (fo=2, routed)           0.954    13.650    RAM/count3_carry_i_8_n_0
    SLICE_X35Y58         LUT5 (Prop_lut5_I3_O)        0.124    13.774 r  RAM/rstate3_carry_i_2/O
                         net (fo=1, routed)           0.000    13.774    RAM/rstate3_carry_i_2_n_0
    SLICE_X35Y58         CARRY4 (Prop_carry4_S[2]_CO[3])
                                                      0.398    14.172 r  RAM/rstate3_carry/CO[3]
                         net (fo=1, routed)           0.000    14.172    RAM/rstate3_carry_n_0
    SLICE_X35Y59         CARRY4 (Prop_carry4_CI_CO[3])
                                                      0.114    14.286 r  RAM/rstate3_carry__0/CO[3]
                         net (fo=1, routed)           0.000    14.286    RAM/rstate3_carry__0_n_0
    SLICE_X35Y60         CARRY4 (Prop_carry4_CI_CO[2])
                                                      0.228    14.514 r  RAM/rstate3_carry__1/CO[2]
                         net (fo=50, routed)          0.623    15.136    RAM/CO[0]
    SLICE_X32Y59         LUT6 (Prop_lut6_I3_O)        0.313    15.449 r  RAM/mem_reg_9_i_3/O
                         net (fo=2, routed)           1.604    17.053    RAM/wren
    RAMB36_X0Y7          RAMB36E1                                     r  RAM/mem_reg_11/WEA[0]
  -------------------------------------------------------------------    -------------------

                         (clock MAIN rise edge)       5.000     5.000 r  
    D18                                               0.000     5.000 r  CLK (IN)
                         net (fo=0)                   0.000     5.000    CLK
    D18                  IBUF (Prop_ibuf_I_O)         0.820     5.820 r  CLK_IBUF_inst/O
                         net (fo=1, routed)           1.868     7.688    CLK_IBUF
    BUFGCTRL_X0Y16       BUFG (Prop_bufg_I_O)         0.091     7.779 r  CLK_IBUF_BUFG_inst/O
                         net (fo=70, routed)          1.493     9.272    RAM/CLK
    RAMB36_X0Y7          RAMB36E1                                     r  RAM/mem_reg_11/CLKARDCLK
                         clock pessimism              0.242     9.514    
                         clock uncertainty           -0.035     9.479    
    RAMB36_X0Y7          RAMB36E1 (Setup_ramb36e1_CLKARDCLK_WEA[0])
                                                     -0.532     8.947    RAM/mem_reg_11
  -------------------------------------------------------------------
                         required time                          8.947    
                         arrival time                         -17.053    
  -------------------------------------------------------------------
                         slack                                 -8.106    

Slack (VIOLATED) :        -8.098ns  (required time - arrival time)
  Source:                 CPU/CM0/DCACHE/m_setIdx_reg[0]_rep__0/C
                            (rising edge-triggered cell FDCE clocked by CPUCLK  {rise@0.000ns fall@5.000ns period=10.000ns})
  Destination:            RAM/mem_reg_12/WEA[0]
                            (rising edge-triggered cell RAMB36E1 clocked by MAIN  {rise@0.000ns fall@2.500ns period=5.000ns})
  Path Group:             MAIN
  Path Type:              Setup (Max at Slow Process Corner)
  Requirement:            5.000ns  (MAIN rise@5.000ns - CPUCLK rise@0.000ns)
  Data Path Delay:        9.749ns  (logic 2.849ns (29.223%)  route 6.900ns (70.777%))
  Logic Levels:           12  (CARRY4=3 LUT3=1 LUT4=1 LUT5=1 LUT6=4 MUXF7=1 MUXF8=1)
  Clock Path Skew:        -2.782ns (DCD - SCD + CPR)
    Destination Clock Delay (DCD):    4.262ns = ( 9.262 - 5.000 ) 
    Source Clock Delay      (SCD):    7.285ns
    Clock Pessimism Removal (CPR):    0.242ns
  Clock Uncertainty:      0.035ns  ((TSJ^2 + TIJ^2)^1/2 + DJ) / 2 + PE
    Total System Jitter     (TSJ):    0.071ns
    Total Input Jitter      (TIJ):    0.000ns
    Discrete Jitter          (DJ):    0.000ns
    Phase Error              (PE):    0.000ns

    Location             Delay type                Incr(ns)  Path(ns)    Netlist Resource(s)
  -------------------------------------------------------------------    -------------------
                         (clock CPUCLK rise edge)     0.000     0.000 r  
    D18                                               0.000     0.000 r  CLK (IN)
                         net (fo=0)                   0.000     0.000    CLK
    D18                  IBUF (Prop_ibuf_I_O)         0.954     0.954 r  CLK_IBUF_inst/O
                         net (fo=1, routed)           1.972     2.925    CLK_IBUF
    BUFGCTRL_X0Y16       BUFG (Prop_bufg_I_O)         0.096     3.021 r  CLK_IBUF_BUFG_inst/O
                         net (fo=70, routed)          1.567     4.589    CLK_IBUF_BUFG
    SLICE_X39Y46         FDCE (Prop_fdce_C_Q)         0.456     5.045 r  CPUCLK_reg/Q
                         net (fo=2, routed)           0.589     5.634    CPUCLK
    BUFGCTRL_X0Y0        BUFG (Prop_bufg_I_O)         0.096     5.730 r  CPUCLK_BUFG_inst/O
                         net (fo=8214, routed)        1.555     7.285    CPU/CM0/DCACHE/CPUCLK_BUFG
    SLICE_X46Y55         FDCE                                         r  CPU/CM0/DCACHE/m_setIdx_reg[0]_rep__0/C
  -------------------------------------------------------------------    -------------------
    SLICE_X46Y55         FDCE (Prop_fdce_C_Q)         0.518     7.803 r  CPU/CM0/DCACHE/m_setIdx_reg[0]_rep__0/Q
                         net (fo=107, routed)         1.229     9.033    CPU/CM0/DCACHE/m_setIdx_reg[0]_rep__0_n_0
    SLICE_X40Y51         LUT6 (Prop_lut6_I4_O)        0.124     9.157 r  CPU/CM0/DCACHE/addr[7]_i_28/O
                         net (fo=1, routed)           0.000     9.157    CPU/CM0/DCACHE/addr[7]_i_28_n_0
    SLICE_X40Y51         MUXF7 (Prop_muxf7_I0_O)      0.238     9.395 r  CPU/CM0/DCACHE/addr_reg[7]_i_20/O
                         net (fo=1, routed)           0.000     9.395    CPU/CM0/DCACHE/addr_reg[7]_i_20_n_0
    SLICE_X40Y51         MUXF8 (Prop_muxf8_I0_O)      0.104     9.499 r  CPU/CM0/DCACHE/addr_reg[7]_i_12/O
                         net (fo=1, routed)           0.645    10.144    CPU/CM0/DCACHE/addr_reg[7]_i_12_n_0
    SLICE_X40Y54         LUT6 (Prop_lut6_I3_O)        0.316    10.460 f  CPU/CM0/DCACHE/addr[7]_i_7/O
                         net (fo=1, routed)           0.728    11.188    CPU/CM0/DCACHE/addr[7]_i_7_n_0
    SLICE_X39Y56         LUT3 (Prop_lut3_I0_O)        0.124    11.312 r  CPU/CM0/DCACHE/addr[7]_i_5/O
                         net (fo=2, routed)           0.644    11.956    CPU/CC/addr_reg[7]_0
    SLICE_X38Y58         LUT6 (Prop_lut6_I3_O)        0.124    12.080 r  CPU/CC/addr[7]_i_3/O
                         net (fo=2, routed)           0.491    12.571    RAM/count3_carry__1_1[7]
    SLICE_X36Y58         LUT4 (Prop_lut4_I2_O)        0.124    12.695 r  RAM/count3_carry_i_8/O
                         net (fo=2, routed)           0.954    13.650    RAM/count3_carry_i_8_n_0
    SLICE_X35Y58         LUT5 (Prop_lut5_I3_O)        0.124    13.774 r  RAM/rstate3_carry_i_2/O
                         net (fo=1, routed)           0.000    13.774    RAM/rstate3_carry_i_2_n_0
    SLICE_X35Y58         CARRY4 (Prop_carry4_S[2]_CO[3])
                                                      0.398    14.172 r  RAM/rstate3_carry/CO[3]
                         net (fo=1, routed)           0.000    14.172    RAM/rstate3_carry_n_0
    SLICE_X35Y59         CARRY4 (Prop_carry4_CI_CO[3])
                                                      0.114    14.286 r  RAM/rstate3_carry__0/CO[3]
                         net (fo=1, routed)           0.000    14.286    RAM/rstate3_carry__0_n_0
    SLICE_X35Y60         CARRY4 (Prop_carry4_CI_CO[2])
                                                      0.228    14.514 r  RAM/rstate3_carry__1/CO[2]
                         net (fo=50, routed)          1.282    15.795    RAM/CO[0]
    SLICE_X51Y53         LUT6 (Prop_lut6_I3_O)        0.313    16.108 r  RAM/mem_reg_12_i_3/O
                         net (fo=1, routed)           0.926    17.034    RAM/mem_reg_12_i_3_n_0
    RAMB36_X2Y10         RAMB36E1                                     r  RAM/mem_reg_12/WEA[0]
  -------------------------------------------------------------------    -------------------

                         (clock MAIN rise edge)       5.000     5.000 r  
    D18                                               0.000     5.000 r  CLK (IN)
                         net (fo=0)                   0.000     5.000    CLK
    D18                  IBUF (Prop_ibuf_I_O)         0.820     5.820 r  CLK_IBUF_inst/O
                         net (fo=1, routed)           1.868     7.688    CLK_IBUF
    BUFGCTRL_X0Y16       BUFG (Prop_bufg_I_O)         0.091     7.779 r  CLK_IBUF_BUFG_inst/O
                         net (fo=70, routed)          1.482     9.262    RAM/CLK
    RAMB36_X2Y10         RAMB36E1                                     r  RAM/mem_reg_12/CLKARDCLK
                         clock pessimism              0.242     9.504    
                         clock uncertainty           -0.035     9.468    
    RAMB36_X2Y10         RAMB36E1 (Setup_ramb36e1_CLKARDCLK_WEA[0])
                                                     -0.532     8.936    RAM/mem_reg_12
  -------------------------------------------------------------------
                         required time                          8.936    
                         arrival time                         -17.034    
  -------------------------------------------------------------------
                         slack                                 -8.098    

Slack (VIOLATED) :        -8.095ns  (required time - arrival time)
  Source:                 CPU/CM0/DCACHE/m_setIdx_reg[0]_rep__0/C
                            (rising edge-triggered cell FDCE clocked by CPUCLK  {rise@0.000ns fall@5.000ns period=10.000ns})
  Destination:            RAM/mem_reg_6/WEA[0]
                            (rising edge-triggered cell RAMB36E1 clocked by MAIN  {rise@0.000ns fall@2.500ns period=5.000ns})
  Path Group:             MAIN
  Path Type:              Setup (Max at Slow Process Corner)
  Requirement:            5.000ns  (MAIN rise@5.000ns - CPUCLK rise@0.000ns)
  Data Path Delay:        9.761ns  (logic 2.849ns (29.186%)  route 6.912ns (70.814%))
  Logic Levels:           12  (CARRY4=3 LUT3=1 LUT4=1 LUT5=1 LUT6=4 MUXF7=1 MUXF8=1)
  Clock Path Skew:        -2.766ns (DCD - SCD + CPR)
    Destination Clock Delay (DCD):    4.277ns = ( 9.277 - 5.000 ) 
    Source Clock Delay      (SCD):    7.285ns
    Clock Pessimism Removal (CPR):    0.242ns
  Clock Uncertainty:      0.035ns  ((TSJ^2 + TIJ^2)^1/2 + DJ) / 2 + PE
    Total System Jitter     (TSJ):    0.071ns
    Total Input Jitter      (TIJ):    0.000ns
    Discrete Jitter          (DJ):    0.000ns
    Phase Error              (PE):    0.000ns

    Location             Delay type                Incr(ns)  Path(ns)    Netlist Resource(s)
  -------------------------------------------------------------------    -------------------
                         (clock CPUCLK rise edge)     0.000     0.000 r  
    D18                                               0.000     0.000 r  CLK (IN)
                         net (fo=0)                   0.000     0.000    CLK
    D18                  IBUF (Prop_ibuf_I_O)         0.954     0.954 r  CLK_IBUF_inst/O
                         net (fo=1, routed)           1.972     2.925    CLK_IBUF
    BUFGCTRL_X0Y16       BUFG (Prop_bufg_I_O)         0.096     3.021 r  CLK_IBUF_BUFG_inst/O
                         net (fo=70, routed)          1.567     4.589    CLK_IBUF_BUFG
    SLICE_X39Y46         FDCE (Prop_fdce_C_Q)         0.456     5.045 r  CPUCLK_reg/Q
                         net (fo=2, routed)           0.589     5.634    CPUCLK
    BUFGCTRL_X0Y0        BUFG (Prop_bufg_I_O)         0.096     5.730 r  CPUCLK_BUFG_inst/O
                         net (fo=8214, routed)        1.555     7.285    CPU/CM0/DCACHE/CPUCLK_BUFG
    SLICE_X46Y55         FDCE                                         r  CPU/CM0/DCACHE/m_setIdx_reg[0]_rep__0/C
  -------------------------------------------------------------------    -------------------
    SLICE_X46Y55         FDCE (Prop_fdce_C_Q)         0.518     7.803 r  CPU/CM0/DCACHE/m_setIdx_reg[0]_rep__0/Q
                         net (fo=107, routed)         1.229     9.033    CPU/CM0/DCACHE/m_setIdx_reg[0]_rep__0_n_0
    SLICE_X40Y51         LUT6 (Prop_lut6_I4_O)        0.124     9.157 r  CPU/CM0/DCACHE/addr[7]_i_28/O
                         net (fo=1, routed)           0.000     9.157    CPU/CM0/DCACHE/addr[7]_i_28_n_0
    SLICE_X40Y51         MUXF7 (Prop_muxf7_I0_O)      0.238     9.395 r  CPU/CM0/DCACHE/addr_reg[7]_i_20/O
                         net (fo=1, routed)           0.000     9.395    CPU/CM0/DCACHE/addr_reg[7]_i_20_n_0
    SLICE_X40Y51         MUXF8 (Prop_muxf8_I0_O)      0.104     9.499 r  CPU/CM0/DCACHE/addr_reg[7]_i_12/O
                         net (fo=1, routed)           0.645    10.144    CPU/CM0/DCACHE/addr_reg[7]_i_12_n_0
    SLICE_X40Y54         LUT6 (Prop_lut6_I3_O)        0.316    10.460 f  CPU/CM0/DCACHE/addr[7]_i_7/O
                         net (fo=1, routed)           0.728    11.188    CPU/CM0/DCACHE/addr[7]_i_7_n_0
    SLICE_X39Y56         LUT3 (Prop_lut3_I0_O)        0.124    11.312 r  CPU/CM0/DCACHE/addr[7]_i_5/O
                         net (fo=2, routed)           0.644    11.956    CPU/CC/addr_reg[7]_0
    SLICE_X38Y58         LUT6 (Prop_lut6_I3_O)        0.124    12.080 r  CPU/CC/addr[7]_i_3/O
                         net (fo=2, routed)           0.491    12.571    RAM/count3_carry__1_1[7]
    SLICE_X36Y58         LUT4 (Prop_lut4_I2_O)        0.124    12.695 r  RAM/count3_carry_i_8/O
                         net (fo=2, routed)           0.954    13.650    RAM/count3_carry_i_8_n_0
    SLICE_X35Y58         LUT5 (Prop_lut5_I3_O)        0.124    13.774 r  RAM/rstate3_carry_i_2/O
                         net (fo=1, routed)           0.000    13.774    RAM/rstate3_carry_i_2_n_0
    SLICE_X35Y58         CARRY4 (Prop_carry4_S[2]_CO[3])
                                                      0.398    14.172 r  RAM/rstate3_carry/CO[3]
                         net (fo=1, routed)           0.000    14.172    RAM/rstate3_carry_n_0
    SLICE_X35Y59         CARRY4 (Prop_carry4_CI_CO[3])
                                                      0.114    14.286 r  RAM/rstate3_carry__0/CO[3]
                         net (fo=1, routed)           0.000    14.286    RAM/rstate3_carry__0_n_0
    SLICE_X35Y60         CARRY4 (Prop_carry4_CI_CO[2])
                                                      0.228    14.514 r  RAM/rstate3_carry__1/CO[2]
                         net (fo=50, routed)          1.225    15.738    RAM/CO[0]
    SLICE_X41Y47         LUT6 (Prop_lut6_I3_O)        0.313    16.051 r  RAM/mem_reg_6_i_3/O
                         net (fo=1, routed)           0.995    17.047    RAM/mem_reg_6_i_3_n_0
    RAMB36_X1Y9          RAMB36E1                                     r  RAM/mem_reg_6/WEA[0]
  -------------------------------------------------------------------    -------------------

                         (clock MAIN rise edge)       5.000     5.000 r  
    D18                                               0.000     5.000 r  CLK (IN)
                         net (fo=0)                   0.000     5.000    CLK
    D18                  IBUF (Prop_ibuf_I_O)         0.820     5.820 r  CLK_IBUF_inst/O
                         net (fo=1, routed)           1.868     7.688    CLK_IBUF
    BUFGCTRL_X0Y16       BUFG (Prop_bufg_I_O)         0.091     7.779 r  CLK_IBUF_BUFG_inst/O
                         net (fo=70, routed)          1.498     9.277    RAM/CLK
    RAMB36_X1Y9          RAMB36E1                                     r  RAM/mem_reg_6/CLKARDCLK
                         clock pessimism              0.242     9.519    
                         clock uncertainty           -0.035     9.484    
    RAMB36_X1Y9          RAMB36E1 (Setup_ramb36e1_CLKARDCLK_WEA[0])
                                                     -0.532     8.952    RAM/mem_reg_6
  -------------------------------------------------------------------
                         required time                          8.952    
                         arrival time                         -17.047    
  -------------------------------------------------------------------
                         slack                                 -8.095    

Slack (VIOLATED) :        -8.068ns  (required time - arrival time)
  Source:                 CPU/CM0/DCACHE/m_setIdx_reg[0]_rep__0/C
                            (rising edge-triggered cell FDCE clocked by CPUCLK  {rise@0.000ns fall@5.000ns period=10.000ns})
  Destination:            RAM/mem_reg_4/WEA[0]
                            (rising edge-triggered cell RAMB36E1 clocked by MAIN  {rise@0.000ns fall@2.500ns period=5.000ns})
  Path Group:             MAIN
  Path Type:              Setup (Max at Slow Process Corner)
  Requirement:            5.000ns  (MAIN rise@5.000ns - CPUCLK rise@0.000ns)
  Data Path Delay:        9.715ns  (logic 2.849ns (29.325%)  route 6.866ns (70.675%))
  Logic Levels:           12  (CARRY4=3 LUT3=1 LUT4=1 LUT5=1 LUT6=4 MUXF7=1 MUXF8=1)
  Clock Path Skew:        -2.786ns (DCD - SCD + CPR)
    Destination Clock Delay (DCD):    4.258ns = ( 9.258 - 5.000 ) 
    Source Clock Delay      (SCD):    7.285ns
    Clock Pessimism Removal (CPR):    0.242ns
  Clock Uncertainty:      0.035ns  ((TSJ^2 + TIJ^2)^1/2 + DJ) / 2 + PE
    Total System Jitter     (TSJ):    0.071ns
    Total Input Jitter      (TIJ):    0.000ns
    Discrete Jitter          (DJ):    0.000ns
    Phase Error              (PE):    0.000ns

    Location             Delay type                Incr(ns)  Path(ns)    Netlist Resource(s)
  -------------------------------------------------------------------    -------------------
                         (clock CPUCLK rise edge)     0.000     0.000 r  
    D18                                               0.000     0.000 r  CLK (IN)
                         net (fo=0)                   0.000     0.000    CLK
    D18                  IBUF (Prop_ibuf_I_O)         0.954     0.954 r  CLK_IBUF_inst/O
                         net (fo=1, routed)           1.972     2.925    CLK_IBUF
    BUFGCTRL_X0Y16       BUFG (Prop_bufg_I_O)         0.096     3.021 r  CLK_IBUF_BUFG_inst/O
                         net (fo=70, routed)          1.567     4.589    CLK_IBUF_BUFG
    SLICE_X39Y46         FDCE (Prop_fdce_C_Q)         0.456     5.045 r  CPUCLK_reg/Q
                         net (fo=2, routed)           0.589     5.634    CPUCLK
    BUFGCTRL_X0Y0        BUFG (Prop_bufg_I_O)         0.096     5.730 r  CPUCLK_BUFG_inst/O
                         net (fo=8214, routed)        1.555     7.285    CPU/CM0/DCACHE/CPUCLK_BUFG
    SLICE_X46Y55         FDCE                                         r  CPU/CM0/DCACHE/m_setIdx_reg[0]_rep__0/C
  -------------------------------------------------------------------    -------------------
    SLICE_X46Y55         FDCE (Prop_fdce_C_Q)         0.518     7.803 r  CPU/CM0/DCACHE/m_setIdx_reg[0]_rep__0/Q
                         net (fo=107, routed)         1.229     9.033    CPU/CM0/DCACHE/m_setIdx_reg[0]_rep__0_n_0
    SLICE_X40Y51         LUT6 (Prop_lut6_I4_O)        0.124     9.157 r  CPU/CM0/DCACHE/addr[7]_i_28/O
                         net (fo=1, routed)           0.000     9.157    CPU/CM0/DCACHE/addr[7]_i_28_n_0
    SLICE_X40Y51         MUXF7 (Prop_muxf7_I0_O)      0.238     9.395 r  CPU/CM0/DCACHE/addr_reg[7]_i_20/O
                         net (fo=1, routed)           0.000     9.395    CPU/CM0/DCACHE/addr_reg[7]_i_20_n_0
    SLICE_X40Y51         MUXF8 (Prop_muxf8_I0_O)      0.104     9.499 r  CPU/CM0/DCACHE/addr_reg[7]_i_12/O
                         net (fo=1, routed)           0.645    10.144    CPU/CM0/DCACHE/addr_reg[7]_i_12_n_0
    SLICE_X40Y54         LUT6 (Prop_lut6_I3_O)        0.316    10.460 f  CPU/CM0/DCACHE/addr[7]_i_7/O
                         net (fo=1, routed)           0.728    11.188    CPU/CM0/DCACHE/addr[7]_i_7_n_0
    SLICE_X39Y56         LUT3 (Prop_lut3_I0_O)        0.124    11.312 r  CPU/CM0/DCACHE/addr[7]_i_5/O
                         net (fo=2, routed)           0.644    11.956    CPU/CC/addr_reg[7]_0
    SLICE_X38Y58         LUT6 (Prop_lut6_I3_O)        0.124    12.080 r  CPU/CC/addr[7]_i_3/O
                         net (fo=2, routed)           0.491    12.571    RAM/count3_carry__1_1[7]
    SLICE_X36Y58         LUT4 (Prop_lut4_I2_O)        0.124    12.695 r  RAM/count3_carry_i_8/O
                         net (fo=2, routed)           0.954    13.650    RAM/count3_carry_i_8_n_0
    SLICE_X35Y58         LUT5 (Prop_lut5_I3_O)        0.124    13.774 r  RAM/rstate3_carry_i_2/O
                         net (fo=1, routed)           0.000    13.774    RAM/rstate3_carry_i_2_n_0
    SLICE_X35Y58         CARRY4 (Prop_carry4_S[2]_CO[3])
                                                      0.398    14.172 r  RAM/rstate3_carry/CO[3]
                         net (fo=1, routed)           0.000    14.172    RAM/rstate3_carry_n_0
    SLICE_X35Y59         CARRY4 (Prop_carry4_CI_CO[3])
                                                      0.114    14.286 r  RAM/rstate3_carry__0/CO[3]
                         net (fo=1, routed)           0.000    14.286    RAM/rstate3_carry__0_n_0
    SLICE_X35Y60         CARRY4 (Prop_carry4_CI_CO[2])
                                                      0.228    14.514 r  RAM/rstate3_carry__1/CO[2]
                         net (fo=50, routed)          1.283    15.796    RAM/CO[0]
    SLICE_X10Y58         LUT6 (Prop_lut6_I3_O)        0.313    16.109 r  RAM/mem_reg_4_i_3/O
                         net (fo=1, routed)           0.891    17.001    RAM/mem_reg_4_i_3_n_0
    RAMB36_X0Y11         RAMB36E1                                     r  RAM/mem_reg_4/WEA[0]
  -------------------------------------------------------------------    -------------------

                         (clock MAIN rise edge)       5.000     5.000 r  
    D18                                               0.000     5.000 r  CLK (IN)
                         net (fo=0)                   0.000     5.000    CLK
    D18                  IBUF (Prop_ibuf_I_O)         0.820     5.820 r  CLK_IBUF_inst/O
                         net (fo=1, routed)           1.868     7.688    CLK_IBUF
    BUFGCTRL_X0Y16       BUFG (Prop_bufg_I_O)         0.091     7.779 r  CLK_IBUF_BUFG_inst/O
                         net (fo=70, routed)          1.478     9.258    RAM/CLK
    RAMB36_X0Y11         RAMB36E1                                     r  RAM/mem_reg_4/CLKARDCLK
                         clock pessimism              0.242     9.500    
                         clock uncertainty           -0.035     9.464    
    RAMB36_X0Y11         RAMB36E1 (Setup_ramb36e1_CLKARDCLK_WEA[0])
                                                     -0.532     8.932    RAM/mem_reg_4
  -------------------------------------------------------------------
                         required time                          8.932    
                         arrival time                         -17.001    
  -------------------------------------------------------------------
                         slack                                 -8.068    

Slack (VIOLATED) :        -8.065ns  (required time - arrival time)
  Source:                 CPU/CM0/DCACHE/m_setIdx_reg[0]_rep__0/C
                            (rising edge-triggered cell FDCE clocked by CPUCLK  {rise@0.000ns fall@5.000ns period=10.000ns})
  Destination:            RAM/mem_reg_14/WEA[0]
                            (rising edge-triggered cell RAMB36E1 clocked by MAIN  {rise@0.000ns fall@2.500ns period=5.000ns})
  Path Group:             MAIN
  Path Type:              Setup (Max at Slow Process Corner)
  Requirement:            5.000ns  (MAIN rise@5.000ns - CPUCLK rise@0.000ns)
  Data Path Delay:        9.715ns  (logic 2.849ns (29.327%)  route 6.866ns (70.673%))
  Logic Levels:           12  (CARRY4=3 LUT3=1 LUT4=1 LUT5=1 LUT6=4 MUXF7=1 MUXF8=1)
  Clock Path Skew:        -2.783ns (DCD - SCD + CPR)
    Destination Clock Delay (DCD):    4.261ns = ( 9.261 - 5.000 ) 
    Source Clock Delay      (SCD):    7.285ns
    Clock Pessimism Removal (CPR):    0.242ns
  Clock Uncertainty:      0.035ns  ((TSJ^2 + TIJ^2)^1/2 + DJ) / 2 + PE
    Total System Jitter     (TSJ):    0.071ns
    Total Input Jitter      (TIJ):    0.000ns
    Discrete Jitter          (DJ):    0.000ns
    Phase Error              (PE):    0.000ns

    Location             Delay type                Incr(ns)  Path(ns)    Netlist Resource(s)
  -------------------------------------------------------------------    -------------------
                         (clock CPUCLK rise edge)     0.000     0.000 r  
    D18                                               0.000     0.000 r  CLK (IN)
                         net (fo=0)                   0.000     0.000    CLK
    D18                  IBUF (Prop_ibuf_I_O)         0.954     0.954 r  CLK_IBUF_inst/O
                         net (fo=1, routed)           1.972     2.925    CLK_IBUF
    BUFGCTRL_X0Y16       BUFG (Prop_bufg_I_O)         0.096     3.021 r  CLK_IBUF_BUFG_inst/O
                         net (fo=70, routed)          1.567     4.589    CLK_IBUF_BUFG
    SLICE_X39Y46         FDCE (Prop_fdce_C_Q)         0.456     5.045 r  CPUCLK_reg/Q
                         net (fo=2, routed)           0.589     5.634    CPUCLK
    BUFGCTRL_X0Y0        BUFG (Prop_bufg_I_O)         0.096     5.730 r  CPUCLK_BUFG_inst/O
                         net (fo=8214, routed)        1.555     7.285    CPU/CM0/DCACHE/CPUCLK_BUFG
    SLICE_X46Y55         FDCE                                         r  CPU/CM0/DCACHE/m_setIdx_reg[0]_rep__0/C
  -------------------------------------------------------------------    -------------------
    SLICE_X46Y55         FDCE (Prop_fdce_C_Q)         0.518     7.803 r  CPU/CM0/DCACHE/m_setIdx_reg[0]_rep__0/Q
                         net (fo=107, routed)         1.229     9.033    CPU/CM0/DCACHE/m_setIdx_reg[0]_rep__0_n_0
    SLICE_X40Y51         LUT6 (Prop_lut6_I4_O)        0.124     9.157 r  CPU/CM0/DCACHE/addr[7]_i_28/O
                         net (fo=1, routed)           0.000     9.157    CPU/CM0/DCACHE/addr[7]_i_28_n_0
    SLICE_X40Y51         MUXF7 (Prop_muxf7_I0_O)      0.238     9.395 r  CPU/CM0/DCACHE/addr_reg[7]_i_20/O
                         net (fo=1, routed)           0.000     9.395    CPU/CM0/DCACHE/addr_reg[7]_i_20_n_0
    SLICE_X40Y51         MUXF8 (Prop_muxf8_I0_O)      0.104     9.499 r  CPU/CM0/DCACHE/addr_reg[7]_i_12/O
                         net (fo=1, routed)           0.645    10.144    CPU/CM0/DCACHE/addr_reg[7]_i_12_n_0
    SLICE_X40Y54         LUT6 (Prop_lut6_I3_O)        0.316    10.460 f  CPU/CM0/DCACHE/addr[7]_i_7/O
                         net (fo=1, routed)           0.728    11.188    CPU/CM0/DCACHE/addr[7]_i_7_n_0
    SLICE_X39Y56         LUT3 (Prop_lut3_I0_O)        0.124    11.312 r  CPU/CM0/DCACHE/addr[7]_i_5/O
                         net (fo=2, routed)           0.644    11.956    CPU/CC/addr_reg[7]_0
    SLICE_X38Y58         LUT6 (Prop_lut6_I3_O)        0.124    12.080 r  CPU/CC/addr[7]_i_3/O
                         net (fo=2, routed)           0.491    12.571    RAM/count3_carry__1_1[7]
    SLICE_X36Y58         LUT4 (Prop_lut4_I2_O)        0.124    12.695 r  RAM/count3_carry_i_8/O
                         net (fo=2, routed)           0.954    13.650    RAM/count3_carry_i_8_n_0
    SLICE_X35Y58         LUT5 (Prop_lut5_I3_O)        0.124    13.774 r  RAM/rstate3_carry_i_2/O
                         net (fo=1, routed)           0.000    13.774    RAM/rstate3_carry_i_2_n_0
    SLICE_X35Y58         CARRY4 (Prop_carry4_S[2]_CO[3])
                                                      0.398    14.172 r  RAM/rstate3_carry/CO[3]
                         net (fo=1, routed)           0.000    14.172    RAM/rstate3_carry_n_0
    SLICE_X35Y59         CARRY4 (Prop_carry4_CI_CO[3])
                                                      0.114    14.286 r  RAM/rstate3_carry__0/CO[3]
                         net (fo=1, routed)           0.000    14.286    RAM/rstate3_carry__0_n_0
    SLICE_X35Y60         CARRY4 (Prop_carry4_CI_CO[2])
                                                      0.228    14.514 r  RAM/rstate3_carry__1/CO[2]
                         net (fo=50, routed)          0.927    15.440    RAM/CO[0]
    SLICE_X43Y58         LUT6 (Prop_lut6_I3_O)        0.313    15.753 r  RAM/mem_reg_14_i_3/O
                         net (fo=1, routed)           1.246    17.000    RAM/mem_reg_14_i_3_n_0
    RAMB36_X2Y11         RAMB36E1                                     r  RAM/mem_reg_14/WEA[0]
  -------------------------------------------------------------------    -------------------

                         (clock MAIN rise edge)       5.000     5.000 r  
    D18                                               0.000     5.000 r  CLK (IN)
                         net (fo=0)                   0.000     5.000    CLK
    D18                  IBUF (Prop_ibuf_I_O)         0.820     5.820 r  CLK_IBUF_inst/O
                         net (fo=1, routed)           1.868     7.688    CLK_IBUF
    BUFGCTRL_X0Y16       BUFG (Prop_bufg_I_O)         0.091     7.779 r  CLK_IBUF_BUFG_inst/O
                         net (fo=70, routed)          1.481     9.261    RAM/CLK
    RAMB36_X2Y11         RAMB36E1                                     r  RAM/mem_reg_14/CLKARDCLK
                         clock pessimism              0.242     9.503    
                         clock uncertainty           -0.035     9.467    
    RAMB36_X2Y11         RAMB36E1 (Setup_ramb36e1_CLKARDCLK_WEA[0])
                                                     -0.532     8.935    RAM/mem_reg_14
  -------------------------------------------------------------------
                         required time                          8.935    
                         arrival time                         -17.000    
  -------------------------------------------------------------------
                         slack                                 -8.065    

Slack (VIOLATED) :        -8.044ns  (required time - arrival time)
  Source:                 CPU/CM0/DCACHE/m_setIdx_reg[0]_rep__0/C
                            (rising edge-triggered cell FDCE clocked by CPUCLK  {rise@0.000ns fall@5.000ns period=10.000ns})
  Destination:            RAM/mem_reg_0/WEA[0]
                            (rising edge-triggered cell RAMB36E1 clocked by MAIN  {rise@0.000ns fall@2.500ns period=5.000ns})
  Path Group:             MAIN
  Path Type:              Setup (Max at Slow Process Corner)
  Requirement:            5.000ns  (MAIN rise@5.000ns - CPUCLK rise@0.000ns)
  Data Path Delay:        9.692ns  (logic 2.849ns (29.395%)  route 6.843ns (70.605%))
  Logic Levels:           12  (CARRY4=3 LUT3=1 LUT4=1 LUT5=1 LUT6=4 MUXF7=1 MUXF8=1)
  Clock Path Skew:        -2.785ns (DCD - SCD + CPR)
    Destination Clock Delay (DCD):    4.259ns = ( 9.259 - 5.000 ) 
    Source Clock Delay      (SCD):    7.285ns
    Clock Pessimism Removal (CPR):    0.242ns
  Clock Uncertainty:      0.035ns  ((TSJ^2 + TIJ^2)^1/2 + DJ) / 2 + PE
    Total System Jitter     (TSJ):    0.071ns
    Total Input Jitter      (TIJ):    0.000ns
    Discrete Jitter          (DJ):    0.000ns
    Phase Error              (PE):    0.000ns

    Location             Delay type                Incr(ns)  Path(ns)    Netlist Resource(s)
  -------------------------------------------------------------------    -------------------
                         (clock CPUCLK rise edge)     0.000     0.000 r  
    D18                                               0.000     0.000 r  CLK (IN)
                         net (fo=0)                   0.000     0.000    CLK
    D18                  IBUF (Prop_ibuf_I_O)         0.954     0.954 r  CLK_IBUF_inst/O
                         net (fo=1, routed)           1.972     2.925    CLK_IBUF
    BUFGCTRL_X0Y16       BUFG (Prop_bufg_I_O)         0.096     3.021 r  CLK_IBUF_BUFG_inst/O
                         net (fo=70, routed)          1.567     4.589    CLK_IBUF_BUFG
    SLICE_X39Y46         FDCE (Prop_fdce_C_Q)         0.456     5.045 r  CPUCLK_reg/Q
                         net (fo=2, routed)           0.589     5.634    CPUCLK
    BUFGCTRL_X0Y0        BUFG (Prop_bufg_I_O)         0.096     5.730 r  CPUCLK_BUFG_inst/O
                         net (fo=8214, routed)        1.555     7.285    CPU/CM0/DCACHE/CPUCLK_BUFG
    SLICE_X46Y55         FDCE                                         r  CPU/CM0/DCACHE/m_setIdx_reg[0]_rep__0/C
  -------------------------------------------------------------------    -------------------
    SLICE_X46Y55         FDCE (Prop_fdce_C_Q)         0.518     7.803 r  CPU/CM0/DCACHE/m_setIdx_reg[0]_rep__0/Q
                         net (fo=107, routed)         1.229     9.033    CPU/CM0/DCACHE/m_setIdx_reg[0]_rep__0_n_0
    SLICE_X40Y51         LUT6 (Prop_lut6_I4_O)        0.124     9.157 r  CPU/CM0/DCACHE/addr[7]_i_28/O
                         net (fo=1, routed)           0.000     9.157    CPU/CM0/DCACHE/addr[7]_i_28_n_0
    SLICE_X40Y51         MUXF7 (Prop_muxf7_I0_O)      0.238     9.395 r  CPU/CM0/DCACHE/addr_reg[7]_i_20/O
                         net (fo=1, routed)           0.000     9.395    CPU/CM0/DCACHE/addr_reg[7]_i_20_n_0
    SLICE_X40Y51         MUXF8 (Prop_muxf8_I0_O)      0.104     9.499 r  CPU/CM0/DCACHE/addr_reg[7]_i_12/O
                         net (fo=1, routed)           0.645    10.144    CPU/CM0/DCACHE/addr_reg[7]_i_12_n_0
    SLICE_X40Y54         LUT6 (Prop_lut6_I3_O)        0.316    10.460 f  CPU/CM0/DCACHE/addr[7]_i_7/O
                         net (fo=1, routed)           0.728    11.188    CPU/CM0/DCACHE/addr[7]_i_7_n_0
    SLICE_X39Y56         LUT3 (Prop_lut3_I0_O)        0.124    11.312 r  CPU/CM0/DCACHE/addr[7]_i_5/O
                         net (fo=2, routed)           0.644    11.956    CPU/CC/addr_reg[7]_0
    SLICE_X38Y58         LUT6 (Prop_lut6_I3_O)        0.124    12.080 r  CPU/CC/addr[7]_i_3/O
                         net (fo=2, routed)           0.491    12.571    RAM/count3_carry__1_1[7]
    SLICE_X36Y58         LUT4 (Prop_lut4_I2_O)        0.124    12.695 r  RAM/count3_carry_i_8/O
                         net (fo=2, routed)           0.954    13.650    RAM/count3_carry_i_8_n_0
    SLICE_X35Y58         LUT5 (Prop_lut5_I3_O)        0.124    13.774 r  RAM/rstate3_carry_i_2/O
                         net (fo=1, routed)           0.000    13.774    RAM/rstate3_carry_i_2_n_0
    SLICE_X35Y58         CARRY4 (Prop_carry4_S[2]_CO[3])
                                                      0.398    14.172 r  RAM/rstate3_carry/CO[3]
                         net (fo=1, routed)           0.000    14.172    RAM/rstate3_carry_n_0
    SLICE_X35Y59         CARRY4 (Prop_carry4_CI_CO[3])
                                                      0.114    14.286 r  RAM/rstate3_carry__0/CO[3]
                         net (fo=1, routed)           0.000    14.286    RAM/rstate3_carry__0_n_0
    SLICE_X35Y60         CARRY4 (Prop_carry4_CI_CO[2])
                                                      0.228    14.514 r  RAM/rstate3_carry__1/CO[2]
                         net (fo=50, routed)          1.353    15.867    RAM/CO[0]
    SLICE_X52Y57         LUT6 (Prop_lut6_I3_O)        0.313    16.180 r  RAM/mem_reg_0_i_3/O
                         net (fo=1, routed)           0.798    16.977    RAM/mem_reg_0_i_3_n_0
    RAMB36_X1Y11         RAMB36E1                                     r  RAM/mem_reg_0/WEA[0]
  -------------------------------------------------------------------    -------------------

                         (clock MAIN rise edge)       5.000     5.000 r  
    D18                                               0.000     5.000 r  CLK (IN)
                         net (fo=0)                   0.000     5.000    CLK
    D18                  IBUF (Prop_ibuf_I_O)         0.820     5.820 r  CLK_IBUF_inst/O
                         net (fo=1, routed)           1.868     7.688    CLK_IBUF
    BUFGCTRL_X0Y16       BUFG (Prop_bufg_I_O)         0.091     7.779 r  CLK_IBUF_BUFG_inst/O
                         net (fo=70, routed)          1.479     9.259    RAM/CLK
    RAMB36_X1Y11         RAMB36E1                                     r  RAM/mem_reg_0/CLKARDCLK
                         clock pessimism              0.242     9.501    
                         clock uncertainty           -0.035     9.465    
    RAMB36_X1Y11         RAMB36E1 (Setup_ramb36e1_CLKARDCLK_WEA[0])
                                                     -0.532     8.933    RAM/mem_reg_0
  -------------------------------------------------------------------
                         required time                          8.933    
                         arrival time                         -16.977    
  -------------------------------------------------------------------
                         slack                                 -8.044    

Slack (VIOLATED) :        -8.013ns  (required time - arrival time)
  Source:                 CPU/CM0/DCACHE/m_setIdx_reg[0]_rep__0/C
                            (rising edge-triggered cell FDCE clocked by CPUCLK  {rise@0.000ns fall@5.000ns period=10.000ns})
  Destination:            RAM/mem_reg_2/WEA[0]
                            (rising edge-triggered cell RAMB36E1 clocked by MAIN  {rise@0.000ns fall@2.500ns period=5.000ns})
  Path Group:             MAIN
  Path Type:              Setup (Max at Slow Process Corner)
  Requirement:            5.000ns  (MAIN rise@5.000ns - CPUCLK rise@0.000ns)
  Data Path Delay:        9.679ns  (logic 2.849ns (29.436%)  route 6.830ns (70.564%))
  Logic Levels:           12  (CARRY4=3 LUT3=1 LUT4=1 LUT5=1 LUT6=4 MUXF7=1 MUXF8=1)
  Clock Path Skew:        -2.767ns (DCD - SCD + CPR)
    Destination Clock Delay (DCD):    4.276ns = ( 9.276 - 5.000 ) 
    Source Clock Delay      (SCD):    7.285ns
    Clock Pessimism Removal (CPR):    0.242ns
  Clock Uncertainty:      0.035ns  ((TSJ^2 + TIJ^2)^1/2 + DJ) / 2 + PE
    Total System Jitter     (TSJ):    0.071ns
    Total Input Jitter      (TIJ):    0.000ns
    Discrete Jitter          (DJ):    0.000ns
    Phase Error              (PE):    0.000ns

    Location             Delay type                Incr(ns)  Path(ns)    Netlist Resource(s)
  -------------------------------------------------------------------    -------------------
                         (clock CPUCLK rise edge)     0.000     0.000 r  
    D18                                               0.000     0.000 r  CLK (IN)
                         net (fo=0)                   0.000     0.000    CLK
    D18                  IBUF (Prop_ibuf_I_O)         0.954     0.954 r  CLK_IBUF_inst/O
                         net (fo=1, routed)           1.972     2.925    CLK_IBUF
    BUFGCTRL_X0Y16       BUFG (Prop_bufg_I_O)         0.096     3.021 r  CLK_IBUF_BUFG_inst/O
                         net (fo=70, routed)          1.567     4.589    CLK_IBUF_BUFG
    SLICE_X39Y46         FDCE (Prop_fdce_C_Q)         0.456     5.045 r  CPUCLK_reg/Q
                         net (fo=2, routed)           0.589     5.634    CPUCLK
    BUFGCTRL_X0Y0        BUFG (Prop_bufg_I_O)         0.096     5.730 r  CPUCLK_BUFG_inst/O
                         net (fo=8214, routed)        1.555     7.285    CPU/CM0/DCACHE/CPUCLK_BUFG
    SLICE_X46Y55         FDCE                                         r  CPU/CM0/DCACHE/m_setIdx_reg[0]_rep__0/C
  -------------------------------------------------------------------    -------------------
    SLICE_X46Y55         FDCE (Prop_fdce_C_Q)         0.518     7.803 r  CPU/CM0/DCACHE/m_setIdx_reg[0]_rep__0/Q
                         net (fo=107, routed)         1.229     9.033    CPU/CM0/DCACHE/m_setIdx_reg[0]_rep__0_n_0
    SLICE_X40Y51         LUT6 (Prop_lut6_I4_O)        0.124     9.157 r  CPU/CM0/DCACHE/addr[7]_i_28/O
                         net (fo=1, routed)           0.000     9.157    CPU/CM0/DCACHE/addr[7]_i_28_n_0
    SLICE_X40Y51         MUXF7 (Prop_muxf7_I0_O)      0.238     9.395 r  CPU/CM0/DCACHE/addr_reg[7]_i_20/O
                         net (fo=1, routed)           0.000     9.395    CPU/CM0/DCACHE/addr_reg[7]_i_20_n_0
    SLICE_X40Y51         MUXF8 (Prop_muxf8_I0_O)      0.104     9.499 r  CPU/CM0/DCACHE/addr_reg[7]_i_12/O
                         net (fo=1, routed)           0.645    10.144    CPU/CM0/DCACHE/addr_reg[7]_i_12_n_0
    SLICE_X40Y54         LUT6 (Prop_lut6_I3_O)        0.316    10.460 f  CPU/CM0/DCACHE/addr[7]_i_7/O
                         net (fo=1, routed)           0.728    11.188    CPU/CM0/DCACHE/addr[7]_i_7_n_0
    SLICE_X39Y56         LUT3 (Prop_lut3_I0_O)        0.124    11.312 r  CPU/CM0/DCACHE/addr[7]_i_5/O
                         net (fo=2, routed)           0.644    11.956    CPU/CC/addr_reg[7]_0
    SLICE_X38Y58         LUT6 (Prop_lut6_I3_O)        0.124    12.080 r  CPU/CC/addr[7]_i_3/O
                         net (fo=2, routed)           0.491    12.571    RAM/count3_carry__1_1[7]
    SLICE_X36Y58         LUT4 (Prop_lut4_I2_O)        0.124    12.695 r  RAM/count3_carry_i_8/O
                         net (fo=2, routed)           0.954    13.650    RAM/count3_carry_i_8_n_0
    SLICE_X35Y58         LUT5 (Prop_lut5_I3_O)        0.124    13.774 r  RAM/rstate3_carry_i_2/O
                         net (fo=1, routed)           0.000    13.774    RAM/rstate3_carry_i_2_n_0
    SLICE_X35Y58         CARRY4 (Prop_carry4_S[2]_CO[3])
                                                      0.398    14.172 r  RAM/rstate3_carry/CO[3]
                         net (fo=1, routed)           0.000    14.172    RAM/rstate3_carry_n_0
    SLICE_X35Y59         CARRY4 (Prop_carry4_CI_CO[3])
                                                      0.114    14.286 r  RAM/rstate3_carry__0/CO[3]
                         net (fo=1, routed)           0.000    14.286    RAM/rstate3_carry__0_n_0
    SLICE_X35Y60         CARRY4 (Prop_carry4_CI_CO[2])
                                                      0.228    14.514 r  RAM/rstate3_carry__1/CO[2]
                         net (fo=50, routed)          1.263    15.777    RAM/CO[0]
    SLICE_X46Y46         LUT6 (Prop_lut6_I3_O)        0.313    16.090 r  RAM/mem_reg_2_i_3/O
                         net (fo=1, routed)           0.874    16.964    RAM/mem_reg_2_i_3_n_0
    RAMB36_X1Y8          RAMB36E1                                     r  RAM/mem_reg_2/WEA[0]
  -------------------------------------------------------------------    -------------------

                         (clock MAIN rise edge)       5.000     5.000 r  
    D18                                               0.000     5.000 r  CLK (IN)
                         net (fo=0)                   0.000     5.000    CLK
    D18                  IBUF (Prop_ibuf_I_O)         0.820     5.820 r  CLK_IBUF_inst/O
                         net (fo=1, routed)           1.868     7.688    CLK_IBUF
    BUFGCTRL_X0Y16       BUFG (Prop_bufg_I_O)         0.091     7.779 r  CLK_IBUF_BUFG_inst/O
                         net (fo=70, routed)          1.497     9.276    RAM/CLK
    RAMB36_X1Y8          RAMB36E1                                     r  RAM/mem_reg_2/CLKARDCLK
                         clock pessimism              0.242     9.518    
                         clock uncertainty           -0.035     9.483    
    RAMB36_X1Y8          RAMB36E1 (Setup_ramb36e1_CLKARDCLK_WEA[0])
                                                     -0.532     8.951    RAM/mem_reg_2
  -------------------------------------------------------------------
                         required time                          8.951    
                         arrival time                         -16.964    
  -------------------------------------------------------------------
                         slack                                 -8.013    

Slack (VIOLATED) :        -7.997ns  (required time - arrival time)
  Source:                 CPU/CM0/DCACHE/m_setIdx_reg[0]_rep__0/C
                            (rising edge-triggered cell FDCE clocked by CPUCLK  {rise@0.000ns fall@5.000ns period=10.000ns})
  Destination:            RAM/mem_reg_5/WEA[0]
                            (rising edge-triggered cell RAMB36E1 clocked by MAIN  {rise@0.000ns fall@2.500ns period=5.000ns})
  Path Group:             MAIN
  Path Type:              Setup (Max at Slow Process Corner)
  Requirement:            5.000ns  (MAIN rise@5.000ns - CPUCLK rise@0.000ns)
  Data Path Delay:        9.633ns  (logic 2.849ns (29.577%)  route 6.784ns (70.423%))
  Logic Levels:           12  (CARRY4=3 LUT3=1 LUT4=1 LUT5=1 LUT6=4 MUXF7=1 MUXF8=1)
  Clock Path Skew:        -2.797ns (DCD - SCD + CPR)
    Destination Clock Delay (DCD):    4.247ns = ( 9.247 - 5.000 ) 
    Source Clock Delay      (SCD):    7.285ns
    Clock Pessimism Removal (CPR):    0.242ns
  Clock Uncertainty:      0.035ns  ((TSJ^2 + TIJ^2)^1/2 + DJ) / 2 + PE
    Total System Jitter     (TSJ):    0.071ns
    Total Input Jitter      (TIJ):    0.000ns
    Discrete Jitter          (DJ):    0.000ns
    Phase Error              (PE):    0.000ns

    Location             Delay type                Incr(ns)  Path(ns)    Netlist Resource(s)
  -------------------------------------------------------------------    -------------------
                         (clock CPUCLK rise edge)     0.000     0.000 r  
    D18                                               0.000     0.000 r  CLK (IN)
                         net (fo=0)                   0.000     0.000    CLK
    D18                  IBUF (Prop_ibuf_I_O)         0.954     0.954 r  CLK_IBUF_inst/O
                         net (fo=1, routed)           1.972     2.925    CLK_IBUF
    BUFGCTRL_X0Y16       BUFG (Prop_bufg_I_O)         0.096     3.021 r  CLK_IBUF_BUFG_inst/O
                         net (fo=70, routed)          1.567     4.589    CLK_IBUF_BUFG
    SLICE_X39Y46         FDCE (Prop_fdce_C_Q)         0.456     5.045 r  CPUCLK_reg/Q
                         net (fo=2, routed)           0.589     5.634    CPUCLK
    BUFGCTRL_X0Y0        BUFG (Prop_bufg_I_O)         0.096     5.730 r  CPUCLK_BUFG_inst/O
                         net (fo=8214, routed)        1.555     7.285    CPU/CM0/DCACHE/CPUCLK_BUFG
    SLICE_X46Y55         FDCE                                         r  CPU/CM0/DCACHE/m_setIdx_reg[0]_rep__0/C
  -------------------------------------------------------------------    -------------------
    SLICE_X46Y55         FDCE (Prop_fdce_C_Q)         0.518     7.803 r  CPU/CM0/DCACHE/m_setIdx_reg[0]_rep__0/Q
                         net (fo=107, routed)         1.229     9.033    CPU/CM0/DCACHE/m_setIdx_reg[0]_rep__0_n_0
    SLICE_X40Y51         LUT6 (Prop_lut6_I4_O)        0.124     9.157 r  CPU/CM0/DCACHE/addr[7]_i_28/O
                         net (fo=1, routed)           0.000     9.157    CPU/CM0/DCACHE/addr[7]_i_28_n_0
    SLICE_X40Y51         MUXF7 (Prop_muxf7_I0_O)      0.238     9.395 r  CPU/CM0/DCACHE/addr_reg[7]_i_20/O
                         net (fo=1, routed)           0.000     9.395    CPU/CM0/DCACHE/addr_reg[7]_i_20_n_0
    SLICE_X40Y51         MUXF8 (Prop_muxf8_I0_O)      0.104     9.499 r  CPU/CM0/DCACHE/addr_reg[7]_i_12/O
                         net (fo=1, routed)           0.645    10.144    CPU/CM0/DCACHE/addr_reg[7]_i_12_n_0
    SLICE_X40Y54         LUT6 (Prop_lut6_I3_O)        0.316    10.460 f  CPU/CM0/DCACHE/addr[7]_i_7/O
                         net (fo=1, routed)           0.728    11.188    CPU/CM0/DCACHE/addr[7]_i_7_n_0
    SLICE_X39Y56         LUT3 (Prop_lut3_I0_O)        0.124    11.312 r  CPU/CM0/DCACHE/addr[7]_i_5/O
                         net (fo=2, routed)           0.644    11.956    CPU/CC/addr_reg[7]_0
    SLICE_X38Y58         LUT6 (Prop_lut6_I3_O)        0.124    12.080 r  CPU/CC/addr[7]_i_3/O
                         net (fo=2, routed)           0.491    12.571    RAM/count3_carry__1_1[7]
    SLICE_X36Y58         LUT4 (Prop_lut4_I2_O)        0.124    12.695 r  RAM/count3_carry_i_8/O
                         net (fo=2, routed)           0.954    13.650    RAM/count3_carry_i_8_n_0
    SLICE_X35Y58         LUT5 (Prop_lut5_I3_O)        0.124    13.774 r  RAM/rstate3_carry_i_2/O
                         net (fo=1, routed)           0.000    13.774    RAM/rstate3_carry_i_2_n_0
    SLICE_X35Y58         CARRY4 (Prop_carry4_S[2]_CO[3])
                                                      0.398    14.172 r  RAM/rstate3_carry/CO[3]
                         net (fo=1, routed)           0.000    14.172    RAM/rstate3_carry_n_0
    SLICE_X35Y59         CARRY4 (Prop_carry4_CI_CO[3])
                                                      0.114    14.286 r  RAM/rstate3_carry__0/CO[3]
                         net (fo=1, routed)           0.000    14.286    RAM/rstate3_carry__0_n_0
    SLICE_X35Y60         CARRY4 (Prop_carry4_CI_CO[2])
                                                      0.228    14.514 r  RAM/rstate3_carry__1/CO[2]
                         net (fo=50, routed)          0.802    15.315    RAM/CO[0]
    SLICE_X29Y62         LUT6 (Prop_lut6_I3_O)        0.313    15.628 r  RAM/mem_reg_5_i_3/O
                         net (fo=1, routed)           1.290    16.918    RAM/mem_reg_5_i_3_n_0
    RAMB36_X0Y15         RAMB36E1                                     r  RAM/mem_reg_5/WEA[0]
  -------------------------------------------------------------------    -------------------

                         (clock MAIN rise edge)       5.000     5.000 r  
    D18                                               0.000     5.000 r  CLK (IN)
                         net (fo=0)                   0.000     5.000    CLK
    D18                  IBUF (Prop_ibuf_I_O)         0.820     5.820 r  CLK_IBUF_inst/O
                         net (fo=1, routed)           1.868     7.688    CLK_IBUF
    BUFGCTRL_X0Y16       BUFG (Prop_bufg_I_O)         0.091     7.779 r  CLK_IBUF_BUFG_inst/O
                         net (fo=70, routed)          1.467     9.247    RAM/CLK
    RAMB36_X0Y15         RAMB36E1                                     r  RAM/mem_reg_5/CLKARDCLK
                         clock pessimism              0.242     9.489    
                         clock uncertainty           -0.035     9.453    
    RAMB36_X0Y15         RAMB36E1 (Setup_ramb36e1_CLKARDCLK_WEA[0])
                                                     -0.532     8.921    RAM/mem_reg_5
  -------------------------------------------------------------------
                         required time                          8.921    
                         arrival time                         -16.918    
  -------------------------------------------------------------------
                         slack                                 -7.997    

Slack (VIOLATED) :        -7.989ns  (required time - arrival time)
  Source:                 CPU/CM0/DCACHE/m_setIdx_reg[0]_rep__0/C
                            (rising edge-triggered cell FDCE clocked by CPUCLK  {rise@0.000ns fall@5.000ns period=10.000ns})
  Destination:            RAM/mem_reg_13/WEA[0]
                            (rising edge-triggered cell RAMB36E1 clocked by MAIN  {rise@0.000ns fall@2.500ns period=5.000ns})
  Path Group:             MAIN
  Path Type:              Setup (Max at Slow Process Corner)
  Requirement:            5.000ns  (MAIN rise@5.000ns - CPUCLK rise@0.000ns)
  Data Path Delay:        9.652ns  (logic 2.849ns (29.518%)  route 6.803ns (70.482%))
  Logic Levels:           12  (CARRY4=3 LUT3=1 LUT4=1 LUT5=1 LUT6=4 MUXF7=1 MUXF8=1)
  Clock Path Skew:        -2.770ns (DCD - SCD + CPR)
    Destination Clock Delay (DCD):    4.273ns = ( 9.273 - 5.000 ) 
    Source Clock Delay      (SCD):    7.285ns
    Clock Pessimism Removal (CPR):    0.242ns
  Clock Uncertainty:      0.035ns  ((TSJ^2 + TIJ^2)^1/2 + DJ) / 2 + PE
    Total System Jitter     (TSJ):    0.071ns
    Total Input Jitter      (TIJ):    0.000ns
    Discrete Jitter          (DJ):    0.000ns
    Phase Error              (PE):    0.000ns

    Location             Delay type                Incr(ns)  Path(ns)    Netlist Resource(s)
  -------------------------------------------------------------------    -------------------
                         (clock CPUCLK rise edge)     0.000     0.000 r  
    D18                                               0.000     0.000 r  CLK (IN)
                         net (fo=0)                   0.000     0.000    CLK
    D18                  IBUF (Prop_ibuf_I_O)         0.954     0.954 r  CLK_IBUF_inst/O
                         net (fo=1, routed)           1.972     2.925    CLK_IBUF
    BUFGCTRL_X0Y16       BUFG (Prop_bufg_I_O)         0.096     3.021 r  CLK_IBUF_BUFG_inst/O
                         net (fo=70, routed)          1.567     4.589    CLK_IBUF_BUFG
    SLICE_X39Y46         FDCE (Prop_fdce_C_Q)         0.456     5.045 r  CPUCLK_reg/Q
                         net (fo=2, routed)           0.589     5.634    CPUCLK
    BUFGCTRL_X0Y0        BUFG (Prop_bufg_I_O)         0.096     5.730 r  CPUCLK_BUFG_inst/O
                         net (fo=8214, routed)        1.555     7.285    CPU/CM0/DCACHE/CPUCLK_BUFG
    SLICE_X46Y55         FDCE                                         r  CPU/CM0/DCACHE/m_setIdx_reg[0]_rep__0/C
  -------------------------------------------------------------------    -------------------
    SLICE_X46Y55         FDCE (Prop_fdce_C_Q)         0.518     7.803 r  CPU/CM0/DCACHE/m_setIdx_reg[0]_rep__0/Q
                         net (fo=107, routed)         1.229     9.033    CPU/CM0/DCACHE/m_setIdx_reg[0]_rep__0_n_0
    SLICE_X40Y51         LUT6 (Prop_lut6_I4_O)        0.124     9.157 r  CPU/CM0/DCACHE/addr[7]_i_28/O
                         net (fo=1, routed)           0.000     9.157    CPU/CM0/DCACHE/addr[7]_i_28_n_0
    SLICE_X40Y51         MUXF7 (Prop_muxf7_I0_O)      0.238     9.395 r  CPU/CM0/DCACHE/addr_reg[7]_i_20/O
                         net (fo=1, routed)           0.000     9.395    CPU/CM0/DCACHE/addr_reg[7]_i_20_n_0
    SLICE_X40Y51         MUXF8 (Prop_muxf8_I0_O)      0.104     9.499 r  CPU/CM0/DCACHE/addr_reg[7]_i_12/O
                         net (fo=1, routed)           0.645    10.144    CPU/CM0/DCACHE/addr_reg[7]_i_12_n_0
    SLICE_X40Y54         LUT6 (Prop_lut6_I3_O)        0.316    10.460 f  CPU/CM0/DCACHE/addr[7]_i_7/O
                         net (fo=1, routed)           0.728    11.188    CPU/CM0/DCACHE/addr[7]_i_7_n_0
    SLICE_X39Y56         LUT3 (Prop_lut3_I0_O)        0.124    11.312 r  CPU/CM0/DCACHE/addr[7]_i_5/O
                         net (fo=2, routed)           0.644    11.956    CPU/CC/addr_reg[7]_0
    SLICE_X38Y58         LUT6 (Prop_lut6_I3_O)        0.124    12.080 r  CPU/CC/addr[7]_i_3/O
                         net (fo=2, routed)           0.491    12.571    RAM/count3_carry__1_1[7]
    SLICE_X36Y58         LUT4 (Prop_lut4_I2_O)        0.124    12.695 r  RAM/count3_carry_i_8/O
                         net (fo=2, routed)           0.954    13.650    RAM/count3_carry_i_8_n_0
    SLICE_X35Y58         LUT5 (Prop_lut5_I3_O)        0.124    13.774 r  RAM/rstate3_carry_i_2/O
                         net (fo=1, routed)           0.000    13.774    RAM/rstate3_carry_i_2_n_0
    SLICE_X35Y58         CARRY4 (Prop_carry4_S[2]_CO[3])
                                                      0.398    14.172 r  RAM/rstate3_carry/CO[3]
                         net (fo=1, routed)           0.000    14.172    RAM/rstate3_carry_n_0
    SLICE_X35Y59         CARRY4 (Prop_carry4_CI_CO[3])
                                                      0.114    14.286 r  RAM/rstate3_carry__0/CO[3]
                         net (fo=1, routed)           0.000    14.286    RAM/rstate3_carry__0_n_0
    SLICE_X35Y60         CARRY4 (Prop_carry4_CI_CO[2])
                                                      0.228    14.514 r  RAM/rstate3_carry__1/CO[2]
                         net (fo=50, routed)          1.266    15.780    RAM/CO[0]
    SLICE_X46Y46         LUT6 (Prop_lut6_I3_O)        0.313    16.093 r  RAM/mem_reg_13_i_3/O
                         net (fo=1, routed)           0.844    16.937    RAM/mem_reg_13_i_3_n_0
    RAMB36_X1Y7          RAMB36E1                                     r  RAM/mem_reg_13/WEA[0]
  -------------------------------------------------------------------    -------------------

                         (clock MAIN rise edge)       5.000     5.000 r  
    D18                                               0.000     5.000 r  CLK (IN)
                         net (fo=0)                   0.000     5.000    CLK
    D18                  IBUF (Prop_ibuf_I_O)         0.820     5.820 r  CLK_IBUF_inst/O
                         net (fo=1, routed)           1.868     7.688    CLK_IBUF
    BUFGCTRL_X0Y16       BUFG (Prop_bufg_I_O)         0.091     7.779 r  CLK_IBUF_BUFG_inst/O
                         net (fo=70, routed)          1.494     9.273    RAM/CLK
    RAMB36_X1Y7          RAMB36E1                                     r  RAM/mem_reg_13/CLKARDCLK
                         clock pessimism              0.242     9.515    
                         clock uncertainty           -0.035     9.480    
    RAMB36_X1Y7          RAMB36E1 (Setup_ramb36e1_CLKARDCLK_WEA[0])
                                                     -0.532     8.948    RAM/mem_reg_13
  -------------------------------------------------------------------
                         required time                          8.948    
                         arrival time                         -16.937    
  -------------------------------------------------------------------
                         slack                                 -7.989    

Slack (VIOLATED) :        -7.923ns  (required time - arrival time)
  Source:                 CPU/CM0/DCACHE/m_setIdx_reg[0]_rep__0/C
                            (rising edge-triggered cell FDCE clocked by CPUCLK  {rise@0.000ns fall@5.000ns period=10.000ns})
  Destination:            RAM/mem_reg_10/WEA[0]
                            (rising edge-triggered cell RAMB36E1 clocked by MAIN  {rise@0.000ns fall@2.500ns period=5.000ns})
  Path Group:             MAIN
  Path Type:              Setup (Max at Slow Process Corner)
  Requirement:            5.000ns  (MAIN rise@5.000ns - CPUCLK rise@0.000ns)
  Data Path Delay:        9.589ns  (logic 2.849ns (29.711%)  route 6.740ns (70.289%))
  Logic Levels:           12  (CARRY4=3 LUT3=1 LUT4=1 LUT5=1 LUT6=4 MUXF7=1 MUXF8=1)
  Clock Path Skew:        -2.767ns (DCD - SCD + CPR)
    Destination Clock Delay (DCD):    4.276ns = ( 9.276 - 5.000 ) 
    Source Clock Delay      (SCD):    7.285ns
    Clock Pessimism Removal (CPR):    0.242ns
  Clock Uncertainty:      0.035ns  ((TSJ^2 + TIJ^2)^1/2 + DJ) / 2 + PE
    Total System Jitter     (TSJ):    0.071ns
    Total Input Jitter      (TIJ):    0.000ns
    Discrete Jitter          (DJ):    0.000ns
    Phase Error              (PE):    0.000ns

    Location             Delay type                Incr(ns)  Path(ns)    Netlist Resource(s)
  -------------------------------------------------------------------    -------------------
                         (clock CPUCLK rise edge)     0.000     0.000 r  
    D18                                               0.000     0.000 r  CLK (IN)
                         net (fo=0)                   0.000     0.000    CLK
    D18                  IBUF (Prop_ibuf_I_O)         0.954     0.954 r  CLK_IBUF_inst/O
                         net (fo=1, routed)           1.972     2.925    CLK_IBUF
    BUFGCTRL_X0Y16       BUFG (Prop_bufg_I_O)         0.096     3.021 r  CLK_IBUF_BUFG_inst/O
                         net (fo=70, routed)          1.567     4.589    CLK_IBUF_BUFG
    SLICE_X39Y46         FDCE (Prop_fdce_C_Q)         0.456     5.045 r  CPUCLK_reg/Q
                         net (fo=2, routed)           0.589     5.634    CPUCLK
    BUFGCTRL_X0Y0        BUFG (Prop_bufg_I_O)         0.096     5.730 r  CPUCLK_BUFG_inst/O
                         net (fo=8214, routed)        1.555     7.285    CPU/CM0/DCACHE/CPUCLK_BUFG
    SLICE_X46Y55         FDCE                                         r  CPU/CM0/DCACHE/m_setIdx_reg[0]_rep__0/C
  -------------------------------------------------------------------    -------------------
    SLICE_X46Y55         FDCE (Prop_fdce_C_Q)         0.518     7.803 r  CPU/CM0/DCACHE/m_setIdx_reg[0]_rep__0/Q
                         net (fo=107, routed)         1.229     9.033    CPU/CM0/DCACHE/m_setIdx_reg[0]_rep__0_n_0
    SLICE_X40Y51         LUT6 (Prop_lut6_I4_O)        0.124     9.157 r  CPU/CM0/DCACHE/addr[7]_i_28/O
                         net (fo=1, routed)           0.000     9.157    CPU/CM0/DCACHE/addr[7]_i_28_n_0
    SLICE_X40Y51         MUXF7 (Prop_muxf7_I0_O)      0.238     9.395 r  CPU/CM0/DCACHE/addr_reg[7]_i_20/O
                         net (fo=1, routed)           0.000     9.395    CPU/CM0/DCACHE/addr_reg[7]_i_20_n_0
    SLICE_X40Y51         MUXF8 (Prop_muxf8_I0_O)      0.104     9.499 r  CPU/CM0/DCACHE/addr_reg[7]_i_12/O
                         net (fo=1, routed)           0.645    10.144    CPU/CM0/DCACHE/addr_reg[7]_i_12_n_0
    SLICE_X40Y54         LUT6 (Prop_lut6_I3_O)        0.316    10.460 f  CPU/CM0/DCACHE/addr[7]_i_7/O
                         net (fo=1, routed)           0.728    11.188    CPU/CM0/DCACHE/addr[7]_i_7_n_0
    SLICE_X39Y56         LUT3 (Prop_lut3_I0_O)        0.124    11.312 r  CPU/CM0/DCACHE/addr[7]_i_5/O
                         net (fo=2, routed)           0.644    11.956    CPU/CC/addr_reg[7]_0
    SLICE_X38Y58         LUT6 (Prop_lut6_I3_O)        0.124    12.080 r  CPU/CC/addr[7]_i_3/O
                         net (fo=2, routed)           0.491    12.571    RAM/count3_carry__1_1[7]
    SLICE_X36Y58         LUT4 (Prop_lut4_I2_O)        0.124    12.695 r  RAM/count3_carry_i_8/O
                         net (fo=2, routed)           0.954    13.650    RAM/count3_carry_i_8_n_0
    SLICE_X35Y58         LUT5 (Prop_lut5_I3_O)        0.124    13.774 r  RAM/rstate3_carry_i_2/O
                         net (fo=1, routed)           0.000    13.774    RAM/rstate3_carry_i_2_n_0
    SLICE_X35Y58         CARRY4 (Prop_carry4_S[2]_CO[3])
                                                      0.398    14.172 r  RAM/rstate3_carry/CO[3]
                         net (fo=1, routed)           0.000    14.172    RAM/rstate3_carry_n_0
    SLICE_X35Y59         CARRY4 (Prop_carry4_CI_CO[3])
                                                      0.114    14.286 r  RAM/rstate3_carry__0/CO[3]
                         net (fo=1, routed)           0.000    14.286    RAM/rstate3_carry__0_n_0
    SLICE_X35Y60         CARRY4 (Prop_carry4_CI_CO[2])
                                                      0.228    14.514 r  RAM/rstate3_carry__1/CO[2]
                         net (fo=50, routed)          1.244    15.757    RAM/CO[0]
    SLICE_X11Y51         LUT6 (Prop_lut6_I3_O)        0.313    16.070 r  RAM/mem_reg_10_i_3/O
                         net (fo=1, routed)           0.804    16.874    RAM/mem_reg_10_i_3_n_0
    RAMB36_X0Y9          RAMB36E1                                     r  RAM/mem_reg_10/WEA[0]
  -------------------------------------------------------------------    -------------------

                         (clock MAIN rise edge)       5.000     5.000 r  
    D18                                               0.000     5.000 r  CLK (IN)
                         net (fo=0)                   0.000     5.000    CLK
    D18                  IBUF (Prop_ibuf_I_O)         0.820     5.820 r  CLK_IBUF_inst/O
                         net (fo=1, routed)           1.868     7.688    CLK_IBUF
    BUFGCTRL_X0Y16       BUFG (Prop_bufg_I_O)         0.091     7.779 r  CLK_IBUF_BUFG_inst/O
                         net (fo=70, routed)          1.497     9.276    RAM/CLK
    RAMB36_X0Y9          RAMB36E1                                     r  RAM/mem_reg_10/CLKARDCLK
                         clock pessimism              0.242     9.518    
                         clock uncertainty           -0.035     9.483    
    RAMB36_X0Y9          RAMB36E1 (Setup_ramb36e1_CLKARDCLK_WEA[0])
                                                     -0.532     8.951    RAM/mem_reg_10
  -------------------------------------------------------------------
                         required time                          8.951    
                         arrival time                         -16.874    
  -------------------------------------------------------------------
                         slack                                 -7.923    





Min Delay Paths
--------------------------------------------------------------------------------------
Slack (MET) :             0.270ns  (arrival time - required time)
  Source:                 CPUCLK_reg/Q
                            (clock source 'CPUCLK'  {rise@0.000ns fall@5.000ns period=10.000ns})
  Destination:            CPUCLK_reg/D
                            (rising edge-triggered cell FDCE clocked by MAIN  {rise@0.000ns fall@2.500ns period=5.000ns})
  Path Group:             MAIN
  Path Type:              Hold (Min at Fast Process Corner)
  Requirement:            0.000ns  (MAIN rise@5.000ns - CPUCLK fall@5.000ns)
  Data Path Delay:        0.490ns  (logic 0.045ns (9.179%)  route 0.445ns (90.821%))
  Logic Levels:           1  (LUT1=1)
  Clock Path Skew:        0.128ns (DCD - SCD - CPR)
    Destination Clock Delay (DCD):    1.923ns = ( 6.923 - 5.000 ) 
    Source Clock Delay      (SCD):    1.549ns = ( 6.549 - 5.000 ) 
    Clock Pessimism Removal (CPR):    0.246ns

    Location             Delay type                Incr(ns)  Path(ns)    Netlist Resource(s)
  -------------------------------------------------------------------    -------------------
                         (clock CPUCLK fall edge)     5.000     5.000 f  
    D18                                               0.000     5.000 r  CLK (IN)
                         net (fo=0)                   0.000     5.000    CLK
    D18                  IBUF (Prop_ibuf_I_O)         0.183     5.183 r  CLK_IBUF_inst/O
                         net (fo=1, routed)           0.634     5.817    CLK_IBUF
    BUFGCTRL_X0Y16       BUFG (Prop_bufg_I_O)         0.026     5.843 r  CLK_IBUF_BUFG_inst/O
                         net (fo=70, routed)          0.565     6.408    CLK_IBUF_BUFG
  -------------------------------------------------------------------    -------------------
    SLICE_X39Y46         FDCE (Prop_fdce_C_Q)         0.141     6.549 f  CPUCLK_reg/Q
                         net (fo=2, routed)           0.445     6.994    CPUCLK
    SLICE_X39Y46         LUT1 (Prop_lut1_I0_O)        0.045     7.039 r  CPUCLK_i_1/O
                         net (fo=1, routed)           0.000     7.039    CPUCLK_i_1_n_0
    SLICE_X39Y46         FDCE                                         r  CPUCLK_reg/D
  -------------------------------------------------------------------    -------------------

                         (clock MAIN rise edge)       5.000     5.000 r  
    D18                                               0.000     5.000 r  CLK (IN)
                         net (fo=0)                   0.000     5.000    CLK
    D18                  IBUF (Prop_ibuf_I_O)         0.372     5.372 r  CLK_IBUF_inst/O
                         net (fo=1, routed)           0.689     6.060    CLK_IBUF
    BUFGCTRL_X0Y16       BUFG (Prop_bufg_I_O)         0.029     6.089 r  CLK_IBUF_BUFG_inst/O
                         net (fo=70, routed)          0.834     6.923    CLK_IBUF_BUFG
    SLICE_X39Y46         FDCE                                         r  CPUCLK_reg/C
                         clock pessimism             -0.246     6.677    
    SLICE_X39Y46         FDCE (Hold_fdce_C_D)         0.092     6.769    CPUCLK_reg
  -------------------------------------------------------------------
                         required time                         -6.769    
                         arrival time                           7.039    
  -------------------------------------------------------------------
                         slack                                  0.270    

Slack (MET) :             1.471ns  (arrival time - required time)
  Source:                 CPU/CC/lru_reg/C
                            (rising edge-triggered cell FDCE clocked by CPUCLK  {rise@0.000ns fall@5.000ns period=10.000ns})
  Destination:            RAM/addr_reg[16]/D
                            (rising edge-triggered cell FDCE clocked by MAIN  {rise@0.000ns fall@2.500ns period=5.000ns})
  Path Group:             MAIN
  Path Type:              Hold (Min at Fast Process Corner)
  Requirement:            0.000ns  (MAIN rise@0.000ns - CPUCLK rise@0.000ns)
  Data Path Delay:        0.891ns  (logic 0.231ns (25.918%)  route 0.660ns (74.082%))
  Logic Levels:           2  (LUT3=1 LUT6=1)
  Clock Path Skew:        -0.700ns (DCD - SCD - CPR)
    Destination Clock Delay (DCD):    1.914ns
    Source Clock Delay      (SCD):    2.368ns
    Clock Pessimism Removal (CPR):    0.246ns

    Location             Delay type                Incr(ns)  Path(ns)    Netlist Resource(s)
  -------------------------------------------------------------------    -------------------
                         (clock CPUCLK rise edge)     0.000     0.000 r  
    D18                                               0.000     0.000 r  CLK (IN)
                         net (fo=0)                   0.000     0.000    CLK
    D18                  IBUF (Prop_ibuf_I_O)         0.183     0.183 r  CLK_IBUF_inst/O
                         net (fo=1, routed)           0.634     0.817    CLK_IBUF
    BUFGCTRL_X0Y16       BUFG (Prop_bufg_I_O)         0.026     0.843 r  CLK_IBUF_BUFG_inst/O
                         net (fo=70, routed)          0.565     1.408    CLK_IBUF_BUFG
    SLICE_X39Y46         FDCE (Prop_fdce_C_Q)         0.141     1.549 r  CPUCLK_reg/Q
                         net (fo=2, routed)           0.234     1.783    CPUCLK
    BUFGCTRL_X0Y0        BUFG (Prop_bufg_I_O)         0.026     1.809 r  CPUCLK_BUFG_inst/O
                         net (fo=8214, routed)        0.559     2.368    CPU/CC/CPUCLK_BUFG
    SLICE_X36Y61         FDCE                                         r  CPU/CC/lru_reg/C
  -------------------------------------------------------------------    -------------------
    SLICE_X36Y61         FDCE (Prop_fdce_C_Q)         0.141     2.509 r  CPU/CC/lru_reg/Q
                         net (fo=371, routed)         0.420     2.929    CPU/CC/lru
    SLICE_X38Y60         LUT6 (Prop_lut6_I5_O)        0.045     2.974 r  CPU/CC/addr[16]_i_3/O
                         net (fo=2, routed)           0.240     3.214    CPU/CC/prif\\.memaddr[16]
    SLICE_X34Y61         LUT3 (Prop_lut3_I2_O)        0.045     3.259 r  CPU/CC/addr[16]_i_1/O
                         net (fo=1, routed)           0.000     3.259    RAM/D[16]
    SLICE_X34Y61         FDCE                                         r  RAM/addr_reg[16]/D
  -------------------------------------------------------------------    -------------------

                         (clock MAIN rise edge)       0.000     0.000 r  
    D18                                               0.000     0.000 r  CLK (IN)
                         net (fo=0)                   0.000     0.000    CLK
    D18                  IBUF (Prop_ibuf_I_O)         0.372     0.372 r  CLK_IBUF_inst/O
                         net (fo=1, routed)           0.689     1.060    CLK_IBUF
    BUFGCTRL_X0Y16       BUFG (Prop_bufg_I_O)         0.029     1.089 r  CLK_IBUF_BUFG_inst/O
                         net (fo=70, routed)          0.825     1.914    RAM/CLK
    SLICE_X34Y61         FDCE                                         r  RAM/addr_reg[16]/C
                         clock pessimism             -0.246     1.667    
    SLICE_X34Y61         FDCE (Hold_fdce_C_D)         0.120     1.787    RAM/addr_reg[16]
  -------------------------------------------------------------------
                         required time                         -1.787    
                         arrival time                           3.259    
  -------------------------------------------------------------------
                         slack                                  1.471    

Slack (MET) :             1.473ns  (arrival time - required time)
  Source:                 CPU/CC/lru_reg/C
                            (rising edge-triggered cell FDCE clocked by CPUCLK  {rise@0.000ns fall@5.000ns period=10.000ns})
  Destination:            RAM/addr_reg[17]/D
                            (rising edge-triggered cell FDCE clocked by MAIN  {rise@0.000ns fall@2.500ns period=5.000ns})
  Path Group:             MAIN
  Path Type:              Hold (Min at Fast Process Corner)
  Requirement:            0.000ns  (MAIN rise@0.000ns - CPUCLK rise@0.000ns)
  Data Path Delay:        0.864ns  (logic 0.231ns (26.750%)  route 0.633ns (73.249%))
  Logic Levels:           2  (LUT3=1 LUT6=1)
  Clock Path Skew:        -0.700ns (DCD - SCD - CPR)
    Destination Clock Delay (DCD):    1.914ns
    Source Clock Delay      (SCD):    2.368ns
    Clock Pessimism Removal (CPR):    0.246ns

    Location             Delay type                Incr(ns)  Path(ns)    Netlist Resource(s)
  -------------------------------------------------------------------    -------------------
                         (clock CPUCLK rise edge)     0.000     0.000 r  
    D18                                               0.000     0.000 r  CLK (IN)
                         net (fo=0)                   0.000     0.000    CLK
    D18                  IBUF (Prop_ibuf_I_O)         0.183     0.183 r  CLK_IBUF_inst/O
                         net (fo=1, routed)           0.634     0.817    CLK_IBUF
    BUFGCTRL_X0Y16       BUFG (Prop_bufg_I_O)         0.026     0.843 r  CLK_IBUF_BUFG_inst/O
                         net (fo=70, routed)          0.565     1.408    CLK_IBUF_BUFG
    SLICE_X39Y46         FDCE (Prop_fdce_C_Q)         0.141     1.549 r  CPUCLK_reg/Q
                         net (fo=2, routed)           0.234     1.783    CPUCLK
    BUFGCTRL_X0Y0        BUFG (Prop_bufg_I_O)         0.026     1.809 r  CPUCLK_BUFG_inst/O
                         net (fo=8214, routed)        0.559     2.368    CPU/CC/CPUCLK_BUFG
    SLICE_X36Y61         FDCE                                         r  CPU/CC/lru_reg/C
  -------------------------------------------------------------------    -------------------
    SLICE_X36Y61         FDCE (Prop_fdce_C_Q)         0.141     2.509 r  CPU/CC/lru_reg/Q
                         net (fo=371, routed)         0.390     2.899    CPU/CC/lru
    SLICE_X37Y60         LUT6 (Prop_lut6_I5_O)        0.045     2.944 r  CPU/CC/addr[17]_i_3/O
                         net (fo=2, routed)           0.243     3.186    CPU/CC/prif\\.memaddr[17]
    SLICE_X35Y61         LUT3 (Prop_lut3_I2_O)        0.045     3.231 r  CPU/CC/addr[17]_i_1/O
                         net (fo=1, routed)           0.000     3.231    RAM/D[17]
    SLICE_X35Y61         FDCE                                         r  RAM/addr_reg[17]/D
  -------------------------------------------------------------------    -------------------

                         (clock MAIN rise edge)       0.000     0.000 r  
    D18                                               0.000     0.000 r  CLK (IN)
                         net (fo=0)                   0.000     0.000    CLK
    D18                  IBUF (Prop_ibuf_I_O)         0.372     0.372 r  CLK_IBUF_inst/O
                         net (fo=1, routed)           0.689     1.060    CLK_IBUF
    BUFGCTRL_X0Y16       BUFG (Prop_bufg_I_O)         0.029     1.089 r  CLK_IBUF_BUFG_inst/O
                         net (fo=70, routed)          0.825     1.914    RAM/CLK
    SLICE_X35Y61         FDCE                                         r  RAM/addr_reg[17]/C
                         clock pessimism             -0.246     1.667    
    SLICE_X35Y61         FDCE (Hold_fdce_C_D)         0.091     1.758    RAM/addr_reg[17]
  -------------------------------------------------------------------
                         required time                         -1.758    
                         arrival time                           3.231    
  -------------------------------------------------------------------
                         slack                                  1.473    

Slack (MET) :             1.511ns  (arrival time - required time)
  Source:                 CPU/CC/lru_reg/C
                            (rising edge-triggered cell FDCE clocked by CPUCLK  {rise@0.000ns fall@5.000ns period=10.000ns})
  Destination:            RAM/addr_reg[24]/D
                            (rising edge-triggered cell FDCE clocked by MAIN  {rise@0.000ns fall@2.500ns period=5.000ns})
  Path Group:             MAIN
  Path Type:              Hold (Min at Fast Process Corner)
  Requirement:            0.000ns  (MAIN rise@0.000ns - CPUCLK rise@0.000ns)
  Data Path Delay:        0.903ns  (logic 0.231ns (25.584%)  route 0.672ns (74.416%))
  Logic Levels:           2  (LUT3=1 LUT5=1)
  Clock Path Skew:        -0.700ns (DCD - SCD - CPR)
    Destination Clock Delay (DCD):    1.914ns
    Source Clock Delay      (SCD):    2.368ns
    Clock Pessimism Removal (CPR):    0.246ns

    Location             Delay type                Incr(ns)  Path(ns)    Netlist Resource(s)
  -------------------------------------------------------------------    -------------------
                         (clock CPUCLK rise edge)     0.000     0.000 r  
    D18                                               0.000     0.000 r  CLK (IN)
                         net (fo=0)                   0.000     0.000    CLK
    D18                  IBUF (Prop_ibuf_I_O)         0.183     0.183 r  CLK_IBUF_inst/O
                         net (fo=1, routed)           0.634     0.817    CLK_IBUF
    BUFGCTRL_X0Y16       BUFG (Prop_bufg_I_O)         0.026     0.843 r  CLK_IBUF_BUFG_inst/O
                         net (fo=70, routed)          0.565     1.408    CLK_IBUF_BUFG
    SLICE_X39Y46         FDCE (Prop_fdce_C_Q)         0.141     1.549 r  CPUCLK_reg/Q
                         net (fo=2, routed)           0.234     1.783    CPUCLK
    BUFGCTRL_X0Y0        BUFG (Prop_bufg_I_O)         0.026     1.809 r  CPUCLK_BUFG_inst/O
                         net (fo=8214, routed)        0.559     2.368    CPU/CC/CPUCLK_BUFG
    SLICE_X36Y61         FDCE                                         r  CPU/CC/lru_reg/C
  -------------------------------------------------------------------    -------------------
    SLICE_X36Y61         FDCE (Prop_fdce_C_Q)         0.141     2.509 r  CPU/CC/lru_reg/Q
                         net (fo=371, routed)         0.383     2.892    CPU/CC/lru
    SLICE_X39Y61         LUT5 (Prop_lut5_I4_O)        0.045     2.937 r  CPU/CC/addr[24]_i_3/O
                         net (fo=3, routed)           0.289     3.226    CPU/CC/lru_reg_4[18]
    SLICE_X35Y61         LUT3 (Prop_lut3_I2_O)        0.045     3.271 r  CPU/CC/addr[24]_i_1/O
                         net (fo=1, routed)           0.000     3.271    RAM/D[24]
    SLICE_X35Y61         FDCE                                         r  RAM/addr_reg[24]/D
  -------------------------------------------------------------------    -------------------

                         (clock MAIN rise edge)       0.000     0.000 r  
    D18                                               0.000     0.000 r  CLK (IN)
                         net (fo=0)                   0.000     0.000    CLK
    D18                  IBUF (Prop_ibuf_I_O)         0.372     0.372 r  CLK_IBUF_inst/O
                         net (fo=1, routed)           0.689     1.060    CLK_IBUF
    BUFGCTRL_X0Y16       BUFG (Prop_bufg_I_O)         0.029     1.089 r  CLK_IBUF_BUFG_inst/O
                         net (fo=70, routed)          0.825     1.914    RAM/CLK
    SLICE_X35Y61         FDCE                                         r  RAM/addr_reg[24]/C
                         clock pessimism             -0.246     1.667    
    SLICE_X35Y61         FDCE (Hold_fdce_C_D)         0.092     1.759    RAM/addr_reg[24]
  -------------------------------------------------------------------
                         required time                         -1.759    
                         arrival time                           3.271    
  -------------------------------------------------------------------
                         slack                                  1.511    

Slack (MET) :             1.537ns  (arrival time - required time)
  Source:                 CPU/CC/FSM_sequential_curr_state_reg[3]/C
                            (rising edge-triggered cell FDCE clocked by CPUCLK  {rise@0.000ns fall@5.000ns period=10.000ns})
  Destination:            RAM/addr_reg[28]/D
                            (rising edge-triggered cell FDCE clocked by MAIN  {rise@0.000ns fall@2.500ns period=5.000ns})
  Path Group:             MAIN
  Path Type:              Hold (Min at Fast Process Corner)
  Requirement:            0.000ns  (MAIN rise@0.000ns - CPUCLK rise@0.000ns)
  Data Path Delay:        0.928ns  (logic 0.276ns (29.743%)  route 0.652ns (70.257%))
  Logic Levels:           3  (LUT3=1 LUT4=1 LUT6=1)
  Clock Path Skew:        -0.700ns (DCD - SCD - CPR)
    Destination Clock Delay (DCD):    1.913ns
    Source Clock Delay      (SCD):    2.367ns
    Clock Pessimism Removal (CPR):    0.246ns

    Location             Delay type                Incr(ns)  Path(ns)    Netlist Resource(s)
  -------------------------------------------------------------------    -------------------
                         (clock CPUCLK rise edge)     0.000     0.000 r  
    D18                                               0.000     0.000 r  CLK (IN)
                         net (fo=0)                   0.000     0.000    CLK
    D18                  IBUF (Prop_ibuf_I_O)         0.183     0.183 r  CLK_IBUF_inst/O
                         net (fo=1, routed)           0.634     0.817    CLK_IBUF
    BUFGCTRL_X0Y16       BUFG (Prop_bufg_I_O)         0.026     0.843 r  CLK_IBUF_BUFG_inst/O
                         net (fo=70, routed)          0.565     1.408    CLK_IBUF_BUFG
    SLICE_X39Y46         FDCE (Prop_fdce_C_Q)         0.141     1.549 r  CPUCLK_reg/Q
                         net (fo=2, routed)           0.234     1.783    CPUCLK
    BUFGCTRL_X0Y0        BUFG (Prop_bufg_I_O)         0.026     1.809 r  CPUCLK_BUFG_inst/O
                         net (fo=8214, routed)        0.558     2.367    CPU/CC/CPUCLK_BUFG
    SLICE_X36Y62         FDCE                                         r  CPU/CC/FSM_sequential_curr_state_reg[3]/C
  -------------------------------------------------------------------    -------------------
    SLICE_X36Y62         FDCE (Prop_fdce_C_Q)         0.141     2.508 r  CPU/CC/FSM_sequential_curr_state_reg[3]/Q
                         net (fo=138, routed)         0.124     2.632    CPU/CC/curr_state[3]
    SLICE_X37Y62         LUT4 (Prop_lut4_I0_O)        0.045     2.677 f  CPU/CC/addr[31]_i_6/O
                         net (fo=33, routed)          0.157     2.833    CPU/CC/addr[31]_i_6_n_0
    SLICE_X38Y61         LUT6 (Prop_lut6_I2_O)        0.045     2.878 r  CPU/CC/addr[28]_i_3/O
                         net (fo=2, routed)           0.371     3.250    CPU/CC/prif\\.memaddr[28]
    SLICE_X33Y62         LUT3 (Prop_lut3_I2_O)        0.045     3.295 r  CPU/CC/addr[28]_i_1/O
                         net (fo=1, routed)           0.000     3.295    RAM/D[28]
    SLICE_X33Y62         FDCE                                         r  RAM/addr_reg[28]/D
  -------------------------------------------------------------------    -------------------

                         (clock MAIN rise edge)       0.000     0.000 r  
    D18                                               0.000     0.000 r  CLK (IN)
                         net (fo=0)                   0.000     0.000    CLK
    D18                  IBUF (Prop_ibuf_I_O)         0.372     0.372 r  CLK_IBUF_inst/O
                         net (fo=1, routed)           0.689     1.060    CLK_IBUF
    BUFGCTRL_X0Y16       BUFG (Prop_bufg_I_O)         0.029     1.089 r  CLK_IBUF_BUFG_inst/O
                         net (fo=70, routed)          0.823     1.913    RAM/CLK
    SLICE_X33Y62         FDCE                                         r  RAM/addr_reg[28]/C
                         clock pessimism             -0.246     1.666    
    SLICE_X33Y62         FDCE (Hold_fdce_C_D)         0.091     1.757    RAM/addr_reg[28]
  -------------------------------------------------------------------
                         required time                         -1.757    
                         arrival time                           3.295    
  -------------------------------------------------------------------
                         slack                                  1.537    

Slack (MET) :             1.547ns  (arrival time - required time)
  Source:                 CPU/CC/lru_reg/C
                            (rising edge-triggered cell FDCE clocked by CPUCLK  {rise@0.000ns fall@5.000ns period=10.000ns})
  Destination:            RAM/addr_reg[13]/D
                            (rising edge-triggered cell FDCE clocked by MAIN  {rise@0.000ns fall@2.500ns period=5.000ns})
  Path Group:             MAIN
  Path Type:              Hold (Min at Fast Process Corner)
  Requirement:            0.000ns  (MAIN rise@0.000ns - CPUCLK rise@0.000ns)
  Data Path Delay:        0.934ns  (logic 0.231ns (24.723%)  route 0.703ns (75.277%))
  Logic Levels:           2  (LUT3=1 LUT6=1)
  Clock Path Skew:        -0.702ns (DCD - SCD - CPR)
    Destination Clock Delay (DCD):    1.912ns
    Source Clock Delay      (SCD):    2.368ns
    Clock Pessimism Removal (CPR):    0.246ns

    Location             Delay type                Incr(ns)  Path(ns)    Netlist Resource(s)
  -------------------------------------------------------------------    -------------------
                         (clock CPUCLK rise edge)     0.000     0.000 r  
    D18                                               0.000     0.000 r  CLK (IN)
                         net (fo=0)                   0.000     0.000    CLK
    D18                  IBUF (Prop_ibuf_I_O)         0.183     0.183 r  CLK_IBUF_inst/O
                         net (fo=1, routed)           0.634     0.817    CLK_IBUF
    BUFGCTRL_X0Y16       BUFG (Prop_bufg_I_O)         0.026     0.843 r  CLK_IBUF_BUFG_inst/O
                         net (fo=70, routed)          0.565     1.408    CLK_IBUF_BUFG
    SLICE_X39Y46         FDCE (Prop_fdce_C_Q)         0.141     1.549 r  CPUCLK_reg/Q
                         net (fo=2, routed)           0.234     1.783    CPUCLK
    BUFGCTRL_X0Y0        BUFG (Prop_bufg_I_O)         0.026     1.809 r  CPUCLK_BUFG_inst/O
                         net (fo=8214, routed)        0.559     2.368    CPU/CC/CPUCLK_BUFG
    SLICE_X36Y61         FDCE                                         r  CPU/CC/lru_reg/C
  -------------------------------------------------------------------    -------------------
    SLICE_X36Y61         FDCE (Prop_fdce_C_Q)         0.141     2.509 r  CPU/CC/lru_reg/Q
                         net (fo=371, routed)         0.235     2.744    CPU/CC/lru
    SLICE_X37Y61         LUT6 (Prop_lut6_I2_O)        0.045     2.789 r  CPU/CC/addr[13]_i_3/O
                         net (fo=1, routed)           0.153     2.942    CPU/CC/lru_reg_4[13]
    SLICE_X36Y61         LUT3 (Prop_lut3_I2_O)        0.045     2.987 r  CPU/CC/addr[13]_i_1/O
                         net (fo=17, routed)          0.316     3.302    RAM/D[13]
    SLICE_X34Y62         FDCE                                         r  RAM/addr_reg[13]/D
  -------------------------------------------------------------------    -------------------

                         (clock MAIN rise edge)       0.000     0.000 r  
    D18                                               0.000     0.000 r  CLK (IN)
                         net (fo=0)                   0.000     0.000    CLK
    D18                  IBUF (Prop_ibuf_I_O)         0.372     0.372 r  CLK_IBUF_inst/O
                         net (fo=1, routed)           0.689     1.060    CLK_IBUF
    BUFGCTRL_X0Y16       BUFG (Prop_bufg_I_O)         0.029     1.089 r  CLK_IBUF_BUFG_inst/O
                         net (fo=70, routed)          0.822     1.912    RAM/CLK
    SLICE_X34Y62         FDCE                                         r  RAM/addr_reg[13]/C
                         clock pessimism             -0.246     1.665    
    SLICE_X34Y62         FDCE (Hold_fdce_C_D)         0.090     1.755    RAM/addr_reg[13]
  -------------------------------------------------------------------
                         required time                         -1.755    
                         arrival time                           3.302    
  -------------------------------------------------------------------
                         slack                                  1.547    

Slack (MET) :             1.554ns  (arrival time - required time)
  Source:                 CPU/CC/lru_reg/C
                            (rising edge-triggered cell FDCE clocked by CPUCLK  {rise@0.000ns fall@5.000ns period=10.000ns})
  Destination:            RAM/mem_reg_0/ADDRARDADDR[12]
                            (rising edge-triggered cell RAMB36E1 clocked by MAIN  {rise@0.000ns fall@2.500ns period=5.000ns})
  Path Group:             MAIN
  Path Type:              Hold (Min at Fast Process Corner)
  Requirement:            0.000ns  (MAIN rise@0.000ns - CPUCLK rise@0.000ns)
  Data Path Delay:        1.086ns  (logic 0.231ns (21.280%)  route 0.855ns (78.720%))
  Logic Levels:           2  (LUT3=1 LUT6=1)
  Clock Path Skew:        -0.652ns (DCD - SCD - CPR)
    Destination Clock Delay (DCD):    1.962ns
    Source Clock Delay      (SCD):    2.368ns
    Clock Pessimism Removal (CPR):    0.246ns

    Location             Delay type                Incr(ns)  Path(ns)    Netlist Resource(s)
  -------------------------------------------------------------------    -------------------
                         (clock CPUCLK rise edge)     0.000     0.000 r  
    D18                                               0.000     0.000 r  CLK (IN)
                         net (fo=0)                   0.000     0.000    CLK
    D18                  IBUF (Prop_ibuf_I_O)         0.183     0.183 r  CLK_IBUF_inst/O
                         net (fo=1, routed)           0.634     0.817    CLK_IBUF
    BUFGCTRL_X0Y16       BUFG (Prop_bufg_I_O)         0.026     0.843 r  CLK_IBUF_BUFG_inst/O
                         net (fo=70, routed)          0.565     1.408    CLK_IBUF_BUFG
    SLICE_X39Y46         FDCE (Prop_fdce_C_Q)         0.141     1.549 r  CPUCLK_reg/Q
                         net (fo=2, routed)           0.234     1.783    CPUCLK
    BUFGCTRL_X0Y0        BUFG (Prop_bufg_I_O)         0.026     1.809 r  CPUCLK_BUFG_inst/O
                         net (fo=8214, routed)        0.559     2.368    CPU/CC/CPUCLK_BUFG
    SLICE_X36Y61         FDCE                                         r  CPU/CC/lru_reg/C
  -------------------------------------------------------------------    -------------------
    SLICE_X36Y61         FDCE (Prop_fdce_C_Q)         0.141     2.509 r  CPU/CC/lru_reg/Q
                         net (fo=371, routed)         0.235     2.744    CPU/CC/lru
    SLICE_X37Y61         LUT6 (Prop_lut6_I2_O)        0.045     2.789 r  CPU/CC/addr[13]_i_3/O
                         net (fo=1, routed)           0.153     2.942    CPU/CC/lru_reg_4[13]
    SLICE_X36Y61         LUT3 (Prop_lut3_I2_O)        0.045     2.987 r  CPU/CC/addr[13]_i_1/O
                         net (fo=17, routed)          0.467     3.453    RAM/D[13]
    RAMB36_X1Y11         RAMB36E1                                     r  RAM/mem_reg_0/ADDRARDADDR[12]
  -------------------------------------------------------------------    -------------------

                         (clock MAIN rise edge)       0.000     0.000 r  
    D18                                               0.000     0.000 r  CLK (IN)
                         net (fo=0)                   0.000     0.000    CLK
    D18                  IBUF (Prop_ibuf_I_O)         0.372     0.372 r  CLK_IBUF_inst/O
                         net (fo=1, routed)           0.689     1.060    CLK_IBUF
    BUFGCTRL_X0Y16       BUFG (Prop_bufg_I_O)         0.029     1.089 r  CLK_IBUF_BUFG_inst/O
                         net (fo=70, routed)          0.873     1.962    RAM/CLK
    RAMB36_X1Y11         RAMB36E1                                     r  RAM/mem_reg_0/CLKARDCLK
                         clock pessimism             -0.246     1.716    
    RAMB36_X1Y11         RAMB36E1 (Hold_ramb36e1_CLKARDCLK_ADDRARDADDR[12])
                                                      0.183     1.899    RAM/mem_reg_0
  -------------------------------------------------------------------
                         required time                         -1.899    
                         arrival time                           3.453    
  -------------------------------------------------------------------
                         slack                                  1.554    

Slack (MET) :             1.561ns  (arrival time - required time)
  Source:                 CPU/CC/FSM_sequential_curr_state_reg[3]/C
                            (rising edge-triggered cell FDCE clocked by CPUCLK  {rise@0.000ns fall@5.000ns period=10.000ns})
  Destination:            RAM/addr_reg[19]/D
                            (rising edge-triggered cell FDCE clocked by MAIN  {rise@0.000ns fall@2.500ns period=5.000ns})
  Path Group:             MAIN
  Path Type:              Hold (Min at Fast Process Corner)
  Requirement:            0.000ns  (MAIN rise@0.000ns - CPUCLK rise@0.000ns)
  Data Path Delay:        0.969ns  (logic 0.279ns (28.795%)  route 0.690ns (71.205%))
  Logic Levels:           3  (LUT3=1 LUT4=1 LUT6=1)
  Clock Path Skew:        -0.699ns (DCD - SCD - CPR)
    Destination Clock Delay (DCD):    1.914ns
    Source Clock Delay      (SCD):    2.367ns
    Clock Pessimism Removal (CPR):    0.246ns

    Location             Delay type                Incr(ns)  Path(ns)    Netlist Resource(s)
  -------------------------------------------------------------------    -------------------
                         (clock CPUCLK rise edge)     0.000     0.000 r  
    D18                                               0.000     0.000 r  CLK (IN)
                         net (fo=0)                   0.000     0.000    CLK
    D18                  IBUF (Prop_ibuf_I_O)         0.183     0.183 r  CLK_IBUF_inst/O
                         net (fo=1, routed)           0.634     0.817    CLK_IBUF
    BUFGCTRL_X0Y16       BUFG (Prop_bufg_I_O)         0.026     0.843 r  CLK_IBUF_BUFG_inst/O
                         net (fo=70, routed)          0.565     1.408    CLK_IBUF_BUFG
    SLICE_X39Y46         FDCE (Prop_fdce_C_Q)         0.141     1.549 r  CPUCLK_reg/Q
                         net (fo=2, routed)           0.234     1.783    CPUCLK
    BUFGCTRL_X0Y0        BUFG (Prop_bufg_I_O)         0.026     1.809 r  CPUCLK_BUFG_inst/O
                         net (fo=8214, routed)        0.558     2.367    CPU/CC/CPUCLK_BUFG
    SLICE_X36Y62         FDCE                                         r  CPU/CC/FSM_sequential_curr_state_reg[3]/C
  -------------------------------------------------------------------    -------------------
    SLICE_X36Y62         FDCE (Prop_fdce_C_Q)         0.141     2.508 r  CPU/CC/FSM_sequential_curr_state_reg[3]/Q
                         net (fo=138, routed)         0.124     2.632    CPU/CC/curr_state[3]
    SLICE_X37Y62         LUT4 (Prop_lut4_I0_O)        0.045     2.677 f  CPU/CC/addr[31]_i_6/O
                         net (fo=33, routed)          0.302     2.978    CPU/CC/addr[31]_i_6_n_0
    SLICE_X41Y60         LUT6 (Prop_lut6_I2_O)        0.045     3.023 r  CPU/CC/addr[19]_i_3/O
                         net (fo=3, routed)           0.264     3.288    CPU/CC/prif\\.memaddr[19]
    SLICE_X35Y61         LUT3 (Prop_lut3_I2_O)        0.048     3.336 r  CPU/CC/addr[19]_i_1/O
                         net (fo=1, routed)           0.000     3.336    RAM/D[19]
    SLICE_X35Y61         FDCE                                         r  RAM/addr_reg[19]/D
  -------------------------------------------------------------------    -------------------

                         (clock MAIN rise edge)       0.000     0.000 r  
    D18                                               0.000     0.000 r  CLK (IN)
                         net (fo=0)                   0.000     0.000    CLK
    D18                  IBUF (Prop_ibuf_I_O)         0.372     0.372 r  CLK_IBUF_inst/O
                         net (fo=1, routed)           0.689     1.060    CLK_IBUF
    BUFGCTRL_X0Y16       BUFG (Prop_bufg_I_O)         0.029     1.089 r  CLK_IBUF_BUFG_inst/O
                         net (fo=70, routed)          0.825     1.914    RAM/CLK
    SLICE_X35Y61         FDCE                                         r  RAM/addr_reg[19]/C
                         clock pessimism             -0.246     1.667    
    SLICE_X35Y61         FDCE (Hold_fdce_C_D)         0.107     1.774    RAM/addr_reg[19]
  -------------------------------------------------------------------
                         required time                         -1.774    
                         arrival time                           3.336    
  -------------------------------------------------------------------
                         slack                                  1.561    

Slack (MET) :             1.583ns  (arrival time - required time)
  Source:                 CPU/CM0/DCACHE/state_reg[3]/C
                            (rising edge-triggered cell FDCE clocked by CPUCLK  {rise@0.000ns fall@5.000ns period=10.000ns})
  Destination:            RAM/addr_reg[20]/D
                            (rising edge-triggered cell FDCE clocked by MAIN  {rise@0.000ns fall@2.500ns period=5.000ns})
  Path Group:             MAIN
  Path Type:              Hold (Min at Fast Process Corner)
  Requirement:            0.000ns  (MAIN rise@0.000ns - CPUCLK rise@0.000ns)
  Data Path Delay:        1.005ns  (logic 0.254ns (25.277%)  route 0.751ns (74.723%))
  Logic Levels:           2  (LUT3=1 LUT6=1)
  Clock Path Skew:        -0.699ns (DCD - SCD - CPR)
    Destination Clock Delay (DCD):    1.914ns
    Source Clock Delay      (SCD):    2.367ns
    Clock Pessimism Removal (CPR):    0.246ns

    Location             Delay type                Incr(ns)  Path(ns)    Netlist Resource(s)
  -------------------------------------------------------------------    -------------------
                         (clock CPUCLK rise edge)     0.000     0.000 r  
    D18                                               0.000     0.000 r  CLK (IN)
                         net (fo=0)                   0.000     0.000    CLK
    D18                  IBUF (Prop_ibuf_I_O)         0.183     0.183 r  CLK_IBUF_inst/O
                         net (fo=1, routed)           0.634     0.817    CLK_IBUF
    BUFGCTRL_X0Y16       BUFG (Prop_bufg_I_O)         0.026     0.843 r  CLK_IBUF_BUFG_inst/O
                         net (fo=70, routed)          0.565     1.408    CLK_IBUF_BUFG
    SLICE_X39Y46         FDCE (Prop_fdce_C_Q)         0.141     1.549 r  CPUCLK_reg/Q
                         net (fo=2, routed)           0.234     1.783    CPUCLK
    BUFGCTRL_X0Y0        BUFG (Prop_bufg_I_O)         0.026     1.809 r  CPUCLK_BUFG_inst/O
                         net (fo=8214, routed)        0.558     2.367    CPU/CM0/DCACHE/CPUCLK_BUFG
    SLICE_X34Y60         FDCE                                         r  CPU/CM0/DCACHE/state_reg[3]/C
  -------------------------------------------------------------------    -------------------
    SLICE_X34Y60         FDCE (Prop_fdce_C_Q)         0.164     2.531 f  CPU/CM0/DCACHE/state_reg[3]/Q
                         net (fo=166, routed)         0.508     3.039    CPU/CC/addr_reg[9]_1[3]
    SLICE_X40Y60         LUT6 (Prop_lut6_I2_O)        0.045     3.084 r  CPU/CC/addr[20]_i_3_comp/O
                         net (fo=3, routed)           0.243     3.327    CPU/CC/prif\\.memaddr[20]
    SLICE_X34Y61         LUT3 (Prop_lut3_I2_O)        0.045     3.372 r  CPU/CC/addr[20]_i_1/O
                         net (fo=1, routed)           0.000     3.372    RAM/D[20]
    SLICE_X34Y61         FDCE                                         r  RAM/addr_reg[20]/D
  -------------------------------------------------------------------    -------------------

                         (clock MAIN rise edge)       0.000     0.000 r  
    D18                                               0.000     0.000 r  CLK (IN)
                         net (fo=0)                   0.000     0.000    CLK
    D18                  IBUF (Prop_ibuf_I_O)         0.372     0.372 r  CLK_IBUF_inst/O
                         net (fo=1, routed)           0.689     1.060    CLK_IBUF
    BUFGCTRL_X0Y16       BUFG (Prop_bufg_I_O)         0.029     1.089 r  CLK_IBUF_BUFG_inst/O
                         net (fo=70, routed)          0.825     1.914    RAM/CLK
    SLICE_X34Y61         FDCE                                         r  RAM/addr_reg[20]/C
                         clock pessimism             -0.246     1.667    
    SLICE_X34Y61         FDCE (Hold_fdce_C_D)         0.121     1.788    RAM/addr_reg[20]
  -------------------------------------------------------------------
                         required time                         -1.788    
                         arrival time                           3.372    
  -------------------------------------------------------------------
                         slack                                  1.583    

Slack (MET) :             1.589ns  (arrival time - required time)
  Source:                 CPU/CC/lru_reg/C
                            (rising edge-triggered cell FDCE clocked by CPUCLK  {rise@0.000ns fall@5.000ns period=10.000ns})
  Destination:            RAM/addr_reg[21]/D
                            (rising edge-triggered cell FDCE clocked by MAIN  {rise@0.000ns fall@2.500ns period=5.000ns})
  Path Group:             MAIN
  Path Type:              Hold (Min at Fast Process Corner)
  Requirement:            0.000ns  (MAIN rise@0.000ns - CPUCLK rise@0.000ns)
  Data Path Delay:        1.020ns  (logic 0.233ns (22.848%)  route 0.787ns (77.152%))
  Logic Levels:           2  (LUT3=1 LUT5=1)
  Clock Path Skew:        -0.700ns (DCD - SCD - CPR)
    Destination Clock Delay (DCD):    1.914ns
    Source Clock Delay      (SCD):    2.368ns
    Clock Pessimism Removal (CPR):    0.246ns

    Location             Delay type                Incr(ns)  Path(ns)    Netlist Resource(s)
  -------------------------------------------------------------------    -------------------
                         (clock CPUCLK rise edge)     0.000     0.000 r  
    D18                                               0.000     0.000 r  CLK (IN)
                         net (fo=0)                   0.000     0.000    CLK
    D18                  IBUF (Prop_ibuf_I_O)         0.183     0.183 r  CLK_IBUF_inst/O
                         net (fo=1, routed)           0.634     0.817    CLK_IBUF
    BUFGCTRL_X0Y16       BUFG (Prop_bufg_I_O)         0.026     0.843 r  CLK_IBUF_BUFG_inst/O
                         net (fo=70, routed)          0.565     1.408    CLK_IBUF_BUFG
    SLICE_X39Y46         FDCE (Prop_fdce_C_Q)         0.141     1.549 r  CPUCLK_reg/Q
                         net (fo=2, routed)           0.234     1.783    CPUCLK
    BUFGCTRL_X0Y0        BUFG (Prop_bufg_I_O)         0.026     1.809 r  CPUCLK_BUFG_inst/O
                         net (fo=8214, routed)        0.559     2.368    CPU/CC/CPUCLK_BUFG
    SLICE_X36Y61         FDCE                                         r  CPU/CC/lru_reg/C
  -------------------------------------------------------------------    -------------------
    SLICE_X36Y61         FDCE (Prop_fdce_C_Q)         0.141     2.509 r  CPU/CC/lru_reg/Q
                         net (fo=371, routed)         0.476     2.985    CPU/CC/lru
    SLICE_X37Y59         LUT5 (Prop_lut5_I4_O)        0.045     3.030 r  CPU/CC/addr[21]_i_3/O
                         net (fo=3, routed)           0.310     3.340    CPU/CC/lru_reg_4[17]
    SLICE_X34Y61         LUT3 (Prop_lut3_I2_O)        0.047     3.387 r  CPU/CC/addr[21]_i_1/O
                         net (fo=1, routed)           0.000     3.387    RAM/D[21]
    SLICE_X34Y61         FDCE                                         r  RAM/addr_reg[21]/D
  -------------------------------------------------------------------    -------------------

                         (clock MAIN rise edge)       0.000     0.000 r  
    D18                                               0.000     0.000 r  CLK (IN)
                         net (fo=0)                   0.000     0.000    CLK
    D18                  IBUF (Prop_ibuf_I_O)         0.372     0.372 r  CLK_IBUF_inst/O
                         net (fo=1, routed)           0.689     1.060    CLK_IBUF
    BUFGCTRL_X0Y16       BUFG (Prop_bufg_I_O)         0.029     1.089 r  CLK_IBUF_BUFG_inst/O
                         net (fo=70, routed)          0.825     1.914    RAM/CLK
    SLICE_X34Y61         FDCE                                         r  RAM/addr_reg[21]/C
                         clock pessimism             -0.246     1.667    
    SLICE_X34Y61         FDCE (Hold_fdce_C_D)         0.131     1.798    RAM/addr_reg[21]
  -------------------------------------------------------------------
                         required time                         -1.798    
                         arrival time                           3.387    
  -------------------------------------------------------------------
                         slack                                  1.589    





---------------------------------------------------------------------------------------------------
From Clock:  MAIN
  To Clock:  CPUCLK

Setup :         8848  Failing Endpoints,  Worst Slack       -7.182ns,  Total Violation   -40638.814ns
Hold  :            0  Failing Endpoints,  Worst Slack        0.202ns,  Total Violation        0.000ns
---------------------------------------------------------------------------------------------------


Max Delay Paths
--------------------------------------------------------------------------------------
Slack (VIOLATED) :        -7.182ns  (required time - arrival time)
  Source:                 RAM/addr_reg[17]/C
                            (rising edge-triggered cell FDCE clocked by MAIN  {rise@0.000ns fall@2.500ns period=5.000ns})
  Destination:            CPU/CM0/DCACHE/frames_reg[5][1][valid]/D
                            (rising edge-triggered cell FDCE clocked by CPUCLK  {rise@0.000ns fall@5.000ns period=10.000ns})
  Path Group:             CPUCLK
  Path Type:              Setup (Max at Slow Process Corner)
  Requirement:            5.000ns  (CPUCLK rise@10.000ns - MAIN rise@5.000ns)
  Data Path Delay:        14.586ns  (logic 2.911ns (19.958%)  route 11.675ns (80.042%))
  Logic Levels:           14  (CARRY4=2 LUT4=2 LUT5=4 LUT6=6)
  Clock Path Skew:        2.408ns (DCD - SCD + CPR)
    Destination Clock Delay (DCD):    6.735ns = ( 16.735 - 10.000 ) 
    Source Clock Delay      (SCD):    4.568ns = ( 9.568 - 5.000 ) 
    Clock Pessimism Removal (CPR):    0.242ns
  Clock Uncertainty:      0.035ns  ((TSJ^2 + TIJ^2)^1/2 + DJ) / 2 + PE
    Total System Jitter     (TSJ):    0.071ns
    Total Input Jitter      (TIJ):    0.000ns
    Discrete Jitter          (DJ):    0.000ns
    Phase Error              (PE):    0.000ns

    Location             Delay type                Incr(ns)  Path(ns)    Netlist Resource(s)
  -------------------------------------------------------------------    -------------------
                         (clock MAIN rise edge)       5.000     5.000 r  
    D18                                               0.000     5.000 r  CLK (IN)
                         net (fo=0)                   0.000     5.000    CLK
    D18                  IBUF (Prop_ibuf_I_O)         0.954     5.954 r  CLK_IBUF_inst/O
                         net (fo=1, routed)           1.972     7.925    CLK_IBUF
    BUFGCTRL_X0Y16       BUFG (Prop_bufg_I_O)         0.096     8.021 r  CLK_IBUF_BUFG_inst/O
                         net (fo=70, routed)          1.547     9.568    RAM/CLK
    SLICE_X35Y61         FDCE                                         r  RAM/addr_reg[17]/C
  -------------------------------------------------------------------    -------------------
    SLICE_X35Y61         FDCE (Prop_fdce_C_Q)         0.456    10.024 r  RAM/addr_reg[17]/Q
                         net (fo=2, routed)           0.662    10.686    RAM/Q[1]
    SLICE_X36Y61         LUT6 (Prop_lut6_I2_O)        0.124    10.810 r  RAM/count3_carry__0_i_9/O
                         net (fo=2, routed)           1.120    11.930    CPU/CC/count3_carry__0_i_9_n_0_alias
    SLICE_X28Y55         LUT6 (Prop_lut6_I1_O)        0.124    12.054 r  CPU/CC/addr[15]_i_3_comp_1/O
                         net (fo=1, routed)           0.770    12.824    RAM/lru_reg_4[15]_repN_alias
    SLICE_X35Y59         LUT6 (Prop_lut6_I5_O)        0.124    12.948 r  RAM/rstate3_carry__0_i_3_comp/O
                         net (fo=1, routed)           0.000    12.948    RAM/rstate3_carry__0_i_3_n_0
    SLICE_X35Y59         CARRY4 (Prop_carry4_S[1]_CO[3])
                                                      0.550    13.498 r  RAM/rstate3_carry__0/CO[3]
                         net (fo=1, routed)           0.000    13.498    RAM/rstate3_carry__0_n_0
    SLICE_X35Y60         CARRY4 (Prop_carry4_CI_CO[2])
                                                      0.228    13.726 r  RAM/rstate3_carry__1/CO[2]
                         net (fo=50, routed)          1.459    15.186    CPU/CC/CO[0]
    SLICE_X35Y63         LUT4 (Prop_lut4_I1_O)        0.313    15.499 r  CPU/CC/cache_mem[15][data][31]_i_3/O
                         net (fo=103, routed)         1.527    17.025    CPU/CC/prif\\.ramstate[1]
    SLICE_X36Y62         LUT6 (Prop_lut6_I5_O)        0.124    17.149 r  CPU/CC/FSM_sequential_curr_state[2]_i_2/O
                         net (fo=5, routed)           1.189    18.338    CPU/CC/FSM_sequential_curr_state[2]_i_2_n_0
    SLICE_X36Y56         LUT6 (Prop_lut6_I3_O)        0.124    18.462 f  CPU/CC/frames[7][1][dirty]_i_8/O
                         net (fo=13, routed)          0.887    19.349    CPU/CM0/DCACHE/ccif\\.dwait__0[0]
    SLICE_X37Y53         LUT5 (Prop_lut5_I4_O)        0.124    19.473 r  CPU/CM0/DCACHE/frames[7][1][tag][25]_i_5/O
                         net (fo=26, routed)          0.657    20.130    CPU/CM0/DCACHE/frames[7][1][tag][25]_i_5_n_0
    SLICE_X37Y50         LUT4 (Prop_lut4_I0_O)        0.124    20.254 r  CPU/CM0/DCACHE/frames[5][1][tag][25]_i_3/O
                         net (fo=79, routed)          0.904    21.157    CPU/CM0/DCACHE/frames[5][1][tag][25]_i_3_n_0
    SLICE_X31Y40         LUT6 (Prop_lut6_I0_O)        0.124    21.281 r  CPU/CM0/DCACHE/frames[5][1][tag][25]_i_1__0/O
                         net (fo=60, routed)          1.502    22.783    CPU/CM0/DCACHE/frames[5][1][tag][25]_i_1__0_n_0
    SLICE_X60Y47         LUT5 (Prop_lut5_I3_O)        0.124    22.907 r  CPU/CM0/DCACHE/frames[5][1][valid]_i_4/O
                         net (fo=1, routed)           0.567    23.474    CPU/CC/frames[5][1][valid]_i_4_n_0_alias
    SLICE_X60Y47         LUT5 (Prop_lut5_I4_O)        0.124    23.598 f  CPU/CC/frames[5][1][valid]_i_5__0_comp/O
                         net (fo=1, routed)           0.432    24.030    CPU/CM0/DCACHE/state_reg[2]_4_repN_alias
    SLICE_X58Y48         LUT5 (Prop_lut5_I2_O)        0.124    24.154 r  CPU/CM0/DCACHE/frames[5][1][valid]_i_1_comp_1/O
                         net (fo=1, routed)           0.000    24.154    CPU/CM0/DCACHE/frames[5][1][valid]_i_1_n_0
    SLICE_X58Y48         FDCE                                         r  CPU/CM0/DCACHE/frames_reg[5][1][valid]/D
  -------------------------------------------------------------------    -------------------

                         (clock CPUCLK rise edge)    10.000    10.000 r  
    D18                                               0.000    10.000 r  CLK (IN)
                         net (fo=0)                   0.000    10.000    CLK
    D18                  IBUF (Prop_ibuf_I_O)         0.820    10.820 r  CLK_IBUF_inst/O
                         net (fo=1, routed)           1.868    12.688    CLK_IBUF
    BUFGCTRL_X0Y16       BUFG (Prop_bufg_I_O)         0.091    12.779 r  CLK_IBUF_BUFG_inst/O
                         net (fo=70, routed)          1.448    14.228    CLK_IBUF_BUFG
    SLICE_X39Y46         FDCE (Prop_fdce_C_Q)         0.367    14.595 r  CPUCLK_reg/Q
                         net (fo=2, routed)           0.529    15.124    CPUCLK
    BUFGCTRL_X0Y0        BUFG (Prop_bufg_I_O)         0.091    15.215 r  CPUCLK_BUFG_inst/O
                         net (fo=8214, routed)        1.519    16.735    CPU/CM0/DCACHE/CPUCLK_BUFG
    SLICE_X58Y48         FDCE                                         r  CPU/CM0/DCACHE/frames_reg[5][1][valid]/C
                         clock pessimism              0.242    16.977    
                         clock uncertainty           -0.035    16.941    
    SLICE_X58Y48         FDCE (Setup_fdce_C_D)        0.031    16.972    CPU/CM0/DCACHE/frames_reg[5][1][valid]
  -------------------------------------------------------------------
                         required time                         16.972    
                         arrival time                         -24.154    
  -------------------------------------------------------------------
                         slack                                 -7.182    

Slack (VIOLATED) :        -7.151ns  (required time - arrival time)
  Source:                 RAM/addr_reg[17]/C
                            (rising edge-triggered cell FDCE clocked by MAIN  {rise@0.000ns fall@2.500ns period=5.000ns})
  Destination:            CPU/CM0/DCACHE/frames_reg[3][1][data][0][13]/CE
                            (rising edge-triggered cell FDCE clocked by CPUCLK  {rise@0.000ns fall@5.000ns period=10.000ns})
  Path Group:             CPUCLK
  Path Type:              Setup (Max at Slow Process Corner)
  Requirement:            5.000ns  (CPUCLK rise@10.000ns - MAIN rise@5.000ns)
  Data Path Delay:        14.233ns  (logic 2.539ns (17.839%)  route 11.694ns (82.161%))
  Logic Levels:           11  (CARRY4=2 LUT4=3 LUT5=1 LUT6=5)
  Clock Path Skew:        2.322ns (DCD - SCD + CPR)
    Destination Clock Delay (DCD):    6.649ns = ( 16.649 - 10.000 ) 
    Source Clock Delay      (SCD):    4.568ns = ( 9.568 - 5.000 ) 
    Clock Pessimism Removal (CPR):    0.242ns
  Clock Uncertainty:      0.035ns  ((TSJ^2 + TIJ^2)^1/2 + DJ) / 2 + PE
    Total System Jitter     (TSJ):    0.071ns
    Total Input Jitter      (TIJ):    0.000ns
    Discrete Jitter          (DJ):    0.000ns
    Phase Error              (PE):    0.000ns

    Location             Delay type                Incr(ns)  Path(ns)    Netlist Resource(s)
  -------------------------------------------------------------------    -------------------
                         (clock MAIN rise edge)       5.000     5.000 r  
    D18                                               0.000     5.000 r  CLK (IN)
                         net (fo=0)                   0.000     5.000    CLK
    D18                  IBUF (Prop_ibuf_I_O)         0.954     5.954 r  CLK_IBUF_inst/O
                         net (fo=1, routed)           1.972     7.925    CLK_IBUF
    BUFGCTRL_X0Y16       BUFG (Prop_bufg_I_O)         0.096     8.021 r  CLK_IBUF_BUFG_inst/O
                         net (fo=70, routed)          1.547     9.568    RAM/CLK
    SLICE_X35Y61         FDCE                                         r  RAM/addr_reg[17]/C
  -------------------------------------------------------------------    -------------------
    SLICE_X35Y61         FDCE (Prop_fdce_C_Q)         0.456    10.024 r  RAM/addr_reg[17]/Q
                         net (fo=2, routed)           0.662    10.686    RAM/Q[1]
    SLICE_X36Y61         LUT6 (Prop_lut6_I2_O)        0.124    10.810 r  RAM/count3_carry__0_i_9/O
                         net (fo=2, routed)           1.120    11.930    CPU/CC/count3_carry__0_i_9_n_0_alias
    SLICE_X28Y55         LUT6 (Prop_lut6_I1_O)        0.124    12.054 r  CPU/CC/addr[15]_i_3_comp_1/O
                         net (fo=1, routed)           0.770    12.824    RAM/lru_reg_4[15]_repN_alias
    SLICE_X35Y59         LUT6 (Prop_lut6_I5_O)        0.124    12.948 r  RAM/rstate3_carry__0_i_3_comp/O
                         net (fo=1, routed)           0.000    12.948    RAM/rstate3_carry__0_i_3_n_0
    SLICE_X35Y59         CARRY4 (Prop_carry4_S[1]_CO[3])
                                                      0.550    13.498 r  RAM/rstate3_carry__0/CO[3]
                         net (fo=1, routed)           0.000    13.498    RAM/rstate3_carry__0_n_0
    SLICE_X35Y60         CARRY4 (Prop_carry4_CI_CO[2])
                                                      0.228    13.726 r  RAM/rstate3_carry__1/CO[2]
                         net (fo=50, routed)          1.459    15.186    CPU/CC/CO[0]
    SLICE_X35Y63         LUT4 (Prop_lut4_I1_O)        0.313    15.499 r  CPU/CC/cache_mem[15][data][31]_i_3/O
                         net (fo=103, routed)         1.527    17.025    CPU/CC/prif\\.ramstate[1]
    SLICE_X36Y62         LUT6 (Prop_lut6_I5_O)        0.124    17.149 r  CPU/CC/FSM_sequential_curr_state[2]_i_2/O
                         net (fo=5, routed)           1.189    18.338    CPU/CC/FSM_sequential_curr_state[2]_i_2_n_0
    SLICE_X36Y56         LUT6 (Prop_lut6_I3_O)        0.124    18.462 f  CPU/CC/frames[7][1][dirty]_i_8/O
                         net (fo=13, routed)          1.019    19.482    CPU/CM0/DCACHE/ccif\\.dwait__0[0]
    SLICE_X28Y56         LUT5 (Prop_lut5_I4_O)        0.124    19.606 r  CPU/CM0/DCACHE/frames[2][1][data][0][31]_i_4/O
                         net (fo=25, routed)          0.516    20.122    CPU/CM0/DCACHE/frames[2][1][data][0][31]_i_4_n_0
    SLICE_X29Y55         LUT4 (Prop_lut4_I0_O)        0.124    20.246 r  CPU/CM0/DCACHE/frames[3][1][data][0][31]_i_3/O
                         net (fo=66, routed)          1.554    21.800    CPU/CM0/DCACHE/frames[3][1][data][0][31]_i_3_n_0
    SLICE_X4Y38          LUT4 (Prop_lut4_I0_O)        0.124    21.924 r  CPU/CM0/DCACHE/frames[3][1][data][0][31]_i_1/O
                         net (fo=32, routed)          1.877    23.801    CPU/CM0/DCACHE/frames[3][1][data][0][31]_i_1_n_0
    SLICE_X31Y57         FDCE                                         r  CPU/CM0/DCACHE/frames_reg[3][1][data][0][13]/CE
  -------------------------------------------------------------------    -------------------

                         (clock CPUCLK rise edge)    10.000    10.000 r  
    D18                                               0.000    10.000 r  CLK (IN)
                         net (fo=0)                   0.000    10.000    CLK
    D18                  IBUF (Prop_ibuf_I_O)         0.820    10.820 r  CLK_IBUF_inst/O
                         net (fo=1, routed)           1.868    12.688    CLK_IBUF
    BUFGCTRL_X0Y16       BUFG (Prop_bufg_I_O)         0.091    12.779 r  CLK_IBUF_BUFG_inst/O
                         net (fo=70, routed)          1.448    14.228    CLK_IBUF_BUFG
    SLICE_X39Y46         FDCE (Prop_fdce_C_Q)         0.367    14.595 r  CPUCLK_reg/Q
                         net (fo=2, routed)           0.529    15.124    CPUCLK
    BUFGCTRL_X0Y0        BUFG (Prop_bufg_I_O)         0.091    15.215 r  CPUCLK_BUFG_inst/O
                         net (fo=8214, routed)        1.434    16.649    CPU/CM0/DCACHE/CPUCLK_BUFG
    SLICE_X31Y57         FDCE                                         r  CPU/CM0/DCACHE/frames_reg[3][1][data][0][13]/C
                         clock pessimism              0.242    16.891    
                         clock uncertainty           -0.035    16.856    
    SLICE_X31Y57         FDCE (Setup_fdce_C_CE)      -0.205    16.651    CPU/CM0/DCACHE/frames_reg[3][1][data][0][13]
  -------------------------------------------------------------------
                         required time                         16.651    
                         arrival time                         -23.801    
  -------------------------------------------------------------------
                         slack                                 -7.151    

Slack (VIOLATED) :        -7.151ns  (required time - arrival time)
  Source:                 RAM/addr_reg[17]/C
                            (rising edge-triggered cell FDCE clocked by MAIN  {rise@0.000ns fall@2.500ns period=5.000ns})
  Destination:            CPU/CM0/DCACHE/frames_reg[3][1][data][0][29]/CE
                            (rising edge-triggered cell FDCE clocked by CPUCLK  {rise@0.000ns fall@5.000ns period=10.000ns})
  Path Group:             CPUCLK
  Path Type:              Setup (Max at Slow Process Corner)
  Requirement:            5.000ns  (CPUCLK rise@10.000ns - MAIN rise@5.000ns)
  Data Path Delay:        14.233ns  (logic 2.539ns (17.839%)  route 11.694ns (82.161%))
  Logic Levels:           11  (CARRY4=2 LUT4=3 LUT5=1 LUT6=5)
  Clock Path Skew:        2.322ns (DCD - SCD + CPR)
    Destination Clock Delay (DCD):    6.649ns = ( 16.649 - 10.000 ) 
    Source Clock Delay      (SCD):    4.568ns = ( 9.568 - 5.000 ) 
    Clock Pessimism Removal (CPR):    0.242ns
  Clock Uncertainty:      0.035ns  ((TSJ^2 + TIJ^2)^1/2 + DJ) / 2 + PE
    Total System Jitter     (TSJ):    0.071ns
    Total Input Jitter      (TIJ):    0.000ns
    Discrete Jitter          (DJ):    0.000ns
    Phase Error              (PE):    0.000ns

    Location             Delay type                Incr(ns)  Path(ns)    Netlist Resource(s)
  -------------------------------------------------------------------    -------------------
                         (clock MAIN rise edge)       5.000     5.000 r  
    D18                                               0.000     5.000 r  CLK (IN)
                         net (fo=0)                   0.000     5.000    CLK
    D18                  IBUF (Prop_ibuf_I_O)         0.954     5.954 r  CLK_IBUF_inst/O
                         net (fo=1, routed)           1.972     7.925    CLK_IBUF
    BUFGCTRL_X0Y16       BUFG (Prop_bufg_I_O)         0.096     8.021 r  CLK_IBUF_BUFG_inst/O
                         net (fo=70, routed)          1.547     9.568    RAM/CLK
    SLICE_X35Y61         FDCE                                         r  RAM/addr_reg[17]/C
  -------------------------------------------------------------------    -------------------
    SLICE_X35Y61         FDCE (Prop_fdce_C_Q)         0.456    10.024 r  RAM/addr_reg[17]/Q
                         net (fo=2, routed)           0.662    10.686    RAM/Q[1]
    SLICE_X36Y61         LUT6 (Prop_lut6_I2_O)        0.124    10.810 r  RAM/count3_carry__0_i_9/O
                         net (fo=2, routed)           1.120    11.930    CPU/CC/count3_carry__0_i_9_n_0_alias
    SLICE_X28Y55         LUT6 (Prop_lut6_I1_O)        0.124    12.054 r  CPU/CC/addr[15]_i_3_comp_1/O
                         net (fo=1, routed)           0.770    12.824    RAM/lru_reg_4[15]_repN_alias
    SLICE_X35Y59         LUT6 (Prop_lut6_I5_O)        0.124    12.948 r  RAM/rstate3_carry__0_i_3_comp/O
                         net (fo=1, routed)           0.000    12.948    RAM/rstate3_carry__0_i_3_n_0
    SLICE_X35Y59         CARRY4 (Prop_carry4_S[1]_CO[3])
                                                      0.550    13.498 r  RAM/rstate3_carry__0/CO[3]
                         net (fo=1, routed)           0.000    13.498    RAM/rstate3_carry__0_n_0
    SLICE_X35Y60         CARRY4 (Prop_carry4_CI_CO[2])
                                                      0.228    13.726 r  RAM/rstate3_carry__1/CO[2]
                         net (fo=50, routed)          1.459    15.186    CPU/CC/CO[0]
    SLICE_X35Y63         LUT4 (Prop_lut4_I1_O)        0.313    15.499 r  CPU/CC/cache_mem[15][data][31]_i_3/O
                         net (fo=103, routed)         1.527    17.025    CPU/CC/prif\\.ramstate[1]
    SLICE_X36Y62         LUT6 (Prop_lut6_I5_O)        0.124    17.149 r  CPU/CC/FSM_sequential_curr_state[2]_i_2/O
                         net (fo=5, routed)           1.189    18.338    CPU/CC/FSM_sequential_curr_state[2]_i_2_n_0
    SLICE_X36Y56         LUT6 (Prop_lut6_I3_O)        0.124    18.462 f  CPU/CC/frames[7][1][dirty]_i_8/O
                         net (fo=13, routed)          1.019    19.482    CPU/CM0/DCACHE/ccif\\.dwait__0[0]
    SLICE_X28Y56         LUT5 (Prop_lut5_I4_O)        0.124    19.606 r  CPU/CM0/DCACHE/frames[2][1][data][0][31]_i_4/O
                         net (fo=25, routed)          0.516    20.122    CPU/CM0/DCACHE/frames[2][1][data][0][31]_i_4_n_0
    SLICE_X29Y55         LUT4 (Prop_lut4_I0_O)        0.124    20.246 r  CPU/CM0/DCACHE/frames[3][1][data][0][31]_i_3/O
                         net (fo=66, routed)          1.554    21.800    CPU/CM0/DCACHE/frames[3][1][data][0][31]_i_3_n_0
    SLICE_X4Y38          LUT4 (Prop_lut4_I0_O)        0.124    21.924 r  CPU/CM0/DCACHE/frames[3][1][data][0][31]_i_1/O
                         net (fo=32, routed)          1.877    23.801    CPU/CM0/DCACHE/frames[3][1][data][0][31]_i_1_n_0
    SLICE_X31Y57         FDCE                                         r  CPU/CM0/DCACHE/frames_reg[3][1][data][0][29]/CE
  -------------------------------------------------------------------    -------------------

                         (clock CPUCLK rise edge)    10.000    10.000 r  
    D18                                               0.000    10.000 r  CLK (IN)
                         net (fo=0)                   0.000    10.000    CLK
    D18                  IBUF (Prop_ibuf_I_O)         0.820    10.820 r  CLK_IBUF_inst/O
                         net (fo=1, routed)           1.868    12.688    CLK_IBUF
    BUFGCTRL_X0Y16       BUFG (Prop_bufg_I_O)         0.091    12.779 r  CLK_IBUF_BUFG_inst/O
                         net (fo=70, routed)          1.448    14.228    CLK_IBUF_BUFG
    SLICE_X39Y46         FDCE (Prop_fdce_C_Q)         0.367    14.595 r  CPUCLK_reg/Q
                         net (fo=2, routed)           0.529    15.124    CPUCLK
    BUFGCTRL_X0Y0        BUFG (Prop_bufg_I_O)         0.091    15.215 r  CPUCLK_BUFG_inst/O
                         net (fo=8214, routed)        1.434    16.649    CPU/CM0/DCACHE/CPUCLK_BUFG
    SLICE_X31Y57         FDCE                                         r  CPU/CM0/DCACHE/frames_reg[3][1][data][0][29]/C
                         clock pessimism              0.242    16.891    
                         clock uncertainty           -0.035    16.856    
    SLICE_X31Y57         FDCE (Setup_fdce_C_CE)      -0.205    16.651    CPU/CM0/DCACHE/frames_reg[3][1][data][0][29]
  -------------------------------------------------------------------
                         required time                         16.651    
                         arrival time                         -23.801    
  -------------------------------------------------------------------
                         slack                                 -7.151    

Slack (VIOLATED) :        -7.151ns  (required time - arrival time)
  Source:                 RAM/addr_reg[17]/C
                            (rising edge-triggered cell FDCE clocked by MAIN  {rise@0.000ns fall@2.500ns period=5.000ns})
  Destination:            CPU/CM0/DCACHE/frames_reg[3][1][data][0][31]/CE
                            (rising edge-triggered cell FDCE clocked by CPUCLK  {rise@0.000ns fall@5.000ns period=10.000ns})
  Path Group:             CPUCLK
  Path Type:              Setup (Max at Slow Process Corner)
  Requirement:            5.000ns  (CPUCLK rise@10.000ns - MAIN rise@5.000ns)
  Data Path Delay:        14.233ns  (logic 2.539ns (17.839%)  route 11.694ns (82.161%))
  Logic Levels:           11  (CARRY4=2 LUT4=3 LUT5=1 LUT6=5)
  Clock Path Skew:        2.322ns (DCD - SCD + CPR)
    Destination Clock Delay (DCD):    6.649ns = ( 16.649 - 10.000 ) 
    Source Clock Delay      (SCD):    4.568ns = ( 9.568 - 5.000 ) 
    Clock Pessimism Removal (CPR):    0.242ns
  Clock Uncertainty:      0.035ns  ((TSJ^2 + TIJ^2)^1/2 + DJ) / 2 + PE
    Total System Jitter     (TSJ):    0.071ns
    Total Input Jitter      (TIJ):    0.000ns
    Discrete Jitter          (DJ):    0.000ns
    Phase Error              (PE):    0.000ns

    Location             Delay type                Incr(ns)  Path(ns)    Netlist Resource(s)
  -------------------------------------------------------------------    -------------------
                         (clock MAIN rise edge)       5.000     5.000 r  
    D18                                               0.000     5.000 r  CLK (IN)
                         net (fo=0)                   0.000     5.000    CLK
    D18                  IBUF (Prop_ibuf_I_O)         0.954     5.954 r  CLK_IBUF_inst/O
                         net (fo=1, routed)           1.972     7.925    CLK_IBUF
    BUFGCTRL_X0Y16       BUFG (Prop_bufg_I_O)         0.096     8.021 r  CLK_IBUF_BUFG_inst/O
                         net (fo=70, routed)          1.547     9.568    RAM/CLK
    SLICE_X35Y61         FDCE                                         r  RAM/addr_reg[17]/C
  -------------------------------------------------------------------    -------------------
    SLICE_X35Y61         FDCE (Prop_fdce_C_Q)         0.456    10.024 r  RAM/addr_reg[17]/Q
                         net (fo=2, routed)           0.662    10.686    RAM/Q[1]
    SLICE_X36Y61         LUT6 (Prop_lut6_I2_O)        0.124    10.810 r  RAM/count3_carry__0_i_9/O
                         net (fo=2, routed)           1.120    11.930    CPU/CC/count3_carry__0_i_9_n_0_alias
    SLICE_X28Y55         LUT6 (Prop_lut6_I1_O)        0.124    12.054 r  CPU/CC/addr[15]_i_3_comp_1/O
                         net (fo=1, routed)           0.770    12.824    RAM/lru_reg_4[15]_repN_alias
    SLICE_X35Y59         LUT6 (Prop_lut6_I5_O)        0.124    12.948 r  RAM/rstate3_carry__0_i_3_comp/O
                         net (fo=1, routed)           0.000    12.948    RAM/rstate3_carry__0_i_3_n_0
    SLICE_X35Y59         CARRY4 (Prop_carry4_S[1]_CO[3])
                                                      0.550    13.498 r  RAM/rstate3_carry__0/CO[3]
                         net (fo=1, routed)           0.000    13.498    RAM/rstate3_carry__0_n_0
    SLICE_X35Y60         CARRY4 (Prop_carry4_CI_CO[2])
                                                      0.228    13.726 r  RAM/rstate3_carry__1/CO[2]
                         net (fo=50, routed)          1.459    15.186    CPU/CC/CO[0]
    SLICE_X35Y63         LUT4 (Prop_lut4_I1_O)        0.313    15.499 r  CPU/CC/cache_mem[15][data][31]_i_3/O
                         net (fo=103, routed)         1.527    17.025    CPU/CC/prif\\.ramstate[1]
    SLICE_X36Y62         LUT6 (Prop_lut6_I5_O)        0.124    17.149 r  CPU/CC/FSM_sequential_curr_state[2]_i_2/O
                         net (fo=5, routed)           1.189    18.338    CPU/CC/FSM_sequential_curr_state[2]_i_2_n_0
    SLICE_X36Y56         LUT6 (Prop_lut6_I3_O)        0.124    18.462 f  CPU/CC/frames[7][1][dirty]_i_8/O
                         net (fo=13, routed)          1.019    19.482    CPU/CM0/DCACHE/ccif\\.dwait__0[0]
    SLICE_X28Y56         LUT5 (Prop_lut5_I4_O)        0.124    19.606 r  CPU/CM0/DCACHE/frames[2][1][data][0][31]_i_4/O
                         net (fo=25, routed)          0.516    20.122    CPU/CM0/DCACHE/frames[2][1][data][0][31]_i_4_n_0
    SLICE_X29Y55         LUT4 (Prop_lut4_I0_O)        0.124    20.246 r  CPU/CM0/DCACHE/frames[3][1][data][0][31]_i_3/O
                         net (fo=66, routed)          1.554    21.800    CPU/CM0/DCACHE/frames[3][1][data][0][31]_i_3_n_0
    SLICE_X4Y38          LUT4 (Prop_lut4_I0_O)        0.124    21.924 r  CPU/CM0/DCACHE/frames[3][1][data][0][31]_i_1/O
                         net (fo=32, routed)          1.877    23.801    CPU/CM0/DCACHE/frames[3][1][data][0][31]_i_1_n_0
    SLICE_X31Y57         FDCE                                         r  CPU/CM0/DCACHE/frames_reg[3][1][data][0][31]/CE
  -------------------------------------------------------------------    -------------------

                         (clock CPUCLK rise edge)    10.000    10.000 r  
    D18                                               0.000    10.000 r  CLK (IN)
                         net (fo=0)                   0.000    10.000    CLK
    D18                  IBUF (Prop_ibuf_I_O)         0.820    10.820 r  CLK_IBUF_inst/O
                         net (fo=1, routed)           1.868    12.688    CLK_IBUF
    BUFGCTRL_X0Y16       BUFG (Prop_bufg_I_O)         0.091    12.779 r  CLK_IBUF_BUFG_inst/O
                         net (fo=70, routed)          1.448    14.228    CLK_IBUF_BUFG
    SLICE_X39Y46         FDCE (Prop_fdce_C_Q)         0.367    14.595 r  CPUCLK_reg/Q
                         net (fo=2, routed)           0.529    15.124    CPUCLK
    BUFGCTRL_X0Y0        BUFG (Prop_bufg_I_O)         0.091    15.215 r  CPUCLK_BUFG_inst/O
                         net (fo=8214, routed)        1.434    16.649    CPU/CM0/DCACHE/CPUCLK_BUFG
    SLICE_X31Y57         FDCE                                         r  CPU/CM0/DCACHE/frames_reg[3][1][data][0][31]/C
                         clock pessimism              0.242    16.891    
                         clock uncertainty           -0.035    16.856    
    SLICE_X31Y57         FDCE (Setup_fdce_C_CE)      -0.205    16.651    CPU/CM0/DCACHE/frames_reg[3][1][data][0][31]
  -------------------------------------------------------------------
                         required time                         16.651    
                         arrival time                         -23.801    
  -------------------------------------------------------------------
                         slack                                 -7.151    

Slack (VIOLATED) :        -7.044ns  (required time - arrival time)
  Source:                 RAM/addr_reg[17]/C
                            (rising edge-triggered cell FDCE clocked by MAIN  {rise@0.000ns fall@2.500ns period=5.000ns})
  Destination:            CPU/CM0/DCACHE/frames_reg[4][1][dirty]/D
                            (rising edge-triggered cell FDCE clocked by CPUCLK  {rise@0.000ns fall@5.000ns period=10.000ns})
  Path Group:             CPUCLK
  Path Type:              Setup (Max at Slow Process Corner)
  Requirement:            5.000ns  (CPUCLK rise@10.000ns - MAIN rise@5.000ns)
  Data Path Delay:        14.418ns  (logic 2.986ns (20.710%)  route 11.432ns (79.290%))
  Logic Levels:           13  (CARRY4=2 LUT3=1 LUT4=2 LUT5=2 LUT6=6)
  Clock Path Skew:        2.332ns (DCD - SCD + CPR)
    Destination Clock Delay (DCD):    6.659ns = ( 16.659 - 10.000 ) 
    Source Clock Delay      (SCD):    4.568ns = ( 9.568 - 5.000 ) 
    Clock Pessimism Removal (CPR):    0.242ns
  Clock Uncertainty:      0.035ns  ((TSJ^2 + TIJ^2)^1/2 + DJ) / 2 + PE
    Total System Jitter     (TSJ):    0.071ns
    Total Input Jitter      (TIJ):    0.000ns
    Discrete Jitter          (DJ):    0.000ns
    Phase Error              (PE):    0.000ns

    Location             Delay type                Incr(ns)  Path(ns)    Netlist Resource(s)
  -------------------------------------------------------------------    -------------------
                         (clock MAIN rise edge)       5.000     5.000 r  
    D18                                               0.000     5.000 r  CLK (IN)
                         net (fo=0)                   0.000     5.000    CLK
    D18                  IBUF (Prop_ibuf_I_O)         0.954     5.954 r  CLK_IBUF_inst/O
                         net (fo=1, routed)           1.972     7.925    CLK_IBUF
    BUFGCTRL_X0Y16       BUFG (Prop_bufg_I_O)         0.096     8.021 r  CLK_IBUF_BUFG_inst/O
                         net (fo=70, routed)          1.547     9.568    RAM/CLK
    SLICE_X35Y61         FDCE                                         r  RAM/addr_reg[17]/C
  -------------------------------------------------------------------    -------------------
    SLICE_X35Y61         FDCE (Prop_fdce_C_Q)         0.456    10.024 r  RAM/addr_reg[17]/Q
                         net (fo=2, routed)           0.662    10.686    RAM/Q[1]
    SLICE_X36Y61         LUT6 (Prop_lut6_I2_O)        0.124    10.810 r  RAM/count3_carry__0_i_9/O
                         net (fo=2, routed)           1.120    11.930    CPU/CC/count3_carry__0_i_9_n_0_alias
    SLICE_X28Y55         LUT6 (Prop_lut6_I1_O)        0.124    12.054 r  CPU/CC/addr[15]_i_3_comp_1/O
                         net (fo=1, routed)           0.770    12.824    RAM/lru_reg_4[15]_repN_alias
    SLICE_X35Y59         LUT6 (Prop_lut6_I5_O)        0.124    12.948 r  RAM/rstate3_carry__0_i_3_comp/O
                         net (fo=1, routed)           0.000    12.948    RAM/rstate3_carry__0_i_3_n_0
    SLICE_X35Y59         CARRY4 (Prop_carry4_S[1]_CO[3])
                                                      0.550    13.498 r  RAM/rstate3_carry__0/CO[3]
                         net (fo=1, routed)           0.000    13.498    RAM/rstate3_carry__0_n_0
    SLICE_X35Y60         CARRY4 (Prop_carry4_CI_CO[2])
                                                      0.228    13.726 r  RAM/rstate3_carry__1/CO[2]
                         net (fo=50, routed)          1.459    15.186    CPU/CC/CO[0]
    SLICE_X35Y63         LUT4 (Prop_lut4_I1_O)        0.313    15.499 f  CPU/CC/cache_mem[15][data][31]_i_3/O
                         net (fo=103, routed)         1.527    17.025    CPU/CC/prif\\.ramstate[1]
    SLICE_X36Y62         LUT6 (Prop_lut6_I5_O)        0.124    17.149 f  CPU/CC/FSM_sequential_curr_state[2]_i_2/O
                         net (fo=5, routed)           1.189    18.338    CPU/CC/FSM_sequential_curr_state[2]_i_2_n_0
    SLICE_X36Y56         LUT6 (Prop_lut6_I3_O)        0.124    18.462 r  CPU/CC/frames[7][1][dirty]_i_8/O
                         net (fo=13, routed)          0.887    19.349    CPU/CM0/DCACHE/ccif\\.dwait__0[0]
    SLICE_X37Y53         LUT5 (Prop_lut5_I4_O)        0.124    19.473 f  CPU/CM0/DCACHE/frames[7][1][tag][25]_i_5/O
                         net (fo=26, routed)          0.814    20.287    CPU/CM0/DCACHE/frames[7][1][tag][25]_i_5_n_0
    SLICE_X40Y50         LUT4 (Prop_lut4_I0_O)        0.124    20.411 f  CPU/CM0/DCACHE/frames[4][1][tag][25]_i_3/O
                         net (fo=122, routed)         1.402    21.813    CPU/CM0/DCACHE/frames[4][1][tag][25]_i_3_n_0
    SLICE_X55Y59         LUT5 (Prop_lut5_I4_O)        0.120    21.933 r  CPU/CM0/DCACHE/frames[4][0][data][0][11]_i_2_comp/O
                         net (fo=1, routed)           0.411    22.343    CPU/CM0/DCACHE/frames[4][0][data][0][11]_i_2_n_0_repN
    SLICE_X57Y58         LUT3 (Prop_lut3_I1_O)        0.327    22.670 f  CPU/CM0/DCACHE/frames[4][1][dirty]_i_2__0_comp/O
                         net (fo=1, routed)           1.193    23.863    CPU/CM0/DCACHE/frames[4][1][dirty]_i_2__0_n_0
    SLICE_X56Y50         LUT6 (Prop_lut6_I1_O)        0.124    23.987 r  CPU/CM0/DCACHE/frames[4][1][dirty]_i_1_comp/O
                         net (fo=1, routed)           0.000    23.987    CPU/CM0/DCACHE/frames[4][1][dirty]_i_1_n_0
    SLICE_X56Y50         FDCE                                         r  CPU/CM0/DCACHE/frames_reg[4][1][dirty]/D
  -------------------------------------------------------------------    -------------------

                         (clock CPUCLK rise edge)    10.000    10.000 r  
    D18                                               0.000    10.000 r  CLK (IN)
                         net (fo=0)                   0.000    10.000    CLK
    D18                  IBUF (Prop_ibuf_I_O)         0.820    10.820 r  CLK_IBUF_inst/O
                         net (fo=1, routed)           1.868    12.688    CLK_IBUF
    BUFGCTRL_X0Y16       BUFG (Prop_bufg_I_O)         0.091    12.779 r  CLK_IBUF_BUFG_inst/O
                         net (fo=70, routed)          1.448    14.228    CLK_IBUF_BUFG
    SLICE_X39Y46         FDCE (Prop_fdce_C_Q)         0.367    14.595 r  CPUCLK_reg/Q
                         net (fo=2, routed)           0.529    15.124    CPUCLK
    BUFGCTRL_X0Y0        BUFG (Prop_bufg_I_O)         0.091    15.215 r  CPUCLK_BUFG_inst/O
                         net (fo=8214, routed)        1.444    16.659    CPU/CM0/DCACHE/CPUCLK_BUFG
    SLICE_X56Y50         FDCE                                         r  CPU/CM0/DCACHE/frames_reg[4][1][dirty]/C
                         clock pessimism              0.242    16.901    
                         clock uncertainty           -0.035    16.866    
    SLICE_X56Y50         FDCE (Setup_fdce_C_D)        0.077    16.943    CPU/CM0/DCACHE/frames_reg[4][1][dirty]
  -------------------------------------------------------------------
                         required time                         16.943    
                         arrival time                         -23.987    
  -------------------------------------------------------------------
                         slack                                 -7.044    

Slack (VIOLATED) :        -7.016ns  (required time - arrival time)
  Source:                 RAM/addr_reg[17]/C
                            (rising edge-triggered cell FDCE clocked by MAIN  {rise@0.000ns fall@2.500ns period=5.000ns})
  Destination:            CPU/CM0/DCACHE/frames_reg[6][0][data][0][29]/D
                            (rising edge-triggered cell FDCE clocked by CPUCLK  {rise@0.000ns fall@5.000ns period=10.000ns})
  Path Group:             CPUCLK
  Path Type:              Setup (Max at Slow Process Corner)
  Requirement:            5.000ns  (CPUCLK rise@10.000ns - MAIN rise@5.000ns)
  Data Path Delay:        14.267ns  (logic 2.539ns (17.796%)  route 11.728ns (82.204%))
  Logic Levels:           11  (CARRY4=2 LUT4=1 LUT5=1 LUT6=7)
  Clock Path Skew:        2.326ns (DCD - SCD + CPR)
    Destination Clock Delay (DCD):    6.653ns = ( 16.653 - 10.000 ) 
    Source Clock Delay      (SCD):    4.568ns = ( 9.568 - 5.000 ) 
    Clock Pessimism Removal (CPR):    0.242ns
  Clock Uncertainty:      0.035ns  ((TSJ^2 + TIJ^2)^1/2 + DJ) / 2 + PE
    Total System Jitter     (TSJ):    0.071ns
    Total Input Jitter      (TIJ):    0.000ns
    Discrete Jitter          (DJ):    0.000ns
    Phase Error              (PE):    0.000ns

    Location             Delay type                Incr(ns)  Path(ns)    Netlist Resource(s)
  -------------------------------------------------------------------    -------------------
                         (clock MAIN rise edge)       5.000     5.000 r  
    D18                                               0.000     5.000 r  CLK (IN)
                         net (fo=0)                   0.000     5.000    CLK
    D18                  IBUF (Prop_ibuf_I_O)         0.954     5.954 r  CLK_IBUF_inst/O
                         net (fo=1, routed)           1.972     7.925    CLK_IBUF
    BUFGCTRL_X0Y16       BUFG (Prop_bufg_I_O)         0.096     8.021 r  CLK_IBUF_BUFG_inst/O
                         net (fo=70, routed)          1.547     9.568    RAM/CLK
    SLICE_X35Y61         FDCE                                         r  RAM/addr_reg[17]/C
  -------------------------------------------------------------------    -------------------
    SLICE_X35Y61         FDCE (Prop_fdce_C_Q)         0.456    10.024 r  RAM/addr_reg[17]/Q
                         net (fo=2, routed)           0.662    10.686    RAM/Q[1]
    SLICE_X36Y61         LUT6 (Prop_lut6_I2_O)        0.124    10.810 r  RAM/count3_carry__0_i_9/O
                         net (fo=2, routed)           1.120    11.930    CPU/CC/count3_carry__0_i_9_n_0_alias
    SLICE_X28Y55         LUT6 (Prop_lut6_I1_O)        0.124    12.054 r  CPU/CC/addr[15]_i_3_comp_1/O
                         net (fo=1, routed)           0.770    12.824    RAM/lru_reg_4[15]_repN_alias
    SLICE_X35Y59         LUT6 (Prop_lut6_I5_O)        0.124    12.948 r  RAM/rstate3_carry__0_i_3_comp/O
                         net (fo=1, routed)           0.000    12.948    RAM/rstate3_carry__0_i_3_n_0
    SLICE_X35Y59         CARRY4 (Prop_carry4_S[1]_CO[3])
                                                      0.550    13.498 r  RAM/rstate3_carry__0/CO[3]
                         net (fo=1, routed)           0.000    13.498    RAM/rstate3_carry__0_n_0
    SLICE_X35Y60         CARRY4 (Prop_carry4_CI_CO[2])
                                                      0.228    13.726 r  RAM/rstate3_carry__1/CO[2]
                         net (fo=50, routed)          1.459    15.186    CPU/CC/CO[0]
    SLICE_X35Y63         LUT4 (Prop_lut4_I1_O)        0.313    15.499 r  CPU/CC/cache_mem[15][data][31]_i_3/O
                         net (fo=103, routed)         1.527    17.025    CPU/CC/prif\\.ramstate[1]
    SLICE_X36Y62         LUT6 (Prop_lut6_I5_O)        0.124    17.149 r  CPU/CC/FSM_sequential_curr_state[2]_i_2/O
                         net (fo=5, routed)           1.189    18.338    CPU/CC/FSM_sequential_curr_state[2]_i_2_n_0
    SLICE_X36Y56         LUT6 (Prop_lut6_I3_O)        0.124    18.462 f  CPU/CC/frames[7][1][dirty]_i_8/O
                         net (fo=13, routed)          1.327    19.789    CPU/CM0/DCACHE/ccif\\.dwait__0[0]
    SLICE_X15Y45         LUT6 (Prop_lut6_I4_O)        0.124    19.913 r  CPU/CM0/DCACHE/frames[7][0][data][0][29]_i_4__0/O
                         net (fo=63, routed)          1.248    21.161    CPU/CM0/DCACHE/frames[7][0][data][0][29]_i_4__0_n_0
    SLICE_X2Y38          LUT6 (Prop_lut6_I0_O)        0.124    21.285 r  CPU/CM0/DCACHE/frames[6][0][data][0][31]_i_4/O
                         net (fo=23, routed)          1.540    22.825    CPU/CM0/DCACHE/frames[6][0][data][0][31]_i_4_n_0
    SLICE_X33Y52         LUT5 (Prop_lut5_I4_O)        0.124    22.949 r  CPU/CM0/DCACHE/frames[6][0][data][0][29]_i_1/O
                         net (fo=1, routed)           0.886    23.835    CPU/CM0/DCACHE/frames[6][0][data][0][29]_i_1_n_0
    SLICE_X28Y51         FDCE                                         r  CPU/CM0/DCACHE/frames_reg[6][0][data][0][29]/D
  -------------------------------------------------------------------    -------------------

                         (clock CPUCLK rise edge)    10.000    10.000 r  
    D18                                               0.000    10.000 r  CLK (IN)
                         net (fo=0)                   0.000    10.000    CLK
    D18                  IBUF (Prop_ibuf_I_O)         0.820    10.820 r  CLK_IBUF_inst/O
                         net (fo=1, routed)           1.868    12.688    CLK_IBUF
    BUFGCTRL_X0Y16       BUFG (Prop_bufg_I_O)         0.091    12.779 r  CLK_IBUF_BUFG_inst/O
                         net (fo=70, routed)          1.448    14.228    CLK_IBUF_BUFG
    SLICE_X39Y46         FDCE (Prop_fdce_C_Q)         0.367    14.595 r  CPUCLK_reg/Q
                         net (fo=2, routed)           0.529    15.124    CPUCLK
    BUFGCTRL_X0Y0        BUFG (Prop_bufg_I_O)         0.091    15.215 r  CPUCLK_BUFG_inst/O
                         net (fo=8214, routed)        1.438    16.653    CPU/CM0/DCACHE/CPUCLK_BUFG
    SLICE_X28Y51         FDCE                                         r  CPU/CM0/DCACHE/frames_reg[6][0][data][0][29]/C
                         clock pessimism              0.242    16.895    
                         clock uncertainty           -0.035    16.860    
    SLICE_X28Y51         FDCE (Setup_fdce_C_D)       -0.040    16.820    CPU/CM0/DCACHE/frames_reg[6][0][data][0][29]
  -------------------------------------------------------------------
                         required time                         16.820    
                         arrival time                         -23.835    
  -------------------------------------------------------------------
                         slack                                 -7.016    

Slack (VIOLATED) :        -6.970ns  (required time - arrival time)
  Source:                 RAM/addr_reg[17]/C
                            (rising edge-triggered cell FDCE clocked by MAIN  {rise@0.000ns fall@2.500ns period=5.000ns})
  Destination:            CPU/CM0/DCACHE/frames_reg[6][0][data][0][12]/CE
                            (rising edge-triggered cell FDCE clocked by CPUCLK  {rise@0.000ns fall@5.000ns period=10.000ns})
  Path Group:             CPUCLK
  Path Type:              Setup (Max at Slow Process Corner)
  Requirement:            5.000ns  (CPUCLK rise@10.000ns - MAIN rise@5.000ns)
  Data Path Delay:        14.053ns  (logic 2.539ns (18.067%)  route 11.514ns (81.933%))
  Logic Levels:           11  (CARRY4=2 LUT4=1 LUT6=8)
  Clock Path Skew:        2.323ns (DCD - SCD + CPR)
    Destination Clock Delay (DCD):    6.650ns = ( 16.650 - 10.000 ) 
    Source Clock Delay      (SCD):    4.568ns = ( 9.568 - 5.000 ) 
    Clock Pessimism Removal (CPR):    0.242ns
  Clock Uncertainty:      0.035ns  ((TSJ^2 + TIJ^2)^1/2 + DJ) / 2 + PE
    Total System Jitter     (TSJ):    0.071ns
    Total Input Jitter      (TIJ):    0.000ns
    Discrete Jitter          (DJ):    0.000ns
    Phase Error              (PE):    0.000ns

    Location             Delay type                Incr(ns)  Path(ns)    Netlist Resource(s)
  -------------------------------------------------------------------    -------------------
                         (clock MAIN rise edge)       5.000     5.000 r  
    D18                                               0.000     5.000 r  CLK (IN)
                         net (fo=0)                   0.000     5.000    CLK
    D18                  IBUF (Prop_ibuf_I_O)         0.954     5.954 r  CLK_IBUF_inst/O
                         net (fo=1, routed)           1.972     7.925    CLK_IBUF
    BUFGCTRL_X0Y16       BUFG (Prop_bufg_I_O)         0.096     8.021 r  CLK_IBUF_BUFG_inst/O
                         net (fo=70, routed)          1.547     9.568    RAM/CLK
    SLICE_X35Y61         FDCE                                         r  RAM/addr_reg[17]/C
  -------------------------------------------------------------------    -------------------
    SLICE_X35Y61         FDCE (Prop_fdce_C_Q)         0.456    10.024 r  RAM/addr_reg[17]/Q
                         net (fo=2, routed)           0.662    10.686    RAM/Q[1]
    SLICE_X36Y61         LUT6 (Prop_lut6_I2_O)        0.124    10.810 r  RAM/count3_carry__0_i_9/O
                         net (fo=2, routed)           1.120    11.930    CPU/CC/count3_carry__0_i_9_n_0_alias
    SLICE_X28Y55         LUT6 (Prop_lut6_I1_O)        0.124    12.054 r  CPU/CC/addr[15]_i_3_comp_1/O
                         net (fo=1, routed)           0.770    12.824    RAM/lru_reg_4[15]_repN_alias
    SLICE_X35Y59         LUT6 (Prop_lut6_I5_O)        0.124    12.948 r  RAM/rstate3_carry__0_i_3_comp/O
                         net (fo=1, routed)           0.000    12.948    RAM/rstate3_carry__0_i_3_n_0
    SLICE_X35Y59         CARRY4 (Prop_carry4_S[1]_CO[3])
                                                      0.550    13.498 r  RAM/rstate3_carry__0/CO[3]
                         net (fo=1, routed)           0.000    13.498    RAM/rstate3_carry__0_n_0
    SLICE_X35Y60         CARRY4 (Prop_carry4_CI_CO[2])
                                                      0.228    13.726 r  RAM/rstate3_carry__1/CO[2]
                         net (fo=50, routed)          1.459    15.186    CPU/CC/CO[0]
    SLICE_X35Y63         LUT4 (Prop_lut4_I1_O)        0.313    15.499 r  CPU/CC/cache_mem[15][data][31]_i_3/O
                         net (fo=103, routed)         1.527    17.025    CPU/CC/prif\\.ramstate[1]
    SLICE_X36Y62         LUT6 (Prop_lut6_I5_O)        0.124    17.149 r  CPU/CC/FSM_sequential_curr_state[2]_i_2/O
                         net (fo=5, routed)           1.189    18.338    CPU/CC/FSM_sequential_curr_state[2]_i_2_n_0
    SLICE_X36Y56         LUT6 (Prop_lut6_I3_O)        0.124    18.462 f  CPU/CC/frames[7][1][dirty]_i_8/O
                         net (fo=13, routed)          1.327    19.789    CPU/CM0/DCACHE/ccif\\.dwait__0[0]
    SLICE_X15Y45         LUT6 (Prop_lut6_I4_O)        0.124    19.913 r  CPU/CM0/DCACHE/frames[7][0][data][0][29]_i_4__0/O
                         net (fo=63, routed)          1.248    21.161    CPU/CM0/DCACHE/frames[7][0][data][0][29]_i_4__0_n_0
    SLICE_X2Y38          LUT6 (Prop_lut6_I0_O)        0.124    21.285 r  CPU/CM0/DCACHE/frames[6][0][data][0][31]_i_4/O
                         net (fo=23, routed)          0.705    21.990    CPU/CM0/DCACHE/frames[6][0][data][0][31]_i_4_n_0
    SLICE_X2Y42          LUT6 (Prop_lut6_I5_O)        0.124    22.114 r  CPU/CM0/DCACHE/frames[6][0][data][0][31]_i_1/O
                         net (fo=32, routed)          1.508    23.621    CPU/CM0/DCACHE/frames[6][0][data][0][31]_i_1_n_0
    SLICE_X31Y53         FDCE                                         r  CPU/CM0/DCACHE/frames_reg[6][0][data][0][12]/CE
  -------------------------------------------------------------------    -------------------

                         (clock CPUCLK rise edge)    10.000    10.000 r  
    D18                                               0.000    10.000 r  CLK (IN)
                         net (fo=0)                   0.000    10.000    CLK
    D18                  IBUF (Prop_ibuf_I_O)         0.820    10.820 r  CLK_IBUF_inst/O
                         net (fo=1, routed)           1.868    12.688    CLK_IBUF
    BUFGCTRL_X0Y16       BUFG (Prop_bufg_I_O)         0.091    12.779 r  CLK_IBUF_BUFG_inst/O
                         net (fo=70, routed)          1.448    14.228    CLK_IBUF_BUFG
    SLICE_X39Y46         FDCE (Prop_fdce_C_Q)         0.367    14.595 r  CPUCLK_reg/Q
                         net (fo=2, routed)           0.529    15.124    CPUCLK
    BUFGCTRL_X0Y0        BUFG (Prop_bufg_I_O)         0.091    15.215 r  CPUCLK_BUFG_inst/O
                         net (fo=8214, routed)        1.435    16.650    CPU/CM0/DCACHE/CPUCLK_BUFG
    SLICE_X31Y53         FDCE                                         r  CPU/CM0/DCACHE/frames_reg[6][0][data][0][12]/C
                         clock pessimism              0.242    16.892    
                         clock uncertainty           -0.035    16.857    
    SLICE_X31Y53         FDCE (Setup_fdce_C_CE)      -0.205    16.652    CPU/CM0/DCACHE/frames_reg[6][0][data][0][12]
  -------------------------------------------------------------------
                         required time                         16.652    
                         arrival time                         -23.621    
  -------------------------------------------------------------------
                         slack                                 -6.970    

Slack (VIOLATED) :        -6.970ns  (required time - arrival time)
  Source:                 RAM/addr_reg[17]/C
                            (rising edge-triggered cell FDCE clocked by MAIN  {rise@0.000ns fall@2.500ns period=5.000ns})
  Destination:            CPU/CM0/DCACHE/frames_reg[6][0][data][0][13]/CE
                            (rising edge-triggered cell FDCE clocked by CPUCLK  {rise@0.000ns fall@5.000ns period=10.000ns})
  Path Group:             CPUCLK
  Path Type:              Setup (Max at Slow Process Corner)
  Requirement:            5.000ns  (CPUCLK rise@10.000ns - MAIN rise@5.000ns)
  Data Path Delay:        14.053ns  (logic 2.539ns (18.067%)  route 11.514ns (81.933%))
  Logic Levels:           11  (CARRY4=2 LUT4=1 LUT6=8)
  Clock Path Skew:        2.323ns (DCD - SCD + CPR)
    Destination Clock Delay (DCD):    6.650ns = ( 16.650 - 10.000 ) 
    Source Clock Delay      (SCD):    4.568ns = ( 9.568 - 5.000 ) 
    Clock Pessimism Removal (CPR):    0.242ns
  Clock Uncertainty:      0.035ns  ((TSJ^2 + TIJ^2)^1/2 + DJ) / 2 + PE
    Total System Jitter     (TSJ):    0.071ns
    Total Input Jitter      (TIJ):    0.000ns
    Discrete Jitter          (DJ):    0.000ns
    Phase Error              (PE):    0.000ns

    Location             Delay type                Incr(ns)  Path(ns)    Netlist Resource(s)
  -------------------------------------------------------------------    -------------------
                         (clock MAIN rise edge)       5.000     5.000 r  
    D18                                               0.000     5.000 r  CLK (IN)
                         net (fo=0)                   0.000     5.000    CLK
    D18                  IBUF (Prop_ibuf_I_O)         0.954     5.954 r  CLK_IBUF_inst/O
                         net (fo=1, routed)           1.972     7.925    CLK_IBUF
    BUFGCTRL_X0Y16       BUFG (Prop_bufg_I_O)         0.096     8.021 r  CLK_IBUF_BUFG_inst/O
                         net (fo=70, routed)          1.547     9.568    RAM/CLK
    SLICE_X35Y61         FDCE                                         r  RAM/addr_reg[17]/C
  -------------------------------------------------------------------    -------------------
    SLICE_X35Y61         FDCE (Prop_fdce_C_Q)         0.456    10.024 r  RAM/addr_reg[17]/Q
                         net (fo=2, routed)           0.662    10.686    RAM/Q[1]
    SLICE_X36Y61         LUT6 (Prop_lut6_I2_O)        0.124    10.810 r  RAM/count3_carry__0_i_9/O
                         net (fo=2, routed)           1.120    11.930    CPU/CC/count3_carry__0_i_9_n_0_alias
    SLICE_X28Y55         LUT6 (Prop_lut6_I1_O)        0.124    12.054 r  CPU/CC/addr[15]_i_3_comp_1/O
                         net (fo=1, routed)           0.770    12.824    RAM/lru_reg_4[15]_repN_alias
    SLICE_X35Y59         LUT6 (Prop_lut6_I5_O)        0.124    12.948 r  RAM/rstate3_carry__0_i_3_comp/O
                         net (fo=1, routed)           0.000    12.948    RAM/rstate3_carry__0_i_3_n_0
    SLICE_X35Y59         CARRY4 (Prop_carry4_S[1]_CO[3])
                                                      0.550    13.498 r  RAM/rstate3_carry__0/CO[3]
                         net (fo=1, routed)           0.000    13.498    RAM/rstate3_carry__0_n_0
    SLICE_X35Y60         CARRY4 (Prop_carry4_CI_CO[2])
                                                      0.228    13.726 r  RAM/rstate3_carry__1/CO[2]
                         net (fo=50, routed)          1.459    15.186    CPU/CC/CO[0]
    SLICE_X35Y63         LUT4 (Prop_lut4_I1_O)        0.313    15.499 r  CPU/CC/cache_mem[15][data][31]_i_3/O
                         net (fo=103, routed)         1.527    17.025    CPU/CC/prif\\.ramstate[1]
    SLICE_X36Y62         LUT6 (Prop_lut6_I5_O)        0.124    17.149 r  CPU/CC/FSM_sequential_curr_state[2]_i_2/O
                         net (fo=5, routed)           1.189    18.338    CPU/CC/FSM_sequential_curr_state[2]_i_2_n_0
    SLICE_X36Y56         LUT6 (Prop_lut6_I3_O)        0.124    18.462 f  CPU/CC/frames[7][1][dirty]_i_8/O
                         net (fo=13, routed)          1.327    19.789    CPU/CM0/DCACHE/ccif\\.dwait__0[0]
    SLICE_X15Y45         LUT6 (Prop_lut6_I4_O)        0.124    19.913 r  CPU/CM0/DCACHE/frames[7][0][data][0][29]_i_4__0/O
                         net (fo=63, routed)          1.248    21.161    CPU/CM0/DCACHE/frames[7][0][data][0][29]_i_4__0_n_0
    SLICE_X2Y38          LUT6 (Prop_lut6_I0_O)        0.124    21.285 r  CPU/CM0/DCACHE/frames[6][0][data][0][31]_i_4/O
                         net (fo=23, routed)          0.705    21.990    CPU/CM0/DCACHE/frames[6][0][data][0][31]_i_4_n_0
    SLICE_X2Y42          LUT6 (Prop_lut6_I5_O)        0.124    22.114 r  CPU/CM0/DCACHE/frames[6][0][data][0][31]_i_1/O
                         net (fo=32, routed)          1.508    23.621    CPU/CM0/DCACHE/frames[6][0][data][0][31]_i_1_n_0
    SLICE_X31Y53         FDCE                                         r  CPU/CM0/DCACHE/frames_reg[6][0][data][0][13]/CE
  -------------------------------------------------------------------    -------------------

                         (clock CPUCLK rise edge)    10.000    10.000 r  
    D18                                               0.000    10.000 r  CLK (IN)
                         net (fo=0)                   0.000    10.000    CLK
    D18                  IBUF (Prop_ibuf_I_O)         0.820    10.820 r  CLK_IBUF_inst/O
                         net (fo=1, routed)           1.868    12.688    CLK_IBUF
    BUFGCTRL_X0Y16       BUFG (Prop_bufg_I_O)         0.091    12.779 r  CLK_IBUF_BUFG_inst/O
                         net (fo=70, routed)          1.448    14.228    CLK_IBUF_BUFG
    SLICE_X39Y46         FDCE (Prop_fdce_C_Q)         0.367    14.595 r  CPUCLK_reg/Q
                         net (fo=2, routed)           0.529    15.124    CPUCLK
    BUFGCTRL_X0Y0        BUFG (Prop_bufg_I_O)         0.091    15.215 r  CPUCLK_BUFG_inst/O
                         net (fo=8214, routed)        1.435    16.650    CPU/CM0/DCACHE/CPUCLK_BUFG
    SLICE_X31Y53         FDCE                                         r  CPU/CM0/DCACHE/frames_reg[6][0][data][0][13]/C
                         clock pessimism              0.242    16.892    
                         clock uncertainty           -0.035    16.857    
    SLICE_X31Y53         FDCE (Setup_fdce_C_CE)      -0.205    16.652    CPU/CM0/DCACHE/frames_reg[6][0][data][0][13]
  -------------------------------------------------------------------
                         required time                         16.652    
                         arrival time                         -23.621    
  -------------------------------------------------------------------
                         slack                                 -6.970    

Slack (VIOLATED) :        -6.970ns  (required time - arrival time)
  Source:                 RAM/addr_reg[17]/C
                            (rising edge-triggered cell FDCE clocked by MAIN  {rise@0.000ns fall@2.500ns period=5.000ns})
  Destination:            CPU/CM0/DCACHE/frames_reg[6][0][data][0][31]/CE
                            (rising edge-triggered cell FDCE clocked by CPUCLK  {rise@0.000ns fall@5.000ns period=10.000ns})
  Path Group:             CPUCLK
  Path Type:              Setup (Max at Slow Process Corner)
  Requirement:            5.000ns  (CPUCLK rise@10.000ns - MAIN rise@5.000ns)
  Data Path Delay:        14.053ns  (logic 2.539ns (18.067%)  route 11.514ns (81.933%))
  Logic Levels:           11  (CARRY4=2 LUT4=1 LUT6=8)
  Clock Path Skew:        2.323ns (DCD - SCD + CPR)
    Destination Clock Delay (DCD):    6.650ns = ( 16.650 - 10.000 ) 
    Source Clock Delay      (SCD):    4.568ns = ( 9.568 - 5.000 ) 
    Clock Pessimism Removal (CPR):    0.242ns
  Clock Uncertainty:      0.035ns  ((TSJ^2 + TIJ^2)^1/2 + DJ) / 2 + PE
    Total System Jitter     (TSJ):    0.071ns
    Total Input Jitter      (TIJ):    0.000ns
    Discrete Jitter          (DJ):    0.000ns
    Phase Error              (PE):    0.000ns

    Location             Delay type                Incr(ns)  Path(ns)    Netlist Resource(s)
  -------------------------------------------------------------------    -------------------
                         (clock MAIN rise edge)       5.000     5.000 r  
    D18                                               0.000     5.000 r  CLK (IN)
                         net (fo=0)                   0.000     5.000    CLK
    D18                  IBUF (Prop_ibuf_I_O)         0.954     5.954 r  CLK_IBUF_inst/O
                         net (fo=1, routed)           1.972     7.925    CLK_IBUF
    BUFGCTRL_X0Y16       BUFG (Prop_bufg_I_O)         0.096     8.021 r  CLK_IBUF_BUFG_inst/O
                         net (fo=70, routed)          1.547     9.568    RAM/CLK
    SLICE_X35Y61         FDCE                                         r  RAM/addr_reg[17]/C
  -------------------------------------------------------------------    -------------------
    SLICE_X35Y61         FDCE (Prop_fdce_C_Q)         0.456    10.024 r  RAM/addr_reg[17]/Q
                         net (fo=2, routed)           0.662    10.686    RAM/Q[1]
    SLICE_X36Y61         LUT6 (Prop_lut6_I2_O)        0.124    10.810 r  RAM/count3_carry__0_i_9/O
                         net (fo=2, routed)           1.120    11.930    CPU/CC/count3_carry__0_i_9_n_0_alias
    SLICE_X28Y55         LUT6 (Prop_lut6_I1_O)        0.124    12.054 r  CPU/CC/addr[15]_i_3_comp_1/O
                         net (fo=1, routed)           0.770    12.824    RAM/lru_reg_4[15]_repN_alias
    SLICE_X35Y59         LUT6 (Prop_lut6_I5_O)        0.124    12.948 r  RAM/rstate3_carry__0_i_3_comp/O
                         net (fo=1, routed)           0.000    12.948    RAM/rstate3_carry__0_i_3_n_0
    SLICE_X35Y59         CARRY4 (Prop_carry4_S[1]_CO[3])
                                                      0.550    13.498 r  RAM/rstate3_carry__0/CO[3]
                         net (fo=1, routed)           0.000    13.498    RAM/rstate3_carry__0_n_0
    SLICE_X35Y60         CARRY4 (Prop_carry4_CI_CO[2])
                                                      0.228    13.726 r  RAM/rstate3_carry__1/CO[2]
                         net (fo=50, routed)          1.459    15.186    CPU/CC/CO[0]
    SLICE_X35Y63         LUT4 (Prop_lut4_I1_O)        0.313    15.499 r  CPU/CC/cache_mem[15][data][31]_i_3/O
                         net (fo=103, routed)         1.527    17.025    CPU/CC/prif\\.ramstate[1]
    SLICE_X36Y62         LUT6 (Prop_lut6_I5_O)        0.124    17.149 r  CPU/CC/FSM_sequential_curr_state[2]_i_2/O
                         net (fo=5, routed)           1.189    18.338    CPU/CC/FSM_sequential_curr_state[2]_i_2_n_0
    SLICE_X36Y56         LUT6 (Prop_lut6_I3_O)        0.124    18.462 f  CPU/CC/frames[7][1][dirty]_i_8/O
                         net (fo=13, routed)          1.327    19.789    CPU/CM0/DCACHE/ccif\\.dwait__0[0]
    SLICE_X15Y45         LUT6 (Prop_lut6_I4_O)        0.124    19.913 r  CPU/CM0/DCACHE/frames[7][0][data][0][29]_i_4__0/O
                         net (fo=63, routed)          1.248    21.161    CPU/CM0/DCACHE/frames[7][0][data][0][29]_i_4__0_n_0
    SLICE_X2Y38          LUT6 (Prop_lut6_I0_O)        0.124    21.285 r  CPU/CM0/DCACHE/frames[6][0][data][0][31]_i_4/O
                         net (fo=23, routed)          0.705    21.990    CPU/CM0/DCACHE/frames[6][0][data][0][31]_i_4_n_0
    SLICE_X2Y42          LUT6 (Prop_lut6_I5_O)        0.124    22.114 r  CPU/CM0/DCACHE/frames[6][0][data][0][31]_i_1/O
                         net (fo=32, routed)          1.508    23.621    CPU/CM0/DCACHE/frames[6][0][data][0][31]_i_1_n_0
    SLICE_X31Y53         FDCE                                         r  CPU/CM0/DCACHE/frames_reg[6][0][data][0][31]/CE
  -------------------------------------------------------------------    -------------------

                         (clock CPUCLK rise edge)    10.000    10.000 r  
    D18                                               0.000    10.000 r  CLK (IN)
                         net (fo=0)                   0.000    10.000    CLK
    D18                  IBUF (Prop_ibuf_I_O)         0.820    10.820 r  CLK_IBUF_inst/O
                         net (fo=1, routed)           1.868    12.688    CLK_IBUF
    BUFGCTRL_X0Y16       BUFG (Prop_bufg_I_O)         0.091    12.779 r  CLK_IBUF_BUFG_inst/O
                         net (fo=70, routed)          1.448    14.228    CLK_IBUF_BUFG
    SLICE_X39Y46         FDCE (Prop_fdce_C_Q)         0.367    14.595 r  CPUCLK_reg/Q
                         net (fo=2, routed)           0.529    15.124    CPUCLK
    BUFGCTRL_X0Y0        BUFG (Prop_bufg_I_O)         0.091    15.215 r  CPUCLK_BUFG_inst/O
                         net (fo=8214, routed)        1.435    16.650    CPU/CM0/DCACHE/CPUCLK_BUFG
    SLICE_X31Y53         FDCE                                         r  CPU/CM0/DCACHE/frames_reg[6][0][data][0][31]/C
                         clock pessimism              0.242    16.892    
                         clock uncertainty           -0.035    16.857    
    SLICE_X31Y53         FDCE (Setup_fdce_C_CE)      -0.205    16.652    CPU/CM0/DCACHE/frames_reg[6][0][data][0][31]
  -------------------------------------------------------------------
                         required time                         16.652    
                         arrival time                         -23.621    
  -------------------------------------------------------------------
                         slack                                 -6.970    

Slack (VIOLATED) :        -6.955ns  (required time - arrival time)
  Source:                 RAM/addr_reg[17]/C
                            (rising edge-triggered cell FDCE clocked by MAIN  {rise@0.000ns fall@2.500ns period=5.000ns})
  Destination:            CPU/CM0/DCACHE/frames_reg[6][0][data][0][25]/CE
                            (rising edge-triggered cell FDCE clocked by CPUCLK  {rise@0.000ns fall@5.000ns period=10.000ns})
  Path Group:             CPUCLK
  Path Type:              Setup (Max at Slow Process Corner)
  Requirement:            5.000ns  (CPUCLK rise@10.000ns - MAIN rise@5.000ns)
  Data Path Delay:        14.078ns  (logic 2.539ns (18.035%)  route 11.539ns (81.965%))
  Logic Levels:           11  (CARRY4=2 LUT4=1 LUT6=8)
  Clock Path Skew:        2.327ns (DCD - SCD + CPR)
    Destination Clock Delay (DCD):    6.654ns = ( 16.654 - 10.000 ) 
    Source Clock Delay      (SCD):    4.568ns = ( 9.568 - 5.000 ) 
    Clock Pessimism Removal (CPR):    0.242ns
  Clock Uncertainty:      0.035ns  ((TSJ^2 + TIJ^2)^1/2 + DJ) / 2 + PE
    Total System Jitter     (TSJ):    0.071ns
    Total Input Jitter      (TIJ):    0.000ns
    Discrete Jitter          (DJ):    0.000ns
    Phase Error              (PE):    0.000ns

    Location             Delay type                Incr(ns)  Path(ns)    Netlist Resource(s)
  -------------------------------------------------------------------    -------------------
                         (clock MAIN rise edge)       5.000     5.000 r  
    D18                                               0.000     5.000 r  CLK (IN)
                         net (fo=0)                   0.000     5.000    CLK
    D18                  IBUF (Prop_ibuf_I_O)         0.954     5.954 r  CLK_IBUF_inst/O
                         net (fo=1, routed)           1.972     7.925    CLK_IBUF
    BUFGCTRL_X0Y16       BUFG (Prop_bufg_I_O)         0.096     8.021 r  CLK_IBUF_BUFG_inst/O
                         net (fo=70, routed)          1.547     9.568    RAM/CLK
    SLICE_X35Y61         FDCE                                         r  RAM/addr_reg[17]/C
  -------------------------------------------------------------------    -------------------
    SLICE_X35Y61         FDCE (Prop_fdce_C_Q)         0.456    10.024 r  RAM/addr_reg[17]/Q
                         net (fo=2, routed)           0.662    10.686    RAM/Q[1]
    SLICE_X36Y61         LUT6 (Prop_lut6_I2_O)        0.124    10.810 r  RAM/count3_carry__0_i_9/O
                         net (fo=2, routed)           1.120    11.930    CPU/CC/count3_carry__0_i_9_n_0_alias
    SLICE_X28Y55         LUT6 (Prop_lut6_I1_O)        0.124    12.054 r  CPU/CC/addr[15]_i_3_comp_1/O
                         net (fo=1, routed)           0.770    12.824    RAM/lru_reg_4[15]_repN_alias
    SLICE_X35Y59         LUT6 (Prop_lut6_I5_O)        0.124    12.948 r  RAM/rstate3_carry__0_i_3_comp/O
                         net (fo=1, routed)           0.000    12.948    RAM/rstate3_carry__0_i_3_n_0
    SLICE_X35Y59         CARRY4 (Prop_carry4_S[1]_CO[3])
                                                      0.550    13.498 r  RAM/rstate3_carry__0/CO[3]
                         net (fo=1, routed)           0.000    13.498    RAM/rstate3_carry__0_n_0
    SLICE_X35Y60         CARRY4 (Prop_carry4_CI_CO[2])
                                                      0.228    13.726 r  RAM/rstate3_carry__1/CO[2]
                         net (fo=50, routed)          1.459    15.186    CPU/CC/CO[0]
    SLICE_X35Y63         LUT4 (Prop_lut4_I1_O)        0.313    15.499 r  CPU/CC/cache_mem[15][data][31]_i_3/O
                         net (fo=103, routed)         1.527    17.025    CPU/CC/prif\\.ramstate[1]
    SLICE_X36Y62         LUT6 (Prop_lut6_I5_O)        0.124    17.149 r  CPU/CC/FSM_sequential_curr_state[2]_i_2/O
                         net (fo=5, routed)           1.189    18.338    CPU/CC/FSM_sequential_curr_state[2]_i_2_n_0
    SLICE_X36Y56         LUT6 (Prop_lut6_I3_O)        0.124    18.462 f  CPU/CC/frames[7][1][dirty]_i_8/O
                         net (fo=13, routed)          1.327    19.789    CPU/CM0/DCACHE/ccif\\.dwait__0[0]
    SLICE_X15Y45         LUT6 (Prop_lut6_I4_O)        0.124    19.913 r  CPU/CM0/DCACHE/frames[7][0][data][0][29]_i_4__0/O
                         net (fo=63, routed)          1.248    21.161    CPU/CM0/DCACHE/frames[7][0][data][0][29]_i_4__0_n_0
    SLICE_X2Y38          LUT6 (Prop_lut6_I0_O)        0.124    21.285 r  CPU/CM0/DCACHE/frames[6][0][data][0][31]_i_4/O
                         net (fo=23, routed)          0.705    21.990    CPU/CM0/DCACHE/frames[6][0][data][0][31]_i_4_n_0
    SLICE_X2Y42          LUT6 (Prop_lut6_I5_O)        0.124    22.114 r  CPU/CM0/DCACHE/frames[6][0][data][0][31]_i_1/O
                         net (fo=32, routed)          1.533    23.647    CPU/CM0/DCACHE/frames[6][0][data][0][31]_i_1_n_0
    SLICE_X30Y33         FDCE                                         r  CPU/CM0/DCACHE/frames_reg[6][0][data][0][25]/CE
  -------------------------------------------------------------------    -------------------

                         (clock CPUCLK rise edge)    10.000    10.000 r  
    D18                                               0.000    10.000 r  CLK (IN)
                         net (fo=0)                   0.000    10.000    CLK
    D18                  IBUF (Prop_ibuf_I_O)         0.820    10.820 r  CLK_IBUF_inst/O
                         net (fo=1, routed)           1.868    12.688    CLK_IBUF
    BUFGCTRL_X0Y16       BUFG (Prop_bufg_I_O)         0.091    12.779 r  CLK_IBUF_BUFG_inst/O
                         net (fo=70, routed)          1.448    14.228    CLK_IBUF_BUFG
    SLICE_X39Y46         FDCE (Prop_fdce_C_Q)         0.367    14.595 r  CPUCLK_reg/Q
                         net (fo=2, routed)           0.529    15.124    CPUCLK
    BUFGCTRL_X0Y0        BUFG (Prop_bufg_I_O)         0.091    15.215 r  CPUCLK_BUFG_inst/O
                         net (fo=8214, routed)        1.438    16.654    CPU/CM0/DCACHE/CPUCLK_BUFG
    SLICE_X30Y33         FDCE                                         r  CPU/CM0/DCACHE/frames_reg[6][0][data][0][25]/C
                         clock pessimism              0.242    16.896    
                         clock uncertainty           -0.035    16.860    
    SLICE_X30Y33         FDCE (Setup_fdce_C_CE)      -0.169    16.691    CPU/CM0/DCACHE/frames_reg[6][0][data][0][25]
  -------------------------------------------------------------------
                         required time                         16.691    
                         arrival time                         -23.647    
  -------------------------------------------------------------------
                         slack                                 -6.955    





Min Delay Paths
--------------------------------------------------------------------------------------
Slack (MET) :             0.202ns  (arrival time - required time)
  Source:                 RAM/en_reg[1]/C
                            (rising edge-triggered cell FDPE clocked by MAIN  {rise@0.000ns fall@2.500ns period=5.000ns})
  Destination:            CPU/CM0/ICACHE/cache_mem_reg[2][data][1]/D
                            (rising edge-triggered cell FDCE clocked by CPUCLK  {rise@0.000ns fall@5.000ns period=10.000ns})
  Path Group:             CPUCLK
  Path Type:              Hold (Min at Fast Process Corner)
  Requirement:            0.000ns  (CPUCLK rise@0.000ns - MAIN rise@0.000ns)
  Data Path Delay:        1.873ns  (logic 0.302ns (16.127%)  route 1.571ns (83.873%))
  Logic Levels:           3  (LUT4=1 LUT5=1 LUT6=1)
  Clock Path Skew:        1.570ns (DCD - SCD - CPR)
    Destination Clock Delay (DCD):    3.213ns
    Source Clock Delay      (SCD):    1.397ns
    Clock Pessimism Removal (CPR):    0.246ns

    Location             Delay type                Incr(ns)  Path(ns)    Netlist Resource(s)
  -------------------------------------------------------------------    -------------------
                         (clock MAIN rise edge)       0.000     0.000 r  
    D18                                               0.000     0.000 r  CLK (IN)
                         net (fo=0)                   0.000     0.000    CLK
    D18                  IBUF (Prop_ibuf_I_O)         0.183     0.183 r  CLK_IBUF_inst/O
                         net (fo=1, routed)           0.634     0.817    CLK_IBUF
    BUFGCTRL_X0Y16       BUFG (Prop_bufg_I_O)         0.026     0.843 r  CLK_IBUF_BUFG_inst/O
                         net (fo=70, routed)          0.554     1.397    RAM/CLK
    SLICE_X34Y64         FDPE                                         r  RAM/en_reg[1]/C
  -------------------------------------------------------------------    -------------------
    SLICE_X34Y64         FDPE (Prop_fdpe_C_Q)         0.164     1.561 r  RAM/en_reg[1]/Q
                         net (fo=7, routed)           0.459     2.019    CPU/CC/mem_reg_9[1]
    SLICE_X35Y64         LUT6 (Prop_lut6_I3_O)        0.045     2.064 r  CPU/CC/cache_mem[15][data][31]_i_5/O
                         net (fo=1, routed)           0.485     2.550    CPU/CC/cache_mem[15][data][31]_i_5_n_0
    SLICE_X35Y63         LUT4 (Prop_lut4_I2_O)        0.045     2.595 r  CPU/CC/cache_mem[15][data][31]_i_3/O
                         net (fo=103, routed)         0.627     3.221    CPU/CC/prif\\.ramstate[1]
    SLICE_X37Y63         LUT5 (Prop_lut5_I4_O)        0.048     3.269 r  CPU/CC/cache_mem[15][data][1]_i_1__0/O
                         net (fo=16, routed)          0.000     3.269    CPU/CM0/ICACHE/cache_mem_reg[0][data][31]_0[1]
    SLICE_X37Y63         FDCE                                         r  CPU/CM0/ICACHE/cache_mem_reg[2][data][1]/D
  -------------------------------------------------------------------    -------------------

                         (clock CPUCLK rise edge)     0.000     0.000 r  
    D18                                               0.000     0.000 r  CLK (IN)
                         net (fo=0)                   0.000     0.000    CLK
    D18                  IBUF (Prop_ibuf_I_O)         0.372     0.372 r  CLK_IBUF_inst/O
                         net (fo=1, routed)           0.689     1.060    CLK_IBUF
    BUFGCTRL_X0Y16       BUFG (Prop_bufg_I_O)         0.029     1.089 r  CLK_IBUF_BUFG_inst/O
                         net (fo=70, routed)          0.834     1.923    CLK_IBUF_BUFG
    SLICE_X39Y46         FDCE (Prop_fdce_C_Q)         0.175     2.098 r  CPUCLK_reg/Q
                         net (fo=2, routed)           0.261     2.359    CPUCLK
    BUFGCTRL_X0Y0        BUFG (Prop_bufg_I_O)         0.029     2.388 r  CPUCLK_BUFG_inst/O
                         net (fo=8214, routed)        0.824     3.213    CPU/CM0/ICACHE/CPUCLK_BUFG
    SLICE_X37Y63         FDCE                                         r  CPU/CM0/ICACHE/cache_mem_reg[2][data][1]/C
                         clock pessimism             -0.246     2.966    
    SLICE_X37Y63         FDCE (Hold_fdce_C_D)         0.101     3.067    CPU/CM0/ICACHE/cache_mem_reg[2][data][1]
  -------------------------------------------------------------------
                         required time                         -3.067    
                         arrival time                           3.269    
  -------------------------------------------------------------------
                         slack                                  0.202    

Slack (MET) :             0.252ns  (arrival time - required time)
  Source:                 RAM/count_reg[1]/C
                            (rising edge-triggered cell FDCE clocked by MAIN  {rise@0.000ns fall@2.500ns period=5.000ns})
  Destination:            CPU/CM1/DCACHE/frames_reg[0][1][data][0][7]/D
                            (rising edge-triggered cell FDCE clocked by CPUCLK  {rise@0.000ns fall@5.000ns period=10.000ns})
  Path Group:             CPUCLK
  Path Type:              Hold (Min at Fast Process Corner)
  Requirement:            0.000ns  (CPUCLK rise@0.000ns - MAIN rise@0.000ns)
  Data Path Delay:        1.913ns  (logic 0.299ns (15.629%)  route 1.614ns (84.371%))
  Logic Levels:           3  (LUT5=1 LUT6=2)
  Clock Path Skew:        1.569ns (DCD - SCD - CPR)
    Destination Clock Delay (DCD):    3.212ns
    Source Clock Delay      (SCD):    1.397ns
    Clock Pessimism Removal (CPR):    0.246ns

    Location             Delay type                Incr(ns)  Path(ns)    Netlist Resource(s)
  -------------------------------------------------------------------    -------------------
                         (clock MAIN rise edge)       0.000     0.000 r  
    D18                                               0.000     0.000 r  CLK (IN)
                         net (fo=0)                   0.000     0.000    CLK
    D18                  IBUF (Prop_ibuf_I_O)         0.183     0.183 r  CLK_IBUF_inst/O
                         net (fo=1, routed)           0.634     0.817    CLK_IBUF
    BUFGCTRL_X0Y16       BUFG (Prop_bufg_I_O)         0.026     0.843 r  CLK_IBUF_BUFG_inst/O
                         net (fo=70, routed)          0.554     1.397    RAM/CLK
    SLICE_X34Y63         FDCE                                         r  RAM/count_reg[1]/C
  -------------------------------------------------------------------    -------------------
    SLICE_X34Y63         FDCE (Prop_fdce_C_Q)         0.164     1.561 f  RAM/count_reg[1]/Q
                         net (fo=52, routed)          0.438     1.999    RAM/count_reg[1]_0[0]
    SLICE_X33Y63         LUT5 (Prop_lut5_I1_O)        0.045     2.044 r  RAM/syif\\.load[7]_INST_0_i_1/O
                         net (fo=5, routed)           0.677     2.721    CPU/CC/syif\\.load_OBUF[7]
    SLICE_X31Y78         LUT6 (Prop_lut6_I2_O)        0.045     2.766 r  CPU/CC/frames[6][1][data][0][7]_i_2/O
                         net (fo=14, routed)          0.499     3.265    CPU/CM1/DCACHE/ccif\\.cif1\\.dload[7]
    SLICE_X35Y85         LUT6 (Prop_lut6_I3_O)        0.045     3.310 r  CPU/CM1/DCACHE/frames[0][1][data][0][7]_i_1/O
                         net (fo=1, routed)           0.000     3.310    CPU/CM1/DCACHE/frames[0][1][data][0][7]_i_1_n_0
    SLICE_X35Y85         FDCE                                         r  CPU/CM1/DCACHE/frames_reg[0][1][data][0][7]/D
  -------------------------------------------------------------------    -------------------

                         (clock CPUCLK rise edge)     0.000     0.000 r  
    D18                                               0.000     0.000 r  CLK (IN)
                         net (fo=0)                   0.000     0.000    CLK
    D18                  IBUF (Prop_ibuf_I_O)         0.372     0.372 r  CLK_IBUF_inst/O
                         net (fo=1, routed)           0.689     1.060    CLK_IBUF
    BUFGCTRL_X0Y16       BUFG (Prop_bufg_I_O)         0.029     1.089 r  CLK_IBUF_BUFG_inst/O
                         net (fo=70, routed)          0.834     1.923    CLK_IBUF_BUFG
    SLICE_X39Y46         FDCE (Prop_fdce_C_Q)         0.175     2.098 r  CPUCLK_reg/Q
                         net (fo=2, routed)           0.261     2.359    CPUCLK
    BUFGCTRL_X0Y0        BUFG (Prop_bufg_I_O)         0.029     2.388 r  CPUCLK_BUFG_inst/O
                         net (fo=8214, routed)        0.823     3.212    CPU/CM1/DCACHE/CPUCLK_BUFG
    SLICE_X35Y85         FDCE                                         r  CPU/CM1/DCACHE/frames_reg[0][1][data][0][7]/C
                         clock pessimism             -0.246     2.965    
    SLICE_X35Y85         FDCE (Hold_fdce_C_D)         0.092     3.057    CPU/CM1/DCACHE/frames_reg[0][1][data][0][7]
  -------------------------------------------------------------------
                         required time                         -3.057    
                         arrival time                           3.310    
  -------------------------------------------------------------------
                         slack                                  0.252    

Slack (MET) :             0.270ns  (arrival time - required time)
  Source:                 RAM/count_reg[1]/C
                            (rising edge-triggered cell FDCE clocked by MAIN  {rise@0.000ns fall@2.500ns period=5.000ns})
  Destination:            CPU/CM1/DCACHE/frames_reg[4][1][data][0][4]/D
                            (rising edge-triggered cell FDCE clocked by CPUCLK  {rise@0.000ns fall@5.000ns period=10.000ns})
  Path Group:             CPUCLK
  Path Type:              Hold (Min at Fast Process Corner)
  Requirement:            0.000ns  (CPUCLK rise@0.000ns - MAIN rise@0.000ns)
  Data Path Delay:        1.926ns  (logic 0.299ns (15.527%)  route 1.627ns (84.473%))
  Logic Levels:           3  (LUT5=1 LUT6=2)
  Clock Path Skew:        1.564ns (DCD - SCD - CPR)
    Destination Clock Delay (DCD):    3.207ns
    Source Clock Delay      (SCD):    1.397ns
    Clock Pessimism Removal (CPR):    0.246ns

    Location             Delay type                Incr(ns)  Path(ns)    Netlist Resource(s)
  -------------------------------------------------------------------    -------------------
                         (clock MAIN rise edge)       0.000     0.000 r  
    D18                                               0.000     0.000 r  CLK (IN)
                         net (fo=0)                   0.000     0.000    CLK
    D18                  IBUF (Prop_ibuf_I_O)         0.183     0.183 r  CLK_IBUF_inst/O
                         net (fo=1, routed)           0.634     0.817    CLK_IBUF
    BUFGCTRL_X0Y16       BUFG (Prop_bufg_I_O)         0.026     0.843 r  CLK_IBUF_BUFG_inst/O
                         net (fo=70, routed)          0.554     1.397    RAM/CLK
    SLICE_X34Y63         FDCE                                         r  RAM/count_reg[1]/C
  -------------------------------------------------------------------    -------------------
    SLICE_X34Y63         FDCE (Prop_fdce_C_Q)         0.164     1.561 f  RAM/count_reg[1]/Q
                         net (fo=52, routed)          0.571     2.131    RAM/count_reg[1]_0[0]
    SLICE_X33Y62         LUT5 (Prop_lut5_I1_O)        0.045     2.176 r  RAM/syif\\.load[4]_INST_0_i_1/O
                         net (fo=5, routed)           0.570     2.747    CPU/CC/syif\\.load_OBUF[4]
    SLICE_X32Y70         LUT6 (Prop_lut6_I2_O)        0.045     2.792 r  CPU/CC/frames[6][1][data][0][4]_i_2/O
                         net (fo=32, routed)          0.486     3.277    CPU/CM1/DCACHE/ccif\\.cif1\\.dload[4]
    SLICE_X35Y69         LUT6 (Prop_lut6_I3_O)        0.045     3.322 r  CPU/CM1/DCACHE/frames[4][1][data][0][4]_i_1__0/O
                         net (fo=1, routed)           0.000     3.322    CPU/CM1/DCACHE/frames[4][1][data][0][4]_i_1__0_n_0
    SLICE_X35Y69         FDCE                                         r  CPU/CM1/DCACHE/frames_reg[4][1][data][0][4]/D
  -------------------------------------------------------------------    -------------------

                         (clock CPUCLK rise edge)     0.000     0.000 r  
    D18                                               0.000     0.000 r  CLK (IN)
                         net (fo=0)                   0.000     0.000    CLK
    D18                  IBUF (Prop_ibuf_I_O)         0.372     0.372 r  CLK_IBUF_inst/O
                         net (fo=1, routed)           0.689     1.060    CLK_IBUF
    BUFGCTRL_X0Y16       BUFG (Prop_bufg_I_O)         0.029     1.089 r  CLK_IBUF_BUFG_inst/O
                         net (fo=70, routed)          0.834     1.923    CLK_IBUF_BUFG
    SLICE_X39Y46         FDCE (Prop_fdce_C_Q)         0.175     2.098 r  CPUCLK_reg/Q
                         net (fo=2, routed)           0.261     2.359    CPUCLK
    BUFGCTRL_X0Y0        BUFG (Prop_bufg_I_O)         0.029     2.388 r  CPUCLK_BUFG_inst/O
                         net (fo=8214, routed)        0.818     3.207    CPU/CM1/DCACHE/CPUCLK_BUFG
    SLICE_X35Y69         FDCE                                         r  CPU/CM1/DCACHE/frames_reg[4][1][data][0][4]/C
                         clock pessimism             -0.246     2.960    
    SLICE_X35Y69         FDCE (Hold_fdce_C_D)         0.092     3.052    CPU/CM1/DCACHE/frames_reg[4][1][data][0][4]
  -------------------------------------------------------------------
                         required time                         -3.052    
                         arrival time                           3.322    
  -------------------------------------------------------------------
                         slack                                  0.270    

Slack (MET) :             0.304ns  (arrival time - required time)
  Source:                 RAM/count_reg[1]/C
                            (rising edge-triggered cell FDCE clocked by MAIN  {rise@0.000ns fall@2.500ns period=5.000ns})
  Destination:            CPU/CM1/DCACHE/frames_reg[1][1][data][0][17]/D
                            (rising edge-triggered cell FDCE clocked by CPUCLK  {rise@0.000ns fall@5.000ns period=10.000ns})
  Path Group:             CPUCLK
  Path Type:              Hold (Min at Fast Process Corner)
  Requirement:            0.000ns  (CPUCLK rise@0.000ns - MAIN rise@0.000ns)
  Data Path Delay:        1.965ns  (logic 0.299ns (15.220%)  route 1.666ns (84.780%))
  Logic Levels:           3  (LUT5=1 LUT6=2)
  Clock Path Skew:        1.570ns (DCD - SCD - CPR)
    Destination Clock Delay (DCD):    3.213ns
    Source Clock Delay      (SCD):    1.397ns
    Clock Pessimism Removal (CPR):    0.246ns

    Location             Delay type                Incr(ns)  Path(ns)    Netlist Resource(s)
  -------------------------------------------------------------------    -------------------
                         (clock MAIN rise edge)       0.000     0.000 r  
    D18                                               0.000     0.000 r  CLK (IN)
                         net (fo=0)                   0.000     0.000    CLK
    D18                  IBUF (Prop_ibuf_I_O)         0.183     0.183 r  CLK_IBUF_inst/O
                         net (fo=1, routed)           0.634     0.817    CLK_IBUF
    BUFGCTRL_X0Y16       BUFG (Prop_bufg_I_O)         0.026     0.843 r  CLK_IBUF_BUFG_inst/O
                         net (fo=70, routed)          0.554     1.397    RAM/CLK
    SLICE_X34Y63         FDCE                                         r  RAM/count_reg[1]/C
  -------------------------------------------------------------------    -------------------
    SLICE_X34Y63         FDCE (Prop_fdce_C_Q)         0.164     1.561 r  RAM/count_reg[1]/Q
                         net (fo=52, routed)          0.519     2.080    RAM/count_reg[1]_0[0]
    SLICE_X34Y63         LUT5 (Prop_lut5_I1_O)        0.045     2.125 r  RAM/syif\\.load[17]_INST_0_i_1/O
                         net (fo=5, routed)           0.537     2.662    CPU/CC/syif\\.load_OBUF[17]
    SLICE_X33Y66         LUT6 (Prop_lut6_I2_O)        0.045     2.707 r  CPU/CC/frames[6][1][data][0][17]_i_2/O
                         net (fo=13, routed)          0.610     3.316    CPU/CM1/DCACHE/ccif\\.cif1\\.dload[17]
    SLICE_X29Y84         LUT6 (Prop_lut6_I4_O)        0.045     3.361 r  CPU/CM1/DCACHE/frames[1][1][data][0][17]_i_1__0/O
                         net (fo=1, routed)           0.000     3.361    CPU/CM1/DCACHE/frames[1][1][data][0][17]_i_1__0_n_0
    SLICE_X29Y84         FDCE                                         r  CPU/CM1/DCACHE/frames_reg[1][1][data][0][17]/D
  -------------------------------------------------------------------    -------------------

                         (clock CPUCLK rise edge)     0.000     0.000 r  
    D18                                               0.000     0.000 r  CLK (IN)
                         net (fo=0)                   0.000     0.000    CLK
    D18                  IBUF (Prop_ibuf_I_O)         0.372     0.372 r  CLK_IBUF_inst/O
                         net (fo=1, routed)           0.689     1.060    CLK_IBUF
    BUFGCTRL_X0Y16       BUFG (Prop_bufg_I_O)         0.029     1.089 r  CLK_IBUF_BUFG_inst/O
                         net (fo=70, routed)          0.834     1.923    CLK_IBUF_BUFG
    SLICE_X39Y46         FDCE (Prop_fdce_C_Q)         0.175     2.098 r  CPUCLK_reg/Q
                         net (fo=2, routed)           0.261     2.359    CPUCLK
    BUFGCTRL_X0Y0        BUFG (Prop_bufg_I_O)         0.029     2.388 r  CPUCLK_BUFG_inst/O
                         net (fo=8214, routed)        0.825     3.213    CPU/CM1/DCACHE/CPUCLK_BUFG
    SLICE_X29Y84         FDCE                                         r  CPU/CM1/DCACHE/frames_reg[1][1][data][0][17]/C
                         clock pessimism             -0.246     2.966    
    SLICE_X29Y84         FDCE (Hold_fdce_C_D)         0.091     3.057    CPU/CM1/DCACHE/frames_reg[1][1][data][0][17]
  -------------------------------------------------------------------
                         required time                         -3.057    
                         arrival time                           3.361    
  -------------------------------------------------------------------
                         slack                                  0.304    

Slack (MET) :             0.305ns  (arrival time - required time)
  Source:                 RAM/count_reg[1]/C
                            (rising edge-triggered cell FDCE clocked by MAIN  {rise@0.000ns fall@2.500ns period=5.000ns})
  Destination:            CPU/CC/FSM_sequential_curr_state_reg[0]/D
                            (rising edge-triggered cell FDCE clocked by CPUCLK  {rise@0.000ns fall@5.000ns period=10.000ns})
  Path Group:             CPUCLK
  Path Type:              Hold (Min at Fast Process Corner)
  Requirement:            0.000ns  (CPUCLK rise@0.000ns - MAIN rise@0.000ns)
  Data Path Delay:        1.967ns  (logic 0.254ns (12.913%)  route 1.713ns (87.087%))
  Logic Levels:           2  (LUT6=2)
  Clock Path Skew:        1.571ns (DCD - SCD - CPR)
    Destination Clock Delay (DCD):    3.214ns
    Source Clock Delay      (SCD):    1.397ns
    Clock Pessimism Removal (CPR):    0.246ns

    Location             Delay type                Incr(ns)  Path(ns)    Netlist Resource(s)
  -------------------------------------------------------------------    -------------------
                         (clock MAIN rise edge)       0.000     0.000 r  
    D18                                               0.000     0.000 r  CLK (IN)
                         net (fo=0)                   0.000     0.000    CLK
    D18                  IBUF (Prop_ibuf_I_O)         0.183     0.183 r  CLK_IBUF_inst/O
                         net (fo=1, routed)           0.634     0.817    CLK_IBUF
    BUFGCTRL_X0Y16       BUFG (Prop_bufg_I_O)         0.026     0.843 r  CLK_IBUF_BUFG_inst/O
                         net (fo=70, routed)          0.554     1.397    RAM/CLK
    SLICE_X34Y63         FDCE                                         r  RAM/count_reg[1]/C
  -------------------------------------------------------------------    -------------------
    SLICE_X34Y63         FDCE (Prop_fdce_C_Q)         0.164     1.561 r  RAM/count_reg[1]/Q
                         net (fo=52, routed)          0.880     2.440    CPU/CC/count[0]
    SLICE_X36Y62         LUT6 (Prop_lut6_I2_O)        0.045     2.485 f  CPU/CC/FSM_sequential_curr_state[2]_i_2/O
                         net (fo=5, routed)           0.833     3.319    CPU/CC/FSM_sequential_curr_state[2]_i_2_n_0
    SLICE_X31Y62         LUT6 (Prop_lut6_I5_O)        0.045     3.364 r  CPU/CC/FSM_sequential_curr_state[0]_i_1/O
                         net (fo=1, routed)           0.000     3.364    CPU/CC/FSM_sequential_curr_state[0]_i_1_n_0
    SLICE_X31Y62         FDCE                                         r  CPU/CC/FSM_sequential_curr_state_reg[0]/D
  -------------------------------------------------------------------    -------------------

                         (clock CPUCLK rise edge)     0.000     0.000 r  
    D18                                               0.000     0.000 r  CLK (IN)
                         net (fo=0)                   0.000     0.000    CLK
    D18                  IBUF (Prop_ibuf_I_O)         0.372     0.372 r  CLK_IBUF_inst/O
                         net (fo=1, routed)           0.689     1.060    CLK_IBUF
    BUFGCTRL_X0Y16       BUFG (Prop_bufg_I_O)         0.029     1.089 r  CLK_IBUF_BUFG_inst/O
                         net (fo=70, routed)          0.834     1.923    CLK_IBUF_BUFG
    SLICE_X39Y46         FDCE (Prop_fdce_C_Q)         0.175     2.098 r  CPUCLK_reg/Q
                         net (fo=2, routed)           0.261     2.359    CPUCLK
    BUFGCTRL_X0Y0        BUFG (Prop_bufg_I_O)         0.029     2.388 r  CPUCLK_BUFG_inst/O
                         net (fo=8214, routed)        0.825     3.214    CPU/CC/CPUCLK_BUFG
    SLICE_X31Y62         FDCE                                         r  CPU/CC/FSM_sequential_curr_state_reg[0]/C
                         clock pessimism             -0.246     2.967    
    SLICE_X31Y62         FDCE (Hold_fdce_C_D)         0.091     3.058    CPU/CC/FSM_sequential_curr_state_reg[0]
  -------------------------------------------------------------------
                         required time                         -3.058    
                         arrival time                           3.364    
  -------------------------------------------------------------------
                         slack                                  0.305    

Slack (MET) :             0.307ns  (arrival time - required time)
  Source:                 RAM/count_reg[1]/C
                            (rising edge-triggered cell FDCE clocked by MAIN  {rise@0.000ns fall@2.500ns period=5.000ns})
  Destination:            CPU/CM1/DCACHE/frames_reg[0][1][data][0][4]/D
                            (rising edge-triggered cell FDCE clocked by CPUCLK  {rise@0.000ns fall@5.000ns period=10.000ns})
  Path Group:             CPUCLK
  Path Type:              Hold (Min at Fast Process Corner)
  Requirement:            0.000ns  (CPUCLK rise@0.000ns - MAIN rise@0.000ns)
  Data Path Delay:        1.963ns  (logic 0.299ns (15.233%)  route 1.664ns (84.767%))
  Logic Levels:           3  (LUT5=1 LUT6=2)
  Clock Path Skew:        1.564ns (DCD - SCD - CPR)
    Destination Clock Delay (DCD):    3.207ns
    Source Clock Delay      (SCD):    1.397ns
    Clock Pessimism Removal (CPR):    0.246ns

    Location             Delay type                Incr(ns)  Path(ns)    Netlist Resource(s)
  -------------------------------------------------------------------    -------------------
                         (clock MAIN rise edge)       0.000     0.000 r  
    D18                                               0.000     0.000 r  CLK (IN)
                         net (fo=0)                   0.000     0.000    CLK
    D18                  IBUF (Prop_ibuf_I_O)         0.183     0.183 r  CLK_IBUF_inst/O
                         net (fo=1, routed)           0.634     0.817    CLK_IBUF
    BUFGCTRL_X0Y16       BUFG (Prop_bufg_I_O)         0.026     0.843 r  CLK_IBUF_BUFG_inst/O
                         net (fo=70, routed)          0.554     1.397    RAM/CLK
    SLICE_X34Y63         FDCE                                         r  RAM/count_reg[1]/C
  -------------------------------------------------------------------    -------------------
    SLICE_X34Y63         FDCE (Prop_fdce_C_Q)         0.164     1.561 f  RAM/count_reg[1]/Q
                         net (fo=52, routed)          0.571     2.131    RAM/count_reg[1]_0[0]
    SLICE_X33Y62         LUT5 (Prop_lut5_I1_O)        0.045     2.176 r  RAM/syif\\.load[4]_INST_0_i_1/O
                         net (fo=5, routed)           0.570     2.747    CPU/CC/syif\\.load_OBUF[4]
    SLICE_X32Y70         LUT6 (Prop_lut6_I2_O)        0.045     2.792 r  CPU/CC/frames[6][1][data][0][4]_i_2/O
                         net (fo=32, routed)          0.523     3.315    CPU/CM1/DCACHE/ccif\\.cif1\\.dload[4]
    SLICE_X37Y70         LUT6 (Prop_lut6_I3_O)        0.045     3.360 r  CPU/CM1/DCACHE/frames[0][1][data][0][4]_i_1__0/O
                         net (fo=1, routed)           0.000     3.360    CPU/CM1/DCACHE/frames[0][1][data][0][4]_i_1__0_n_0
    SLICE_X37Y70         FDCE                                         r  CPU/CM1/DCACHE/frames_reg[0][1][data][0][4]/D
  -------------------------------------------------------------------    -------------------

                         (clock CPUCLK rise edge)     0.000     0.000 r  
    D18                                               0.000     0.000 r  CLK (IN)
                         net (fo=0)                   0.000     0.000    CLK
    D18                  IBUF (Prop_ibuf_I_O)         0.372     0.372 r  CLK_IBUF_inst/O
                         net (fo=1, routed)           0.689     1.060    CLK_IBUF
    BUFGCTRL_X0Y16       BUFG (Prop_bufg_I_O)         0.029     1.089 r  CLK_IBUF_BUFG_inst/O
                         net (fo=70, routed)          0.834     1.923    CLK_IBUF_BUFG
    SLICE_X39Y46         FDCE (Prop_fdce_C_Q)         0.175     2.098 r  CPUCLK_reg/Q
                         net (fo=2, routed)           0.261     2.359    CPUCLK
    BUFGCTRL_X0Y0        BUFG (Prop_bufg_I_O)         0.029     2.388 r  CPUCLK_BUFG_inst/O
                         net (fo=8214, routed)        0.818     3.207    CPU/CM1/DCACHE/CPUCLK_BUFG
    SLICE_X37Y70         FDCE                                         r  CPU/CM1/DCACHE/frames_reg[0][1][data][0][4]/C
                         clock pessimism             -0.246     2.960    
    SLICE_X37Y70         FDCE (Hold_fdce_C_D)         0.092     3.052    CPU/CM1/DCACHE/frames_reg[0][1][data][0][4]
  -------------------------------------------------------------------
                         required time                         -3.052    
                         arrival time                           3.360    
  -------------------------------------------------------------------
                         slack                                  0.307    

Slack (MET) :             0.331ns  (arrival time - required time)
  Source:                 RAM/count_reg[1]/C
                            (rising edge-triggered cell FDCE clocked by MAIN  {rise@0.000ns fall@2.500ns period=5.000ns})
  Destination:            CPU/CM1/DCACHE/frames_reg[6][1][data][0][16]/D
                            (rising edge-triggered cell FDCE clocked by CPUCLK  {rise@0.000ns fall@5.000ns period=10.000ns})
  Path Group:             CPUCLK
  Path Type:              Hold (Min at Fast Process Corner)
  Requirement:            0.000ns  (CPUCLK rise@0.000ns - MAIN rise@0.000ns)
  Data Path Delay:        1.982ns  (logic 0.299ns (15.087%)  route 1.683ns (84.913%))
  Logic Levels:           3  (LUT5=1 LUT6=2)
  Clock Path Skew:        1.559ns (DCD - SCD - CPR)
    Destination Clock Delay (DCD):    3.202ns
    Source Clock Delay      (SCD):    1.397ns
    Clock Pessimism Removal (CPR):    0.246ns

    Location             Delay type                Incr(ns)  Path(ns)    Netlist Resource(s)
  -------------------------------------------------------------------    -------------------
                         (clock MAIN rise edge)       0.000     0.000 r  
    D18                                               0.000     0.000 r  CLK (IN)
                         net (fo=0)                   0.000     0.000    CLK
    D18                  IBUF (Prop_ibuf_I_O)         0.183     0.183 r  CLK_IBUF_inst/O
                         net (fo=1, routed)           0.634     0.817    CLK_IBUF
    BUFGCTRL_X0Y16       BUFG (Prop_bufg_I_O)         0.026     0.843 r  CLK_IBUF_BUFG_inst/O
                         net (fo=70, routed)          0.554     1.397    RAM/CLK
    SLICE_X34Y63         FDCE                                         r  RAM/count_reg[1]/C
  -------------------------------------------------------------------    -------------------
    SLICE_X34Y63         FDCE (Prop_fdce_C_Q)         0.164     1.561 f  RAM/count_reg[1]/Q
                         net (fo=52, routed)          0.564     2.125    RAM/count_reg[1]_0[0]
    SLICE_X34Y64         LUT5 (Prop_lut5_I1_O)        0.045     2.170 r  RAM/syif\\.load[16]_INST_0_i_1/O
                         net (fo=5, routed)           0.597     2.767    CPU/CC/syif\\.load_OBUF[16]
    SLICE_X37Y72         LUT6 (Prop_lut6_I2_O)        0.045     2.812 r  CPU/CC/frames[6][1][data][0][16]_i_3/O
                         net (fo=25, routed)          0.521     3.334    CPU/CM1/DCACHE/ccif\\.cif1\\.dload[16]
    SLICE_X37Y74         LUT6 (Prop_lut6_I4_O)        0.045     3.379 r  CPU/CM1/DCACHE/frames[6][1][data][0][16]_i_1__0/O
                         net (fo=1, routed)           0.000     3.379    CPU/CM1/DCACHE/frames[6][1][data][0][16]_i_1__0_n_0
    SLICE_X37Y74         FDCE                                         r  CPU/CM1/DCACHE/frames_reg[6][1][data][0][16]/D
  -------------------------------------------------------------------    -------------------

                         (clock CPUCLK rise edge)     0.000     0.000 r  
    D18                                               0.000     0.000 r  CLK (IN)
                         net (fo=0)                   0.000     0.000    CLK
    D18                  IBUF (Prop_ibuf_I_O)         0.372     0.372 r  CLK_IBUF_inst/O
                         net (fo=1, routed)           0.689     1.060    CLK_IBUF
    BUFGCTRL_X0Y16       BUFG (Prop_bufg_I_O)         0.029     1.089 r  CLK_IBUF_BUFG_inst/O
                         net (fo=70, routed)          0.834     1.923    CLK_IBUF_BUFG
    SLICE_X39Y46         FDCE (Prop_fdce_C_Q)         0.175     2.098 r  CPUCLK_reg/Q
                         net (fo=2, routed)           0.261     2.359    CPUCLK
    BUFGCTRL_X0Y0        BUFG (Prop_bufg_I_O)         0.029     2.388 r  CPUCLK_BUFG_inst/O
                         net (fo=8214, routed)        0.813     3.202    CPU/CM1/DCACHE/CPUCLK_BUFG
    SLICE_X37Y74         FDCE                                         r  CPU/CM1/DCACHE/frames_reg[6][1][data][0][16]/C
                         clock pessimism             -0.246     2.955    
    SLICE_X37Y74         FDCE (Hold_fdce_C_D)         0.092     3.047    CPU/CM1/DCACHE/frames_reg[6][1][data][0][16]
  -------------------------------------------------------------------
                         required time                         -3.047    
                         arrival time                           3.379    
  -------------------------------------------------------------------
                         slack                                  0.331    

Slack (MET) :             0.333ns  (arrival time - required time)
  Source:                 RAM/count_reg[1]/C
                            (rising edge-triggered cell FDCE clocked by MAIN  {rise@0.000ns fall@2.500ns period=5.000ns})
  Destination:            CPU/CM1/DCACHE/frames_reg[6][1][data][0][7]/D
                            (rising edge-triggered cell FDCE clocked by CPUCLK  {rise@0.000ns fall@5.000ns period=10.000ns})
  Path Group:             CPUCLK
  Path Type:              Hold (Min at Fast Process Corner)
  Requirement:            0.000ns  (CPUCLK rise@0.000ns - MAIN rise@0.000ns)
  Data Path Delay:        1.993ns  (logic 0.299ns (15.001%)  route 1.694ns (84.999%))
  Logic Levels:           3  (LUT5=1 LUT6=2)
  Clock Path Skew:        1.568ns (DCD - SCD - CPR)
    Destination Clock Delay (DCD):    3.211ns
    Source Clock Delay      (SCD):    1.397ns
    Clock Pessimism Removal (CPR):    0.246ns

    Location             Delay type                Incr(ns)  Path(ns)    Netlist Resource(s)
  -------------------------------------------------------------------    -------------------
                         (clock MAIN rise edge)       0.000     0.000 r  
    D18                                               0.000     0.000 r  CLK (IN)
                         net (fo=0)                   0.000     0.000    CLK
    D18                  IBUF (Prop_ibuf_I_O)         0.183     0.183 r  CLK_IBUF_inst/O
                         net (fo=1, routed)           0.634     0.817    CLK_IBUF
    BUFGCTRL_X0Y16       BUFG (Prop_bufg_I_O)         0.026     0.843 r  CLK_IBUF_BUFG_inst/O
                         net (fo=70, routed)          0.554     1.397    RAM/CLK
    SLICE_X34Y63         FDCE                                         r  RAM/count_reg[1]/C
  -------------------------------------------------------------------    -------------------
    SLICE_X34Y63         FDCE (Prop_fdce_C_Q)         0.164     1.561 f  RAM/count_reg[1]/Q
                         net (fo=52, routed)          0.438     1.999    RAM/count_reg[1]_0[0]
    SLICE_X33Y63         LUT5 (Prop_lut5_I1_O)        0.045     2.044 r  RAM/syif\\.load[7]_INST_0_i_1/O
                         net (fo=5, routed)           0.677     2.721    CPU/CC/syif\\.load_OBUF[7]
    SLICE_X31Y78         LUT6 (Prop_lut6_I2_O)        0.045     2.766 r  CPU/CC/frames[6][1][data][0][7]_i_2/O
                         net (fo=14, routed)          0.579     3.345    CPU/CM1/DCACHE/ccif\\.cif1\\.dload[7]
    SLICE_X33Y83         LUT6 (Prop_lut6_I3_O)        0.045     3.390 r  CPU/CM1/DCACHE/frames[6][1][data][0][7]_i_1/O
                         net (fo=1, routed)           0.000     3.390    CPU/CM1/DCACHE/frames[6][1][data][0][7]_i_1_n_0
    SLICE_X33Y83         FDCE                                         r  CPU/CM1/DCACHE/frames_reg[6][1][data][0][7]/D
  -------------------------------------------------------------------    -------------------

                         (clock CPUCLK rise edge)     0.000     0.000 r  
    D18                                               0.000     0.000 r  CLK (IN)
                         net (fo=0)                   0.000     0.000    CLK
    D18                  IBUF (Prop_ibuf_I_O)         0.372     0.372 r  CLK_IBUF_inst/O
                         net (fo=1, routed)           0.689     1.060    CLK_IBUF
    BUFGCTRL_X0Y16       BUFG (Prop_bufg_I_O)         0.029     1.089 r  CLK_IBUF_BUFG_inst/O
                         net (fo=70, routed)          0.834     1.923    CLK_IBUF_BUFG
    SLICE_X39Y46         FDCE (Prop_fdce_C_Q)         0.175     2.098 r  CPUCLK_reg/Q
                         net (fo=2, routed)           0.261     2.359    CPUCLK
    BUFGCTRL_X0Y0        BUFG (Prop_bufg_I_O)         0.029     2.388 r  CPUCLK_BUFG_inst/O
                         net (fo=8214, routed)        0.822     3.211    CPU/CM1/DCACHE/CPUCLK_BUFG
    SLICE_X33Y83         FDCE                                         r  CPU/CM1/DCACHE/frames_reg[6][1][data][0][7]/C
                         clock pessimism             -0.246     2.964    
    SLICE_X33Y83         FDCE (Hold_fdce_C_D)         0.092     3.056    CPU/CM1/DCACHE/frames_reg[6][1][data][0][7]
  -------------------------------------------------------------------
                         required time                         -3.056    
                         arrival time                           3.390    
  -------------------------------------------------------------------
                         slack                                  0.333    

Slack (MET) :             0.340ns  (arrival time - required time)
  Source:                 RAM/count_reg[1]/C
                            (rising edge-triggered cell FDCE clocked by MAIN  {rise@0.000ns fall@2.500ns period=5.000ns})
  Destination:            CPU/CM1/DCACHE/frames_reg[4][1][data][0][7]/D
                            (rising edge-triggered cell FDCE clocked by CPUCLK  {rise@0.000ns fall@5.000ns period=10.000ns})
  Path Group:             CPUCLK
  Path Type:              Hold (Min at Fast Process Corner)
  Requirement:            0.000ns  (CPUCLK rise@0.000ns - MAIN rise@0.000ns)
  Data Path Delay:        1.999ns  (logic 0.299ns (14.954%)  route 1.700ns (85.046%))
  Logic Levels:           3  (LUT5=1 LUT6=2)
  Clock Path Skew:        1.568ns (DCD - SCD - CPR)
    Destination Clock Delay (DCD):    3.211ns
    Source Clock Delay      (SCD):    1.397ns
    Clock Pessimism Removal (CPR):    0.246ns

    Location             Delay type                Incr(ns)  Path(ns)    Netlist Resource(s)
  -------------------------------------------------------------------    -------------------
                         (clock MAIN rise edge)       0.000     0.000 r  
    D18                                               0.000     0.000 r  CLK (IN)
                         net (fo=0)                   0.000     0.000    CLK
    D18                  IBUF (Prop_ibuf_I_O)         0.183     0.183 r  CLK_IBUF_inst/O
                         net (fo=1, routed)           0.634     0.817    CLK_IBUF
    BUFGCTRL_X0Y16       BUFG (Prop_bufg_I_O)         0.026     0.843 r  CLK_IBUF_BUFG_inst/O
                         net (fo=70, routed)          0.554     1.397    RAM/CLK
    SLICE_X34Y63         FDCE                                         r  RAM/count_reg[1]/C
  -------------------------------------------------------------------    -------------------
    SLICE_X34Y63         FDCE (Prop_fdce_C_Q)         0.164     1.561 f  RAM/count_reg[1]/Q
                         net (fo=52, routed)          0.438     1.999    RAM/count_reg[1]_0[0]
    SLICE_X33Y63         LUT5 (Prop_lut5_I1_O)        0.045     2.044 r  RAM/syif\\.load[7]_INST_0_i_1/O
                         net (fo=5, routed)           0.677     2.721    CPU/CC/syif\\.load_OBUF[7]
    SLICE_X31Y78         LUT6 (Prop_lut6_I2_O)        0.045     2.766 r  CPU/CC/frames[6][1][data][0][7]_i_2/O
                         net (fo=14, routed)          0.585     3.351    CPU/CM1/DCACHE/ccif\\.cif1\\.dload[7]
    SLICE_X32Y83         LUT6 (Prop_lut6_I3_O)        0.045     3.396 r  CPU/CM1/DCACHE/frames[4][1][data][0][7]_i_1/O
                         net (fo=1, routed)           0.000     3.396    CPU/CM1/DCACHE/frames[4][1][data][0][7]_i_1_n_0
    SLICE_X32Y83         FDCE                                         r  CPU/CM1/DCACHE/frames_reg[4][1][data][0][7]/D
  -------------------------------------------------------------------    -------------------

                         (clock CPUCLK rise edge)     0.000     0.000 r  
    D18                                               0.000     0.000 r  CLK (IN)
                         net (fo=0)                   0.000     0.000    CLK
    D18                  IBUF (Prop_ibuf_I_O)         0.372     0.372 r  CLK_IBUF_inst/O
                         net (fo=1, routed)           0.689     1.060    CLK_IBUF
    BUFGCTRL_X0Y16       BUFG (Prop_bufg_I_O)         0.029     1.089 r  CLK_IBUF_BUFG_inst/O
                         net (fo=70, routed)          0.834     1.923    CLK_IBUF_BUFG
    SLICE_X39Y46         FDCE (Prop_fdce_C_Q)         0.175     2.098 r  CPUCLK_reg/Q
                         net (fo=2, routed)           0.261     2.359    CPUCLK
    BUFGCTRL_X0Y0        BUFG (Prop_bufg_I_O)         0.029     2.388 r  CPUCLK_BUFG_inst/O
                         net (fo=8214, routed)        0.822     3.211    CPU/CM1/DCACHE/CPUCLK_BUFG
    SLICE_X32Y83         FDCE                                         r  CPU/CM1/DCACHE/frames_reg[4][1][data][0][7]/C
                         clock pessimism             -0.246     2.964    
    SLICE_X32Y83         FDCE (Hold_fdce_C_D)         0.092     3.056    CPU/CM1/DCACHE/frames_reg[4][1][data][0][7]
  -------------------------------------------------------------------
                         required time                         -3.056    
                         arrival time                           3.396    
  -------------------------------------------------------------------
                         slack                                  0.340    

Slack (MET) :             0.341ns  (arrival time - required time)
  Source:                 RAM/count_reg[1]/C
                            (rising edge-triggered cell FDCE clocked by MAIN  {rise@0.000ns fall@2.500ns period=5.000ns})
  Destination:            CPU/CM1/DCACHE/frames_reg[3][1][data][0][4]/D
                            (rising edge-triggered cell FDCE clocked by CPUCLK  {rise@0.000ns fall@5.000ns period=10.000ns})
  Path Group:             CPUCLK
  Path Type:              Hold (Min at Fast Process Corner)
  Requirement:            0.000ns  (CPUCLK rise@0.000ns - MAIN rise@0.000ns)
  Data Path Delay:        1.996ns  (logic 0.299ns (14.979%)  route 1.697ns (85.021%))
  Logic Levels:           3  (LUT5=1 LUT6=2)
  Clock Path Skew:        1.563ns (DCD - SCD - CPR)
    Destination Clock Delay (DCD):    3.206ns
    Source Clock Delay      (SCD):    1.397ns
    Clock Pessimism Removal (CPR):    0.246ns

    Location             Delay type                Incr(ns)  Path(ns)    Netlist Resource(s)
  -------------------------------------------------------------------    -------------------
                         (clock MAIN rise edge)       0.000     0.000 r  
    D18                                               0.000     0.000 r  CLK (IN)
                         net (fo=0)                   0.000     0.000    CLK
    D18                  IBUF (Prop_ibuf_I_O)         0.183     0.183 r  CLK_IBUF_inst/O
                         net (fo=1, routed)           0.634     0.817    CLK_IBUF
    BUFGCTRL_X0Y16       BUFG (Prop_bufg_I_O)         0.026     0.843 r  CLK_IBUF_BUFG_inst/O
                         net (fo=70, routed)          0.554     1.397    RAM/CLK
    SLICE_X34Y63         FDCE                                         r  RAM/count_reg[1]/C
  -------------------------------------------------------------------    -------------------
    SLICE_X34Y63         FDCE (Prop_fdce_C_Q)         0.164     1.561 f  RAM/count_reg[1]/Q
                         net (fo=52, routed)          0.571     2.131    RAM/count_reg[1]_0[0]
    SLICE_X33Y62         LUT5 (Prop_lut5_I1_O)        0.045     2.176 r  RAM/syif\\.load[4]_INST_0_i_1/O
                         net (fo=5, routed)           0.570     2.747    CPU/CC/syif\\.load_OBUF[4]
    SLICE_X32Y70         LUT6 (Prop_lut6_I2_O)        0.045     2.792 r  CPU/CC/frames[6][1][data][0][4]_i_2/O
                         net (fo=32, routed)          0.556     3.348    CPU/CM1/DCACHE/ccif\\.cif1\\.dload[4]
    SLICE_X28Y72         LUT6 (Prop_lut6_I3_O)        0.045     3.393 r  CPU/CM1/DCACHE/frames[3][1][data][0][4]_i_1__0/O
                         net (fo=1, routed)           0.000     3.393    CPU/CM1/DCACHE/frames[3][1][data][0][4]_i_1__0_n_0
    SLICE_X28Y72         FDCE                                         r  CPU/CM1/DCACHE/frames_reg[3][1][data][0][4]/D
  -------------------------------------------------------------------    -------------------

                         (clock CPUCLK rise edge)     0.000     0.000 r  
    D18                                               0.000     0.000 r  CLK (IN)
                         net (fo=0)                   0.000     0.000    CLK
    D18                  IBUF (Prop_ibuf_I_O)         0.372     0.372 r  CLK_IBUF_inst/O
                         net (fo=1, routed)           0.689     1.060    CLK_IBUF
    BUFGCTRL_X0Y16       BUFG (Prop_bufg_I_O)         0.029     1.089 r  CLK_IBUF_BUFG_inst/O
                         net (fo=70, routed)          0.834     1.923    CLK_IBUF_BUFG
    SLICE_X39Y46         FDCE (Prop_fdce_C_Q)         0.175     2.098 r  CPUCLK_reg/Q
                         net (fo=2, routed)           0.261     2.359    CPUCLK
    BUFGCTRL_X0Y0        BUFG (Prop_bufg_I_O)         0.029     2.388 r  CPUCLK_BUFG_inst/O
                         net (fo=8214, routed)        0.817     3.206    CPU/CM1/DCACHE/CPUCLK_BUFG
    SLICE_X28Y72         FDCE                                         r  CPU/CM1/DCACHE/frames_reg[3][1][data][0][4]/C
                         clock pessimism             -0.246     2.959    
    SLICE_X28Y72         FDCE (Hold_fdce_C_D)         0.092     3.051    CPU/CM1/DCACHE/frames_reg[3][1][data][0][4]
  -------------------------------------------------------------------
                         required time                         -3.051    
                         arrival time                           3.393    
  -------------------------------------------------------------------
                         slack                                  0.341    





--------------------------------------------------------------------------------------
Path Group:  (none)
From Clock:  
  To Clock:  

Max Delay            32 Endpoints
Min Delay            32 Endpoints
--------------------------------------------------------------------------------------


Max Delay Paths
--------------------------------------------------------------------------------------
Slack:                    inf
  Source:                 syif\\.tbCTRL
                            (input port)
  Destination:            syif\\.load[2]
                            (output port)
  Path Group:             (none)
  Path Type:              Max at Slow Process Corner
  Data Path Delay:        17.037ns  (logic 4.865ns (28.557%)  route 12.172ns (71.443%))
  Logic Levels:           7  (CARRY4=2 IBUF=1 LUT5=2 LUT6=1 OBUF=1)

    Location             Delay type                Incr(ns)  Path(ns)    Netlist Resource(s)
  -------------------------------------------------------------------    -------------------
    M2                                                0.000     0.000 r  syif\\.tbCTRL (IN)
                         net (fo=0)                   0.000     0.000    syif\\.tbCTRL
    M2                   IBUF (Prop_ibuf_I_O)         0.951     0.951 r  addr_reg[31]_i_3/O
                         net (fo=106, routed)         5.144     6.095    CPU/CC/en_reg[1]_0
    SLICE_X15Y60         LUT5 (Prop_lut5_I0_O)        0.124     6.219 r  CPU/CC/addr[12]_i_3_comp/O
                         net (fo=1, routed)           1.016     7.234    RAM/lru_reg_4[12]_repN_alias
    SLICE_X35Y59         LUT6 (Prop_lut6_I4_O)        0.124     7.358 r  RAM/rstate3_carry__0_i_4_comp/O
                         net (fo=1, routed)           0.000     7.358    RAM/rstate3_carry__0_i_4_n_0
    SLICE_X35Y59         CARRY4 (Prop_carry4_S[0]_CO[3])
                                                      0.532     7.890 r  RAM/rstate3_carry__0/CO[3]
                         net (fo=1, routed)           0.000     7.890    RAM/rstate3_carry__0_n_0
    SLICE_X35Y60         CARRY4 (Prop_carry4_CI_CO[2])
                                                      0.228     8.118 r  RAM/rstate3_carry__1/CO[2]
                         net (fo=50, routed)          1.537     9.655    RAM/CO[0]
    SLICE_X11Y70         LUT5 (Prop_lut5_I3_O)        0.313     9.968 r  RAM/syif\\.load[2]_INST_0_i_1/O
                         net (fo=5, routed)           4.476    14.444    syif\\.load_OBUF[2]
    U11                  OBUF (Prop_obuf_I_O)         2.594    17.037 r  syif\\.load[2]_INST_0/O
                         net (fo=0)                   0.000    17.037    syif\\.load[2]
    U11                                                               r  syif\\.load[2] (OUT)
  -------------------------------------------------------------------    -------------------

Slack:                    inf
  Source:                 syif\\.tbCTRL
                            (input port)
  Destination:            syif\\.load[7]
                            (output port)
  Path Group:             (none)
  Path Type:              Max at Slow Process Corner
  Data Path Delay:        16.940ns  (logic 4.871ns (28.755%)  route 12.069ns (71.245%))
  Logic Levels:           7  (CARRY4=2 IBUF=1 LUT5=2 LUT6=1 OBUF=1)

    Location             Delay type                Incr(ns)  Path(ns)    Netlist Resource(s)
  -------------------------------------------------------------------    -------------------
    M2                                                0.000     0.000 r  syif\\.tbCTRL (IN)
                         net (fo=0)                   0.000     0.000    syif\\.tbCTRL
    M2                   IBUF (Prop_ibuf_I_O)         0.951     0.951 r  addr_reg[31]_i_3/O
                         net (fo=106, routed)         5.144     6.095    CPU/CC/en_reg[1]_0
    SLICE_X15Y60         LUT5 (Prop_lut5_I0_O)        0.124     6.219 r  CPU/CC/addr[12]_i_3_comp/O
                         net (fo=1, routed)           1.016     7.234    RAM/lru_reg_4[12]_repN_alias
    SLICE_X35Y59         LUT6 (Prop_lut6_I4_O)        0.124     7.358 r  RAM/rstate3_carry__0_i_4_comp/O
                         net (fo=1, routed)           0.000     7.358    RAM/rstate3_carry__0_i_4_n_0
    SLICE_X35Y59         CARRY4 (Prop_carry4_S[0]_CO[3])
                                                      0.532     7.890 r  RAM/rstate3_carry__0/CO[3]
                         net (fo=1, routed)           0.000     7.890    RAM/rstate3_carry__0_n_0
    SLICE_X35Y60         CARRY4 (Prop_carry4_CI_CO[2])
                                                      0.228     8.118 f  RAM/rstate3_carry__1/CO[2]
                         net (fo=50, routed)          1.306     9.424    RAM/CO[0]
    SLICE_X33Y63         LUT5 (Prop_lut5_I3_O)        0.313     9.737 r  RAM/syif\\.load[7]_INST_0_i_1/O
                         net (fo=5, routed)           4.603    14.341    syif\\.load_OBUF[7]
    V13                  OBUF (Prop_obuf_I_O)         2.599    16.940 r  syif\\.load[7]_INST_0/O
                         net (fo=0)                   0.000    16.940    syif\\.load[7]
    V13                                                               r  syif\\.load[7] (OUT)
  -------------------------------------------------------------------    -------------------

Slack:                    inf
  Source:                 syif\\.tbCTRL
                            (input port)
  Destination:            syif\\.load[5]
                            (output port)
  Path Group:             (none)
  Path Type:              Max at Slow Process Corner
  Data Path Delay:        16.820ns  (logic 4.858ns (28.880%)  route 11.963ns (71.120%))
  Logic Levels:           7  (CARRY4=2 IBUF=1 LUT5=2 LUT6=1 OBUF=1)

    Location             Delay type                Incr(ns)  Path(ns)    Netlist Resource(s)
  -------------------------------------------------------------------    -------------------
    M2                                                0.000     0.000 r  syif\\.tbCTRL (IN)
                         net (fo=0)                   0.000     0.000    syif\\.tbCTRL
    M2                   IBUF (Prop_ibuf_I_O)         0.951     0.951 r  addr_reg[31]_i_3/O
                         net (fo=106, routed)         5.144     6.095    CPU/CC/en_reg[1]_0
    SLICE_X15Y60         LUT5 (Prop_lut5_I0_O)        0.124     6.219 r  CPU/CC/addr[12]_i_3_comp/O
                         net (fo=1, routed)           1.016     7.234    RAM/lru_reg_4[12]_repN_alias
    SLICE_X35Y59         LUT6 (Prop_lut6_I4_O)        0.124     7.358 r  RAM/rstate3_carry__0_i_4_comp/O
                         net (fo=1, routed)           0.000     7.358    RAM/rstate3_carry__0_i_4_n_0
    SLICE_X35Y59         CARRY4 (Prop_carry4_S[0]_CO[3])
                                                      0.532     7.890 r  RAM/rstate3_carry__0/CO[3]
                         net (fo=1, routed)           0.000     7.890    RAM/rstate3_carry__0_n_0
    SLICE_X35Y60         CARRY4 (Prop_carry4_CI_CO[2])
                                                      0.228     8.118 r  RAM/rstate3_carry__1/CO[2]
                         net (fo=50, routed)          1.287     9.405    RAM/CO[0]
    SLICE_X33Y48         LUT5 (Prop_lut5_I3_O)        0.313     9.718 r  RAM/syif\\.load[5]_INST_0_i_1/O
                         net (fo=5, routed)           4.516    14.234    syif\\.load_OBUF[5]
    T13                  OBUF (Prop_obuf_I_O)         2.586    16.820 r  syif\\.load[5]_INST_0/O
                         net (fo=0)                   0.000    16.820    syif\\.load[5]
    T13                                                               r  syif\\.load[5] (OUT)
  -------------------------------------------------------------------    -------------------

Slack:                    inf
  Source:                 syif\\.tbCTRL
                            (input port)
  Destination:            syif\\.load[4]
                            (output port)
  Path Group:             (none)
  Path Type:              Max at Slow Process Corner
  Data Path Delay:        16.807ns  (logic 4.870ns (28.977%)  route 11.937ns (71.023%))
  Logic Levels:           7  (CARRY4=2 IBUF=1 LUT5=2 LUT6=1 OBUF=1)

    Location             Delay type                Incr(ns)  Path(ns)    Netlist Resource(s)
  -------------------------------------------------------------------    -------------------
    M2                                                0.000     0.000 r  syif\\.tbCTRL (IN)
                         net (fo=0)                   0.000     0.000    syif\\.tbCTRL
    M2                   IBUF (Prop_ibuf_I_O)         0.951     0.951 r  addr_reg[31]_i_3/O
                         net (fo=106, routed)         5.144     6.095    CPU/CC/en_reg[1]_0
    SLICE_X15Y60         LUT5 (Prop_lut5_I0_O)        0.124     6.219 r  CPU/CC/addr[12]_i_3_comp/O
                         net (fo=1, routed)           1.016     7.234    RAM/lru_reg_4[12]_repN_alias
    SLICE_X35Y59         LUT6 (Prop_lut6_I4_O)        0.124     7.358 r  RAM/rstate3_carry__0_i_4_comp/O
                         net (fo=1, routed)           0.000     7.358    RAM/rstate3_carry__0_i_4_n_0
    SLICE_X35Y59         CARRY4 (Prop_carry4_S[0]_CO[3])
                                                      0.532     7.890 r  RAM/rstate3_carry__0/CO[3]
                         net (fo=1, routed)           0.000     7.890    RAM/rstate3_carry__0_n_0
    SLICE_X35Y60         CARRY4 (Prop_carry4_CI_CO[2])
                                                      0.228     8.118 f  RAM/rstate3_carry__1/CO[2]
                         net (fo=50, routed)          1.084     9.203    RAM/CO[0]
    SLICE_X33Y62         LUT5 (Prop_lut5_I3_O)        0.313     9.516 r  RAM/syif\\.load[4]_INST_0_i_1/O
                         net (fo=5, routed)           4.693    14.209    syif\\.load_OBUF[4]
    R11                  OBUF (Prop_obuf_I_O)         2.598    16.807 r  syif\\.load[4]_INST_0/O
                         net (fo=0)                   0.000    16.807    syif\\.load[4]
    R11                                                               r  syif\\.load[4] (OUT)
  -------------------------------------------------------------------    -------------------

Slack:                    inf
  Source:                 syif\\.tbCTRL
                            (input port)
  Destination:            syif\\.load[17]
                            (output port)
  Path Group:             (none)
  Path Type:              Max at Slow Process Corner
  Data Path Delay:        16.778ns  (logic 4.873ns (29.044%)  route 11.905ns (70.956%))
  Logic Levels:           7  (CARRY4=2 IBUF=1 LUT5=2 LUT6=1 OBUF=1)

    Location             Delay type                Incr(ns)  Path(ns)    Netlist Resource(s)
  -------------------------------------------------------------------    -------------------
    M2                                                0.000     0.000 r  syif\\.tbCTRL (IN)
                         net (fo=0)                   0.000     0.000    syif\\.tbCTRL
    M2                   IBUF (Prop_ibuf_I_O)         0.951     0.951 r  addr_reg[31]_i_3/O
                         net (fo=106, routed)         5.144     6.095    CPU/CC/en_reg[1]_0
    SLICE_X15Y60         LUT5 (Prop_lut5_I0_O)        0.124     6.219 r  CPU/CC/addr[12]_i_3_comp/O
                         net (fo=1, routed)           1.016     7.234    RAM/lru_reg_4[12]_repN_alias
    SLICE_X35Y59         LUT6 (Prop_lut6_I4_O)        0.124     7.358 r  RAM/rstate3_carry__0_i_4_comp/O
                         net (fo=1, routed)           0.000     7.358    RAM/rstate3_carry__0_i_4_n_0
    SLICE_X35Y59         CARRY4 (Prop_carry4_S[0]_CO[3])
                                                      0.532     7.890 r  RAM/rstate3_carry__0/CO[3]
                         net (fo=1, routed)           0.000     7.890    RAM/rstate3_carry__0_n_0
    SLICE_X35Y60         CARRY4 (Prop_carry4_CI_CO[2])
                                                      0.228     8.118 r  RAM/rstate3_carry__1/CO[2]
                         net (fo=50, routed)          1.274     9.393    RAM/CO[0]
    SLICE_X34Y63         LUT5 (Prop_lut5_I3_O)        0.313     9.706 r  RAM/syif\\.load[17]_INST_0_i_1/O
                         net (fo=5, routed)           4.471    14.177    syif\\.load_OBUF[17]
    V17                  OBUF (Prop_obuf_I_O)         2.601    16.778 r  syif\\.load[17]_INST_0/O
                         net (fo=0)                   0.000    16.778    syif\\.load[17]
    V17                                                               r  syif\\.load[17] (OUT)
  -------------------------------------------------------------------    -------------------

Slack:                    inf
  Source:                 syif\\.tbCTRL
                            (input port)
  Destination:            syif\\.load[3]
                            (output port)
  Path Group:             (none)
  Path Type:              Max at Slow Process Corner
  Data Path Delay:        16.766ns  (logic 4.873ns (29.064%)  route 11.893ns (70.936%))
  Logic Levels:           7  (CARRY4=2 IBUF=1 LUT5=2 LUT6=1 OBUF=1)

    Location             Delay type                Incr(ns)  Path(ns)    Netlist Resource(s)
  -------------------------------------------------------------------    -------------------
    M2                                                0.000     0.000 r  syif\\.tbCTRL (IN)
                         net (fo=0)                   0.000     0.000    syif\\.tbCTRL
    M2                   IBUF (Prop_ibuf_I_O)         0.951     0.951 r  addr_reg[31]_i_3/O
                         net (fo=106, routed)         5.144     6.095    CPU/CC/en_reg[1]_0
    SLICE_X15Y60         LUT5 (Prop_lut5_I0_O)        0.124     6.219 r  CPU/CC/addr[12]_i_3_comp/O
                         net (fo=1, routed)           1.016     7.234    RAM/lru_reg_4[12]_repN_alias
    SLICE_X35Y59         LUT6 (Prop_lut6_I4_O)        0.124     7.358 r  RAM/rstate3_carry__0_i_4_comp/O
                         net (fo=1, routed)           0.000     7.358    RAM/rstate3_carry__0_i_4_n_0
    SLICE_X35Y59         CARRY4 (Prop_carry4_S[0]_CO[3])
                                                      0.532     7.890 r  RAM/rstate3_carry__0/CO[3]
                         net (fo=1, routed)           0.000     7.890    RAM/rstate3_carry__0_n_0
    SLICE_X35Y60         CARRY4 (Prop_carry4_CI_CO[2])
                                                      0.228     8.118 r  RAM/rstate3_carry__1/CO[2]
                         net (fo=50, routed)          1.253     9.372    RAM/CO[0]
    SLICE_X35Y64         LUT5 (Prop_lut5_I3_O)        0.313     9.685 r  RAM/syif\\.load[3]_INST_0_i_1/O
                         net (fo=5, routed)           4.480    14.165    syif\\.load_OBUF[3]
    T11                  OBUF (Prop_obuf_I_O)         2.601    16.766 r  syif\\.load[3]_INST_0/O
                         net (fo=0)                   0.000    16.766    syif\\.load[3]
    T11                                                               r  syif\\.load[3] (OUT)
  -------------------------------------------------------------------    -------------------

Slack:                    inf
  Source:                 syif\\.tbCTRL
                            (input port)
  Destination:            syif\\.load[9]
                            (output port)
  Path Group:             (none)
  Path Type:              Max at Slow Process Corner
  Data Path Delay:        16.657ns  (logic 4.871ns (29.243%)  route 11.786ns (70.757%))
  Logic Levels:           7  (CARRY4=2 IBUF=1 LUT5=2 LUT6=1 OBUF=1)

    Location             Delay type                Incr(ns)  Path(ns)    Netlist Resource(s)
  -------------------------------------------------------------------    -------------------
    M2                                                0.000     0.000 r  syif\\.tbCTRL (IN)
                         net (fo=0)                   0.000     0.000    syif\\.tbCTRL
    M2                   IBUF (Prop_ibuf_I_O)         0.951     0.951 r  addr_reg[31]_i_3/O
                         net (fo=106, routed)         5.144     6.095    CPU/CC/en_reg[1]_0
    SLICE_X15Y60         LUT5 (Prop_lut5_I0_O)        0.124     6.219 r  CPU/CC/addr[12]_i_3_comp/O
                         net (fo=1, routed)           1.016     7.234    RAM/lru_reg_4[12]_repN_alias
    SLICE_X35Y59         LUT6 (Prop_lut6_I4_O)        0.124     7.358 r  RAM/rstate3_carry__0_i_4_comp/O
                         net (fo=1, routed)           0.000     7.358    RAM/rstate3_carry__0_i_4_n_0
    SLICE_X35Y59         CARRY4 (Prop_carry4_S[0]_CO[3])
                                                      0.532     7.890 r  RAM/rstate3_carry__0/CO[3]
                         net (fo=1, routed)           0.000     7.890    RAM/rstate3_carry__0_n_0
    SLICE_X35Y60         CARRY4 (Prop_carry4_CI_CO[2])
                                                      0.228     8.118 f  RAM/rstate3_carry__1/CO[2]
                         net (fo=50, routed)          0.967     9.085    RAM/CO[0]
    SLICE_X29Y61         LUT5 (Prop_lut5_I3_O)        0.313     9.398 r  RAM/syif\\.load[9]_INST_0_i_1/O
                         net (fo=5, routed)           4.660    14.058    syif\\.load_OBUF[9]
    V15                  OBUF (Prop_obuf_I_O)         2.599    16.657 r  syif\\.load[9]_INST_0/O
                         net (fo=0)                   0.000    16.657    syif\\.load[9]
    V15                                                               r  syif\\.load[9] (OUT)
  -------------------------------------------------------------------    -------------------

Slack:                    inf
  Source:                 syif\\.tbCTRL
                            (input port)
  Destination:            syif\\.load[12]
                            (output port)
  Path Group:             (none)
  Path Type:              Max at Slow Process Corner
  Data Path Delay:        16.655ns  (logic 4.866ns (29.217%)  route 11.789ns (70.783%))
  Logic Levels:           7  (CARRY4=2 IBUF=1 LUT5=2 LUT6=1 OBUF=1)

    Location             Delay type                Incr(ns)  Path(ns)    Netlist Resource(s)
  -------------------------------------------------------------------    -------------------
    M2                                                0.000     0.000 r  syif\\.tbCTRL (IN)
                         net (fo=0)                   0.000     0.000    syif\\.tbCTRL
    M2                   IBUF (Prop_ibuf_I_O)         0.951     0.951 r  addr_reg[31]_i_3/O
                         net (fo=106, routed)         5.144     6.095    CPU/CC/en_reg[1]_0
    SLICE_X15Y60         LUT5 (Prop_lut5_I0_O)        0.124     6.219 r  CPU/CC/addr[12]_i_3_comp/O
                         net (fo=1, routed)           1.016     7.234    RAM/lru_reg_4[12]_repN_alias
    SLICE_X35Y59         LUT6 (Prop_lut6_I4_O)        0.124     7.358 r  RAM/rstate3_carry__0_i_4_comp/O
                         net (fo=1, routed)           0.000     7.358    RAM/rstate3_carry__0_i_4_n_0
    SLICE_X35Y59         CARRY4 (Prop_carry4_S[0]_CO[3])
                                                      0.532     7.890 r  RAM/rstate3_carry__0/CO[3]
                         net (fo=1, routed)           0.000     7.890    RAM/rstate3_carry__0_n_0
    SLICE_X35Y60         CARRY4 (Prop_carry4_CI_CO[2])
                                                      0.228     8.118 f  RAM/rstate3_carry__1/CO[2]
                         net (fo=50, routed)          1.197     9.316    RAM/CO[0]
    SLICE_X34Y63         LUT5 (Prop_lut5_I3_O)        0.313     9.629 r  RAM/syif\\.load[12]_INST_0_i_1/O
                         net (fo=5, routed)           4.433    14.061    syif\\.load_OBUF[12]
    P13                  OBUF (Prop_obuf_I_O)         2.594    16.655 r  syif\\.load[12]_INST_0/O
                         net (fo=0)                   0.000    16.655    syif\\.load[12]
    P13                                                               r  syif\\.load[12] (OUT)
  -------------------------------------------------------------------    -------------------

Slack:                    inf
  Source:                 syif\\.tbCTRL
                            (input port)
  Destination:            syif\\.load[0]
                            (output port)
  Path Group:             (none)
  Path Type:              Max at Slow Process Corner
  Data Path Delay:        16.595ns  (logic 4.841ns (29.169%)  route 11.755ns (70.831%))
  Logic Levels:           7  (CARRY4=2 IBUF=1 LUT5=2 LUT6=1 OBUF=1)

    Location             Delay type                Incr(ns)  Path(ns)    Netlist Resource(s)
  -------------------------------------------------------------------    -------------------
    M2                                                0.000     0.000 r  syif\\.tbCTRL (IN)
                         net (fo=0)                   0.000     0.000    syif\\.tbCTRL
    M2                   IBUF (Prop_ibuf_I_O)         0.951     0.951 r  addr_reg[31]_i_3/O
                         net (fo=106, routed)         5.144     6.095    CPU/CC/en_reg[1]_0
    SLICE_X15Y60         LUT5 (Prop_lut5_I0_O)        0.124     6.219 r  CPU/CC/addr[12]_i_3_comp/O
                         net (fo=1, routed)           1.016     7.234    RAM/lru_reg_4[12]_repN_alias
    SLICE_X35Y59         LUT6 (Prop_lut6_I4_O)        0.124     7.358 r  RAM/rstate3_carry__0_i_4_comp/O
                         net (fo=1, routed)           0.000     7.358    RAM/rstate3_carry__0_i_4_n_0
    SLICE_X35Y59         CARRY4 (Prop_carry4_S[0]_CO[3])
                                                      0.532     7.890 r  RAM/rstate3_carry__0/CO[3]
                         net (fo=1, routed)           0.000     7.890    RAM/rstate3_carry__0_n_0
    SLICE_X35Y60         CARRY4 (Prop_carry4_CI_CO[2])
                                                      0.228     8.118 f  RAM/rstate3_carry__1/CO[2]
                         net (fo=50, routed)          1.000     9.118    RAM/CO[0]
    SLICE_X35Y55         LUT5 (Prop_lut5_I3_O)        0.313     9.431 r  RAM/syif\\.load[0]_INST_0_i_1/O
                         net (fo=5, routed)           4.596    14.026    syif\\.load_OBUF[0]
    R12                  OBUF (Prop_obuf_I_O)         2.569    16.595 r  syif\\.load[0]_INST_0/O
                         net (fo=0)                   0.000    16.595    syif\\.load[0]
    R12                                                               r  syif\\.load[0] (OUT)
  -------------------------------------------------------------------    -------------------

Slack:                    inf
  Source:                 syif\\.tbCTRL
                            (input port)
  Destination:            syif\\.load[10]
                            (output port)
  Path Group:             (none)
  Path Type:              Max at Slow Process Corner
  Data Path Delay:        16.547ns  (logic 4.871ns (29.438%)  route 11.676ns (70.562%))
  Logic Levels:           7  (CARRY4=2 IBUF=1 LUT5=2 LUT6=1 OBUF=1)

    Location             Delay type                Incr(ns)  Path(ns)    Netlist Resource(s)
  -------------------------------------------------------------------    -------------------
    M2                                                0.000     0.000 r  syif\\.tbCTRL (IN)
                         net (fo=0)                   0.000     0.000    syif\\.tbCTRL
    M2                   IBUF (Prop_ibuf_I_O)         0.951     0.951 r  addr_reg[31]_i_3/O
                         net (fo=106, routed)         5.144     6.095    CPU/CC/en_reg[1]_0
    SLICE_X15Y60         LUT5 (Prop_lut5_I0_O)        0.124     6.219 r  CPU/CC/addr[12]_i_3_comp/O
                         net (fo=1, routed)           1.016     7.234    RAM/lru_reg_4[12]_repN_alias
    SLICE_X35Y59         LUT6 (Prop_lut6_I4_O)        0.124     7.358 r  RAM/rstate3_carry__0_i_4_comp/O
                         net (fo=1, routed)           0.000     7.358    RAM/rstate3_carry__0_i_4_n_0
    SLICE_X35Y59         CARRY4 (Prop_carry4_S[0]_CO[3])
                                                      0.532     7.890 r  RAM/rstate3_carry__0/CO[3]
                         net (fo=1, routed)           0.000     7.890    RAM/rstate3_carry__0_n_0
    SLICE_X35Y60         CARRY4 (Prop_carry4_CI_CO[2])
                                                      0.228     8.118 r  RAM/rstate3_carry__1/CO[2]
                         net (fo=50, routed)          1.493     9.611    RAM/CO[0]
    SLICE_X9Y70          LUT5 (Prop_lut5_I3_O)        0.313     9.924 r  RAM/syif\\.load[10]_INST_0_i_1/O
                         net (fo=5, routed)           4.023    13.948    syif\\.load_OBUF[10]
    V14                  OBUF (Prop_obuf_I_O)         2.599    16.547 r  syif\\.load[10]_INST_0/O
                         net (fo=0)                   0.000    16.547    syif\\.load[10]
    V14                                                               r  syif\\.load[10] (OUT)
  -------------------------------------------------------------------    -------------------





Min Delay Paths
--------------------------------------------------------------------------------------
Slack:                    inf
  Source:                 nRST
                            (input port)
  Destination:            syif\\.load[26]
                            (output port)
  Path Group:             (none)
  Path Type:              Min at Fast Process Corner
  Data Path Delay:        3.672ns  (logic 1.322ns (35.993%)  route 2.350ns (64.007%))
  Logic Levels:           3  (IBUF=1 LUT5=1 OBUF=1)

    Location             Delay type                Incr(ns)  Path(ns)    Netlist Resource(s)
  -------------------------------------------------------------------    -------------------
    N3                                                0.000     0.000 f  nRST (IN)
                         net (fo=0)                   0.000     0.000    nRST
    N3                   IBUF (Prop_ibuf_I_O)         0.171     0.171 f  nRST_IBUF_inst/O
                         net (fo=51, routed)          1.324     1.496    RAM/nRST_IBUF
    SLICE_X38Y50         LUT5 (Prop_lut5_I0_O)        0.045     1.541 r  RAM/syif\\.load[26]_INST_0_i_1/O
                         net (fo=5, routed)           1.026     2.567    syif\\.load_OBUF[26]
    N15                  OBUF (Prop_obuf_I_O)         1.105     3.672 r  syif\\.load[26]_INST_0/O
                         net (fo=0)                   0.000     3.672    syif\\.load[26]
    N15                                                               r  syif\\.load[26] (OUT)
  -------------------------------------------------------------------    -------------------

Slack:                    inf
  Source:                 nRST
                            (input port)
  Destination:            syif\\.load[25]
                            (output port)
  Path Group:             (none)
  Path Type:              Min at Fast Process Corner
  Data Path Delay:        4.029ns  (logic 1.321ns (32.786%)  route 2.708ns (67.214%))
  Logic Levels:           3  (IBUF=1 LUT5=1 OBUF=1)

    Location             Delay type                Incr(ns)  Path(ns)    Netlist Resource(s)
  -------------------------------------------------------------------    -------------------
    N3                                                0.000     0.000 r  nRST (IN)
                         net (fo=0)                   0.000     0.000    nRST
    N3                   IBUF (Prop_ibuf_I_O)         0.171     0.171 r  nRST_IBUF_inst/O
                         net (fo=51, routed)          1.498     1.669    RAM/nRST_IBUF
    SLICE_X41Y53         LUT5 (Prop_lut5_I0_O)        0.045     1.714 r  RAM/syif\\.load[25]_INST_0_i_1/O
                         net (fo=5, routed)           1.211     2.925    syif\\.load_OBUF[25]
    P16                  OBUF (Prop_obuf_I_O)         1.105     4.029 r  syif\\.load[25]_INST_0/O
                         net (fo=0)                   0.000     4.029    syif\\.load[25]
    P16                                                               r  syif\\.load[25] (OUT)
  -------------------------------------------------------------------    -------------------

Slack:                    inf
  Source:                 nRST
                            (input port)
  Destination:            syif\\.load[28]
                            (output port)
  Path Group:             (none)
  Path Type:              Min at Fast Process Corner
  Data Path Delay:        4.036ns  (logic 1.334ns (33.048%)  route 2.702ns (66.952%))
  Logic Levels:           3  (IBUF=1 LUT5=1 OBUF=1)

    Location             Delay type                Incr(ns)  Path(ns)    Netlist Resource(s)
  -------------------------------------------------------------------    -------------------
    N3                                                0.000     0.000 r  nRST (IN)
                         net (fo=0)                   0.000     0.000    nRST
    N3                   IBUF (Prop_ibuf_I_O)         0.171     0.171 r  nRST_IBUF_inst/O
                         net (fo=51, routed)          1.529     1.700    RAM/nRST_IBUF
    SLICE_X36Y55         LUT5 (Prop_lut5_I0_O)        0.045     1.745 r  RAM/syif\\.load[28]_INST_0_i_1/O
                         net (fo=5, routed)           1.173     2.918    syif\\.load_OBUF[28]
    P14                  OBUF (Prop_obuf_I_O)         1.117     4.036 r  syif\\.load[28]_INST_0/O
                         net (fo=0)                   0.000     4.036    syif\\.load[28]
    P14                                                               r  syif\\.load[28] (OUT)
  -------------------------------------------------------------------    -------------------

Slack:                    inf
  Source:                 nRST
                            (input port)
  Destination:            syif\\.load[24]
                            (output port)
  Path Group:             (none)
  Path Type:              Min at Fast Process Corner
  Data Path Delay:        4.039ns  (logic 1.324ns (32.765%)  route 2.716ns (67.235%))
  Logic Levels:           3  (IBUF=1 LUT5=1 OBUF=1)

    Location             Delay type                Incr(ns)  Path(ns)    Netlist Resource(s)
  -------------------------------------------------------------------    -------------------
    N3                                                0.000     0.000 f  nRST (IN)
                         net (fo=0)                   0.000     0.000    nRST
    N3                   IBUF (Prop_ibuf_I_O)         0.171     0.171 f  nRST_IBUF_inst/O
                         net (fo=51, routed)          1.418     1.589    RAM/nRST_IBUF
    SLICE_X39Y51         LUT5 (Prop_lut5_I0_O)        0.045     1.634 r  RAM/syif\\.load[24]_INST_0_i_1/O
                         net (fo=5, routed)           1.298     2.932    syif\\.load_OBUF[24]
    R14                  OBUF (Prop_obuf_I_O)         1.107     4.039 r  syif\\.load[24]_INST_0/O
                         net (fo=0)                   0.000     4.039    syif\\.load[24]
    R14                                                               r  syif\\.load[24] (OUT)
  -------------------------------------------------------------------    -------------------

Slack:                    inf
  Source:                 nRST
                            (input port)
  Destination:            syif\\.load[15]
                            (output port)
  Path Group:             (none)
  Path Type:              Min at Fast Process Corner
  Data Path Delay:        4.131ns  (logic 1.318ns (31.905%)  route 2.813ns (68.095%))
  Logic Levels:           3  (IBUF=1 LUT5=1 OBUF=1)

    Location             Delay type                Incr(ns)  Path(ns)    Netlist Resource(s)
  -------------------------------------------------------------------    -------------------
    N3                                                0.000     0.000 r  nRST (IN)
                         net (fo=0)                   0.000     0.000    nRST
    N3                   IBUF (Prop_ibuf_I_O)         0.171     0.171 r  nRST_IBUF_inst/O
                         net (fo=51, routed)          1.364     1.535    RAM/nRST_IBUF
    SLICE_X39Y53         LUT5 (Prop_lut5_I0_O)        0.045     1.580 r  RAM/syif\\.load[15]_INST_0_i_1/O
                         net (fo=5, routed)           1.449     3.029    syif\\.load_OBUF[15]
    T15                  OBUF (Prop_obuf_I_O)         1.102     4.131 r  syif\\.load[15]_INST_0/O
                         net (fo=0)                   0.000     4.131    syif\\.load[15]
    T15                                                               r  syif\\.load[15] (OUT)
  -------------------------------------------------------------------    -------------------

Slack:                    inf
  Source:                 nRST
                            (input port)
  Destination:            syif\\.load[11]
                            (output port)
  Path Group:             (none)
  Path Type:              Min at Fast Process Corner
  Data Path Delay:        4.142ns  (logic 1.324ns (31.959%)  route 2.818ns (68.041%))
  Logic Levels:           3  (IBUF=1 LUT5=1 OBUF=1)

    Location             Delay type                Incr(ns)  Path(ns)    Netlist Resource(s)
  -------------------------------------------------------------------    -------------------
    N3                                                0.000     0.000 r  nRST (IN)
                         net (fo=0)                   0.000     0.000    nRST
    N3                   IBUF (Prop_ibuf_I_O)         0.171     0.171 r  nRST_IBUF_inst/O
                         net (fo=51, routed)          1.558     1.730    RAM/nRST_IBUF
    SLICE_X35Y55         LUT5 (Prop_lut5_I0_O)        0.045     1.775 r  RAM/syif\\.load[11]_INST_0_i_1/O
                         net (fo=5, routed)           1.260     3.035    syif\\.load_OBUF[11]
    R13                  OBUF (Prop_obuf_I_O)         1.107     4.142 r  syif\\.load[11]_INST_0/O
                         net (fo=0)                   0.000     4.142    syif\\.load[11]
    R13                                                               r  syif\\.load[11] (OUT)
  -------------------------------------------------------------------    -------------------

Slack:                    inf
  Source:                 nRST
                            (input port)
  Destination:            syif\\.load[1]
                            (output port)
  Path Group:             (none)
  Path Type:              Min at Fast Process Corner
  Data Path Delay:        4.156ns  (logic 1.328ns (31.947%)  route 2.828ns (68.053%))
  Logic Levels:           3  (IBUF=1 LUT5=1 OBUF=1)

    Location             Delay type                Incr(ns)  Path(ns)    Netlist Resource(s)
  -------------------------------------------------------------------    -------------------
    N3                                                0.000     0.000 f  nRST (IN)
                         net (fo=0)                   0.000     0.000    nRST
    N3                   IBUF (Prop_ibuf_I_O)         0.171     0.171 f  nRST_IBUF_inst/O
                         net (fo=51, routed)          1.839     2.011    RAM/nRST_IBUF
    SLICE_X32Y57         LUT5 (Prop_lut5_I0_O)        0.045     2.056 r  RAM/syif\\.load[1]_INST_0_i_1/O
                         net (fo=5, routed)           0.989     3.045    syif\\.load_OBUF[1]
    V12                  OBUF (Prop_obuf_I_O)         1.111     4.156 r  syif\\.load[1]_INST_0/O
                         net (fo=0)                   0.000     4.156    syif\\.load[1]
    V12                                                               r  syif\\.load[1] (OUT)
  -------------------------------------------------------------------    -------------------

Slack:                    inf
  Source:                 nRST
                            (input port)
  Destination:            syif\\.load[20]
                            (output port)
  Path Group:             (none)
  Path Type:              Min at Fast Process Corner
  Data Path Delay:        4.194ns  (logic 1.335ns (31.827%)  route 2.859ns (68.173%))
  Logic Levels:           3  (IBUF=1 LUT5=1 OBUF=1)

    Location             Delay type                Incr(ns)  Path(ns)    Netlist Resource(s)
  -------------------------------------------------------------------    -------------------
    N3                                                0.000     0.000 r  nRST (IN)
                         net (fo=0)                   0.000     0.000    nRST
    N3                   IBUF (Prop_ibuf_I_O)         0.171     0.171 r  nRST_IBUF_inst/O
                         net (fo=51, routed)          1.519     1.690    RAM/nRST_IBUF
    SLICE_X36Y54         LUT5 (Prop_lut5_I0_O)        0.045     1.735 r  RAM/syif\\.load[20]_INST_0_i_1/O
                         net (fo=5, routed)           1.340     3.075    syif\\.load_OBUF[20]
    U17                  OBUF (Prop_obuf_I_O)         1.118     4.194 r  syif\\.load[20]_INST_0/O
                         net (fo=0)                   0.000     4.194    syif\\.load[20]
    U17                                                               r  syif\\.load[20] (OUT)
  -------------------------------------------------------------------    -------------------

Slack:                    inf
  Source:                 nRST
                            (input port)
  Destination:            syif\\.load[14]
                            (output port)
  Path Group:             (none)
  Path Type:              Min at Fast Process Corner
  Data Path Delay:        4.207ns  (logic 1.336ns (31.764%)  route 2.871ns (68.236%))
  Logic Levels:           3  (IBUF=1 LUT5=1 OBUF=1)

    Location             Delay type                Incr(ns)  Path(ns)    Netlist Resource(s)
  -------------------------------------------------------------------    -------------------
    N3                                                0.000     0.000 f  nRST (IN)
                         net (fo=0)                   0.000     0.000    nRST
    N3                   IBUF (Prop_ibuf_I_O)         0.171     0.171 f  nRST_IBUF_inst/O
                         net (fo=51, routed)          1.667     1.838    RAM/nRST_IBUF
    SLICE_X36Y57         LUT5 (Prop_lut5_I0_O)        0.045     1.883 r  RAM/syif\\.load[14]_INST_0_i_1/O
                         net (fo=5, routed)           1.204     3.087    syif\\.load_OBUF[14]
    U15                  OBUF (Prop_obuf_I_O)         1.120     4.207 r  syif\\.load[14]_INST_0/O
                         net (fo=0)                   0.000     4.207    syif\\.load[14]
    U15                                                               r  syif\\.load[14] (OUT)
  -------------------------------------------------------------------    -------------------

Slack:                    inf
  Source:                 nRST
                            (input port)
  Destination:            syif\\.load[27]
                            (output port)
  Path Group:             (none)
  Path Type:              Min at Fast Process Corner
  Data Path Delay:        4.263ns  (logic 1.334ns (31.299%)  route 2.929ns (68.701%))
  Logic Levels:           3  (IBUF=1 LUT5=1 OBUF=1)

    Location             Delay type                Incr(ns)  Path(ns)    Netlist Resource(s)
  -------------------------------------------------------------------    -------------------
    N3                                                0.000     0.000 r  nRST (IN)
                         net (fo=0)                   0.000     0.000    nRST
    N3                   IBUF (Prop_ibuf_I_O)         0.171     0.171 r  nRST_IBUF_inst/O
                         net (fo=51, routed)          1.647     1.818    RAM/nRST_IBUF
    SLICE_X32Y57         LUT5 (Prop_lut5_I0_O)        0.045     1.863 r  RAM/syif\\.load[27]_INST_0_i_1/O
                         net (fo=5, routed)           1.282     3.145    syif\\.load_OBUF[27]
    P15                  OBUF (Prop_obuf_I_O)         1.118     4.263 r  syif\\.load[27]_INST_0/O
                         net (fo=0)                   0.000     4.263    syif\\.load[27]
    P15                                                               r  syif\\.load[27] (OUT)
  -------------------------------------------------------------------    -------------------





--------------------------------------------------------------------------------------
Path Group:  (none)
From Clock:  CPUCLK
  To Clock:  

Max Delay            39 Endpoints
Min Delay            39 Endpoints
--------------------------------------------------------------------------------------


Max Delay Paths
--------------------------------------------------------------------------------------
Slack:                    inf
  Source:                 CPU/CM0/DCACHE/m_setIdx_reg[0]_rep__0/C
                            (rising edge-triggered cell FDCE clocked by CPUCLK  {rise@0.000ns fall@5.000ns period=10.000ns})
  Destination:            syif\\.load[2]
                            (output port)
  Path Group:             (none)
  Path Type:              Max at Slow Process Corner
  Data Path Delay:        16.147ns  (logic 5.443ns (33.706%)  route 10.705ns (66.294%))
  Logic Levels:           13  (CARRY4=3 LUT3=1 LUT4=1 LUT5=2 LUT6=3 MUXF7=1 MUXF8=1 OBUF=1)
  Clock Uncertainty:      0.025ns  ((TSJ^2 + TIJ^2)^1/2 + DJ) / 2 + PE
    Total System Jitter     (TSJ):    0.050ns
    Total Input Jitter      (TIJ):    0.000ns
    Discrete Jitter          (DJ):    0.000ns
    Phase Error              (PE):    0.000ns

    Location             Delay type                Incr(ns)  Path(ns)    Netlist Resource(s)
  -------------------------------------------------------------------    -------------------
                         (clock CPUCLK rise edge)     0.000     0.000 r  
    D18                                               0.000     0.000 r  CLK (IN)
                         net (fo=0)                   0.000     0.000    CLK
    D18                  IBUF (Prop_ibuf_I_O)         0.954     0.954 r  CLK_IBUF_inst/O
                         net (fo=1, routed)           1.972     2.925    CLK_IBUF
    BUFGCTRL_X0Y16       BUFG (Prop_bufg_I_O)         0.096     3.021 r  CLK_IBUF_BUFG_inst/O
                         net (fo=70, routed)          1.567     4.589    CLK_IBUF_BUFG
    SLICE_X39Y46         FDCE (Prop_fdce_C_Q)         0.456     5.045 r  CPUCLK_reg/Q
                         net (fo=2, routed)           0.589     5.634    CPUCLK
    BUFGCTRL_X0Y0        BUFG (Prop_bufg_I_O)         0.096     5.730 r  CPUCLK_BUFG_inst/O
                         net (fo=8214, routed)        1.555     7.285    CPU/CM0/DCACHE/CPUCLK_BUFG
    SLICE_X46Y55         FDCE                                         r  CPU/CM0/DCACHE/m_setIdx_reg[0]_rep__0/C
  -------------------------------------------------------------------    -------------------
    SLICE_X46Y55         FDCE (Prop_fdce_C_Q)         0.518     7.803 r  CPU/CM0/DCACHE/m_setIdx_reg[0]_rep__0/Q
                         net (fo=107, routed)         1.229     9.033    CPU/CM0/DCACHE/m_setIdx_reg[0]_rep__0_n_0
    SLICE_X40Y51         LUT6 (Prop_lut6_I4_O)        0.124     9.157 r  CPU/CM0/DCACHE/addr[7]_i_28/O
                         net (fo=1, routed)           0.000     9.157    CPU/CM0/DCACHE/addr[7]_i_28_n_0
    SLICE_X40Y51         MUXF7 (Prop_muxf7_I0_O)      0.238     9.395 r  CPU/CM0/DCACHE/addr_reg[7]_i_20/O
                         net (fo=1, routed)           0.000     9.395    CPU/CM0/DCACHE/addr_reg[7]_i_20_n_0
    SLICE_X40Y51         MUXF8 (Prop_muxf8_I0_O)      0.104     9.499 r  CPU/CM0/DCACHE/addr_reg[7]_i_12/O
                         net (fo=1, routed)           0.645    10.144    CPU/CM0/DCACHE/addr_reg[7]_i_12_n_0
    SLICE_X40Y54         LUT6 (Prop_lut6_I3_O)        0.316    10.460 f  CPU/CM0/DCACHE/addr[7]_i_7/O
                         net (fo=1, routed)           0.728    11.188    CPU/CM0/DCACHE/addr[7]_i_7_n_0
    SLICE_X39Y56         LUT3 (Prop_lut3_I0_O)        0.124    11.312 r  CPU/CM0/DCACHE/addr[7]_i_5/O
                         net (fo=2, routed)           0.644    11.956    CPU/CC/addr_reg[7]_0
    SLICE_X38Y58         LUT6 (Prop_lut6_I3_O)        0.124    12.080 r  CPU/CC/addr[7]_i_3/O
                         net (fo=2, routed)           0.491    12.571    RAM/count3_carry__1_1[7]
    SLICE_X36Y58         LUT4 (Prop_lut4_I2_O)        0.124    12.695 r  RAM/count3_carry_i_8/O
                         net (fo=2, routed)           0.954    13.650    RAM/count3_carry_i_8_n_0
    SLICE_X35Y58         LUT5 (Prop_lut5_I3_O)        0.124    13.774 r  RAM/rstate3_carry_i_2/O
                         net (fo=1, routed)           0.000    13.774    RAM/rstate3_carry_i_2_n_0
    SLICE_X35Y58         CARRY4 (Prop_carry4_S[2]_CO[3])
                                                      0.398    14.172 r  RAM/rstate3_carry/CO[3]
                         net (fo=1, routed)           0.000    14.172    RAM/rstate3_carry_n_0
    SLICE_X35Y59         CARRY4 (Prop_carry4_CI_CO[3])
                                                      0.114    14.286 r  RAM/rstate3_carry__0/CO[3]
                         net (fo=1, routed)           0.000    14.286    RAM/rstate3_carry__0_n_0
    SLICE_X35Y60         CARRY4 (Prop_carry4_CI_CO[2])
                                                      0.228    14.514 r  RAM/rstate3_carry__1/CO[2]
                         net (fo=50, routed)          1.537    16.050    RAM/CO[0]
    SLICE_X11Y70         LUT5 (Prop_lut5_I3_O)        0.313    16.363 r  RAM/syif\\.load[2]_INST_0_i_1/O
                         net (fo=5, routed)           4.476    20.839    syif\\.load_OBUF[2]
    U11                  OBUF (Prop_obuf_I_O)         2.594    23.432 r  syif\\.load[2]_INST_0/O
                         net (fo=0)                   0.000    23.432    syif\\.load[2]
    U11                                                               r  syif\\.load[2] (OUT)
  -------------------------------------------------------------------    -------------------

Slack:                    inf
  Source:                 CPU/CM0/DCACHE/m_setIdx_reg[0]_rep__0/C
                            (rising edge-triggered cell FDCE clocked by CPUCLK  {rise@0.000ns fall@5.000ns period=10.000ns})
  Destination:            syif\\.load[7]
                            (output port)
  Path Group:             (none)
  Path Type:              Max at Slow Process Corner
  Data Path Delay:        16.050ns  (logic 5.448ns (33.945%)  route 10.602ns (66.055%))
  Logic Levels:           13  (CARRY4=3 LUT3=1 LUT4=1 LUT5=2 LUT6=3 MUXF7=1 MUXF8=1 OBUF=1)
  Clock Uncertainty:      0.025ns  ((TSJ^2 + TIJ^2)^1/2 + DJ) / 2 + PE
    Total System Jitter     (TSJ):    0.050ns
    Total Input Jitter      (TIJ):    0.000ns
    Discrete Jitter          (DJ):    0.000ns
    Phase Error              (PE):    0.000ns

    Location             Delay type                Incr(ns)  Path(ns)    Netlist Resource(s)
  -------------------------------------------------------------------    -------------------
                         (clock CPUCLK rise edge)     0.000     0.000 r  
    D18                                               0.000     0.000 r  CLK (IN)
                         net (fo=0)                   0.000     0.000    CLK
    D18                  IBUF (Prop_ibuf_I_O)         0.954     0.954 r  CLK_IBUF_inst/O
                         net (fo=1, routed)           1.972     2.925    CLK_IBUF
    BUFGCTRL_X0Y16       BUFG (Prop_bufg_I_O)         0.096     3.021 r  CLK_IBUF_BUFG_inst/O
                         net (fo=70, routed)          1.567     4.589    CLK_IBUF_BUFG
    SLICE_X39Y46         FDCE (Prop_fdce_C_Q)         0.456     5.045 r  CPUCLK_reg/Q
                         net (fo=2, routed)           0.589     5.634    CPUCLK
    BUFGCTRL_X0Y0        BUFG (Prop_bufg_I_O)         0.096     5.730 r  CPUCLK_BUFG_inst/O
                         net (fo=8214, routed)        1.555     7.285    CPU/CM0/DCACHE/CPUCLK_BUFG
    SLICE_X46Y55         FDCE                                         r  CPU/CM0/DCACHE/m_setIdx_reg[0]_rep__0/C
  -------------------------------------------------------------------    -------------------
    SLICE_X46Y55         FDCE (Prop_fdce_C_Q)         0.518     7.803 r  CPU/CM0/DCACHE/m_setIdx_reg[0]_rep__0/Q
                         net (fo=107, routed)         1.229     9.033    CPU/CM0/DCACHE/m_setIdx_reg[0]_rep__0_n_0
    SLICE_X40Y51         LUT6 (Prop_lut6_I4_O)        0.124     9.157 r  CPU/CM0/DCACHE/addr[7]_i_28/O
                         net (fo=1, routed)           0.000     9.157    CPU/CM0/DCACHE/addr[7]_i_28_n_0
    SLICE_X40Y51         MUXF7 (Prop_muxf7_I0_O)      0.238     9.395 r  CPU/CM0/DCACHE/addr_reg[7]_i_20/O
                         net (fo=1, routed)           0.000     9.395    CPU/CM0/DCACHE/addr_reg[7]_i_20_n_0
    SLICE_X40Y51         MUXF8 (Prop_muxf8_I0_O)      0.104     9.499 r  CPU/CM0/DCACHE/addr_reg[7]_i_12/O
                         net (fo=1, routed)           0.645    10.144    CPU/CM0/DCACHE/addr_reg[7]_i_12_n_0
    SLICE_X40Y54         LUT6 (Prop_lut6_I3_O)        0.316    10.460 f  CPU/CM0/DCACHE/addr[7]_i_7/O
                         net (fo=1, routed)           0.728    11.188    CPU/CM0/DCACHE/addr[7]_i_7_n_0
    SLICE_X39Y56         LUT3 (Prop_lut3_I0_O)        0.124    11.312 r  CPU/CM0/DCACHE/addr[7]_i_5/O
                         net (fo=2, routed)           0.644    11.956    CPU/CC/addr_reg[7]_0
    SLICE_X38Y58         LUT6 (Prop_lut6_I3_O)        0.124    12.080 r  CPU/CC/addr[7]_i_3/O
                         net (fo=2, routed)           0.491    12.571    RAM/count3_carry__1_1[7]
    SLICE_X36Y58         LUT4 (Prop_lut4_I2_O)        0.124    12.695 r  RAM/count3_carry_i_8/O
                         net (fo=2, routed)           0.954    13.650    RAM/count3_carry_i_8_n_0
    SLICE_X35Y58         LUT5 (Prop_lut5_I3_O)        0.124    13.774 r  RAM/rstate3_carry_i_2/O
                         net (fo=1, routed)           0.000    13.774    RAM/rstate3_carry_i_2_n_0
    SLICE_X35Y58         CARRY4 (Prop_carry4_S[2]_CO[3])
                                                      0.398    14.172 r  RAM/rstate3_carry/CO[3]
                         net (fo=1, routed)           0.000    14.172    RAM/rstate3_carry_n_0
    SLICE_X35Y59         CARRY4 (Prop_carry4_CI_CO[3])
                                                      0.114    14.286 r  RAM/rstate3_carry__0/CO[3]
                         net (fo=1, routed)           0.000    14.286    RAM/rstate3_carry__0_n_0
    SLICE_X35Y60         CARRY4 (Prop_carry4_CI_CO[2])
                                                      0.228    14.514 f  RAM/rstate3_carry__1/CO[2]
                         net (fo=50, routed)          1.306    15.820    RAM/CO[0]
    SLICE_X33Y63         LUT5 (Prop_lut5_I3_O)        0.313    16.133 r  RAM/syif\\.load[7]_INST_0_i_1/O
                         net (fo=5, routed)           4.603    20.736    syif\\.load_OBUF[7]
    V13                  OBUF (Prop_obuf_I_O)         2.599    23.335 r  syif\\.load[7]_INST_0/O
                         net (fo=0)                   0.000    23.335    syif\\.load[7]
    V13                                                               r  syif\\.load[7] (OUT)
  -------------------------------------------------------------------    -------------------

Slack:                    inf
  Source:                 CPU/CM0/DCACHE/m_setIdx_reg[0]_rep__0/C
                            (rising edge-triggered cell FDCE clocked by CPUCLK  {rise@0.000ns fall@5.000ns period=10.000ns})
  Destination:            syif\\.load[5]
                            (output port)
  Path Group:             (none)
  Path Type:              Max at Slow Process Corner
  Data Path Delay:        15.930ns  (logic 5.435ns (34.117%)  route 10.495ns (65.883%))
  Logic Levels:           13  (CARRY4=3 LUT3=1 LUT4=1 LUT5=2 LUT6=3 MUXF7=1 MUXF8=1 OBUF=1)
  Clock Uncertainty:      0.025ns  ((TSJ^2 + TIJ^2)^1/2 + DJ) / 2 + PE
    Total System Jitter     (TSJ):    0.050ns
    Total Input Jitter      (TIJ):    0.000ns
    Discrete Jitter          (DJ):    0.000ns
    Phase Error              (PE):    0.000ns

    Location             Delay type                Incr(ns)  Path(ns)    Netlist Resource(s)
  -------------------------------------------------------------------    -------------------
                         (clock CPUCLK rise edge)     0.000     0.000 r  
    D18                                               0.000     0.000 r  CLK (IN)
                         net (fo=0)                   0.000     0.000    CLK
    D18                  IBUF (Prop_ibuf_I_O)         0.954     0.954 r  CLK_IBUF_inst/O
                         net (fo=1, routed)           1.972     2.925    CLK_IBUF
    BUFGCTRL_X0Y16       BUFG (Prop_bufg_I_O)         0.096     3.021 r  CLK_IBUF_BUFG_inst/O
                         net (fo=70, routed)          1.567     4.589    CLK_IBUF_BUFG
    SLICE_X39Y46         FDCE (Prop_fdce_C_Q)         0.456     5.045 r  CPUCLK_reg/Q
                         net (fo=2, routed)           0.589     5.634    CPUCLK
    BUFGCTRL_X0Y0        BUFG (Prop_bufg_I_O)         0.096     5.730 r  CPUCLK_BUFG_inst/O
                         net (fo=8214, routed)        1.555     7.285    CPU/CM0/DCACHE/CPUCLK_BUFG
    SLICE_X46Y55         FDCE                                         r  CPU/CM0/DCACHE/m_setIdx_reg[0]_rep__0/C
  -------------------------------------------------------------------    -------------------
    SLICE_X46Y55         FDCE (Prop_fdce_C_Q)         0.518     7.803 r  CPU/CM0/DCACHE/m_setIdx_reg[0]_rep__0/Q
                         net (fo=107, routed)         1.229     9.033    CPU/CM0/DCACHE/m_setIdx_reg[0]_rep__0_n_0
    SLICE_X40Y51         LUT6 (Prop_lut6_I4_O)        0.124     9.157 r  CPU/CM0/DCACHE/addr[7]_i_28/O
                         net (fo=1, routed)           0.000     9.157    CPU/CM0/DCACHE/addr[7]_i_28_n_0
    SLICE_X40Y51         MUXF7 (Prop_muxf7_I0_O)      0.238     9.395 r  CPU/CM0/DCACHE/addr_reg[7]_i_20/O
                         net (fo=1, routed)           0.000     9.395    CPU/CM0/DCACHE/addr_reg[7]_i_20_n_0
    SLICE_X40Y51         MUXF8 (Prop_muxf8_I0_O)      0.104     9.499 r  CPU/CM0/DCACHE/addr_reg[7]_i_12/O
                         net (fo=1, routed)           0.645    10.144    CPU/CM0/DCACHE/addr_reg[7]_i_12_n_0
    SLICE_X40Y54         LUT6 (Prop_lut6_I3_O)        0.316    10.460 f  CPU/CM0/DCACHE/addr[7]_i_7/O
                         net (fo=1, routed)           0.728    11.188    CPU/CM0/DCACHE/addr[7]_i_7_n_0
    SLICE_X39Y56         LUT3 (Prop_lut3_I0_O)        0.124    11.312 r  CPU/CM0/DCACHE/addr[7]_i_5/O
                         net (fo=2, routed)           0.644    11.956    CPU/CC/addr_reg[7]_0
    SLICE_X38Y58         LUT6 (Prop_lut6_I3_O)        0.124    12.080 r  CPU/CC/addr[7]_i_3/O
                         net (fo=2, routed)           0.491    12.571    RAM/count3_carry__1_1[7]
    SLICE_X36Y58         LUT4 (Prop_lut4_I2_O)        0.124    12.695 r  RAM/count3_carry_i_8/O
                         net (fo=2, routed)           0.954    13.650    RAM/count3_carry_i_8_n_0
    SLICE_X35Y58         LUT5 (Prop_lut5_I3_O)        0.124    13.774 r  RAM/rstate3_carry_i_2/O
                         net (fo=1, routed)           0.000    13.774    RAM/rstate3_carry_i_2_n_0
    SLICE_X35Y58         CARRY4 (Prop_carry4_S[2]_CO[3])
                                                      0.398    14.172 r  RAM/rstate3_carry/CO[3]
                         net (fo=1, routed)           0.000    14.172    RAM/rstate3_carry_n_0
    SLICE_X35Y59         CARRY4 (Prop_carry4_CI_CO[3])
                                                      0.114    14.286 r  RAM/rstate3_carry__0/CO[3]
                         net (fo=1, routed)           0.000    14.286    RAM/rstate3_carry__0_n_0
    SLICE_X35Y60         CARRY4 (Prop_carry4_CI_CO[2])
                                                      0.228    14.514 r  RAM/rstate3_carry__1/CO[2]
                         net (fo=50, routed)          1.287    15.801    RAM/CO[0]
    SLICE_X33Y48         LUT5 (Prop_lut5_I3_O)        0.313    16.114 r  RAM/syif\\.load[5]_INST_0_i_1/O
                         net (fo=5, routed)           4.516    20.630    syif\\.load_OBUF[5]
    T13                  OBUF (Prop_obuf_I_O)         2.586    23.215 r  syif\\.load[5]_INST_0/O
                         net (fo=0)                   0.000    23.215    syif\\.load[5]
    T13                                                               r  syif\\.load[5] (OUT)
  -------------------------------------------------------------------    -------------------

Slack:                    inf
  Source:                 CPU/CM0/DCACHE/m_setIdx_reg[0]_rep__0/C
                            (rising edge-triggered cell FDCE clocked by CPUCLK  {rise@0.000ns fall@5.000ns period=10.000ns})
  Destination:            syif\\.load[4]
                            (output port)
  Path Group:             (none)
  Path Type:              Max at Slow Process Corner
  Data Path Delay:        15.917ns  (logic 5.447ns (34.224%)  route 10.470ns (65.776%))
  Logic Levels:           13  (CARRY4=3 LUT3=1 LUT4=1 LUT5=2 LUT6=3 MUXF7=1 MUXF8=1 OBUF=1)
  Clock Uncertainty:      0.025ns  ((TSJ^2 + TIJ^2)^1/2 + DJ) / 2 + PE
    Total System Jitter     (TSJ):    0.050ns
    Total Input Jitter      (TIJ):    0.000ns
    Discrete Jitter          (DJ):    0.000ns
    Phase Error              (PE):    0.000ns

    Location             Delay type                Incr(ns)  Path(ns)    Netlist Resource(s)
  -------------------------------------------------------------------    -------------------
                         (clock CPUCLK rise edge)     0.000     0.000 r  
    D18                                               0.000     0.000 r  CLK (IN)
                         net (fo=0)                   0.000     0.000    CLK
    D18                  IBUF (Prop_ibuf_I_O)         0.954     0.954 r  CLK_IBUF_inst/O
                         net (fo=1, routed)           1.972     2.925    CLK_IBUF
    BUFGCTRL_X0Y16       BUFG (Prop_bufg_I_O)         0.096     3.021 r  CLK_IBUF_BUFG_inst/O
                         net (fo=70, routed)          1.567     4.589    CLK_IBUF_BUFG
    SLICE_X39Y46         FDCE (Prop_fdce_C_Q)         0.456     5.045 r  CPUCLK_reg/Q
                         net (fo=2, routed)           0.589     5.634    CPUCLK
    BUFGCTRL_X0Y0        BUFG (Prop_bufg_I_O)         0.096     5.730 r  CPUCLK_BUFG_inst/O
                         net (fo=8214, routed)        1.555     7.285    CPU/CM0/DCACHE/CPUCLK_BUFG
    SLICE_X46Y55         FDCE                                         r  CPU/CM0/DCACHE/m_setIdx_reg[0]_rep__0/C
  -------------------------------------------------------------------    -------------------
    SLICE_X46Y55         FDCE (Prop_fdce_C_Q)         0.518     7.803 r  CPU/CM0/DCACHE/m_setIdx_reg[0]_rep__0/Q
                         net (fo=107, routed)         1.229     9.033    CPU/CM0/DCACHE/m_setIdx_reg[0]_rep__0_n_0
    SLICE_X40Y51         LUT6 (Prop_lut6_I4_O)        0.124     9.157 r  CPU/CM0/DCACHE/addr[7]_i_28/O
                         net (fo=1, routed)           0.000     9.157    CPU/CM0/DCACHE/addr[7]_i_28_n_0
    SLICE_X40Y51         MUXF7 (Prop_muxf7_I0_O)      0.238     9.395 r  CPU/CM0/DCACHE/addr_reg[7]_i_20/O
                         net (fo=1, routed)           0.000     9.395    CPU/CM0/DCACHE/addr_reg[7]_i_20_n_0
    SLICE_X40Y51         MUXF8 (Prop_muxf8_I0_O)      0.104     9.499 r  CPU/CM0/DCACHE/addr_reg[7]_i_12/O
                         net (fo=1, routed)           0.645    10.144    CPU/CM0/DCACHE/addr_reg[7]_i_12_n_0
    SLICE_X40Y54         LUT6 (Prop_lut6_I3_O)        0.316    10.460 f  CPU/CM0/DCACHE/addr[7]_i_7/O
                         net (fo=1, routed)           0.728    11.188    CPU/CM0/DCACHE/addr[7]_i_7_n_0
    SLICE_X39Y56         LUT3 (Prop_lut3_I0_O)        0.124    11.312 r  CPU/CM0/DCACHE/addr[7]_i_5/O
                         net (fo=2, routed)           0.644    11.956    CPU/CC/addr_reg[7]_0
    SLICE_X38Y58         LUT6 (Prop_lut6_I3_O)        0.124    12.080 r  CPU/CC/addr[7]_i_3/O
                         net (fo=2, routed)           0.491    12.571    RAM/count3_carry__1_1[7]
    SLICE_X36Y58         LUT4 (Prop_lut4_I2_O)        0.124    12.695 r  RAM/count3_carry_i_8/O
                         net (fo=2, routed)           0.954    13.650    RAM/count3_carry_i_8_n_0
    SLICE_X35Y58         LUT5 (Prop_lut5_I3_O)        0.124    13.774 r  RAM/rstate3_carry_i_2/O
                         net (fo=1, routed)           0.000    13.774    RAM/rstate3_carry_i_2_n_0
    SLICE_X35Y58         CARRY4 (Prop_carry4_S[2]_CO[3])
                                                      0.398    14.172 r  RAM/rstate3_carry/CO[3]
                         net (fo=1, routed)           0.000    14.172    RAM/rstate3_carry_n_0
    SLICE_X35Y59         CARRY4 (Prop_carry4_CI_CO[3])
                                                      0.114    14.286 r  RAM/rstate3_carry__0/CO[3]
                         net (fo=1, routed)           0.000    14.286    RAM/rstate3_carry__0_n_0
    SLICE_X35Y60         CARRY4 (Prop_carry4_CI_CO[2])
                                                      0.228    14.514 f  RAM/rstate3_carry__1/CO[2]
                         net (fo=50, routed)          1.084    15.598    RAM/CO[0]
    SLICE_X33Y62         LUT5 (Prop_lut5_I3_O)        0.313    15.911 r  RAM/syif\\.load[4]_INST_0_i_1/O
                         net (fo=5, routed)           4.693    20.604    syif\\.load_OBUF[4]
    R11                  OBUF (Prop_obuf_I_O)         2.598    23.202 r  syif\\.load[4]_INST_0/O
                         net (fo=0)                   0.000    23.202    syif\\.load[4]
    R11                                                               r  syif\\.load[4] (OUT)
  -------------------------------------------------------------------    -------------------

Slack:                    inf
  Source:                 CPU/CM0/DCACHE/m_setIdx_reg[0]_rep__0/C
                            (rising edge-triggered cell FDCE clocked by CPUCLK  {rise@0.000ns fall@5.000ns period=10.000ns})
  Destination:            syif\\.load[17]
                            (output port)
  Path Group:             (none)
  Path Type:              Max at Slow Process Corner
  Data Path Delay:        15.888ns  (logic 5.450ns (34.304%)  route 10.438ns (65.696%))
  Logic Levels:           13  (CARRY4=3 LUT3=1 LUT4=1 LUT5=2 LUT6=3 MUXF7=1 MUXF8=1 OBUF=1)
  Clock Uncertainty:      0.025ns  ((TSJ^2 + TIJ^2)^1/2 + DJ) / 2 + PE
    Total System Jitter     (TSJ):    0.050ns
    Total Input Jitter      (TIJ):    0.000ns
    Discrete Jitter          (DJ):    0.000ns
    Phase Error              (PE):    0.000ns

    Location             Delay type                Incr(ns)  Path(ns)    Netlist Resource(s)
  -------------------------------------------------------------------    -------------------
                         (clock CPUCLK rise edge)     0.000     0.000 r  
    D18                                               0.000     0.000 r  CLK (IN)
                         net (fo=0)                   0.000     0.000    CLK
    D18                  IBUF (Prop_ibuf_I_O)         0.954     0.954 r  CLK_IBUF_inst/O
                         net (fo=1, routed)           1.972     2.925    CLK_IBUF
    BUFGCTRL_X0Y16       BUFG (Prop_bufg_I_O)         0.096     3.021 r  CLK_IBUF_BUFG_inst/O
                         net (fo=70, routed)          1.567     4.589    CLK_IBUF_BUFG
    SLICE_X39Y46         FDCE (Prop_fdce_C_Q)         0.456     5.045 r  CPUCLK_reg/Q
                         net (fo=2, routed)           0.589     5.634    CPUCLK
    BUFGCTRL_X0Y0        BUFG (Prop_bufg_I_O)         0.096     5.730 r  CPUCLK_BUFG_inst/O
                         net (fo=8214, routed)        1.555     7.285    CPU/CM0/DCACHE/CPUCLK_BUFG
    SLICE_X46Y55         FDCE                                         r  CPU/CM0/DCACHE/m_setIdx_reg[0]_rep__0/C
  -------------------------------------------------------------------    -------------------
    SLICE_X46Y55         FDCE (Prop_fdce_C_Q)         0.518     7.803 r  CPU/CM0/DCACHE/m_setIdx_reg[0]_rep__0/Q
                         net (fo=107, routed)         1.229     9.033    CPU/CM0/DCACHE/m_setIdx_reg[0]_rep__0_n_0
    SLICE_X40Y51         LUT6 (Prop_lut6_I4_O)        0.124     9.157 r  CPU/CM0/DCACHE/addr[7]_i_28/O
                         net (fo=1, routed)           0.000     9.157    CPU/CM0/DCACHE/addr[7]_i_28_n_0
    SLICE_X40Y51         MUXF7 (Prop_muxf7_I0_O)      0.238     9.395 r  CPU/CM0/DCACHE/addr_reg[7]_i_20/O
                         net (fo=1, routed)           0.000     9.395    CPU/CM0/DCACHE/addr_reg[7]_i_20_n_0
    SLICE_X40Y51         MUXF8 (Prop_muxf8_I0_O)      0.104     9.499 r  CPU/CM0/DCACHE/addr_reg[7]_i_12/O
                         net (fo=1, routed)           0.645    10.144    CPU/CM0/DCACHE/addr_reg[7]_i_12_n_0
    SLICE_X40Y54         LUT6 (Prop_lut6_I3_O)        0.316    10.460 f  CPU/CM0/DCACHE/addr[7]_i_7/O
                         net (fo=1, routed)           0.728    11.188    CPU/CM0/DCACHE/addr[7]_i_7_n_0
    SLICE_X39Y56         LUT3 (Prop_lut3_I0_O)        0.124    11.312 r  CPU/CM0/DCACHE/addr[7]_i_5/O
                         net (fo=2, routed)           0.644    11.956    CPU/CC/addr_reg[7]_0
    SLICE_X38Y58         LUT6 (Prop_lut6_I3_O)        0.124    12.080 r  CPU/CC/addr[7]_i_3/O
                         net (fo=2, routed)           0.491    12.571    RAM/count3_carry__1_1[7]
    SLICE_X36Y58         LUT4 (Prop_lut4_I2_O)        0.124    12.695 r  RAM/count3_carry_i_8/O
                         net (fo=2, routed)           0.954    13.650    RAM/count3_carry_i_8_n_0
    SLICE_X35Y58         LUT5 (Prop_lut5_I3_O)        0.124    13.774 r  RAM/rstate3_carry_i_2/O
                         net (fo=1, routed)           0.000    13.774    RAM/rstate3_carry_i_2_n_0
    SLICE_X35Y58         CARRY4 (Prop_carry4_S[2]_CO[3])
                                                      0.398    14.172 r  RAM/rstate3_carry/CO[3]
                         net (fo=1, routed)           0.000    14.172    RAM/rstate3_carry_n_0
    SLICE_X35Y59         CARRY4 (Prop_carry4_CI_CO[3])
                                                      0.114    14.286 r  RAM/rstate3_carry__0/CO[3]
                         net (fo=1, routed)           0.000    14.286    RAM/rstate3_carry__0_n_0
    SLICE_X35Y60         CARRY4 (Prop_carry4_CI_CO[2])
                                                      0.228    14.514 r  RAM/rstate3_carry__1/CO[2]
                         net (fo=50, routed)          1.274    15.788    RAM/CO[0]
    SLICE_X34Y63         LUT5 (Prop_lut5_I3_O)        0.313    16.101 r  RAM/syif\\.load[17]_INST_0_i_1/O
                         net (fo=5, routed)           4.471    20.572    syif\\.load_OBUF[17]
    V17                  OBUF (Prop_obuf_I_O)         2.601    23.173 r  syif\\.load[17]_INST_0/O
                         net (fo=0)                   0.000    23.173    syif\\.load[17]
    V17                                                               r  syif\\.load[17] (OUT)
  -------------------------------------------------------------------    -------------------

Slack:                    inf
  Source:                 CPU/CM0/DCACHE/m_setIdx_reg[0]_rep__0/C
                            (rising edge-triggered cell FDCE clocked by CPUCLK  {rise@0.000ns fall@5.000ns period=10.000ns})
  Destination:            syif\\.load[3]
                            (output port)
  Path Group:             (none)
  Path Type:              Max at Slow Process Corner
  Data Path Delay:        15.876ns  (logic 5.450ns (34.329%)  route 10.426ns (65.671%))
  Logic Levels:           13  (CARRY4=3 LUT3=1 LUT4=1 LUT5=2 LUT6=3 MUXF7=1 MUXF8=1 OBUF=1)
  Clock Uncertainty:      0.025ns  ((TSJ^2 + TIJ^2)^1/2 + DJ) / 2 + PE
    Total System Jitter     (TSJ):    0.050ns
    Total Input Jitter      (TIJ):    0.000ns
    Discrete Jitter          (DJ):    0.000ns
    Phase Error              (PE):    0.000ns

    Location             Delay type                Incr(ns)  Path(ns)    Netlist Resource(s)
  -------------------------------------------------------------------    -------------------
                         (clock CPUCLK rise edge)     0.000     0.000 r  
    D18                                               0.000     0.000 r  CLK (IN)
                         net (fo=0)                   0.000     0.000    CLK
    D18                  IBUF (Prop_ibuf_I_O)         0.954     0.954 r  CLK_IBUF_inst/O
                         net (fo=1, routed)           1.972     2.925    CLK_IBUF
    BUFGCTRL_X0Y16       BUFG (Prop_bufg_I_O)         0.096     3.021 r  CLK_IBUF_BUFG_inst/O
                         net (fo=70, routed)          1.567     4.589    CLK_IBUF_BUFG
    SLICE_X39Y46         FDCE (Prop_fdce_C_Q)         0.456     5.045 r  CPUCLK_reg/Q
                         net (fo=2, routed)           0.589     5.634    CPUCLK
    BUFGCTRL_X0Y0        BUFG (Prop_bufg_I_O)         0.096     5.730 r  CPUCLK_BUFG_inst/O
                         net (fo=8214, routed)        1.555     7.285    CPU/CM0/DCACHE/CPUCLK_BUFG
    SLICE_X46Y55         FDCE                                         r  CPU/CM0/DCACHE/m_setIdx_reg[0]_rep__0/C
  -------------------------------------------------------------------    -------------------
    SLICE_X46Y55         FDCE (Prop_fdce_C_Q)         0.518     7.803 r  CPU/CM0/DCACHE/m_setIdx_reg[0]_rep__0/Q
                         net (fo=107, routed)         1.229     9.033    CPU/CM0/DCACHE/m_setIdx_reg[0]_rep__0_n_0
    SLICE_X40Y51         LUT6 (Prop_lut6_I4_O)        0.124     9.157 r  CPU/CM0/DCACHE/addr[7]_i_28/O
                         net (fo=1, routed)           0.000     9.157    CPU/CM0/DCACHE/addr[7]_i_28_n_0
    SLICE_X40Y51         MUXF7 (Prop_muxf7_I0_O)      0.238     9.395 r  CPU/CM0/DCACHE/addr_reg[7]_i_20/O
                         net (fo=1, routed)           0.000     9.395    CPU/CM0/DCACHE/addr_reg[7]_i_20_n_0
    SLICE_X40Y51         MUXF8 (Prop_muxf8_I0_O)      0.104     9.499 r  CPU/CM0/DCACHE/addr_reg[7]_i_12/O
                         net (fo=1, routed)           0.645    10.144    CPU/CM0/DCACHE/addr_reg[7]_i_12_n_0
    SLICE_X40Y54         LUT6 (Prop_lut6_I3_O)        0.316    10.460 f  CPU/CM0/DCACHE/addr[7]_i_7/O
                         net (fo=1, routed)           0.728    11.188    CPU/CM0/DCACHE/addr[7]_i_7_n_0
    SLICE_X39Y56         LUT3 (Prop_lut3_I0_O)        0.124    11.312 r  CPU/CM0/DCACHE/addr[7]_i_5/O
                         net (fo=2, routed)           0.644    11.956    CPU/CC/addr_reg[7]_0
    SLICE_X38Y58         LUT6 (Prop_lut6_I3_O)        0.124    12.080 r  CPU/CC/addr[7]_i_3/O
                         net (fo=2, routed)           0.491    12.571    RAM/count3_carry__1_1[7]
    SLICE_X36Y58         LUT4 (Prop_lut4_I2_O)        0.124    12.695 r  RAM/count3_carry_i_8/O
                         net (fo=2, routed)           0.954    13.650    RAM/count3_carry_i_8_n_0
    SLICE_X35Y58         LUT5 (Prop_lut5_I3_O)        0.124    13.774 r  RAM/rstate3_carry_i_2/O
                         net (fo=1, routed)           0.000    13.774    RAM/rstate3_carry_i_2_n_0
    SLICE_X35Y58         CARRY4 (Prop_carry4_S[2]_CO[3])
                                                      0.398    14.172 r  RAM/rstate3_carry/CO[3]
                         net (fo=1, routed)           0.000    14.172    RAM/rstate3_carry_n_0
    SLICE_X35Y59         CARRY4 (Prop_carry4_CI_CO[3])
                                                      0.114    14.286 r  RAM/rstate3_carry__0/CO[3]
                         net (fo=1, routed)           0.000    14.286    RAM/rstate3_carry__0_n_0
    SLICE_X35Y60         CARRY4 (Prop_carry4_CI_CO[2])
                                                      0.228    14.514 r  RAM/rstate3_carry__1/CO[2]
                         net (fo=50, routed)          1.253    15.767    RAM/CO[0]
    SLICE_X35Y64         LUT5 (Prop_lut5_I3_O)        0.313    16.080 r  RAM/syif\\.load[3]_INST_0_i_1/O
                         net (fo=5, routed)           4.480    20.560    syif\\.load_OBUF[3]
    T11                  OBUF (Prop_obuf_I_O)         2.601    23.161 r  syif\\.load[3]_INST_0/O
                         net (fo=0)                   0.000    23.161    syif\\.load[3]
    T11                                                               r  syif\\.load[3] (OUT)
  -------------------------------------------------------------------    -------------------

Slack:                    inf
  Source:                 CPU/CM0/DCACHE/m_setIdx_reg[0]_rep__0/C
                            (rising edge-triggered cell FDCE clocked by CPUCLK  {rise@0.000ns fall@5.000ns period=10.000ns})
  Destination:            syif\\.load[9]
                            (output port)
  Path Group:             (none)
  Path Type:              Max at Slow Process Corner
  Data Path Delay:        15.767ns  (logic 5.448ns (34.554%)  route 10.319ns (65.446%))
  Logic Levels:           13  (CARRY4=3 LUT3=1 LUT4=1 LUT5=2 LUT6=3 MUXF7=1 MUXF8=1 OBUF=1)
  Clock Uncertainty:      0.025ns  ((TSJ^2 + TIJ^2)^1/2 + DJ) / 2 + PE
    Total System Jitter     (TSJ):    0.050ns
    Total Input Jitter      (TIJ):    0.000ns
    Discrete Jitter          (DJ):    0.000ns
    Phase Error              (PE):    0.000ns

    Location             Delay type                Incr(ns)  Path(ns)    Netlist Resource(s)
  -------------------------------------------------------------------    -------------------
                         (clock CPUCLK rise edge)     0.000     0.000 r  
    D18                                               0.000     0.000 r  CLK (IN)
                         net (fo=0)                   0.000     0.000    CLK
    D18                  IBUF (Prop_ibuf_I_O)         0.954     0.954 r  CLK_IBUF_inst/O
                         net (fo=1, routed)           1.972     2.925    CLK_IBUF
    BUFGCTRL_X0Y16       BUFG (Prop_bufg_I_O)         0.096     3.021 r  CLK_IBUF_BUFG_inst/O
                         net (fo=70, routed)          1.567     4.589    CLK_IBUF_BUFG
    SLICE_X39Y46         FDCE (Prop_fdce_C_Q)         0.456     5.045 r  CPUCLK_reg/Q
                         net (fo=2, routed)           0.589     5.634    CPUCLK
    BUFGCTRL_X0Y0        BUFG (Prop_bufg_I_O)         0.096     5.730 r  CPUCLK_BUFG_inst/O
                         net (fo=8214, routed)        1.555     7.285    CPU/CM0/DCACHE/CPUCLK_BUFG
    SLICE_X46Y55         FDCE                                         r  CPU/CM0/DCACHE/m_setIdx_reg[0]_rep__0/C
  -------------------------------------------------------------------    -------------------
    SLICE_X46Y55         FDCE (Prop_fdce_C_Q)         0.518     7.803 r  CPU/CM0/DCACHE/m_setIdx_reg[0]_rep__0/Q
                         net (fo=107, routed)         1.229     9.033    CPU/CM0/DCACHE/m_setIdx_reg[0]_rep__0_n_0
    SLICE_X40Y51         LUT6 (Prop_lut6_I4_O)        0.124     9.157 r  CPU/CM0/DCACHE/addr[7]_i_28/O
                         net (fo=1, routed)           0.000     9.157    CPU/CM0/DCACHE/addr[7]_i_28_n_0
    SLICE_X40Y51         MUXF7 (Prop_muxf7_I0_O)      0.238     9.395 r  CPU/CM0/DCACHE/addr_reg[7]_i_20/O
                         net (fo=1, routed)           0.000     9.395    CPU/CM0/DCACHE/addr_reg[7]_i_20_n_0
    SLICE_X40Y51         MUXF8 (Prop_muxf8_I0_O)      0.104     9.499 r  CPU/CM0/DCACHE/addr_reg[7]_i_12/O
                         net (fo=1, routed)           0.645    10.144    CPU/CM0/DCACHE/addr_reg[7]_i_12_n_0
    SLICE_X40Y54         LUT6 (Prop_lut6_I3_O)        0.316    10.460 f  CPU/CM0/DCACHE/addr[7]_i_7/O
                         net (fo=1, routed)           0.728    11.188    CPU/CM0/DCACHE/addr[7]_i_7_n_0
    SLICE_X39Y56         LUT3 (Prop_lut3_I0_O)        0.124    11.312 r  CPU/CM0/DCACHE/addr[7]_i_5/O
                         net (fo=2, routed)           0.644    11.956    CPU/CC/addr_reg[7]_0
    SLICE_X38Y58         LUT6 (Prop_lut6_I3_O)        0.124    12.080 r  CPU/CC/addr[7]_i_3/O
                         net (fo=2, routed)           0.491    12.571    RAM/count3_carry__1_1[7]
    SLICE_X36Y58         LUT4 (Prop_lut4_I2_O)        0.124    12.695 r  RAM/count3_carry_i_8/O
                         net (fo=2, routed)           0.954    13.650    RAM/count3_carry_i_8_n_0
    SLICE_X35Y58         LUT5 (Prop_lut5_I3_O)        0.124    13.774 r  RAM/rstate3_carry_i_2/O
                         net (fo=1, routed)           0.000    13.774    RAM/rstate3_carry_i_2_n_0
    SLICE_X35Y58         CARRY4 (Prop_carry4_S[2]_CO[3])
                                                      0.398    14.172 r  RAM/rstate3_carry/CO[3]
                         net (fo=1, routed)           0.000    14.172    RAM/rstate3_carry_n_0
    SLICE_X35Y59         CARRY4 (Prop_carry4_CI_CO[3])
                                                      0.114    14.286 r  RAM/rstate3_carry__0/CO[3]
                         net (fo=1, routed)           0.000    14.286    RAM/rstate3_carry__0_n_0
    SLICE_X35Y60         CARRY4 (Prop_carry4_CI_CO[2])
                                                      0.228    14.514 f  RAM/rstate3_carry__1/CO[2]
                         net (fo=50, routed)          0.967    15.481    RAM/CO[0]
    SLICE_X29Y61         LUT5 (Prop_lut5_I3_O)        0.313    15.794 r  RAM/syif\\.load[9]_INST_0_i_1/O
                         net (fo=5, routed)           4.660    20.453    syif\\.load_OBUF[9]
    V15                  OBUF (Prop_obuf_I_O)         2.599    23.052 r  syif\\.load[9]_INST_0/O
                         net (fo=0)                   0.000    23.052    syif\\.load[9]
    V15                                                               r  syif\\.load[9] (OUT)
  -------------------------------------------------------------------    -------------------

Slack:                    inf
  Source:                 CPU/CM0/DCACHE/m_setIdx_reg[0]_rep__0/C
                            (rising edge-triggered cell FDCE clocked by CPUCLK  {rise@0.000ns fall@5.000ns period=10.000ns})
  Destination:            syif\\.load[12]
                            (output port)
  Path Group:             (none)
  Path Type:              Max at Slow Process Corner
  Data Path Delay:        15.766ns  (logic 5.443ns (34.527%)  route 10.322ns (65.473%))
  Logic Levels:           13  (CARRY4=3 LUT3=1 LUT4=1 LUT5=2 LUT6=3 MUXF7=1 MUXF8=1 OBUF=1)
  Clock Uncertainty:      0.025ns  ((TSJ^2 + TIJ^2)^1/2 + DJ) / 2 + PE
    Total System Jitter     (TSJ):    0.050ns
    Total Input Jitter      (TIJ):    0.000ns
    Discrete Jitter          (DJ):    0.000ns
    Phase Error              (PE):    0.000ns

    Location             Delay type                Incr(ns)  Path(ns)    Netlist Resource(s)
  -------------------------------------------------------------------    -------------------
                         (clock CPUCLK rise edge)     0.000     0.000 r  
    D18                                               0.000     0.000 r  CLK (IN)
                         net (fo=0)                   0.000     0.000    CLK
    D18                  IBUF (Prop_ibuf_I_O)         0.954     0.954 r  CLK_IBUF_inst/O
                         net (fo=1, routed)           1.972     2.925    CLK_IBUF
    BUFGCTRL_X0Y16       BUFG (Prop_bufg_I_O)         0.096     3.021 r  CLK_IBUF_BUFG_inst/O
                         net (fo=70, routed)          1.567     4.589    CLK_IBUF_BUFG
    SLICE_X39Y46         FDCE (Prop_fdce_C_Q)         0.456     5.045 r  CPUCLK_reg/Q
                         net (fo=2, routed)           0.589     5.634    CPUCLK
    BUFGCTRL_X0Y0        BUFG (Prop_bufg_I_O)         0.096     5.730 r  CPUCLK_BUFG_inst/O
                         net (fo=8214, routed)        1.555     7.285    CPU/CM0/DCACHE/CPUCLK_BUFG
    SLICE_X46Y55         FDCE                                         r  CPU/CM0/DCACHE/m_setIdx_reg[0]_rep__0/C
  -------------------------------------------------------------------    -------------------
    SLICE_X46Y55         FDCE (Prop_fdce_C_Q)         0.518     7.803 r  CPU/CM0/DCACHE/m_setIdx_reg[0]_rep__0/Q
                         net (fo=107, routed)         1.229     9.033    CPU/CM0/DCACHE/m_setIdx_reg[0]_rep__0_n_0
    SLICE_X40Y51         LUT6 (Prop_lut6_I4_O)        0.124     9.157 r  CPU/CM0/DCACHE/addr[7]_i_28/O
                         net (fo=1, routed)           0.000     9.157    CPU/CM0/DCACHE/addr[7]_i_28_n_0
    SLICE_X40Y51         MUXF7 (Prop_muxf7_I0_O)      0.238     9.395 r  CPU/CM0/DCACHE/addr_reg[7]_i_20/O
                         net (fo=1, routed)           0.000     9.395    CPU/CM0/DCACHE/addr_reg[7]_i_20_n_0
    SLICE_X40Y51         MUXF8 (Prop_muxf8_I0_O)      0.104     9.499 r  CPU/CM0/DCACHE/addr_reg[7]_i_12/O
                         net (fo=1, routed)           0.645    10.144    CPU/CM0/DCACHE/addr_reg[7]_i_12_n_0
    SLICE_X40Y54         LUT6 (Prop_lut6_I3_O)        0.316    10.460 f  CPU/CM0/DCACHE/addr[7]_i_7/O
                         net (fo=1, routed)           0.728    11.188    CPU/CM0/DCACHE/addr[7]_i_7_n_0
    SLICE_X39Y56         LUT3 (Prop_lut3_I0_O)        0.124    11.312 r  CPU/CM0/DCACHE/addr[7]_i_5/O
                         net (fo=2, routed)           0.644    11.956    CPU/CC/addr_reg[7]_0
    SLICE_X38Y58         LUT6 (Prop_lut6_I3_O)        0.124    12.080 r  CPU/CC/addr[7]_i_3/O
                         net (fo=2, routed)           0.491    12.571    RAM/count3_carry__1_1[7]
    SLICE_X36Y58         LUT4 (Prop_lut4_I2_O)        0.124    12.695 r  RAM/count3_carry_i_8/O
                         net (fo=2, routed)           0.954    13.650    RAM/count3_carry_i_8_n_0
    SLICE_X35Y58         LUT5 (Prop_lut5_I3_O)        0.124    13.774 r  RAM/rstate3_carry_i_2/O
                         net (fo=1, routed)           0.000    13.774    RAM/rstate3_carry_i_2_n_0
    SLICE_X35Y58         CARRY4 (Prop_carry4_S[2]_CO[3])
                                                      0.398    14.172 r  RAM/rstate3_carry/CO[3]
                         net (fo=1, routed)           0.000    14.172    RAM/rstate3_carry_n_0
    SLICE_X35Y59         CARRY4 (Prop_carry4_CI_CO[3])
                                                      0.114    14.286 r  RAM/rstate3_carry__0/CO[3]
                         net (fo=1, routed)           0.000    14.286    RAM/rstate3_carry__0_n_0
    SLICE_X35Y60         CARRY4 (Prop_carry4_CI_CO[2])
                                                      0.228    14.514 f  RAM/rstate3_carry__1/CO[2]
                         net (fo=50, routed)          1.197    15.711    RAM/CO[0]
    SLICE_X34Y63         LUT5 (Prop_lut5_I3_O)        0.313    16.024 r  RAM/syif\\.load[12]_INST_0_i_1/O
                         net (fo=5, routed)           4.433    20.456    syif\\.load_OBUF[12]
    P13                  OBUF (Prop_obuf_I_O)         2.594    23.051 r  syif\\.load[12]_INST_0/O
                         net (fo=0)                   0.000    23.051    syif\\.load[12]
    P13                                                               r  syif\\.load[12] (OUT)
  -------------------------------------------------------------------    -------------------

Slack:                    inf
  Source:                 CPU/CM0/DCACHE/m_setIdx_reg[0]_rep__0/C
                            (rising edge-triggered cell FDCE clocked by CPUCLK  {rise@0.000ns fall@5.000ns period=10.000ns})
  Destination:            syif\\.load[0]
                            (output port)
  Path Group:             (none)
  Path Type:              Max at Slow Process Corner
  Data Path Delay:        15.705ns  (logic 5.418ns (34.497%)  route 10.288ns (65.503%))
  Logic Levels:           13  (CARRY4=3 LUT3=1 LUT4=1 LUT5=2 LUT6=3 MUXF7=1 MUXF8=1 OBUF=1)
  Clock Uncertainty:      0.025ns  ((TSJ^2 + TIJ^2)^1/2 + DJ) / 2 + PE
    Total System Jitter     (TSJ):    0.050ns
    Total Input Jitter      (TIJ):    0.000ns
    Discrete Jitter          (DJ):    0.000ns
    Phase Error              (PE):    0.000ns

    Location             Delay type                Incr(ns)  Path(ns)    Netlist Resource(s)
  -------------------------------------------------------------------    -------------------
                         (clock CPUCLK rise edge)     0.000     0.000 r  
    D18                                               0.000     0.000 r  CLK (IN)
                         net (fo=0)                   0.000     0.000    CLK
    D18                  IBUF (Prop_ibuf_I_O)         0.954     0.954 r  CLK_IBUF_inst/O
                         net (fo=1, routed)           1.972     2.925    CLK_IBUF
    BUFGCTRL_X0Y16       BUFG (Prop_bufg_I_O)         0.096     3.021 r  CLK_IBUF_BUFG_inst/O
                         net (fo=70, routed)          1.567     4.589    CLK_IBUF_BUFG
    SLICE_X39Y46         FDCE (Prop_fdce_C_Q)         0.456     5.045 r  CPUCLK_reg/Q
                         net (fo=2, routed)           0.589     5.634    CPUCLK
    BUFGCTRL_X0Y0        BUFG (Prop_bufg_I_O)         0.096     5.730 r  CPUCLK_BUFG_inst/O
                         net (fo=8214, routed)        1.555     7.285    CPU/CM0/DCACHE/CPUCLK_BUFG
    SLICE_X46Y55         FDCE                                         r  CPU/CM0/DCACHE/m_setIdx_reg[0]_rep__0/C
  -------------------------------------------------------------------    -------------------
    SLICE_X46Y55         FDCE (Prop_fdce_C_Q)         0.518     7.803 r  CPU/CM0/DCACHE/m_setIdx_reg[0]_rep__0/Q
                         net (fo=107, routed)         1.229     9.033    CPU/CM0/DCACHE/m_setIdx_reg[0]_rep__0_n_0
    SLICE_X40Y51         LUT6 (Prop_lut6_I4_O)        0.124     9.157 r  CPU/CM0/DCACHE/addr[7]_i_28/O
                         net (fo=1, routed)           0.000     9.157    CPU/CM0/DCACHE/addr[7]_i_28_n_0
    SLICE_X40Y51         MUXF7 (Prop_muxf7_I0_O)      0.238     9.395 r  CPU/CM0/DCACHE/addr_reg[7]_i_20/O
                         net (fo=1, routed)           0.000     9.395    CPU/CM0/DCACHE/addr_reg[7]_i_20_n_0
    SLICE_X40Y51         MUXF8 (Prop_muxf8_I0_O)      0.104     9.499 r  CPU/CM0/DCACHE/addr_reg[7]_i_12/O
                         net (fo=1, routed)           0.645    10.144    CPU/CM0/DCACHE/addr_reg[7]_i_12_n_0
    SLICE_X40Y54         LUT6 (Prop_lut6_I3_O)        0.316    10.460 f  CPU/CM0/DCACHE/addr[7]_i_7/O
                         net (fo=1, routed)           0.728    11.188    CPU/CM0/DCACHE/addr[7]_i_7_n_0
    SLICE_X39Y56         LUT3 (Prop_lut3_I0_O)        0.124    11.312 r  CPU/CM0/DCACHE/addr[7]_i_5/O
                         net (fo=2, routed)           0.644    11.956    CPU/CC/addr_reg[7]_0
    SLICE_X38Y58         LUT6 (Prop_lut6_I3_O)        0.124    12.080 r  CPU/CC/addr[7]_i_3/O
                         net (fo=2, routed)           0.491    12.571    RAM/count3_carry__1_1[7]
    SLICE_X36Y58         LUT4 (Prop_lut4_I2_O)        0.124    12.695 r  RAM/count3_carry_i_8/O
                         net (fo=2, routed)           0.954    13.650    RAM/count3_carry_i_8_n_0
    SLICE_X35Y58         LUT5 (Prop_lut5_I3_O)        0.124    13.774 r  RAM/rstate3_carry_i_2/O
                         net (fo=1, routed)           0.000    13.774    RAM/rstate3_carry_i_2_n_0
    SLICE_X35Y58         CARRY4 (Prop_carry4_S[2]_CO[3])
                                                      0.398    14.172 r  RAM/rstate3_carry/CO[3]
                         net (fo=1, routed)           0.000    14.172    RAM/rstate3_carry_n_0
    SLICE_X35Y59         CARRY4 (Prop_carry4_CI_CO[3])
                                                      0.114    14.286 r  RAM/rstate3_carry__0/CO[3]
                         net (fo=1, routed)           0.000    14.286    RAM/rstate3_carry__0_n_0
    SLICE_X35Y60         CARRY4 (Prop_carry4_CI_CO[2])
                                                      0.228    14.514 f  RAM/rstate3_carry__1/CO[2]
                         net (fo=50, routed)          1.000    15.513    RAM/CO[0]
    SLICE_X35Y55         LUT5 (Prop_lut5_I3_O)        0.313    15.826 r  RAM/syif\\.load[0]_INST_0_i_1/O
                         net (fo=5, routed)           4.596    20.422    syif\\.load_OBUF[0]
    R12                  OBUF (Prop_obuf_I_O)         2.569    22.991 r  syif\\.load[0]_INST_0/O
                         net (fo=0)                   0.000    22.991    syif\\.load[0]
    R12                                                               r  syif\\.load[0] (OUT)
  -------------------------------------------------------------------    -------------------

Slack:                    inf
  Source:                 CPU/CM0/DCACHE/m_setIdx_reg[0]_rep__0/C
                            (rising edge-triggered cell FDCE clocked by CPUCLK  {rise@0.000ns fall@5.000ns period=10.000ns})
  Destination:            syif\\.load[10]
                            (output port)
  Path Group:             (none)
  Path Type:              Max at Slow Process Corner
  Data Path Delay:        15.657ns  (logic 5.448ns (34.798%)  route 10.209ns (65.202%))
  Logic Levels:           13  (CARRY4=3 LUT3=1 LUT4=1 LUT5=2 LUT6=3 MUXF7=1 MUXF8=1 OBUF=1)
  Clock Uncertainty:      0.025ns  ((TSJ^2 + TIJ^2)^1/2 + DJ) / 2 + PE
    Total System Jitter     (TSJ):    0.050ns
    Total Input Jitter      (TIJ):    0.000ns
    Discrete Jitter          (DJ):    0.000ns
    Phase Error              (PE):    0.000ns

    Location             Delay type                Incr(ns)  Path(ns)    Netlist Resource(s)
  -------------------------------------------------------------------    -------------------
                         (clock CPUCLK rise edge)     0.000     0.000 r  
    D18                                               0.000     0.000 r  CLK (IN)
                         net (fo=0)                   0.000     0.000    CLK
    D18                  IBUF (Prop_ibuf_I_O)         0.954     0.954 r  CLK_IBUF_inst/O
                         net (fo=1, routed)           1.972     2.925    CLK_IBUF
    BUFGCTRL_X0Y16       BUFG (Prop_bufg_I_O)         0.096     3.021 r  CLK_IBUF_BUFG_inst/O
                         net (fo=70, routed)          1.567     4.589    CLK_IBUF_BUFG
    SLICE_X39Y46         FDCE (Prop_fdce_C_Q)         0.456     5.045 r  CPUCLK_reg/Q
                         net (fo=2, routed)           0.589     5.634    CPUCLK
    BUFGCTRL_X0Y0        BUFG (Prop_bufg_I_O)         0.096     5.730 r  CPUCLK_BUFG_inst/O
                         net (fo=8214, routed)        1.555     7.285    CPU/CM0/DCACHE/CPUCLK_BUFG
    SLICE_X46Y55         FDCE                                         r  CPU/CM0/DCACHE/m_setIdx_reg[0]_rep__0/C
  -------------------------------------------------------------------    -------------------
    SLICE_X46Y55         FDCE (Prop_fdce_C_Q)         0.518     7.803 r  CPU/CM0/DCACHE/m_setIdx_reg[0]_rep__0/Q
                         net (fo=107, routed)         1.229     9.033    CPU/CM0/DCACHE/m_setIdx_reg[0]_rep__0_n_0
    SLICE_X40Y51         LUT6 (Prop_lut6_I4_O)        0.124     9.157 r  CPU/CM0/DCACHE/addr[7]_i_28/O
                         net (fo=1, routed)           0.000     9.157    CPU/CM0/DCACHE/addr[7]_i_28_n_0
    SLICE_X40Y51         MUXF7 (Prop_muxf7_I0_O)      0.238     9.395 r  CPU/CM0/DCACHE/addr_reg[7]_i_20/O
                         net (fo=1, routed)           0.000     9.395    CPU/CM0/DCACHE/addr_reg[7]_i_20_n_0
    SLICE_X40Y51         MUXF8 (Prop_muxf8_I0_O)      0.104     9.499 r  CPU/CM0/DCACHE/addr_reg[7]_i_12/O
                         net (fo=1, routed)           0.645    10.144    CPU/CM0/DCACHE/addr_reg[7]_i_12_n_0
    SLICE_X40Y54         LUT6 (Prop_lut6_I3_O)        0.316    10.460 f  CPU/CM0/DCACHE/addr[7]_i_7/O
                         net (fo=1, routed)           0.728    11.188    CPU/CM0/DCACHE/addr[7]_i_7_n_0
    SLICE_X39Y56         LUT3 (Prop_lut3_I0_O)        0.124    11.312 r  CPU/CM0/DCACHE/addr[7]_i_5/O
                         net (fo=2, routed)           0.644    11.956    CPU/CC/addr_reg[7]_0
    SLICE_X38Y58         LUT6 (Prop_lut6_I3_O)        0.124    12.080 r  CPU/CC/addr[7]_i_3/O
                         net (fo=2, routed)           0.491    12.571    RAM/count3_carry__1_1[7]
    SLICE_X36Y58         LUT4 (Prop_lut4_I2_O)        0.124    12.695 r  RAM/count3_carry_i_8/O
                         net (fo=2, routed)           0.954    13.650    RAM/count3_carry_i_8_n_0
    SLICE_X35Y58         LUT5 (Prop_lut5_I3_O)        0.124    13.774 r  RAM/rstate3_carry_i_2/O
                         net (fo=1, routed)           0.000    13.774    RAM/rstate3_carry_i_2_n_0
    SLICE_X35Y58         CARRY4 (Prop_carry4_S[2]_CO[3])
                                                      0.398    14.172 r  RAM/rstate3_carry/CO[3]
                         net (fo=1, routed)           0.000    14.172    RAM/rstate3_carry_n_0
    SLICE_X35Y59         CARRY4 (Prop_carry4_CI_CO[3])
                                                      0.114    14.286 r  RAM/rstate3_carry__0/CO[3]
                         net (fo=1, routed)           0.000    14.286    RAM/rstate3_carry__0_n_0
    SLICE_X35Y60         CARRY4 (Prop_carry4_CI_CO[2])
                                                      0.228    14.514 r  RAM/rstate3_carry__1/CO[2]
                         net (fo=50, routed)          1.493    16.007    RAM/CO[0]
    SLICE_X9Y70          LUT5 (Prop_lut5_I3_O)        0.313    16.320 r  RAM/syif\\.load[10]_INST_0_i_1/O
                         net (fo=5, routed)           4.023    20.343    syif\\.load_OBUF[10]
    V14                  OBUF (Prop_obuf_I_O)         2.599    22.942 r  syif\\.load[10]_INST_0/O
                         net (fo=0)                   0.000    22.942    syif\\.load[10]
    V14                                                               r  syif\\.load[10] (OUT)
  -------------------------------------------------------------------    -------------------





Min Delay Paths
--------------------------------------------------------------------------------------
Slack:                    inf
  Source:                 CPU/CM1/DCACHE/state_reg[0]/C
                            (rising edge-triggered cell FDCE clocked by CPUCLK  {rise@0.000ns fall@5.000ns period=10.000ns})
  Destination:            CPU/CM1/DCACHE/snoop_stateReg_reg[0]/D
  Path Group:             (none)
  Path Type:              Min at Fast Process Corner
  Data Path Delay:        0.866ns  (logic 0.141ns (16.290%)  route 0.725ns (83.710%))
  Logic Levels:           0  
  Clock Uncertainty:      0.025ns  ((TSJ^2 + TIJ^2)^1/2 + DJ) / 2 + PE
    Total System Jitter     (TSJ):    0.050ns
    Total Input Jitter      (TIJ):    0.000ns
    Discrete Jitter          (DJ):    0.000ns
    Phase Error              (PE):    0.000ns

    Location             Delay type                Incr(ns)  Path(ns)    Netlist Resource(s)
  -------------------------------------------------------------------    -------------------
                         (clock CPUCLK rise edge)     0.000     0.000 r  
    D18                                               0.000     0.000 r  CLK (IN)
                         net (fo=0)                   0.000     0.000    CLK
    D18                  IBUF (Prop_ibuf_I_O)         0.183     0.183 r  CLK_IBUF_inst/O
                         net (fo=1, routed)           0.634     0.817    CLK_IBUF
    BUFGCTRL_X0Y16       BUFG (Prop_bufg_I_O)         0.026     0.843 r  CLK_IBUF_BUFG_inst/O
                         net (fo=70, routed)          0.565     1.408    CLK_IBUF_BUFG
    SLICE_X39Y46         FDCE (Prop_fdce_C_Q)         0.141     1.549 r  CPUCLK_reg/Q
                         net (fo=2, routed)           0.234     1.783    CPUCLK
    BUFGCTRL_X0Y0        BUFG (Prop_bufg_I_O)         0.026     1.809 r  CPUCLK_BUFG_inst/O
                         net (fo=8214, routed)        0.557     2.366    CPU/CM1/DCACHE/CPUCLK_BUFG
    SLICE_X41Y64         FDCE                                         r  CPU/CM1/DCACHE/state_reg[0]/C
  -------------------------------------------------------------------    -------------------
    SLICE_X41Y64         FDCE (Prop_fdce_C_Q)         0.141     2.507 r  CPU/CM1/DCACHE/state_reg[0]/Q
                         net (fo=108, routed)         0.725     3.231    CPU/CM1/DCACHE/state[0]
    SLICE_X56Y73         LDCE                                         r  CPU/CM1/DCACHE/snoop_stateReg_reg[0]/D
  -------------------------------------------------------------------    -------------------

Slack:                    inf
  Source:                 CPU/CM1/DCACHE/state_reg[2]/C
                            (rising edge-triggered cell FDCE clocked by CPUCLK  {rise@0.000ns fall@5.000ns period=10.000ns})
  Destination:            CPU/CM1/DCACHE/snoop_stateReg_reg[2]/D
  Path Group:             (none)
  Path Type:              Min at Fast Process Corner
  Data Path Delay:        1.283ns  (logic 0.141ns (10.993%)  route 1.142ns (89.007%))
  Logic Levels:           0  
  Clock Uncertainty:      0.025ns  ((TSJ^2 + TIJ^2)^1/2 + DJ) / 2 + PE
    Total System Jitter     (TSJ):    0.050ns
    Total Input Jitter      (TIJ):    0.000ns
    Discrete Jitter          (DJ):    0.000ns
    Phase Error              (PE):    0.000ns

    Location             Delay type                Incr(ns)  Path(ns)    Netlist Resource(s)
  -------------------------------------------------------------------    -------------------
                         (clock CPUCLK rise edge)     0.000     0.000 r  
    D18                                               0.000     0.000 r  CLK (IN)
                         net (fo=0)                   0.000     0.000    CLK
    D18                  IBUF (Prop_ibuf_I_O)         0.183     0.183 r  CLK_IBUF_inst/O
                         net (fo=1, routed)           0.634     0.817    CLK_IBUF
    BUFGCTRL_X0Y16       BUFG (Prop_bufg_I_O)         0.026     0.843 r  CLK_IBUF_BUFG_inst/O
                         net (fo=70, routed)          0.565     1.408    CLK_IBUF_BUFG
    SLICE_X39Y46         FDCE (Prop_fdce_C_Q)         0.141     1.549 r  CPUCLK_reg/Q
                         net (fo=2, routed)           0.234     1.783    CPUCLK
    BUFGCTRL_X0Y0        BUFG (Prop_bufg_I_O)         0.026     1.809 r  CPUCLK_BUFG_inst/O
                         net (fo=8214, routed)        0.558     2.367    CPU/CM1/DCACHE/CPUCLK_BUFG
    SLICE_X43Y62         FDCE                                         r  CPU/CM1/DCACHE/state_reg[2]/C
  -------------------------------------------------------------------    -------------------
    SLICE_X43Y62         FDCE (Prop_fdce_C_Q)         0.141     2.508 r  CPU/CM1/DCACHE/state_reg[2]/Q
                         net (fo=183, routed)         1.142     3.649    CPU/CM1/DCACHE/state[2]
    SLICE_X58Y73         LDCE                                         r  CPU/CM1/DCACHE/snoop_stateReg_reg[2]/D
  -------------------------------------------------------------------    -------------------

Slack:                    inf
  Source:                 CPU/CM1/DCACHE/state_reg[1]/C
                            (rising edge-triggered cell FDCE clocked by CPUCLK  {rise@0.000ns fall@5.000ns period=10.000ns})
  Destination:            CPU/CM1/DCACHE/snoop_stateReg_reg[1]/D
  Path Group:             (none)
  Path Type:              Min at Fast Process Corner
  Data Path Delay:        1.338ns  (logic 0.141ns (10.535%)  route 1.197ns (89.465%))
  Logic Levels:           0  
  Clock Uncertainty:      0.025ns  ((TSJ^2 + TIJ^2)^1/2 + DJ) / 2 + PE
    Total System Jitter     (TSJ):    0.050ns
    Total Input Jitter      (TIJ):    0.000ns
    Discrete Jitter          (DJ):    0.000ns
    Phase Error              (PE):    0.000ns

    Location             Delay type                Incr(ns)  Path(ns)    Netlist Resource(s)
  -------------------------------------------------------------------    -------------------
                         (clock CPUCLK rise edge)     0.000     0.000 r  
    D18                                               0.000     0.000 r  CLK (IN)
                         net (fo=0)                   0.000     0.000    CLK
    D18                  IBUF (Prop_ibuf_I_O)         0.183     0.183 r  CLK_IBUF_inst/O
                         net (fo=1, routed)           0.634     0.817    CLK_IBUF
    BUFGCTRL_X0Y16       BUFG (Prop_bufg_I_O)         0.026     0.843 r  CLK_IBUF_BUFG_inst/O
                         net (fo=70, routed)          0.565     1.408    CLK_IBUF_BUFG
    SLICE_X39Y46         FDCE (Prop_fdce_C_Q)         0.141     1.549 r  CPUCLK_reg/Q
                         net (fo=2, routed)           0.234     1.783    CPUCLK
    BUFGCTRL_X0Y0        BUFG (Prop_bufg_I_O)         0.026     1.809 r  CPUCLK_BUFG_inst/O
                         net (fo=8214, routed)        0.558     2.367    CPU/CM1/DCACHE/CPUCLK_BUFG
    SLICE_X43Y62         FDCE                                         r  CPU/CM1/DCACHE/state_reg[1]/C
  -------------------------------------------------------------------    -------------------
    SLICE_X43Y62         FDCE (Prop_fdce_C_Q)         0.141     2.508 r  CPU/CM1/DCACHE/state_reg[1]/Q
                         net (fo=111, routed)         1.197     3.705    CPU/CM1/DCACHE/state_reg[1]_0[0]
    SLICE_X58Y73         LDCE                                         r  CPU/CM1/DCACHE/snoop_stateReg_reg[1]/D
  -------------------------------------------------------------------    -------------------

Slack:                    inf
  Source:                 CPU/CM0/DCACHE/state_reg[0]/C
                            (rising edge-triggered cell FDCE clocked by CPUCLK  {rise@0.000ns fall@5.000ns period=10.000ns})
  Destination:            CPU/CM0/DCACHE/snoop_stateReg_reg[0]/D
  Path Group:             (none)
  Path Type:              Min at Fast Process Corner
  Data Path Delay:        1.563ns  (logic 0.141ns (9.019%)  route 1.422ns (90.981%))
  Logic Levels:           0  
  Clock Uncertainty:      0.025ns  ((TSJ^2 + TIJ^2)^1/2 + DJ) / 2 + PE
    Total System Jitter     (TSJ):    0.050ns
    Total Input Jitter      (TIJ):    0.000ns
    Discrete Jitter          (DJ):    0.000ns
    Phase Error              (PE):    0.000ns

    Location             Delay type                Incr(ns)  Path(ns)    Netlist Resource(s)
  -------------------------------------------------------------------    -------------------
                         (clock CPUCLK rise edge)     0.000     0.000 r  
    D18                                               0.000     0.000 r  CLK (IN)
                         net (fo=0)                   0.000     0.000    CLK
    D18                  IBUF (Prop_ibuf_I_O)         0.183     0.183 r  CLK_IBUF_inst/O
                         net (fo=1, routed)           0.634     0.817    CLK_IBUF
    BUFGCTRL_X0Y16       BUFG (Prop_bufg_I_O)         0.026     0.843 r  CLK_IBUF_BUFG_inst/O
                         net (fo=70, routed)          0.565     1.408    CLK_IBUF_BUFG
    SLICE_X39Y46         FDCE (Prop_fdce_C_Q)         0.141     1.549 r  CPUCLK_reg/Q
                         net (fo=2, routed)           0.234     1.783    CPUCLK
    BUFGCTRL_X0Y0        BUFG (Prop_bufg_I_O)         0.026     1.809 r  CPUCLK_BUFG_inst/O
                         net (fo=8214, routed)        0.561     2.370    CPU/CM0/DCACHE/CPUCLK_BUFG
    SLICE_X43Y56         FDCE                                         r  CPU/CM0/DCACHE/state_reg[0]/C
  -------------------------------------------------------------------    -------------------
    SLICE_X43Y56         FDCE (Prop_fdce_C_Q)         0.141     2.511 r  CPU/CM0/DCACHE/state_reg[0]/Q
                         net (fo=127, routed)         1.422     3.933    CPU/CM0/DCACHE/state_reg[3]_0[0]
    SLICE_X60Y56         LDCE                                         r  CPU/CM0/DCACHE/snoop_stateReg_reg[0]/D
  -------------------------------------------------------------------    -------------------

Slack:                    inf
  Source:                 CPU/CM0/DCACHE/state_reg[1]/C
                            (rising edge-triggered cell FDCE clocked by CPUCLK  {rise@0.000ns fall@5.000ns period=10.000ns})
  Destination:            CPU/CM0/DCACHE/snoop_stateReg_reg[1]/D
  Path Group:             (none)
  Path Type:              Min at Fast Process Corner
  Data Path Delay:        1.565ns  (logic 0.164ns (10.481%)  route 1.401ns (89.519%))
  Logic Levels:           0  
  Clock Uncertainty:      0.025ns  ((TSJ^2 + TIJ^2)^1/2 + DJ) / 2 + PE
    Total System Jitter     (TSJ):    0.050ns
    Total Input Jitter      (TIJ):    0.000ns
    Discrete Jitter          (DJ):    0.000ns
    Phase Error              (PE):    0.000ns

    Location             Delay type                Incr(ns)  Path(ns)    Netlist Resource(s)
  -------------------------------------------------------------------    -------------------
                         (clock CPUCLK rise edge)     0.000     0.000 r  
    D18                                               0.000     0.000 r  CLK (IN)
                         net (fo=0)                   0.000     0.000    CLK
    D18                  IBUF (Prop_ibuf_I_O)         0.183     0.183 r  CLK_IBUF_inst/O
                         net (fo=1, routed)           0.634     0.817    CLK_IBUF
    BUFGCTRL_X0Y16       BUFG (Prop_bufg_I_O)         0.026     0.843 r  CLK_IBUF_BUFG_inst/O
                         net (fo=70, routed)          0.565     1.408    CLK_IBUF_BUFG
    SLICE_X39Y46         FDCE (Prop_fdce_C_Q)         0.141     1.549 r  CPUCLK_reg/Q
                         net (fo=2, routed)           0.234     1.783    CPUCLK
    BUFGCTRL_X0Y0        BUFG (Prop_bufg_I_O)         0.026     1.809 r  CPUCLK_BUFG_inst/O
                         net (fo=8214, routed)        0.560     2.369    CPU/CM0/DCACHE/CPUCLK_BUFG
    SLICE_X42Y57         FDCE                                         r  CPU/CM0/DCACHE/state_reg[1]/C
  -------------------------------------------------------------------    -------------------
    SLICE_X42Y57         FDCE (Prop_fdce_C_Q)         0.164     2.533 r  CPU/CM0/DCACHE/state_reg[1]/Q
                         net (fo=132, routed)         1.401     3.933    CPU/CM0/DCACHE/state_reg[3]_0[1]
    SLICE_X60Y56         LDCE                                         r  CPU/CM0/DCACHE/snoop_stateReg_reg[1]/D
  -------------------------------------------------------------------    -------------------

Slack:                    inf
  Source:                 CPU/CM0/DCACHE/state_reg[2]/C
                            (rising edge-triggered cell FDCE clocked by CPUCLK  {rise@0.000ns fall@5.000ns period=10.000ns})
  Destination:            CPU/CM0/DCACHE/snoop_stateReg_reg[2]/D
  Path Group:             (none)
  Path Type:              Min at Fast Process Corner
  Data Path Delay:        1.607ns  (logic 0.141ns (8.776%)  route 1.466ns (91.224%))
  Logic Levels:           0  
  Clock Uncertainty:      0.025ns  ((TSJ^2 + TIJ^2)^1/2 + DJ) / 2 + PE
    Total System Jitter     (TSJ):    0.050ns
    Total Input Jitter      (TIJ):    0.000ns
    Discrete Jitter          (DJ):    0.000ns
    Phase Error              (PE):    0.000ns

    Location             Delay type                Incr(ns)  Path(ns)    Netlist Resource(s)
  -------------------------------------------------------------------    -------------------
                         (clock CPUCLK rise edge)     0.000     0.000 r  
    D18                                               0.000     0.000 r  CLK (IN)
                         net (fo=0)                   0.000     0.000    CLK
    D18                  IBUF (Prop_ibuf_I_O)         0.183     0.183 r  CLK_IBUF_inst/O
                         net (fo=1, routed)           0.634     0.817    CLK_IBUF
    BUFGCTRL_X0Y16       BUFG (Prop_bufg_I_O)         0.026     0.843 r  CLK_IBUF_BUFG_inst/O
                         net (fo=70, routed)          0.565     1.408    CLK_IBUF_BUFG
    SLICE_X39Y46         FDCE (Prop_fdce_C_Q)         0.141     1.549 r  CPUCLK_reg/Q
                         net (fo=2, routed)           0.234     1.783    CPUCLK
    BUFGCTRL_X0Y0        BUFG (Prop_bufg_I_O)         0.026     1.809 r  CPUCLK_BUFG_inst/O
                         net (fo=8214, routed)        0.561     2.370    CPU/CM0/DCACHE/CPUCLK_BUFG
    SLICE_X47Y58         FDCE                                         r  CPU/CM0/DCACHE/state_reg[2]/C
  -------------------------------------------------------------------    -------------------
    SLICE_X47Y58         FDCE (Prop_fdce_C_Q)         0.141     2.511 r  CPU/CM0/DCACHE/state_reg[2]/Q
                         net (fo=156, routed)         1.466     3.976    CPU/CM0/DCACHE/state_reg[3]_0[2]
    SLICE_X60Y56         LDCE                                         r  CPU/CM0/DCACHE/snoop_stateReg_reg[2]/D
  -------------------------------------------------------------------    -------------------

Slack:                    inf
  Source:                 CPU/CM1/DCACHE/state_reg[3]/C
                            (rising edge-triggered cell FDCE clocked by CPUCLK  {rise@0.000ns fall@5.000ns period=10.000ns})
  Destination:            syif\\.halt
                            (output port)
  Path Group:             (none)
  Path Type:              Min at Fast Process Corner
  Data Path Delay:        3.143ns  (logic 1.339ns (42.612%)  route 1.803ns (57.388%))
  Logic Levels:           2  (LUT5=1 OBUF=1)
  Clock Uncertainty:      0.025ns  ((TSJ^2 + TIJ^2)^1/2 + DJ) / 2 + PE
    Total System Jitter     (TSJ):    0.050ns
    Total Input Jitter      (TIJ):    0.000ns
    Discrete Jitter          (DJ):    0.000ns
    Phase Error              (PE):    0.000ns

    Location             Delay type                Incr(ns)  Path(ns)    Netlist Resource(s)
  -------------------------------------------------------------------    -------------------
                         (clock CPUCLK rise edge)     0.000     0.000 r  
    D18                                               0.000     0.000 r  CLK (IN)
                         net (fo=0)                   0.000     0.000    CLK
    D18                  IBUF (Prop_ibuf_I_O)         0.183     0.183 r  CLK_IBUF_inst/O
                         net (fo=1, routed)           0.634     0.817    CLK_IBUF
    BUFGCTRL_X0Y16       BUFG (Prop_bufg_I_O)         0.026     0.843 r  CLK_IBUF_BUFG_inst/O
                         net (fo=70, routed)          0.565     1.408    CLK_IBUF_BUFG
    SLICE_X39Y46         FDCE (Prop_fdce_C_Q)         0.141     1.549 r  CPUCLK_reg/Q
                         net (fo=2, routed)           0.234     1.783    CPUCLK
    BUFGCTRL_X0Y0        BUFG (Prop_bufg_I_O)         0.026     1.809 r  CPUCLK_BUFG_inst/O
                         net (fo=8214, routed)        0.558     2.367    CPU/CM1/DCACHE/CPUCLK_BUFG
    SLICE_X43Y62         FDCE                                         r  CPU/CM1/DCACHE/state_reg[3]/C
  -------------------------------------------------------------------    -------------------
    SLICE_X43Y62         FDCE (Prop_fdce_C_Q)         0.141     2.508 r  CPU/CM1/DCACHE/state_reg[3]/Q
                         net (fo=127, routed)         0.721     3.229    CPU/CM1/DCACHE/state[3]
    SLICE_X29Y61         LUT5 (Prop_lut5_I4_O)        0.045     3.274 r  CPU/CM1/DCACHE/syif\\.halt_INST_0_i_1/O
                         net (fo=1, routed)           1.083     4.356    CPU_n_1
    A13                  OBUF (Prop_obuf_I_O)         1.153     5.509 r  syif\\.halt_INST_0/O
                         net (fo=0)                   0.000     5.509    syif\\.halt
    A13                                                               r  syif\\.halt (OUT)
  -------------------------------------------------------------------    -------------------

Slack:                    inf
  Source:                 CPU/CC/lru_reg/C
                            (rising edge-triggered cell FDCE clocked by CPUCLK  {rise@0.000ns fall@5.000ns period=10.000ns})
  Destination:            syif\\.load[26]
                            (output port)
  Path Group:             (none)
  Path Type:              Min at Fast Process Corner
  Data Path Delay:        3.774ns  (logic 1.600ns (42.406%)  route 2.174ns (57.594%))
  Logic Levels:           5  (CARRY4=1 LUT5=2 LUT6=1 OBUF=1)
  Clock Uncertainty:      0.025ns  ((TSJ^2 + TIJ^2)^1/2 + DJ) / 2 + PE
    Total System Jitter     (TSJ):    0.050ns
    Total Input Jitter      (TIJ):    0.000ns
    Discrete Jitter          (DJ):    0.000ns
    Phase Error              (PE):    0.000ns

    Location             Delay type                Incr(ns)  Path(ns)    Netlist Resource(s)
  -------------------------------------------------------------------    -------------------
                         (clock CPUCLK rise edge)     0.000     0.000 r  
    D18                                               0.000     0.000 r  CLK (IN)
                         net (fo=0)                   0.000     0.000    CLK
    D18                  IBUF (Prop_ibuf_I_O)         0.183     0.183 r  CLK_IBUF_inst/O
                         net (fo=1, routed)           0.634     0.817    CLK_IBUF
    BUFGCTRL_X0Y16       BUFG (Prop_bufg_I_O)         0.026     0.843 r  CLK_IBUF_BUFG_inst/O
                         net (fo=70, routed)          0.565     1.408    CLK_IBUF_BUFG
    SLICE_X39Y46         FDCE (Prop_fdce_C_Q)         0.141     1.549 r  CPUCLK_reg/Q
                         net (fo=2, routed)           0.234     1.783    CPUCLK
    BUFGCTRL_X0Y0        BUFG (Prop_bufg_I_O)         0.026     1.809 r  CPUCLK_BUFG_inst/O
                         net (fo=8214, routed)        0.559     2.368    CPU/CC/CPUCLK_BUFG
    SLICE_X36Y61         FDCE                                         r  CPU/CC/lru_reg/C
  -------------------------------------------------------------------    -------------------
    SLICE_X36Y61         FDCE (Prop_fdce_C_Q)         0.141     2.509 r  CPU/CC/lru_reg/Q
                         net (fo=371, routed)         0.383     2.892    CPU/CC/lru
    SLICE_X39Y61         LUT5 (Prop_lut5_I4_O)        0.045     2.937 r  CPU/CC/addr[24]_i_3/O
                         net (fo=3, routed)           0.266     3.203    RAM/count3_carry__1_1[18]
    SLICE_X35Y60         LUT6 (Prop_lut6_I5_O)        0.045     3.248 r  RAM/rstate3_carry__1_i_3/O
                         net (fo=1, routed)           0.000     3.248    RAM/rstate3_carry__1_i_3_n_0
    SLICE_X35Y60         CARRY4 (Prop_carry4_S[0]_CO[2])
                                                      0.154     3.402 r  RAM/rstate3_carry__1/CO[2]
                         net (fo=50, routed)          0.498     3.900    RAM/CO[0]
    SLICE_X38Y50         LUT5 (Prop_lut5_I3_O)        0.110     4.010 r  RAM/syif\\.load[26]_INST_0_i_1/O
                         net (fo=5, routed)           1.026     5.036    syif\\.load_OBUF[26]
    N15                  OBUF (Prop_obuf_I_O)         1.105     6.142 r  syif\\.load[26]_INST_0/O
                         net (fo=0)                   0.000     6.142    syif\\.load[26]
    N15                                                               r  syif\\.load[26] (OUT)
  -------------------------------------------------------------------    -------------------

Slack:                    inf
  Source:                 CPU/CC/FSM_sequential_curr_state_reg[3]/C
                            (rising edge-triggered cell FDCE clocked by CPUCLK  {rise@0.000ns fall@5.000ns period=10.000ns})
  Destination:            syif\\.load[23]
                            (output port)
  Path Group:             (none)
  Path Type:              Min at Fast Process Corner
  Data Path Delay:        3.840ns  (logic 1.508ns (39.285%)  route 2.331ns (60.715%))
  Logic Levels:           5  (LUT4=1 LUT5=1 LUT6=1 MUXF7=1 OBUF=1)
  Clock Uncertainty:      0.025ns  ((TSJ^2 + TIJ^2)^1/2 + DJ) / 2 + PE
    Total System Jitter     (TSJ):    0.050ns
    Total Input Jitter      (TIJ):    0.000ns
    Discrete Jitter          (DJ):    0.000ns
    Phase Error              (PE):    0.000ns

    Location             Delay type                Incr(ns)  Path(ns)    Netlist Resource(s)
  -------------------------------------------------------------------    -------------------
                         (clock CPUCLK rise edge)     0.000     0.000 r  
    D18                                               0.000     0.000 r  CLK (IN)
                         net (fo=0)                   0.000     0.000    CLK
    D18                  IBUF (Prop_ibuf_I_O)         0.183     0.183 r  CLK_IBUF_inst/O
                         net (fo=1, routed)           0.634     0.817    CLK_IBUF
    BUFGCTRL_X0Y16       BUFG (Prop_bufg_I_O)         0.026     0.843 r  CLK_IBUF_BUFG_inst/O
                         net (fo=70, routed)          0.565     1.408    CLK_IBUF_BUFG
    SLICE_X39Y46         FDCE (Prop_fdce_C_Q)         0.141     1.549 r  CPUCLK_reg/Q
                         net (fo=2, routed)           0.234     1.783    CPUCLK
    BUFGCTRL_X0Y0        BUFG (Prop_bufg_I_O)         0.026     1.809 r  CPUCLK_BUFG_inst/O
                         net (fo=8214, routed)        0.558     2.367    CPU/CC/CPUCLK_BUFG
    SLICE_X36Y62         FDCE                                         r  CPU/CC/FSM_sequential_curr_state_reg[3]/C
  -------------------------------------------------------------------    -------------------
    SLICE_X36Y62         FDCE (Prop_fdce_C_Q)         0.141     2.508 r  CPU/CC/FSM_sequential_curr_state_reg[3]/Q
                         net (fo=138, routed)         0.466     2.974    CPU/CC/curr_state[3]
    SLICE_X40Y64         LUT4 (Prop_lut4_I0_O)        0.045     3.019 r  CPU/CC/en[0]_i_3/O
                         net (fo=9, routed)           0.195     3.214    CPU/CC/prif\\.memWEN
    SLICE_X37Y64         LUT6 (Prop_lut6_I1_O)        0.045     3.259 r  CPU/CC/syif\\.load[31]_INST_0_i_3/O
                         net (fo=1, routed)           0.000     3.259    CPU/CC/syif\\.load[31]_INST_0_i_3_n_0
    SLICE_X37Y64         MUXF7 (Prop_muxf7_I0_O)      0.062     3.321 r  CPU/CC/syif\\.load[31]_INST_0_i_2/O
                         net (fo=21, routed)          0.515     3.836    RAM/count_reg[1]_1
    SLICE_X29Y59         LUT5 (Prop_lut5_I2_O)        0.108     3.944 r  RAM/syif\\.load[23]_INST_0_i_1/O
                         net (fo=5, routed)           1.155     5.099    syif\\.load_OBUF[23]
    T14                  OBUF (Prop_obuf_I_O)         1.107     6.206 r  syif\\.load[23]_INST_0/O
                         net (fo=0)                   0.000     6.206    syif\\.load[23]
    T14                                                               r  syif\\.load[23] (OUT)
  -------------------------------------------------------------------    -------------------

Slack:                    inf
  Source:                 CPU/CC/FSM_sequential_curr_state_reg[3]/C
                            (rising edge-triggered cell FDCE clocked by CPUCLK  {rise@0.000ns fall@5.000ns period=10.000ns})
  Destination:            syif\\.load[16]
                            (output port)
  Path Group:             (none)
  Path Type:              Min at Fast Process Corner
  Data Path Delay:        3.865ns  (logic 1.504ns (38.920%)  route 2.361ns (61.080%))
  Logic Levels:           5  (LUT4=1 LUT5=1 LUT6=1 MUXF7=1 OBUF=1)
  Clock Uncertainty:      0.025ns  ((TSJ^2 + TIJ^2)^1/2 + DJ) / 2 + PE
    Total System Jitter     (TSJ):    0.050ns
    Total Input Jitter      (TIJ):    0.000ns
    Discrete Jitter          (DJ):    0.000ns
    Phase Error              (PE):    0.000ns

    Location             Delay type                Incr(ns)  Path(ns)    Netlist Resource(s)
  -------------------------------------------------------------------    -------------------
                         (clock CPUCLK rise edge)     0.000     0.000 r  
    D18                                               0.000     0.000 r  CLK (IN)
                         net (fo=0)                   0.000     0.000    CLK
    D18                  IBUF (Prop_ibuf_I_O)         0.183     0.183 r  CLK_IBUF_inst/O
                         net (fo=1, routed)           0.634     0.817    CLK_IBUF
    BUFGCTRL_X0Y16       BUFG (Prop_bufg_I_O)         0.026     0.843 r  CLK_IBUF_BUFG_inst/O
                         net (fo=70, routed)          0.565     1.408    CLK_IBUF_BUFG
    SLICE_X39Y46         FDCE (Prop_fdce_C_Q)         0.141     1.549 r  CPUCLK_reg/Q
                         net (fo=2, routed)           0.234     1.783    CPUCLK
    BUFGCTRL_X0Y0        BUFG (Prop_bufg_I_O)         0.026     1.809 r  CPUCLK_BUFG_inst/O
                         net (fo=8214, routed)        0.558     2.367    CPU/CC/CPUCLK_BUFG
    SLICE_X36Y62         FDCE                                         r  CPU/CC/FSM_sequential_curr_state_reg[3]/C
  -------------------------------------------------------------------    -------------------
    SLICE_X36Y62         FDCE (Prop_fdce_C_Q)         0.141     2.508 r  CPU/CC/FSM_sequential_curr_state_reg[3]/Q
                         net (fo=138, routed)         0.466     2.974    CPU/CC/curr_state[3]
    SLICE_X40Y64         LUT4 (Prop_lut4_I0_O)        0.045     3.019 r  CPU/CC/en[0]_i_3/O
                         net (fo=9, routed)           0.195     3.214    CPU/CC/prif\\.memWEN
    SLICE_X37Y64         LUT6 (Prop_lut6_I1_O)        0.045     3.259 r  CPU/CC/syif\\.load[31]_INST_0_i_3/O
                         net (fo=1, routed)           0.000     3.259    CPU/CC/syif\\.load[31]_INST_0_i_3_n_0
    SLICE_X37Y64         MUXF7 (Prop_muxf7_I0_O)      0.062     3.321 r  CPU/CC/syif\\.load[31]_INST_0_i_2/O
                         net (fo=21, routed)          0.413     3.733    RAM/count_reg[1]_1
    SLICE_X34Y64         LUT5 (Prop_lut5_I2_O)        0.108     3.841 r  RAM/syif\\.load[16]_INST_0_i_1/O
                         net (fo=5, routed)           1.287     5.129    syif\\.load_OBUF[16]
    R15                  OBUF (Prop_obuf_I_O)         1.103     6.232 r  syif\\.load[16]_INST_0/O
                         net (fo=0)                   0.000     6.232    syif\\.load[16]
    R15                                                               r  syif\\.load[16] (OUT)
  -------------------------------------------------------------------    -------------------





--------------------------------------------------------------------------------------
Path Group:  (none)
From Clock:  MAIN
  To Clock:  

Max Delay            64 Endpoints
Min Delay            64 Endpoints
--------------------------------------------------------------------------------------


Max Delay Paths
--------------------------------------------------------------------------------------
Slack:                    inf
  Source:                 RAM/addr_reg[17]/C
                            (rising edge-triggered cell FDCE clocked by MAIN  {rise@0.000ns fall@2.500ns period=5.000ns})
  Destination:            syif\\.load[2]
                            (output port)
  Path Group:             (none)
  Path Type:              Max at Slow Process Corner
  Data Path Delay:        13.077ns  (logic 4.513ns (34.508%)  route 8.564ns (65.492%))
  Logic Levels:           7  (CARRY4=2 LUT5=1 LUT6=3 OBUF=1)
  Clock Uncertainty:      0.025ns  ((TSJ^2 + TIJ^2)^1/2 + DJ) / 2 + PE
    Total System Jitter     (TSJ):    0.050ns
    Total Input Jitter      (TIJ):    0.000ns
    Discrete Jitter          (DJ):    0.000ns
    Phase Error              (PE):    0.000ns

    Location             Delay type                Incr(ns)  Path(ns)    Netlist Resource(s)
  -------------------------------------------------------------------    -------------------
                         (clock MAIN rise edge)       0.000     0.000 r  
    D18                                               0.000     0.000 r  CLK (IN)
                         net (fo=0)                   0.000     0.000    CLK
    D18                  IBUF (Prop_ibuf_I_O)         0.954     0.954 r  CLK_IBUF_inst/O
                         net (fo=1, routed)           1.972     2.925    CLK_IBUF
    BUFGCTRL_X0Y16       BUFG (Prop_bufg_I_O)         0.096     3.021 r  CLK_IBUF_BUFG_inst/O
                         net (fo=70, routed)          1.547     4.568    RAM/CLK
    SLICE_X35Y61         FDCE                                         r  RAM/addr_reg[17]/C
  -------------------------------------------------------------------    -------------------
    SLICE_X35Y61         FDCE (Prop_fdce_C_Q)         0.456     5.024 r  RAM/addr_reg[17]/Q
                         net (fo=2, routed)           0.662     5.686    RAM/Q[1]
    SLICE_X36Y61         LUT6 (Prop_lut6_I2_O)        0.124     5.810 r  RAM/count3_carry__0_i_9/O
                         net (fo=2, routed)           1.120     6.930    CPU/CC/count3_carry__0_i_9_n_0_alias
    SLICE_X28Y55         LUT6 (Prop_lut6_I1_O)        0.124     7.054 r  CPU/CC/addr[15]_i_3_comp_1/O
                         net (fo=1, routed)           0.770     7.824    RAM/lru_reg_4[15]_repN_alias
    SLICE_X35Y59         LUT6 (Prop_lut6_I5_O)        0.124     7.948 r  RAM/rstate3_carry__0_i_3_comp/O
                         net (fo=1, routed)           0.000     7.948    RAM/rstate3_carry__0_i_3_n_0
    SLICE_X35Y59         CARRY4 (Prop_carry4_S[1]_CO[3])
                                                      0.550     8.498 r  RAM/rstate3_carry__0/CO[3]
                         net (fo=1, routed)           0.000     8.498    RAM/rstate3_carry__0_n_0
    SLICE_X35Y60         CARRY4 (Prop_carry4_CI_CO[2])
                                                      0.228     8.726 r  RAM/rstate3_carry__1/CO[2]
                         net (fo=50, routed)          1.537    10.263    RAM/CO[0]
    SLICE_X11Y70         LUT5 (Prop_lut5_I3_O)        0.313    10.576 r  RAM/syif\\.load[2]_INST_0_i_1/O
                         net (fo=5, routed)           4.476    15.052    syif\\.load_OBUF[2]
    U11                  OBUF (Prop_obuf_I_O)         2.594    17.645 r  syif\\.load[2]_INST_0/O
                         net (fo=0)                   0.000    17.645    syif\\.load[2]
    U11                                                               r  syif\\.load[2] (OUT)
  -------------------------------------------------------------------    -------------------

Slack:                    inf
  Source:                 RAM/addr_reg[17]/C
                            (rising edge-triggered cell FDCE clocked by MAIN  {rise@0.000ns fall@2.500ns period=5.000ns})
  Destination:            syif\\.load[7]
                            (output port)
  Path Group:             (none)
  Path Type:              Max at Slow Process Corner
  Data Path Delay:        12.979ns  (logic 4.518ns (34.810%)  route 8.461ns (65.190%))
  Logic Levels:           7  (CARRY4=2 LUT5=1 LUT6=3 OBUF=1)
  Clock Uncertainty:      0.025ns  ((TSJ^2 + TIJ^2)^1/2 + DJ) / 2 + PE
    Total System Jitter     (TSJ):    0.050ns
    Total Input Jitter      (TIJ):    0.000ns
    Discrete Jitter          (DJ):    0.000ns
    Phase Error              (PE):    0.000ns

    Location             Delay type                Incr(ns)  Path(ns)    Netlist Resource(s)
  -------------------------------------------------------------------    -------------------
                         (clock MAIN rise edge)       0.000     0.000 r  
    D18                                               0.000     0.000 r  CLK (IN)
                         net (fo=0)                   0.000     0.000    CLK
    D18                  IBUF (Prop_ibuf_I_O)         0.954     0.954 r  CLK_IBUF_inst/O
                         net (fo=1, routed)           1.972     2.925    CLK_IBUF
    BUFGCTRL_X0Y16       BUFG (Prop_bufg_I_O)         0.096     3.021 r  CLK_IBUF_BUFG_inst/O
                         net (fo=70, routed)          1.547     4.568    RAM/CLK
    SLICE_X35Y61         FDCE                                         r  RAM/addr_reg[17]/C
  -------------------------------------------------------------------    -------------------
    SLICE_X35Y61         FDCE (Prop_fdce_C_Q)         0.456     5.024 r  RAM/addr_reg[17]/Q
                         net (fo=2, routed)           0.662     5.686    RAM/Q[1]
    SLICE_X36Y61         LUT6 (Prop_lut6_I2_O)        0.124     5.810 r  RAM/count3_carry__0_i_9/O
                         net (fo=2, routed)           1.120     6.930    CPU/CC/count3_carry__0_i_9_n_0_alias
    SLICE_X28Y55         LUT6 (Prop_lut6_I1_O)        0.124     7.054 r  CPU/CC/addr[15]_i_3_comp_1/O
                         net (fo=1, routed)           0.770     7.824    RAM/lru_reg_4[15]_repN_alias
    SLICE_X35Y59         LUT6 (Prop_lut6_I5_O)        0.124     7.948 r  RAM/rstate3_carry__0_i_3_comp/O
                         net (fo=1, routed)           0.000     7.948    RAM/rstate3_carry__0_i_3_n_0
    SLICE_X35Y59         CARRY4 (Prop_carry4_S[1]_CO[3])
                                                      0.550     8.498 r  RAM/rstate3_carry__0/CO[3]
                         net (fo=1, routed)           0.000     8.498    RAM/rstate3_carry__0_n_0
    SLICE_X35Y60         CARRY4 (Prop_carry4_CI_CO[2])
                                                      0.228     8.726 f  RAM/rstate3_carry__1/CO[2]
                         net (fo=50, routed)          1.306    10.032    RAM/CO[0]
    SLICE_X33Y63         LUT5 (Prop_lut5_I3_O)        0.313    10.345 r  RAM/syif\\.load[7]_INST_0_i_1/O
                         net (fo=5, routed)           4.603    14.949    syif\\.load_OBUF[7]
    V13                  OBUF (Prop_obuf_I_O)         2.599    17.548 r  syif\\.load[7]_INST_0/O
                         net (fo=0)                   0.000    17.548    syif\\.load[7]
    V13                                                               r  syif\\.load[7] (OUT)
  -------------------------------------------------------------------    -------------------

Slack:                    inf
  Source:                 RAM/addr_reg[17]/C
                            (rising edge-triggered cell FDCE clocked by MAIN  {rise@0.000ns fall@2.500ns period=5.000ns})
  Destination:            syif\\.load[5]
                            (output port)
  Path Group:             (none)
  Path Type:              Max at Slow Process Corner
  Data Path Delay:        12.860ns  (logic 4.505ns (35.030%)  route 8.355ns (64.970%))
  Logic Levels:           7  (CARRY4=2 LUT5=1 LUT6=3 OBUF=1)
  Clock Uncertainty:      0.025ns  ((TSJ^2 + TIJ^2)^1/2 + DJ) / 2 + PE
    Total System Jitter     (TSJ):    0.050ns
    Total Input Jitter      (TIJ):    0.000ns
    Discrete Jitter          (DJ):    0.000ns
    Phase Error              (PE):    0.000ns

    Location             Delay type                Incr(ns)  Path(ns)    Netlist Resource(s)
  -------------------------------------------------------------------    -------------------
                         (clock MAIN rise edge)       0.000     0.000 r  
    D18                                               0.000     0.000 r  CLK (IN)
                         net (fo=0)                   0.000     0.000    CLK
    D18                  IBUF (Prop_ibuf_I_O)         0.954     0.954 r  CLK_IBUF_inst/O
                         net (fo=1, routed)           1.972     2.925    CLK_IBUF
    BUFGCTRL_X0Y16       BUFG (Prop_bufg_I_O)         0.096     3.021 r  CLK_IBUF_BUFG_inst/O
                         net (fo=70, routed)          1.547     4.568    RAM/CLK
    SLICE_X35Y61         FDCE                                         r  RAM/addr_reg[17]/C
  -------------------------------------------------------------------    -------------------
    SLICE_X35Y61         FDCE (Prop_fdce_C_Q)         0.456     5.024 r  RAM/addr_reg[17]/Q
                         net (fo=2, routed)           0.662     5.686    RAM/Q[1]
    SLICE_X36Y61         LUT6 (Prop_lut6_I2_O)        0.124     5.810 r  RAM/count3_carry__0_i_9/O
                         net (fo=2, routed)           1.120     6.930    CPU/CC/count3_carry__0_i_9_n_0_alias
    SLICE_X28Y55         LUT6 (Prop_lut6_I1_O)        0.124     7.054 r  CPU/CC/addr[15]_i_3_comp_1/O
                         net (fo=1, routed)           0.770     7.824    RAM/lru_reg_4[15]_repN_alias
    SLICE_X35Y59         LUT6 (Prop_lut6_I5_O)        0.124     7.948 r  RAM/rstate3_carry__0_i_3_comp/O
                         net (fo=1, routed)           0.000     7.948    RAM/rstate3_carry__0_i_3_n_0
    SLICE_X35Y59         CARRY4 (Prop_carry4_S[1]_CO[3])
                                                      0.550     8.498 r  RAM/rstate3_carry__0/CO[3]
                         net (fo=1, routed)           0.000     8.498    RAM/rstate3_carry__0_n_0
    SLICE_X35Y60         CARRY4 (Prop_carry4_CI_CO[2])
                                                      0.228     8.726 r  RAM/rstate3_carry__1/CO[2]
                         net (fo=50, routed)          1.287    10.014    RAM/CO[0]
    SLICE_X33Y48         LUT5 (Prop_lut5_I3_O)        0.313    10.327 r  RAM/syif\\.load[5]_INST_0_i_1/O
                         net (fo=5, routed)           4.516    14.842    syif\\.load_OBUF[5]
    T13                  OBUF (Prop_obuf_I_O)         2.586    17.428 r  syif\\.load[5]_INST_0/O
                         net (fo=0)                   0.000    17.428    syif\\.load[5]
    T13                                                               r  syif\\.load[5] (OUT)
  -------------------------------------------------------------------    -------------------

Slack:                    inf
  Source:                 RAM/addr_reg[17]/C
                            (rising edge-triggered cell FDCE clocked by MAIN  {rise@0.000ns fall@2.500ns period=5.000ns})
  Destination:            syif\\.load[4]
                            (output port)
  Path Group:             (none)
  Path Type:              Max at Slow Process Corner
  Data Path Delay:        12.847ns  (logic 4.517ns (35.164%)  route 8.329ns (64.836%))
  Logic Levels:           7  (CARRY4=2 LUT5=1 LUT6=3 OBUF=1)
  Clock Uncertainty:      0.025ns  ((TSJ^2 + TIJ^2)^1/2 + DJ) / 2 + PE
    Total System Jitter     (TSJ):    0.050ns
    Total Input Jitter      (TIJ):    0.000ns
    Discrete Jitter          (DJ):    0.000ns
    Phase Error              (PE):    0.000ns

    Location             Delay type                Incr(ns)  Path(ns)    Netlist Resource(s)
  -------------------------------------------------------------------    -------------------
                         (clock MAIN rise edge)       0.000     0.000 r  
    D18                                               0.000     0.000 r  CLK (IN)
                         net (fo=0)                   0.000     0.000    CLK
    D18                  IBUF (Prop_ibuf_I_O)         0.954     0.954 r  CLK_IBUF_inst/O
                         net (fo=1, routed)           1.972     2.925    CLK_IBUF
    BUFGCTRL_X0Y16       BUFG (Prop_bufg_I_O)         0.096     3.021 r  CLK_IBUF_BUFG_inst/O
                         net (fo=70, routed)          1.547     4.568    RAM/CLK
    SLICE_X35Y61         FDCE                                         r  RAM/addr_reg[17]/C
  -------------------------------------------------------------------    -------------------
    SLICE_X35Y61         FDCE (Prop_fdce_C_Q)         0.456     5.024 r  RAM/addr_reg[17]/Q
                         net (fo=2, routed)           0.662     5.686    RAM/Q[1]
    SLICE_X36Y61         LUT6 (Prop_lut6_I2_O)        0.124     5.810 r  RAM/count3_carry__0_i_9/O
                         net (fo=2, routed)           1.120     6.930    CPU/CC/count3_carry__0_i_9_n_0_alias
    SLICE_X28Y55         LUT6 (Prop_lut6_I1_O)        0.124     7.054 r  CPU/CC/addr[15]_i_3_comp_1/O
                         net (fo=1, routed)           0.770     7.824    RAM/lru_reg_4[15]_repN_alias
    SLICE_X35Y59         LUT6 (Prop_lut6_I5_O)        0.124     7.948 r  RAM/rstate3_carry__0_i_3_comp/O
                         net (fo=1, routed)           0.000     7.948    RAM/rstate3_carry__0_i_3_n_0
    SLICE_X35Y59         CARRY4 (Prop_carry4_S[1]_CO[3])
                                                      0.550     8.498 r  RAM/rstate3_carry__0/CO[3]
                         net (fo=1, routed)           0.000     8.498    RAM/rstate3_carry__0_n_0
    SLICE_X35Y60         CARRY4 (Prop_carry4_CI_CO[2])
                                                      0.228     8.726 f  RAM/rstate3_carry__1/CO[2]
                         net (fo=50, routed)          1.084     9.811    RAM/CO[0]
    SLICE_X33Y62         LUT5 (Prop_lut5_I3_O)        0.313    10.124 r  RAM/syif\\.load[4]_INST_0_i_1/O
                         net (fo=5, routed)           4.693    14.817    syif\\.load_OBUF[4]
    R11                  OBUF (Prop_obuf_I_O)         2.598    17.415 r  syif\\.load[4]_INST_0/O
                         net (fo=0)                   0.000    17.415    syif\\.load[4]
    R11                                                               r  syif\\.load[4] (OUT)
  -------------------------------------------------------------------    -------------------

Slack:                    inf
  Source:                 RAM/addr_reg[17]/C
                            (rising edge-triggered cell FDCE clocked by MAIN  {rise@0.000ns fall@2.500ns period=5.000ns})
  Destination:            syif\\.load[17]
                            (output port)
  Path Group:             (none)
  Path Type:              Max at Slow Process Corner
  Data Path Delay:        12.818ns  (logic 4.520ns (35.266%)  route 8.297ns (64.734%))
  Logic Levels:           7  (CARRY4=2 LUT5=1 LUT6=3 OBUF=1)
  Clock Uncertainty:      0.025ns  ((TSJ^2 + TIJ^2)^1/2 + DJ) / 2 + PE
    Total System Jitter     (TSJ):    0.050ns
    Total Input Jitter      (TIJ):    0.000ns
    Discrete Jitter          (DJ):    0.000ns
    Phase Error              (PE):    0.000ns

    Location             Delay type                Incr(ns)  Path(ns)    Netlist Resource(s)
  -------------------------------------------------------------------    -------------------
                         (clock MAIN rise edge)       0.000     0.000 r  
    D18                                               0.000     0.000 r  CLK (IN)
                         net (fo=0)                   0.000     0.000    CLK
    D18                  IBUF (Prop_ibuf_I_O)         0.954     0.954 r  CLK_IBUF_inst/O
                         net (fo=1, routed)           1.972     2.925    CLK_IBUF
    BUFGCTRL_X0Y16       BUFG (Prop_bufg_I_O)         0.096     3.021 r  CLK_IBUF_BUFG_inst/O
                         net (fo=70, routed)          1.547     4.568    RAM/CLK
    SLICE_X35Y61         FDCE                                         r  RAM/addr_reg[17]/C
  -------------------------------------------------------------------    -------------------
    SLICE_X35Y61         FDCE (Prop_fdce_C_Q)         0.456     5.024 r  RAM/addr_reg[17]/Q
                         net (fo=2, routed)           0.662     5.686    RAM/Q[1]
    SLICE_X36Y61         LUT6 (Prop_lut6_I2_O)        0.124     5.810 r  RAM/count3_carry__0_i_9/O
                         net (fo=2, routed)           1.120     6.930    CPU/CC/count3_carry__0_i_9_n_0_alias
    SLICE_X28Y55         LUT6 (Prop_lut6_I1_O)        0.124     7.054 r  CPU/CC/addr[15]_i_3_comp_1/O
                         net (fo=1, routed)           0.770     7.824    RAM/lru_reg_4[15]_repN_alias
    SLICE_X35Y59         LUT6 (Prop_lut6_I5_O)        0.124     7.948 r  RAM/rstate3_carry__0_i_3_comp/O
                         net (fo=1, routed)           0.000     7.948    RAM/rstate3_carry__0_i_3_n_0
    SLICE_X35Y59         CARRY4 (Prop_carry4_S[1]_CO[3])
                                                      0.550     8.498 r  RAM/rstate3_carry__0/CO[3]
                         net (fo=1, routed)           0.000     8.498    RAM/rstate3_carry__0_n_0
    SLICE_X35Y60         CARRY4 (Prop_carry4_CI_CO[2])
                                                      0.228     8.726 r  RAM/rstate3_carry__1/CO[2]
                         net (fo=50, routed)          1.274    10.001    RAM/CO[0]
    SLICE_X34Y63         LUT5 (Prop_lut5_I3_O)        0.313    10.314 r  RAM/syif\\.load[17]_INST_0_i_1/O
                         net (fo=5, routed)           4.471    14.785    syif\\.load_OBUF[17]
    V17                  OBUF (Prop_obuf_I_O)         2.601    17.386 r  syif\\.load[17]_INST_0/O
                         net (fo=0)                   0.000    17.386    syif\\.load[17]
    V17                                                               r  syif\\.load[17] (OUT)
  -------------------------------------------------------------------    -------------------

Slack:                    inf
  Source:                 RAM/addr_reg[17]/C
                            (rising edge-triggered cell FDCE clocked by MAIN  {rise@0.000ns fall@2.500ns period=5.000ns})
  Destination:            syif\\.load[3]
                            (output port)
  Path Group:             (none)
  Path Type:              Max at Slow Process Corner
  Data Path Delay:        12.805ns  (logic 4.520ns (35.298%)  route 8.285ns (64.702%))
  Logic Levels:           7  (CARRY4=2 LUT5=1 LUT6=3 OBUF=1)
  Clock Uncertainty:      0.025ns  ((TSJ^2 + TIJ^2)^1/2 + DJ) / 2 + PE
    Total System Jitter     (TSJ):    0.050ns
    Total Input Jitter      (TIJ):    0.000ns
    Discrete Jitter          (DJ):    0.000ns
    Phase Error              (PE):    0.000ns

    Location             Delay type                Incr(ns)  Path(ns)    Netlist Resource(s)
  -------------------------------------------------------------------    -------------------
                         (clock MAIN rise edge)       0.000     0.000 r  
    D18                                               0.000     0.000 r  CLK (IN)
                         net (fo=0)                   0.000     0.000    CLK
    D18                  IBUF (Prop_ibuf_I_O)         0.954     0.954 r  CLK_IBUF_inst/O
                         net (fo=1, routed)           1.972     2.925    CLK_IBUF
    BUFGCTRL_X0Y16       BUFG (Prop_bufg_I_O)         0.096     3.021 r  CLK_IBUF_BUFG_inst/O
                         net (fo=70, routed)          1.547     4.568    RAM/CLK
    SLICE_X35Y61         FDCE                                         r  RAM/addr_reg[17]/C
  -------------------------------------------------------------------    -------------------
    SLICE_X35Y61         FDCE (Prop_fdce_C_Q)         0.456     5.024 r  RAM/addr_reg[17]/Q
                         net (fo=2, routed)           0.662     5.686    RAM/Q[1]
    SLICE_X36Y61         LUT6 (Prop_lut6_I2_O)        0.124     5.810 r  RAM/count3_carry__0_i_9/O
                         net (fo=2, routed)           1.120     6.930    CPU/CC/count3_carry__0_i_9_n_0_alias
    SLICE_X28Y55         LUT6 (Prop_lut6_I1_O)        0.124     7.054 r  CPU/CC/addr[15]_i_3_comp_1/O
                         net (fo=1, routed)           0.770     7.824    RAM/lru_reg_4[15]_repN_alias
    SLICE_X35Y59         LUT6 (Prop_lut6_I5_O)        0.124     7.948 r  RAM/rstate3_carry__0_i_3_comp/O
                         net (fo=1, routed)           0.000     7.948    RAM/rstate3_carry__0_i_3_n_0
    SLICE_X35Y59         CARRY4 (Prop_carry4_S[1]_CO[3])
                                                      0.550     8.498 r  RAM/rstate3_carry__0/CO[3]
                         net (fo=1, routed)           0.000     8.498    RAM/rstate3_carry__0_n_0
    SLICE_X35Y60         CARRY4 (Prop_carry4_CI_CO[2])
                                                      0.228     8.726 r  RAM/rstate3_carry__1/CO[2]
                         net (fo=50, routed)          1.253     9.980    RAM/CO[0]
    SLICE_X35Y64         LUT5 (Prop_lut5_I3_O)        0.313    10.293 r  RAM/syif\\.load[3]_INST_0_i_1/O
                         net (fo=5, routed)           4.480    14.773    syif\\.load_OBUF[3]
    T11                  OBUF (Prop_obuf_I_O)         2.601    17.374 r  syif\\.load[3]_INST_0/O
                         net (fo=0)                   0.000    17.374    syif\\.load[3]
    T11                                                               r  syif\\.load[3] (OUT)
  -------------------------------------------------------------------    -------------------

Slack:                    inf
  Source:                 RAM/addr_reg[17]/C
                            (rising edge-triggered cell FDCE clocked by MAIN  {rise@0.000ns fall@2.500ns period=5.000ns})
  Destination:            syif\\.load[9]
                            (output port)
  Path Group:             (none)
  Path Type:              Max at Slow Process Corner
  Data Path Delay:        12.697ns  (logic 4.518ns (35.585%)  route 8.178ns (64.415%))
  Logic Levels:           7  (CARRY4=2 LUT5=1 LUT6=3 OBUF=1)
  Clock Uncertainty:      0.025ns  ((TSJ^2 + TIJ^2)^1/2 + DJ) / 2 + PE
    Total System Jitter     (TSJ):    0.050ns
    Total Input Jitter      (TIJ):    0.000ns
    Discrete Jitter          (DJ):    0.000ns
    Phase Error              (PE):    0.000ns

    Location             Delay type                Incr(ns)  Path(ns)    Netlist Resource(s)
  -------------------------------------------------------------------    -------------------
                         (clock MAIN rise edge)       0.000     0.000 r  
    D18                                               0.000     0.000 r  CLK (IN)
                         net (fo=0)                   0.000     0.000    CLK
    D18                  IBUF (Prop_ibuf_I_O)         0.954     0.954 r  CLK_IBUF_inst/O
                         net (fo=1, routed)           1.972     2.925    CLK_IBUF
    BUFGCTRL_X0Y16       BUFG (Prop_bufg_I_O)         0.096     3.021 r  CLK_IBUF_BUFG_inst/O
                         net (fo=70, routed)          1.547     4.568    RAM/CLK
    SLICE_X35Y61         FDCE                                         r  RAM/addr_reg[17]/C
  -------------------------------------------------------------------    -------------------
    SLICE_X35Y61         FDCE (Prop_fdce_C_Q)         0.456     5.024 r  RAM/addr_reg[17]/Q
                         net (fo=2, routed)           0.662     5.686    RAM/Q[1]
    SLICE_X36Y61         LUT6 (Prop_lut6_I2_O)        0.124     5.810 r  RAM/count3_carry__0_i_9/O
                         net (fo=2, routed)           1.120     6.930    CPU/CC/count3_carry__0_i_9_n_0_alias
    SLICE_X28Y55         LUT6 (Prop_lut6_I1_O)        0.124     7.054 r  CPU/CC/addr[15]_i_3_comp_1/O
                         net (fo=1, routed)           0.770     7.824    RAM/lru_reg_4[15]_repN_alias
    SLICE_X35Y59         LUT6 (Prop_lut6_I5_O)        0.124     7.948 r  RAM/rstate3_carry__0_i_3_comp/O
                         net (fo=1, routed)           0.000     7.948    RAM/rstate3_carry__0_i_3_n_0
    SLICE_X35Y59         CARRY4 (Prop_carry4_S[1]_CO[3])
                                                      0.550     8.498 r  RAM/rstate3_carry__0/CO[3]
                         net (fo=1, routed)           0.000     8.498    RAM/rstate3_carry__0_n_0
    SLICE_X35Y60         CARRY4 (Prop_carry4_CI_CO[2])
                                                      0.228     8.726 f  RAM/rstate3_carry__1/CO[2]
                         net (fo=50, routed)          0.967     9.693    RAM/CO[0]
    SLICE_X29Y61         LUT5 (Prop_lut5_I3_O)        0.313    10.006 r  RAM/syif\\.load[9]_INST_0_i_1/O
                         net (fo=5, routed)           4.660    14.666    syif\\.load_OBUF[9]
    V15                  OBUF (Prop_obuf_I_O)         2.599    17.265 r  syif\\.load[9]_INST_0/O
                         net (fo=0)                   0.000    17.265    syif\\.load[9]
    V15                                                               r  syif\\.load[9] (OUT)
  -------------------------------------------------------------------    -------------------

Slack:                    inf
  Source:                 RAM/addr_reg[17]/C
                            (rising edge-triggered cell FDCE clocked by MAIN  {rise@0.000ns fall@2.500ns period=5.000ns})
  Destination:            syif\\.load[12]
                            (output port)
  Path Group:             (none)
  Path Type:              Max at Slow Process Corner
  Data Path Delay:        12.695ns  (logic 4.513ns (35.552%)  route 8.182ns (64.448%))
  Logic Levels:           7  (CARRY4=2 LUT5=1 LUT6=3 OBUF=1)
  Clock Uncertainty:      0.025ns  ((TSJ^2 + TIJ^2)^1/2 + DJ) / 2 + PE
    Total System Jitter     (TSJ):    0.050ns
    Total Input Jitter      (TIJ):    0.000ns
    Discrete Jitter          (DJ):    0.000ns
    Phase Error              (PE):    0.000ns

    Location             Delay type                Incr(ns)  Path(ns)    Netlist Resource(s)
  -------------------------------------------------------------------    -------------------
                         (clock MAIN rise edge)       0.000     0.000 r  
    D18                                               0.000     0.000 r  CLK (IN)
                         net (fo=0)                   0.000     0.000    CLK
    D18                  IBUF (Prop_ibuf_I_O)         0.954     0.954 r  CLK_IBUF_inst/O
                         net (fo=1, routed)           1.972     2.925    CLK_IBUF
    BUFGCTRL_X0Y16       BUFG (Prop_bufg_I_O)         0.096     3.021 r  CLK_IBUF_BUFG_inst/O
                         net (fo=70, routed)          1.547     4.568    RAM/CLK
    SLICE_X35Y61         FDCE                                         r  RAM/addr_reg[17]/C
  -------------------------------------------------------------------    -------------------
    SLICE_X35Y61         FDCE (Prop_fdce_C_Q)         0.456     5.024 r  RAM/addr_reg[17]/Q
                         net (fo=2, routed)           0.662     5.686    RAM/Q[1]
    SLICE_X36Y61         LUT6 (Prop_lut6_I2_O)        0.124     5.810 r  RAM/count3_carry__0_i_9/O
                         net (fo=2, routed)           1.120     6.930    CPU/CC/count3_carry__0_i_9_n_0_alias
    SLICE_X28Y55         LUT6 (Prop_lut6_I1_O)        0.124     7.054 r  CPU/CC/addr[15]_i_3_comp_1/O
                         net (fo=1, routed)           0.770     7.824    RAM/lru_reg_4[15]_repN_alias
    SLICE_X35Y59         LUT6 (Prop_lut6_I5_O)        0.124     7.948 r  RAM/rstate3_carry__0_i_3_comp/O
                         net (fo=1, routed)           0.000     7.948    RAM/rstate3_carry__0_i_3_n_0
    SLICE_X35Y59         CARRY4 (Prop_carry4_S[1]_CO[3])
                                                      0.550     8.498 r  RAM/rstate3_carry__0/CO[3]
                         net (fo=1, routed)           0.000     8.498    RAM/rstate3_carry__0_n_0
    SLICE_X35Y60         CARRY4 (Prop_carry4_CI_CO[2])
                                                      0.228     8.726 f  RAM/rstate3_carry__1/CO[2]
                         net (fo=50, routed)          1.197     9.924    RAM/CO[0]
    SLICE_X34Y63         LUT5 (Prop_lut5_I3_O)        0.313    10.237 r  RAM/syif\\.load[12]_INST_0_i_1/O
                         net (fo=5, routed)           4.433    14.669    syif\\.load_OBUF[12]
    P13                  OBUF (Prop_obuf_I_O)         2.594    17.264 r  syif\\.load[12]_INST_0/O
                         net (fo=0)                   0.000    17.264    syif\\.load[12]
    P13                                                               r  syif\\.load[12] (OUT)
  -------------------------------------------------------------------    -------------------

Slack:                    inf
  Source:                 RAM/addr_reg[17]/C
                            (rising edge-triggered cell FDCE clocked by MAIN  {rise@0.000ns fall@2.500ns period=5.000ns})
  Destination:            syif\\.load[0]
                            (output port)
  Path Group:             (none)
  Path Type:              Max at Slow Process Corner
  Data Path Delay:        12.635ns  (logic 4.488ns (35.519%)  route 8.147ns (64.481%))
  Logic Levels:           7  (CARRY4=2 LUT5=1 LUT6=3 OBUF=1)
  Clock Uncertainty:      0.025ns  ((TSJ^2 + TIJ^2)^1/2 + DJ) / 2 + PE
    Total System Jitter     (TSJ):    0.050ns
    Total Input Jitter      (TIJ):    0.000ns
    Discrete Jitter          (DJ):    0.000ns
    Phase Error              (PE):    0.000ns

    Location             Delay type                Incr(ns)  Path(ns)    Netlist Resource(s)
  -------------------------------------------------------------------    -------------------
                         (clock MAIN rise edge)       0.000     0.000 r  
    D18                                               0.000     0.000 r  CLK (IN)
                         net (fo=0)                   0.000     0.000    CLK
    D18                  IBUF (Prop_ibuf_I_O)         0.954     0.954 r  CLK_IBUF_inst/O
                         net (fo=1, routed)           1.972     2.925    CLK_IBUF
    BUFGCTRL_X0Y16       BUFG (Prop_bufg_I_O)         0.096     3.021 r  CLK_IBUF_BUFG_inst/O
                         net (fo=70, routed)          1.547     4.568    RAM/CLK
    SLICE_X35Y61         FDCE                                         r  RAM/addr_reg[17]/C
  -------------------------------------------------------------------    -------------------
    SLICE_X35Y61         FDCE (Prop_fdce_C_Q)         0.456     5.024 r  RAM/addr_reg[17]/Q
                         net (fo=2, routed)           0.662     5.686    RAM/Q[1]
    SLICE_X36Y61         LUT6 (Prop_lut6_I2_O)        0.124     5.810 r  RAM/count3_carry__0_i_9/O
                         net (fo=2, routed)           1.120     6.930    CPU/CC/count3_carry__0_i_9_n_0_alias
    SLICE_X28Y55         LUT6 (Prop_lut6_I1_O)        0.124     7.054 r  CPU/CC/addr[15]_i_3_comp_1/O
                         net (fo=1, routed)           0.770     7.824    RAM/lru_reg_4[15]_repN_alias
    SLICE_X35Y59         LUT6 (Prop_lut6_I5_O)        0.124     7.948 r  RAM/rstate3_carry__0_i_3_comp/O
                         net (fo=1, routed)           0.000     7.948    RAM/rstate3_carry__0_i_3_n_0
    SLICE_X35Y59         CARRY4 (Prop_carry4_S[1]_CO[3])
                                                      0.550     8.498 r  RAM/rstate3_carry__0/CO[3]
                         net (fo=1, routed)           0.000     8.498    RAM/rstate3_carry__0_n_0
    SLICE_X35Y60         CARRY4 (Prop_carry4_CI_CO[2])
                                                      0.228     8.726 f  RAM/rstate3_carry__1/CO[2]
                         net (fo=50, routed)          1.000     9.726    RAM/CO[0]
    SLICE_X35Y55         LUT5 (Prop_lut5_I3_O)        0.313    10.039 r  RAM/syif\\.load[0]_INST_0_i_1/O
                         net (fo=5, routed)           4.596    14.635    syif\\.load_OBUF[0]
    R12                  OBUF (Prop_obuf_I_O)         2.569    17.203 r  syif\\.load[0]_INST_0/O
                         net (fo=0)                   0.000    17.203    syif\\.load[0]
    R12                                                               r  syif\\.load[0] (OUT)
  -------------------------------------------------------------------    -------------------

Slack:                    inf
  Source:                 RAM/addr_reg[17]/C
                            (rising edge-triggered cell FDCE clocked by MAIN  {rise@0.000ns fall@2.500ns period=5.000ns})
  Destination:            syif\\.load[10]
                            (output port)
  Path Group:             (none)
  Path Type:              Max at Slow Process Corner
  Data Path Delay:        12.587ns  (logic 4.518ns (35.898%)  route 8.068ns (64.102%))
  Logic Levels:           7  (CARRY4=2 LUT5=1 LUT6=3 OBUF=1)
  Clock Uncertainty:      0.025ns  ((TSJ^2 + TIJ^2)^1/2 + DJ) / 2 + PE
    Total System Jitter     (TSJ):    0.050ns
    Total Input Jitter      (TIJ):    0.000ns
    Discrete Jitter          (DJ):    0.000ns
    Phase Error              (PE):    0.000ns

    Location             Delay type                Incr(ns)  Path(ns)    Netlist Resource(s)
  -------------------------------------------------------------------    -------------------
                         (clock MAIN rise edge)       0.000     0.000 r  
    D18                                               0.000     0.000 r  CLK (IN)
                         net (fo=0)                   0.000     0.000    CLK
    D18                  IBUF (Prop_ibuf_I_O)         0.954     0.954 r  CLK_IBUF_inst/O
                         net (fo=1, routed)           1.972     2.925    CLK_IBUF
    BUFGCTRL_X0Y16       BUFG (Prop_bufg_I_O)         0.096     3.021 r  CLK_IBUF_BUFG_inst/O
                         net (fo=70, routed)          1.547     4.568    RAM/CLK
    SLICE_X35Y61         FDCE                                         r  RAM/addr_reg[17]/C
  -------------------------------------------------------------------    -------------------
    SLICE_X35Y61         FDCE (Prop_fdce_C_Q)         0.456     5.024 r  RAM/addr_reg[17]/Q
                         net (fo=2, routed)           0.662     5.686    RAM/Q[1]
    SLICE_X36Y61         LUT6 (Prop_lut6_I2_O)        0.124     5.810 r  RAM/count3_carry__0_i_9/O
                         net (fo=2, routed)           1.120     6.930    CPU/CC/count3_carry__0_i_9_n_0_alias
    SLICE_X28Y55         LUT6 (Prop_lut6_I1_O)        0.124     7.054 r  CPU/CC/addr[15]_i_3_comp_1/O
                         net (fo=1, routed)           0.770     7.824    RAM/lru_reg_4[15]_repN_alias
    SLICE_X35Y59         LUT6 (Prop_lut6_I5_O)        0.124     7.948 r  RAM/rstate3_carry__0_i_3_comp/O
                         net (fo=1, routed)           0.000     7.948    RAM/rstate3_carry__0_i_3_n_0
    SLICE_X35Y59         CARRY4 (Prop_carry4_S[1]_CO[3])
                                                      0.550     8.498 r  RAM/rstate3_carry__0/CO[3]
                         net (fo=1, routed)           0.000     8.498    RAM/rstate3_carry__0_n_0
    SLICE_X35Y60         CARRY4 (Prop_carry4_CI_CO[2])
                                                      0.228     8.726 r  RAM/rstate3_carry__1/CO[2]
                         net (fo=50, routed)          1.493    10.220    RAM/CO[0]
    SLICE_X9Y70          LUT5 (Prop_lut5_I3_O)        0.313    10.533 r  RAM/syif\\.load[10]_INST_0_i_1/O
                         net (fo=5, routed)           4.023    14.556    syif\\.load_OBUF[10]
    V14                  OBUF (Prop_obuf_I_O)         2.599    17.155 r  syif\\.load[10]_INST_0/O
                         net (fo=0)                   0.000    17.155    syif\\.load[10]
    V14                                                               r  syif\\.load[10] (OUT)
  -------------------------------------------------------------------    -------------------





Min Delay Paths
--------------------------------------------------------------------------------------
Slack:                    inf
  Source:                 RAM/mem_reg_1/CLKBWRCLK
                            (rising edge-triggered cell RAMB36E1 clocked by MAIN  {rise@0.000ns fall@2.500ns period=5.000ns})
  Destination:            dbg_data_out[2]
                            (output port)
  Path Group:             (none)
  Path Type:              Min at Fast Process Corner
  Data Path Delay:        2.327ns  (logic 1.719ns (73.906%)  route 0.607ns (26.094%))
  Logic Levels:           1  (OBUF=1)
  Clock Uncertainty:      0.025ns  ((TSJ^2 + TIJ^2)^1/2 + DJ) / 2 + PE
    Total System Jitter     (TSJ):    0.050ns
    Total Input Jitter      (TIJ):    0.000ns
    Discrete Jitter          (DJ):    0.000ns
    Phase Error              (PE):    0.000ns

    Location             Delay type                Incr(ns)  Path(ns)    Netlist Resource(s)
  -------------------------------------------------------------------    -------------------
                         (clock MAIN rise edge)       0.000     0.000 r  
    D18                                               0.000     0.000 r  CLK (IN)
                         net (fo=0)                   0.000     0.000    CLK
    D18                  IBUF (Prop_ibuf_I_O)         0.183     0.183 r  CLK_IBUF_inst/O
                         net (fo=1, routed)           0.634     0.817    CLK_IBUF
    BUFGCTRL_X0Y16       BUFG (Prop_bufg_I_O)         0.026     0.843 r  CLK_IBUF_BUFG_inst/O
                         net (fo=70, routed)          0.594     1.437    RAM/CLK
    RAMB36_X0Y14         RAMB36E1                                     r  RAM/mem_reg_1/CLKBWRCLK
  -------------------------------------------------------------------    -------------------
    RAMB36_X0Y14         RAMB36E1 (Prop_ramb36e1_CLKBWRCLK_DOBDO[0])
                                                      0.585     2.022 r  RAM/mem_reg_1/DOBDO[0]
                         net (fo=1, routed)           0.607     2.629    dbg_data_out_OBUF[2]
    F13                  OBUF (Prop_obuf_I_O)         1.134     3.764 r  dbg_data_out_OBUF[2]_inst/O
                         net (fo=0)                   0.000     3.764    dbg_data_out[2]
    F13                                                               r  dbg_data_out[2] (OUT)
  -------------------------------------------------------------------    -------------------

Slack:                    inf
  Source:                 RAM/mem_reg_5/CLKBWRCLK
                            (rising edge-triggered cell RAMB36E1 clocked by MAIN  {rise@0.000ns fall@2.500ns period=5.000ns})
  Destination:            dbg_data_out[11]
                            (output port)
  Path Group:             (none)
  Path Type:              Min at Fast Process Corner
  Data Path Delay:        2.345ns  (logic 1.720ns (73.340%)  route 0.625ns (26.660%))
  Logic Levels:           1  (OBUF=1)
  Clock Uncertainty:      0.025ns  ((TSJ^2 + TIJ^2)^1/2 + DJ) / 2 + PE
    Total System Jitter     (TSJ):    0.050ns
    Total Input Jitter      (TIJ):    0.000ns
    Discrete Jitter          (DJ):    0.000ns
    Phase Error              (PE):    0.000ns

    Location             Delay type                Incr(ns)  Path(ns)    Netlist Resource(s)
  -------------------------------------------------------------------    -------------------
                         (clock MAIN rise edge)       0.000     0.000 r  
    D18                                               0.000     0.000 r  CLK (IN)
                         net (fo=0)                   0.000     0.000    CLK
    D18                  IBUF (Prop_ibuf_I_O)         0.183     0.183 r  CLK_IBUF_inst/O
                         net (fo=1, routed)           0.634     0.817    CLK_IBUF
    BUFGCTRL_X0Y16       BUFG (Prop_bufg_I_O)         0.026     0.843 r  CLK_IBUF_BUFG_inst/O
                         net (fo=70, routed)          0.592     1.435    RAM/CLK
    RAMB36_X0Y15         RAMB36E1                                     r  RAM/mem_reg_5/CLKBWRCLK
  -------------------------------------------------------------------    -------------------
    RAMB36_X0Y15         RAMB36E1 (Prop_ramb36e1_CLKBWRCLK_DOBDO[1])
                                                      0.585     2.020 r  RAM/mem_reg_5/DOBDO[1]
                         net (fo=1, routed)           0.625     2.645    dbg_data_out_OBUF[11]
    D15                  OBUF (Prop_obuf_I_O)         1.135     3.780 r  dbg_data_out_OBUF[11]_inst/O
                         net (fo=0)                   0.000     3.780    dbg_data_out[11]
    D15                                                               r  dbg_data_out[11] (OUT)
  -------------------------------------------------------------------    -------------------

Slack:                    inf
  Source:                 RAM/mem_reg_1/CLKBWRCLK
                            (rising edge-triggered cell RAMB36E1 clocked by MAIN  {rise@0.000ns fall@2.500ns period=5.000ns})
  Destination:            dbg_data_out[3]
                            (output port)
  Path Group:             (none)
  Path Type:              Min at Fast Process Corner
  Data Path Delay:        2.369ns  (logic 1.718ns (72.516%)  route 0.651ns (27.484%))
  Logic Levels:           1  (OBUF=1)
  Clock Uncertainty:      0.025ns  ((TSJ^2 + TIJ^2)^1/2 + DJ) / 2 + PE
    Total System Jitter     (TSJ):    0.050ns
    Total Input Jitter      (TIJ):    0.000ns
    Discrete Jitter          (DJ):    0.000ns
    Phase Error              (PE):    0.000ns

    Location             Delay type                Incr(ns)  Path(ns)    Netlist Resource(s)
  -------------------------------------------------------------------    -------------------
                         (clock MAIN rise edge)       0.000     0.000 r  
    D18                                               0.000     0.000 r  CLK (IN)
                         net (fo=0)                   0.000     0.000    CLK
    D18                  IBUF (Prop_ibuf_I_O)         0.183     0.183 r  CLK_IBUF_inst/O
                         net (fo=1, routed)           0.634     0.817    CLK_IBUF
    BUFGCTRL_X0Y16       BUFG (Prop_bufg_I_O)         0.026     0.843 r  CLK_IBUF_BUFG_inst/O
                         net (fo=70, routed)          0.594     1.437    RAM/CLK
    RAMB36_X0Y14         RAMB36E1                                     r  RAM/mem_reg_1/CLKBWRCLK
  -------------------------------------------------------------------    -------------------
    RAMB36_X0Y14         RAMB36E1 (Prop_ramb36e1_CLKBWRCLK_DOBDO[1])
                                                      0.585     2.022 r  RAM/mem_reg_1/DOBDO[1]
                         net (fo=1, routed)           0.651     2.673    dbg_data_out_OBUF[3]
    E18                  OBUF (Prop_obuf_I_O)         1.133     3.806 r  dbg_data_out_OBUF[3]_inst/O
                         net (fo=0)                   0.000     3.806    dbg_data_out[3]
    E18                                                               r  dbg_data_out[3] (OUT)
  -------------------------------------------------------------------    -------------------

Slack:                    inf
  Source:                 RAM/mem_reg_4/CLKBWRCLK
                            (rising edge-triggered cell RAMB36E1 clocked by MAIN  {rise@0.000ns fall@2.500ns period=5.000ns})
  Destination:            dbg_data_out[9]
                            (output port)
  Path Group:             (none)
  Path Type:              Min at Fast Process Corner
  Data Path Delay:        2.475ns  (logic 1.711ns (69.141%)  route 0.764ns (30.859%))
  Logic Levels:           1  (OBUF=1)
  Clock Uncertainty:      0.025ns  ((TSJ^2 + TIJ^2)^1/2 + DJ) / 2 + PE
    Total System Jitter     (TSJ):    0.050ns
    Total Input Jitter      (TIJ):    0.000ns
    Discrete Jitter          (DJ):    0.000ns
    Phase Error              (PE):    0.000ns

    Location             Delay type                Incr(ns)  Path(ns)    Netlist Resource(s)
  -------------------------------------------------------------------    -------------------
                         (clock MAIN rise edge)       0.000     0.000 r  
    D18                                               0.000     0.000 r  CLK (IN)
                         net (fo=0)                   0.000     0.000    CLK
    D18                  IBUF (Prop_ibuf_I_O)         0.183     0.183 r  CLK_IBUF_inst/O
                         net (fo=1, routed)           0.634     0.817    CLK_IBUF
    BUFGCTRL_X0Y16       BUFG (Prop_bufg_I_O)         0.026     0.843 r  CLK_IBUF_BUFG_inst/O
                         net (fo=70, routed)          0.604     1.447    RAM/CLK
    RAMB36_X0Y11         RAMB36E1                                     r  RAM/mem_reg_4/CLKBWRCLK
  -------------------------------------------------------------------    -------------------
    RAMB36_X0Y11         RAMB36E1 (Prop_ramb36e1_CLKBWRCLK_DOBDO[1])
                                                      0.585     2.032 r  RAM/mem_reg_4/DOBDO[1]
                         net (fo=1, routed)           0.764     2.796    dbg_data_out_OBUF[9]
    F15                  OBUF (Prop_obuf_I_O)         1.126     3.922 r  dbg_data_out_OBUF[9]_inst/O
                         net (fo=0)                   0.000     3.922    dbg_data_out[9]
    F15                                                               r  dbg_data_out[9] (OUT)
  -------------------------------------------------------------------    -------------------

Slack:                    inf
  Source:                 RAM/mem_reg_5/CLKBWRCLK
                            (rising edge-triggered cell RAMB36E1 clocked by MAIN  {rise@0.000ns fall@2.500ns period=5.000ns})
  Destination:            dbg_data_out[10]
                            (output port)
  Path Group:             (none)
  Path Type:              Min at Fast Process Corner
  Data Path Delay:        2.497ns  (logic 1.708ns (68.421%)  route 0.788ns (31.579%))
  Logic Levels:           1  (OBUF=1)
  Clock Uncertainty:      0.025ns  ((TSJ^2 + TIJ^2)^1/2 + DJ) / 2 + PE
    Total System Jitter     (TSJ):    0.050ns
    Total Input Jitter      (TIJ):    0.000ns
    Discrete Jitter          (DJ):    0.000ns
    Phase Error              (PE):    0.000ns

    Location             Delay type                Incr(ns)  Path(ns)    Netlist Resource(s)
  -------------------------------------------------------------------    -------------------
                         (clock MAIN rise edge)       0.000     0.000 r  
    D18                                               0.000     0.000 r  CLK (IN)
                         net (fo=0)                   0.000     0.000    CLK
    D18                  IBUF (Prop_ibuf_I_O)         0.183     0.183 r  CLK_IBUF_inst/O
                         net (fo=1, routed)           0.634     0.817    CLK_IBUF
    BUFGCTRL_X0Y16       BUFG (Prop_bufg_I_O)         0.026     0.843 r  CLK_IBUF_BUFG_inst/O
                         net (fo=70, routed)          0.592     1.435    RAM/CLK
    RAMB36_X0Y15         RAMB36E1                                     r  RAM/mem_reg_5/CLKBWRCLK
  -------------------------------------------------------------------    -------------------
    RAMB36_X0Y15         RAMB36E1 (Prop_ramb36e1_CLKBWRCLK_DOBDO[0])
                                                      0.585     2.020 r  RAM/mem_reg_5/DOBDO[0]
                         net (fo=1, routed)           0.788     2.809    dbg_data_out_OBUF[10]
    F14                  OBUF (Prop_obuf_I_O)         1.123     3.932 r  dbg_data_out_OBUF[10]_inst/O
                         net (fo=0)                   0.000     3.932    dbg_data_out[10]
    F14                                                               r  dbg_data_out[10] (OUT)
  -------------------------------------------------------------------    -------------------

Slack:                    inf
  Source:                 RAM/mem_reg_8/CLKBWRCLK
                            (rising edge-triggered cell RAMB36E1 clocked by MAIN  {rise@0.000ns fall@2.500ns period=5.000ns})
  Destination:            dbg_data_out[16]
                            (output port)
  Path Group:             (none)
  Path Type:              Min at Fast Process Corner
  Data Path Delay:        2.528ns  (logic 1.741ns (68.847%)  route 0.788ns (31.153%))
  Logic Levels:           1  (OBUF=1)
  Clock Uncertainty:      0.025ns  ((TSJ^2 + TIJ^2)^1/2 + DJ) / 2 + PE
    Total System Jitter     (TSJ):    0.050ns
    Total Input Jitter      (TIJ):    0.000ns
    Discrete Jitter          (DJ):    0.000ns
    Phase Error              (PE):    0.000ns

    Location             Delay type                Incr(ns)  Path(ns)    Netlist Resource(s)
  -------------------------------------------------------------------    -------------------
                         (clock MAIN rise edge)       0.000     0.000 r  
    D18                                               0.000     0.000 r  CLK (IN)
                         net (fo=0)                   0.000     0.000    CLK
    D18                  IBUF (Prop_ibuf_I_O)         0.183     0.183 r  CLK_IBUF_inst/O
                         net (fo=1, routed)           0.634     0.817    CLK_IBUF
    BUFGCTRL_X0Y16       BUFG (Prop_bufg_I_O)         0.026     0.843 r  CLK_IBUF_BUFG_inst/O
                         net (fo=70, routed)          0.599     1.442    RAM/CLK
    RAMB36_X0Y13         RAMB36E1                                     r  RAM/mem_reg_8/CLKBWRCLK
  -------------------------------------------------------------------    -------------------
    RAMB36_X0Y13         RAMB36E1 (Prop_ramb36e1_CLKBWRCLK_DOBDO[0])
                                                      0.585     2.027 r  RAM/mem_reg_8/DOBDO[0]
                         net (fo=1, routed)           0.788     2.815    dbg_data_out_OBUF[16]
    D17                  OBUF (Prop_obuf_I_O)         1.156     3.970 r  dbg_data_out_OBUF[16]_inst/O
                         net (fo=0)                   0.000     3.970    dbg_data_out[16]
    D17                                                               r  dbg_data_out[16] (OUT)
  -------------------------------------------------------------------    -------------------

Slack:                    inf
  Source:                 RAM/mem_reg_4/CLKBWRCLK
                            (rising edge-triggered cell RAMB36E1 clocked by MAIN  {rise@0.000ns fall@2.500ns period=5.000ns})
  Destination:            dbg_data_out[8]
                            (output port)
  Path Group:             (none)
  Path Type:              Min at Fast Process Corner
  Data Path Delay:        2.525ns  (logic 1.717ns (67.994%)  route 0.808ns (32.006%))
  Logic Levels:           1  (OBUF=1)
  Clock Uncertainty:      0.025ns  ((TSJ^2 + TIJ^2)^1/2 + DJ) / 2 + PE
    Total System Jitter     (TSJ):    0.050ns
    Total Input Jitter      (TIJ):    0.000ns
    Discrete Jitter          (DJ):    0.000ns
    Phase Error              (PE):    0.000ns

    Location             Delay type                Incr(ns)  Path(ns)    Netlist Resource(s)
  -------------------------------------------------------------------    -------------------
                         (clock MAIN rise edge)       0.000     0.000 r  
    D18                                               0.000     0.000 r  CLK (IN)
                         net (fo=0)                   0.000     0.000    CLK
    D18                  IBUF (Prop_ibuf_I_O)         0.183     0.183 r  CLK_IBUF_inst/O
                         net (fo=1, routed)           0.634     0.817    CLK_IBUF
    BUFGCTRL_X0Y16       BUFG (Prop_bufg_I_O)         0.026     0.843 r  CLK_IBUF_BUFG_inst/O
                         net (fo=70, routed)          0.604     1.447    RAM/CLK
    RAMB36_X0Y11         RAMB36E1                                     r  RAM/mem_reg_4/CLKBWRCLK
  -------------------------------------------------------------------    -------------------
    RAMB36_X0Y11         RAMB36E1 (Prop_ramb36e1_CLKBWRCLK_DOBDO[0])
                                                      0.585     2.032 r  RAM/mem_reg_4/DOBDO[0]
                         net (fo=1, routed)           0.808     2.840    dbg_data_out_OBUF[8]
    G16                  OBUF (Prop_obuf_I_O)         1.132     3.973 r  dbg_data_out_OBUF[8]_inst/O
                         net (fo=0)                   0.000     3.973    dbg_data_out[8]
    G16                                                               r  dbg_data_out[8] (OUT)
  -------------------------------------------------------------------    -------------------

Slack:                    inf
  Source:                 RAM/mem_reg_8/CLKBWRCLK
                            (rising edge-triggered cell RAMB36E1 clocked by MAIN  {rise@0.000ns fall@2.500ns period=5.000ns})
  Destination:            dbg_data_out[17]
                            (output port)
  Path Group:             (none)
  Path Type:              Min at Fast Process Corner
  Data Path Delay:        2.532ns  (logic 1.742ns (68.815%)  route 0.790ns (31.185%))
  Logic Levels:           1  (OBUF=1)
  Clock Uncertainty:      0.025ns  ((TSJ^2 + TIJ^2)^1/2 + DJ) / 2 + PE
    Total System Jitter     (TSJ):    0.050ns
    Total Input Jitter      (TIJ):    0.000ns
    Discrete Jitter          (DJ):    0.000ns
    Phase Error              (PE):    0.000ns

    Location             Delay type                Incr(ns)  Path(ns)    Netlist Resource(s)
  -------------------------------------------------------------------    -------------------
                         (clock MAIN rise edge)       0.000     0.000 r  
    D18                                               0.000     0.000 r  CLK (IN)
                         net (fo=0)                   0.000     0.000    CLK
    D18                  IBUF (Prop_ibuf_I_O)         0.183     0.183 r  CLK_IBUF_inst/O
                         net (fo=1, routed)           0.634     0.817    CLK_IBUF
    BUFGCTRL_X0Y16       BUFG (Prop_bufg_I_O)         0.026     0.843 r  CLK_IBUF_BUFG_inst/O
                         net (fo=70, routed)          0.599     1.442    RAM/CLK
    RAMB36_X0Y13         RAMB36E1                                     r  RAM/mem_reg_8/CLKBWRCLK
  -------------------------------------------------------------------    -------------------
    RAMB36_X0Y13         RAMB36E1 (Prop_ramb36e1_CLKBWRCLK_DOBDO[1])
                                                      0.585     2.027 r  RAM/mem_reg_8/DOBDO[1]
                         net (fo=1, routed)           0.790     2.817    dbg_data_out_OBUF[17]
    D16                  OBUF (Prop_obuf_I_O)         1.157     3.974 r  dbg_data_out_OBUF[17]_inst/O
                         net (fo=0)                   0.000     3.974    dbg_data_out[17]
    D16                                                               r  dbg_data_out[17] (OUT)
  -------------------------------------------------------------------    -------------------

Slack:                    inf
  Source:                 RAM/mem_reg_3/CLKBWRCLK
                            (rising edge-triggered cell RAMB36E1 clocked by MAIN  {rise@0.000ns fall@2.500ns period=5.000ns})
  Destination:            dbg_data_out[7]
                            (output port)
  Path Group:             (none)
  Path Type:              Min at Fast Process Corner
  Data Path Delay:        2.552ns  (logic 1.715ns (67.206%)  route 0.837ns (32.794%))
  Logic Levels:           1  (OBUF=1)
  Clock Uncertainty:      0.025ns  ((TSJ^2 + TIJ^2)^1/2 + DJ) / 2 + PE
    Total System Jitter     (TSJ):    0.050ns
    Total Input Jitter      (TIJ):    0.000ns
    Discrete Jitter          (DJ):    0.000ns
    Phase Error              (PE):    0.000ns

    Location             Delay type                Incr(ns)  Path(ns)    Netlist Resource(s)
  -------------------------------------------------------------------    -------------------
                         (clock MAIN rise edge)       0.000     0.000 r  
    D18                                               0.000     0.000 r  CLK (IN)
                         net (fo=0)                   0.000     0.000    CLK
    D18                  IBUF (Prop_ibuf_I_O)         0.183     0.183 r  CLK_IBUF_inst/O
                         net (fo=1, routed)           0.634     0.817    CLK_IBUF
    BUFGCTRL_X0Y16       BUFG (Prop_bufg_I_O)         0.026     0.843 r  CLK_IBUF_BUFG_inst/O
                         net (fo=70, routed)          0.605     1.448    RAM/CLK
    RAMB36_X0Y10         RAMB36E1                                     r  RAM/mem_reg_3/CLKBWRCLK
  -------------------------------------------------------------------    -------------------
    RAMB36_X0Y10         RAMB36E1 (Prop_ramb36e1_CLKBWRCLK_DOBDO[1])
                                                      0.585     2.033 r  RAM/mem_reg_3/DOBDO[1]
                         net (fo=1, routed)           0.837     2.870    dbg_data_out_OBUF[7]
    G17                  OBUF (Prop_obuf_I_O)         1.130     4.000 r  dbg_data_out_OBUF[7]_inst/O
                         net (fo=0)                   0.000     4.000    dbg_data_out[7]
    G17                                                               r  dbg_data_out[7] (OUT)
  -------------------------------------------------------------------    -------------------

Slack:                    inf
  Source:                 RAM/mem_reg_3/CLKBWRCLK
                            (rising edge-triggered cell RAMB36E1 clocked by MAIN  {rise@0.000ns fall@2.500ns period=5.000ns})
  Destination:            dbg_data_out[6]
                            (output port)
  Path Group:             (none)
  Path Type:              Min at Fast Process Corner
  Data Path Delay:        2.565ns  (logic 1.731ns (67.480%)  route 0.834ns (32.520%))
  Logic Levels:           1  (OBUF=1)
  Clock Uncertainty:      0.025ns  ((TSJ^2 + TIJ^2)^1/2 + DJ) / 2 + PE
    Total System Jitter     (TSJ):    0.050ns
    Total Input Jitter      (TIJ):    0.000ns
    Discrete Jitter          (DJ):    0.000ns
    Phase Error              (PE):    0.000ns

    Location             Delay type                Incr(ns)  Path(ns)    Netlist Resource(s)
  -------------------------------------------------------------------    -------------------
                         (clock MAIN rise edge)       0.000     0.000 r  
    D18                                               0.000     0.000 r  CLK (IN)
                         net (fo=0)                   0.000     0.000    CLK
    D18                  IBUF (Prop_ibuf_I_O)         0.183     0.183 r  CLK_IBUF_inst/O
                         net (fo=1, routed)           0.634     0.817    CLK_IBUF
    BUFGCTRL_X0Y16       BUFG (Prop_bufg_I_O)         0.026     0.843 r  CLK_IBUF_BUFG_inst/O
                         net (fo=70, routed)          0.605     1.448    RAM/CLK
    RAMB36_X0Y10         RAMB36E1                                     r  RAM/mem_reg_3/CLKBWRCLK
  -------------------------------------------------------------------    -------------------
    RAMB36_X0Y10         RAMB36E1 (Prop_ramb36e1_CLKBWRCLK_DOBDO[0])
                                                      0.585     2.033 r  RAM/mem_reg_3/DOBDO[0]
                         net (fo=1, routed)           0.834     2.867    dbg_data_out_OBUF[6]
    E14                  OBUF (Prop_obuf_I_O)         1.146     4.013 r  dbg_data_out_OBUF[6]_inst/O
                         net (fo=0)                   0.000     4.013    dbg_data_out[6]
    E14                                                               r  dbg_data_out[6] (OUT)
  -------------------------------------------------------------------    -------------------





--------------------------------------------------------------------------------------
Path Group:  (none)
From Clock:  
  To Clock:  CPUCLK

Max Delay         17062 Endpoints
Min Delay         17062 Endpoints
--------------------------------------------------------------------------------------


Max Delay Paths
--------------------------------------------------------------------------------------
Slack:                    inf
  Source:                 nRST
                            (input port)
  Destination:            CPU/CM1/DCACHE/frames_reg[4][1][data][0][23]/CLR
                            (recovery check against rising-edge clock CPUCLK  {rise@0.000ns fall@5.000ns period=10.000ns})
  Path Group:             (none)
  Path Type:              Recovery (Max at Slow Process Corner)
  Data Path Delay:        34.455ns  (logic 1.066ns (3.095%)  route 33.389ns (96.905%))
  Logic Levels:           2  (IBUF=1 LUT1=1)
  Clock Path Skew:        6.641ns (DCD - SCD + CPR)
    Destination Clock Delay (DCD):    6.641ns
    Source Clock Delay      (SCD):    0.000ns
    Clock Pessimism Removal (CPR):    0.000ns
  Clock Uncertainty:      0.025ns  ((TSJ^2 + TIJ^2)^1/2 + DJ) / 2 + PE
    Total System Jitter     (TSJ):    0.050ns
    Total Input Jitter      (TIJ):    0.000ns
    Discrete Jitter          (DJ):    0.000ns
    Phase Error              (PE):    0.000ns

    Location             Delay type                Incr(ns)  Path(ns)    Netlist Resource(s)
  -------------------------------------------------------------------    -------------------
    N3                                                0.000     0.000 r  nRST (IN)
                         net (fo=0)                   0.000     0.000    nRST
    N3                   IBUF (Prop_ibuf_I_O)         0.942     0.942 r  nRST_IBUF_inst/O
                         net (fo=51, routed)          1.432     2.375    CPU/CM1/DCACHE/nRST_IBUF
    SLICE_X64Y35         LUT1 (Prop_lut1_I0_O)        0.124     2.499 f  CPU/CM1/DCACHE/register[31][31]_i_3/O
                         net (fo=8252, routed)       31.956    34.455    CPU/CM1/DCACHE/nRST
    SLICE_X8Y72          FDCE                                         f  CPU/CM1/DCACHE/frames_reg[4][1][data][0][23]/CLR
  -------------------------------------------------------------------    -------------------

                         (clock CPUCLK rise edge)     0.000     0.000 r  
    D18                                               0.000     0.000 r  CLK (IN)
                         net (fo=0)                   0.000     0.000    CLK
    D18                  IBUF (Prop_ibuf_I_O)         0.820     0.820 r  CLK_IBUF_inst/O
                         net (fo=1, routed)           1.868     2.688    CLK_IBUF
    BUFGCTRL_X0Y16       BUFG (Prop_bufg_I_O)         0.091     2.779 r  CLK_IBUF_BUFG_inst/O
                         net (fo=70, routed)          1.448     4.228    CLK_IBUF_BUFG
    SLICE_X39Y46         FDCE (Prop_fdce_C_Q)         0.367     4.595 r  CPUCLK_reg/Q
                         net (fo=2, routed)           0.529     5.124    CPUCLK
    BUFGCTRL_X0Y0        BUFG (Prop_bufg_I_O)         0.091     5.215 r  CPUCLK_BUFG_inst/O
                         net (fo=8214, routed)        1.426     6.641    CPU/CM1/DCACHE/CPUCLK_BUFG
    SLICE_X8Y72          FDCE                                         r  CPU/CM1/DCACHE/frames_reg[4][1][data][0][23]/C

Slack:                    inf
  Source:                 nRST
                            (input port)
  Destination:            CPU/CM1/DCACHE/frames_reg[7][1][data][1][20]/CLR
                            (recovery check against rising-edge clock CPUCLK  {rise@0.000ns fall@5.000ns period=10.000ns})
  Path Group:             (none)
  Path Type:              Recovery (Max at Slow Process Corner)
  Data Path Delay:        34.455ns  (logic 1.066ns (3.095%)  route 33.389ns (96.905%))
  Logic Levels:           2  (IBUF=1 LUT1=1)
  Clock Path Skew:        6.641ns (DCD - SCD + CPR)
    Destination Clock Delay (DCD):    6.641ns
    Source Clock Delay      (SCD):    0.000ns
    Clock Pessimism Removal (CPR):    0.000ns
  Clock Uncertainty:      0.025ns  ((TSJ^2 + TIJ^2)^1/2 + DJ) / 2 + PE
    Total System Jitter     (TSJ):    0.050ns
    Total Input Jitter      (TIJ):    0.000ns
    Discrete Jitter          (DJ):    0.000ns
    Phase Error              (PE):    0.000ns

    Location             Delay type                Incr(ns)  Path(ns)    Netlist Resource(s)
  -------------------------------------------------------------------    -------------------
    N3                                                0.000     0.000 r  nRST (IN)
                         net (fo=0)                   0.000     0.000    nRST
    N3                   IBUF (Prop_ibuf_I_O)         0.942     0.942 r  nRST_IBUF_inst/O
                         net (fo=51, routed)          1.432     2.375    CPU/CM1/DCACHE/nRST_IBUF
    SLICE_X64Y35         LUT1 (Prop_lut1_I0_O)        0.124     2.499 f  CPU/CM1/DCACHE/register[31][31]_i_3/O
                         net (fo=8252, routed)       31.956    34.455    CPU/CM1/DCACHE/nRST
    SLICE_X9Y72          FDCE                                         f  CPU/CM1/DCACHE/frames_reg[7][1][data][1][20]/CLR
  -------------------------------------------------------------------    -------------------

                         (clock CPUCLK rise edge)     0.000     0.000 r  
    D18                                               0.000     0.000 r  CLK (IN)
                         net (fo=0)                   0.000     0.000    CLK
    D18                  IBUF (Prop_ibuf_I_O)         0.820     0.820 r  CLK_IBUF_inst/O
                         net (fo=1, routed)           1.868     2.688    CLK_IBUF
    BUFGCTRL_X0Y16       BUFG (Prop_bufg_I_O)         0.091     2.779 r  CLK_IBUF_BUFG_inst/O
                         net (fo=70, routed)          1.448     4.228    CLK_IBUF_BUFG
    SLICE_X39Y46         FDCE (Prop_fdce_C_Q)         0.367     4.595 r  CPUCLK_reg/Q
                         net (fo=2, routed)           0.529     5.124    CPUCLK
    BUFGCTRL_X0Y0        BUFG (Prop_bufg_I_O)         0.091     5.215 r  CPUCLK_BUFG_inst/O
                         net (fo=8214, routed)        1.426     6.641    CPU/CM1/DCACHE/CPUCLK_BUFG
    SLICE_X9Y72          FDCE                                         r  CPU/CM1/DCACHE/frames_reg[7][1][data][1][20]/C

Slack:                    inf
  Source:                 nRST
                            (input port)
  Destination:            CPU/CM1/DCACHE/frames_reg[7][1][data][1][25]/CLR
                            (recovery check against rising-edge clock CPUCLK  {rise@0.000ns fall@5.000ns period=10.000ns})
  Path Group:             (none)
  Path Type:              Recovery (Max at Slow Process Corner)
  Data Path Delay:        34.455ns  (logic 1.066ns (3.095%)  route 33.389ns (96.905%))
  Logic Levels:           2  (IBUF=1 LUT1=1)
  Clock Path Skew:        6.641ns (DCD - SCD + CPR)
    Destination Clock Delay (DCD):    6.641ns
    Source Clock Delay      (SCD):    0.000ns
    Clock Pessimism Removal (CPR):    0.000ns
  Clock Uncertainty:      0.025ns  ((TSJ^2 + TIJ^2)^1/2 + DJ) / 2 + PE
    Total System Jitter     (TSJ):    0.050ns
    Total Input Jitter      (TIJ):    0.000ns
    Discrete Jitter          (DJ):    0.000ns
    Phase Error              (PE):    0.000ns

    Location             Delay type                Incr(ns)  Path(ns)    Netlist Resource(s)
  -------------------------------------------------------------------    -------------------
    N3                                                0.000     0.000 r  nRST (IN)
                         net (fo=0)                   0.000     0.000    nRST
    N3                   IBUF (Prop_ibuf_I_O)         0.942     0.942 r  nRST_IBUF_inst/O
                         net (fo=51, routed)          1.432     2.375    CPU/CM1/DCACHE/nRST_IBUF
    SLICE_X64Y35         LUT1 (Prop_lut1_I0_O)        0.124     2.499 f  CPU/CM1/DCACHE/register[31][31]_i_3/O
                         net (fo=8252, routed)       31.956    34.455    CPU/CM1/DCACHE/nRST
    SLICE_X9Y72          FDCE                                         f  CPU/CM1/DCACHE/frames_reg[7][1][data][1][25]/CLR
  -------------------------------------------------------------------    -------------------

                         (clock CPUCLK rise edge)     0.000     0.000 r  
    D18                                               0.000     0.000 r  CLK (IN)
                         net (fo=0)                   0.000     0.000    CLK
    D18                  IBUF (Prop_ibuf_I_O)         0.820     0.820 r  CLK_IBUF_inst/O
                         net (fo=1, routed)           1.868     2.688    CLK_IBUF
    BUFGCTRL_X0Y16       BUFG (Prop_bufg_I_O)         0.091     2.779 r  CLK_IBUF_BUFG_inst/O
                         net (fo=70, routed)          1.448     4.228    CLK_IBUF_BUFG
    SLICE_X39Y46         FDCE (Prop_fdce_C_Q)         0.367     4.595 r  CPUCLK_reg/Q
                         net (fo=2, routed)           0.529     5.124    CPUCLK
    BUFGCTRL_X0Y0        BUFG (Prop_bufg_I_O)         0.091     5.215 r  CPUCLK_BUFG_inst/O
                         net (fo=8214, routed)        1.426     6.641    CPU/CM1/DCACHE/CPUCLK_BUFG
    SLICE_X9Y72          FDCE                                         r  CPU/CM1/DCACHE/frames_reg[7][1][data][1][25]/C

Slack:                    inf
  Source:                 nRST
                            (input port)
  Destination:            CPU/CM1/DCACHE/frames_reg[7][1][data][1][29]/CLR
                            (recovery check against rising-edge clock CPUCLK  {rise@0.000ns fall@5.000ns period=10.000ns})
  Path Group:             (none)
  Path Type:              Recovery (Max at Slow Process Corner)
  Data Path Delay:        34.455ns  (logic 1.066ns (3.095%)  route 33.389ns (96.905%))
  Logic Levels:           2  (IBUF=1 LUT1=1)
  Clock Path Skew:        6.641ns (DCD - SCD + CPR)
    Destination Clock Delay (DCD):    6.641ns
    Source Clock Delay      (SCD):    0.000ns
    Clock Pessimism Removal (CPR):    0.000ns
  Clock Uncertainty:      0.025ns  ((TSJ^2 + TIJ^2)^1/2 + DJ) / 2 + PE
    Total System Jitter     (TSJ):    0.050ns
    Total Input Jitter      (TIJ):    0.000ns
    Discrete Jitter          (DJ):    0.000ns
    Phase Error              (PE):    0.000ns

    Location             Delay type                Incr(ns)  Path(ns)    Netlist Resource(s)
  -------------------------------------------------------------------    -------------------
    N3                                                0.000     0.000 r  nRST (IN)
                         net (fo=0)                   0.000     0.000    nRST
    N3                   IBUF (Prop_ibuf_I_O)         0.942     0.942 r  nRST_IBUF_inst/O
                         net (fo=51, routed)          1.432     2.375    CPU/CM1/DCACHE/nRST_IBUF
    SLICE_X64Y35         LUT1 (Prop_lut1_I0_O)        0.124     2.499 f  CPU/CM1/DCACHE/register[31][31]_i_3/O
                         net (fo=8252, routed)       31.956    34.455    CPU/CM1/DCACHE/nRST
    SLICE_X9Y72          FDCE                                         f  CPU/CM1/DCACHE/frames_reg[7][1][data][1][29]/CLR
  -------------------------------------------------------------------    -------------------

                         (clock CPUCLK rise edge)     0.000     0.000 r  
    D18                                               0.000     0.000 r  CLK (IN)
                         net (fo=0)                   0.000     0.000    CLK
    D18                  IBUF (Prop_ibuf_I_O)         0.820     0.820 r  CLK_IBUF_inst/O
                         net (fo=1, routed)           1.868     2.688    CLK_IBUF
    BUFGCTRL_X0Y16       BUFG (Prop_bufg_I_O)         0.091     2.779 r  CLK_IBUF_BUFG_inst/O
                         net (fo=70, routed)          1.448     4.228    CLK_IBUF_BUFG
    SLICE_X39Y46         FDCE (Prop_fdce_C_Q)         0.367     4.595 r  CPUCLK_reg/Q
                         net (fo=2, routed)           0.529     5.124    CPUCLK
    BUFGCTRL_X0Y0        BUFG (Prop_bufg_I_O)         0.091     5.215 r  CPUCLK_BUFG_inst/O
                         net (fo=8214, routed)        1.426     6.641    CPU/CM1/DCACHE/CPUCLK_BUFG
    SLICE_X9Y72          FDCE                                         r  CPU/CM1/DCACHE/frames_reg[7][1][data][1][29]/C

Slack:                    inf
  Source:                 nRST
                            (input port)
  Destination:            CPU/CM1/DCACHE/frames_reg[7][1][data][1][6]/CLR
                            (recovery check against rising-edge clock CPUCLK  {rise@0.000ns fall@5.000ns period=10.000ns})
  Path Group:             (none)
  Path Type:              Recovery (Max at Slow Process Corner)
  Data Path Delay:        34.455ns  (logic 1.066ns (3.095%)  route 33.389ns (96.905%))
  Logic Levels:           2  (IBUF=1 LUT1=1)
  Clock Path Skew:        6.641ns (DCD - SCD + CPR)
    Destination Clock Delay (DCD):    6.641ns
    Source Clock Delay      (SCD):    0.000ns
    Clock Pessimism Removal (CPR):    0.000ns
  Clock Uncertainty:      0.025ns  ((TSJ^2 + TIJ^2)^1/2 + DJ) / 2 + PE
    Total System Jitter     (TSJ):    0.050ns
    Total Input Jitter      (TIJ):    0.000ns
    Discrete Jitter          (DJ):    0.000ns
    Phase Error              (PE):    0.000ns

    Location             Delay type                Incr(ns)  Path(ns)    Netlist Resource(s)
  -------------------------------------------------------------------    -------------------
    N3                                                0.000     0.000 r  nRST (IN)
                         net (fo=0)                   0.000     0.000    nRST
    N3                   IBUF (Prop_ibuf_I_O)         0.942     0.942 r  nRST_IBUF_inst/O
                         net (fo=51, routed)          1.432     2.375    CPU/CM1/DCACHE/nRST_IBUF
    SLICE_X64Y35         LUT1 (Prop_lut1_I0_O)        0.124     2.499 f  CPU/CM1/DCACHE/register[31][31]_i_3/O
                         net (fo=8252, routed)       31.956    34.455    CPU/CM1/DCACHE/nRST
    SLICE_X9Y72          FDCE                                         f  CPU/CM1/DCACHE/frames_reg[7][1][data][1][6]/CLR
  -------------------------------------------------------------------    -------------------

                         (clock CPUCLK rise edge)     0.000     0.000 r  
    D18                                               0.000     0.000 r  CLK (IN)
                         net (fo=0)                   0.000     0.000    CLK
    D18                  IBUF (Prop_ibuf_I_O)         0.820     0.820 r  CLK_IBUF_inst/O
                         net (fo=1, routed)           1.868     2.688    CLK_IBUF
    BUFGCTRL_X0Y16       BUFG (Prop_bufg_I_O)         0.091     2.779 r  CLK_IBUF_BUFG_inst/O
                         net (fo=70, routed)          1.448     4.228    CLK_IBUF_BUFG
    SLICE_X39Y46         FDCE (Prop_fdce_C_Q)         0.367     4.595 r  CPUCLK_reg/Q
                         net (fo=2, routed)           0.529     5.124    CPUCLK
    BUFGCTRL_X0Y0        BUFG (Prop_bufg_I_O)         0.091     5.215 r  CPUCLK_BUFG_inst/O
                         net (fo=8214, routed)        1.426     6.641    CPU/CM1/DCACHE/CPUCLK_BUFG
    SLICE_X9Y72          FDCE                                         r  CPU/CM1/DCACHE/frames_reg[7][1][data][1][6]/C

Slack:                    inf
  Source:                 nRST
                            (input port)
  Destination:            CPU/CM1/DCACHE/frames_reg[4][0][data][1][13]/CLR
                            (recovery check against rising-edge clock CPUCLK  {rise@0.000ns fall@5.000ns period=10.000ns})
  Path Group:             (none)
  Path Type:              Recovery (Max at Slow Process Corner)
  Data Path Delay:        34.418ns  (logic 1.066ns (3.098%)  route 33.352ns (96.902%))
  Logic Levels:           2  (IBUF=1 LUT1=1)
  Clock Path Skew:        6.712ns (DCD - SCD + CPR)
    Destination Clock Delay (DCD):    6.712ns
    Source Clock Delay      (SCD):    0.000ns
    Clock Pessimism Removal (CPR):    0.000ns
  Clock Uncertainty:      0.025ns  ((TSJ^2 + TIJ^2)^1/2 + DJ) / 2 + PE
    Total System Jitter     (TSJ):    0.050ns
    Total Input Jitter      (TIJ):    0.000ns
    Discrete Jitter          (DJ):    0.000ns
    Phase Error              (PE):    0.000ns

    Location             Delay type                Incr(ns)  Path(ns)    Netlist Resource(s)
  -------------------------------------------------------------------    -------------------
    N3                                                0.000     0.000 r  nRST (IN)
                         net (fo=0)                   0.000     0.000    nRST
    N3                   IBUF (Prop_ibuf_I_O)         0.942     0.942 r  nRST_IBUF_inst/O
                         net (fo=51, routed)          1.432     2.375    CPU/CM1/DCACHE/nRST_IBUF
    SLICE_X64Y35         LUT1 (Prop_lut1_I0_O)        0.124     2.499 f  CPU/CM1/DCACHE/register[31][31]_i_3/O
                         net (fo=8252, routed)       31.919    34.418    CPU/CM1/DCACHE/nRST
    SLICE_X1Y71          FDCE                                         f  CPU/CM1/DCACHE/frames_reg[4][0][data][1][13]/CLR
  -------------------------------------------------------------------    -------------------

                         (clock CPUCLK rise edge)     0.000     0.000 r  
    D18                                               0.000     0.000 r  CLK (IN)
                         net (fo=0)                   0.000     0.000    CLK
    D18                  IBUF (Prop_ibuf_I_O)         0.820     0.820 r  CLK_IBUF_inst/O
                         net (fo=1, routed)           1.868     2.688    CLK_IBUF
    BUFGCTRL_X0Y16       BUFG (Prop_bufg_I_O)         0.091     2.779 r  CLK_IBUF_BUFG_inst/O
                         net (fo=70, routed)          1.448     4.228    CLK_IBUF_BUFG
    SLICE_X39Y46         FDCE (Prop_fdce_C_Q)         0.367     4.595 r  CPUCLK_reg/Q
                         net (fo=2, routed)           0.529     5.124    CPUCLK
    BUFGCTRL_X0Y0        BUFG (Prop_bufg_I_O)         0.091     5.215 r  CPUCLK_BUFG_inst/O
                         net (fo=8214, routed)        1.497     6.712    CPU/CM1/DCACHE/CPUCLK_BUFG
    SLICE_X1Y71          FDCE                                         r  CPU/CM1/DCACHE/frames_reg[4][0][data][1][13]/C

Slack:                    inf
  Source:                 nRST
                            (input port)
  Destination:            CPU/CM1/DCACHE/frames_reg[5][0][data][0][22]/CLR
                            (recovery check against rising-edge clock CPUCLK  {rise@0.000ns fall@5.000ns period=10.000ns})
  Path Group:             (none)
  Path Type:              Recovery (Max at Slow Process Corner)
  Data Path Delay:        34.307ns  (logic 1.066ns (3.108%)  route 33.240ns (96.892%))
  Logic Levels:           2  (IBUF=1 LUT1=1)
  Clock Path Skew:        6.640ns (DCD - SCD + CPR)
    Destination Clock Delay (DCD):    6.640ns
    Source Clock Delay      (SCD):    0.000ns
    Clock Pessimism Removal (CPR):    0.000ns
  Clock Uncertainty:      0.025ns  ((TSJ^2 + TIJ^2)^1/2 + DJ) / 2 + PE
    Total System Jitter     (TSJ):    0.050ns
    Total Input Jitter      (TIJ):    0.000ns
    Discrete Jitter          (DJ):    0.000ns
    Phase Error              (PE):    0.000ns

    Location             Delay type                Incr(ns)  Path(ns)    Netlist Resource(s)
  -------------------------------------------------------------------    -------------------
    N3                                                0.000     0.000 r  nRST (IN)
                         net (fo=0)                   0.000     0.000    nRST
    N3                   IBUF (Prop_ibuf_I_O)         0.942     0.942 r  nRST_IBUF_inst/O
                         net (fo=51, routed)          1.432     2.375    CPU/CM1/DCACHE/nRST_IBUF
    SLICE_X64Y35         LUT1 (Prop_lut1_I0_O)        0.124     2.499 f  CPU/CM1/DCACHE/register[31][31]_i_3/O
                         net (fo=8252, routed)       31.808    34.307    CPU/CM1/DCACHE/nRST
    SLICE_X9Y73          FDCE                                         f  CPU/CM1/DCACHE/frames_reg[5][0][data][0][22]/CLR
  -------------------------------------------------------------------    -------------------

                         (clock CPUCLK rise edge)     0.000     0.000 r  
    D18                                               0.000     0.000 r  CLK (IN)
                         net (fo=0)                   0.000     0.000    CLK
    D18                  IBUF (Prop_ibuf_I_O)         0.820     0.820 r  CLK_IBUF_inst/O
                         net (fo=1, routed)           1.868     2.688    CLK_IBUF
    BUFGCTRL_X0Y16       BUFG (Prop_bufg_I_O)         0.091     2.779 r  CLK_IBUF_BUFG_inst/O
                         net (fo=70, routed)          1.448     4.228    CLK_IBUF_BUFG
    SLICE_X39Y46         FDCE (Prop_fdce_C_Q)         0.367     4.595 r  CPUCLK_reg/Q
                         net (fo=2, routed)           0.529     5.124    CPUCLK
    BUFGCTRL_X0Y0        BUFG (Prop_bufg_I_O)         0.091     5.215 r  CPUCLK_BUFG_inst/O
                         net (fo=8214, routed)        1.425     6.640    CPU/CM1/DCACHE/CPUCLK_BUFG
    SLICE_X9Y73          FDCE                                         r  CPU/CM1/DCACHE/frames_reg[5][0][data][0][22]/C

Slack:                    inf
  Source:                 nRST
                            (input port)
  Destination:            CPU/CM1/DCACHE/frames_reg[5][0][data][0][25]/CLR
                            (recovery check against rising-edge clock CPUCLK  {rise@0.000ns fall@5.000ns period=10.000ns})
  Path Group:             (none)
  Path Type:              Recovery (Max at Slow Process Corner)
  Data Path Delay:        34.307ns  (logic 1.066ns (3.108%)  route 33.240ns (96.892%))
  Logic Levels:           2  (IBUF=1 LUT1=1)
  Clock Path Skew:        6.640ns (DCD - SCD + CPR)
    Destination Clock Delay (DCD):    6.640ns
    Source Clock Delay      (SCD):    0.000ns
    Clock Pessimism Removal (CPR):    0.000ns
  Clock Uncertainty:      0.025ns  ((TSJ^2 + TIJ^2)^1/2 + DJ) / 2 + PE
    Total System Jitter     (TSJ):    0.050ns
    Total Input Jitter      (TIJ):    0.000ns
    Discrete Jitter          (DJ):    0.000ns
    Phase Error              (PE):    0.000ns

    Location             Delay type                Incr(ns)  Path(ns)    Netlist Resource(s)
  -------------------------------------------------------------------    -------------------
    N3                                                0.000     0.000 r  nRST (IN)
                         net (fo=0)                   0.000     0.000    nRST
    N3                   IBUF (Prop_ibuf_I_O)         0.942     0.942 r  nRST_IBUF_inst/O
                         net (fo=51, routed)          1.432     2.375    CPU/CM1/DCACHE/nRST_IBUF
    SLICE_X64Y35         LUT1 (Prop_lut1_I0_O)        0.124     2.499 f  CPU/CM1/DCACHE/register[31][31]_i_3/O
                         net (fo=8252, routed)       31.808    34.307    CPU/CM1/DCACHE/nRST
    SLICE_X9Y73          FDCE                                         f  CPU/CM1/DCACHE/frames_reg[5][0][data][0][25]/CLR
  -------------------------------------------------------------------    -------------------

                         (clock CPUCLK rise edge)     0.000     0.000 r  
    D18                                               0.000     0.000 r  CLK (IN)
                         net (fo=0)                   0.000     0.000    CLK
    D18                  IBUF (Prop_ibuf_I_O)         0.820     0.820 r  CLK_IBUF_inst/O
                         net (fo=1, routed)           1.868     2.688    CLK_IBUF
    BUFGCTRL_X0Y16       BUFG (Prop_bufg_I_O)         0.091     2.779 r  CLK_IBUF_BUFG_inst/O
                         net (fo=70, routed)          1.448     4.228    CLK_IBUF_BUFG
    SLICE_X39Y46         FDCE (Prop_fdce_C_Q)         0.367     4.595 r  CPUCLK_reg/Q
                         net (fo=2, routed)           0.529     5.124    CPUCLK
    BUFGCTRL_X0Y0        BUFG (Prop_bufg_I_O)         0.091     5.215 r  CPUCLK_BUFG_inst/O
                         net (fo=8214, routed)        1.425     6.640    CPU/CM1/DCACHE/CPUCLK_BUFG
    SLICE_X9Y73          FDCE                                         r  CPU/CM1/DCACHE/frames_reg[5][0][data][0][25]/C

Slack:                    inf
  Source:                 nRST
                            (input port)
  Destination:            CPU/CM1/DCACHE/frames_reg[5][0][data][0][9]/CLR
                            (recovery check against rising-edge clock CPUCLK  {rise@0.000ns fall@5.000ns period=10.000ns})
  Path Group:             (none)
  Path Type:              Recovery (Max at Slow Process Corner)
  Data Path Delay:        34.307ns  (logic 1.066ns (3.108%)  route 33.240ns (96.892%))
  Logic Levels:           2  (IBUF=1 LUT1=1)
  Clock Path Skew:        6.640ns (DCD - SCD + CPR)
    Destination Clock Delay (DCD):    6.640ns
    Source Clock Delay      (SCD):    0.000ns
    Clock Pessimism Removal (CPR):    0.000ns
  Clock Uncertainty:      0.025ns  ((TSJ^2 + TIJ^2)^1/2 + DJ) / 2 + PE
    Total System Jitter     (TSJ):    0.050ns
    Total Input Jitter      (TIJ):    0.000ns
    Discrete Jitter          (DJ):    0.000ns
    Phase Error              (PE):    0.000ns

    Location             Delay type                Incr(ns)  Path(ns)    Netlist Resource(s)
  -------------------------------------------------------------------    -------------------
    N3                                                0.000     0.000 r  nRST (IN)
                         net (fo=0)                   0.000     0.000    nRST
    N3                   IBUF (Prop_ibuf_I_O)         0.942     0.942 r  nRST_IBUF_inst/O
                         net (fo=51, routed)          1.432     2.375    CPU/CM1/DCACHE/nRST_IBUF
    SLICE_X64Y35         LUT1 (Prop_lut1_I0_O)        0.124     2.499 f  CPU/CM1/DCACHE/register[31][31]_i_3/O
                         net (fo=8252, routed)       31.808    34.307    CPU/CM1/DCACHE/nRST
    SLICE_X9Y73          FDCE                                         f  CPU/CM1/DCACHE/frames_reg[5][0][data][0][9]/CLR
  -------------------------------------------------------------------    -------------------

                         (clock CPUCLK rise edge)     0.000     0.000 r  
    D18                                               0.000     0.000 r  CLK (IN)
                         net (fo=0)                   0.000     0.000    CLK
    D18                  IBUF (Prop_ibuf_I_O)         0.820     0.820 r  CLK_IBUF_inst/O
                         net (fo=1, routed)           1.868     2.688    CLK_IBUF
    BUFGCTRL_X0Y16       BUFG (Prop_bufg_I_O)         0.091     2.779 r  CLK_IBUF_BUFG_inst/O
                         net (fo=70, routed)          1.448     4.228    CLK_IBUF_BUFG
    SLICE_X39Y46         FDCE (Prop_fdce_C_Q)         0.367     4.595 r  CPUCLK_reg/Q
                         net (fo=2, routed)           0.529     5.124    CPUCLK
    BUFGCTRL_X0Y0        BUFG (Prop_bufg_I_O)         0.091     5.215 r  CPUCLK_BUFG_inst/O
                         net (fo=8214, routed)        1.425     6.640    CPU/CM1/DCACHE/CPUCLK_BUFG
    SLICE_X9Y73          FDCE                                         r  CPU/CM1/DCACHE/frames_reg[5][0][data][0][9]/C

Slack:                    inf
  Source:                 nRST
                            (input port)
  Destination:            CPU/CM1/DCACHE/frames_reg[6][1][data][1][20]/CLR
                            (recovery check against rising-edge clock CPUCLK  {rise@0.000ns fall@5.000ns period=10.000ns})
  Path Group:             (none)
  Path Type:              Recovery (Max at Slow Process Corner)
  Data Path Delay:        34.270ns  (logic 1.066ns (3.111%)  route 33.204ns (96.889%))
  Logic Levels:           2  (IBUF=1 LUT1=1)
  Clock Path Skew:        6.710ns (DCD - SCD + CPR)
    Destination Clock Delay (DCD):    6.710ns
    Source Clock Delay      (SCD):    0.000ns
    Clock Pessimism Removal (CPR):    0.000ns
  Clock Uncertainty:      0.025ns  ((TSJ^2 + TIJ^2)^1/2 + DJ) / 2 + PE
    Total System Jitter     (TSJ):    0.050ns
    Total Input Jitter      (TIJ):    0.000ns
    Discrete Jitter          (DJ):    0.000ns
    Phase Error              (PE):    0.000ns

    Location             Delay type                Incr(ns)  Path(ns)    Netlist Resource(s)
  -------------------------------------------------------------------    -------------------
    N3                                                0.000     0.000 r  nRST (IN)
                         net (fo=0)                   0.000     0.000    nRST
    N3                   IBUF (Prop_ibuf_I_O)         0.942     0.942 r  nRST_IBUF_inst/O
                         net (fo=51, routed)          1.432     2.375    CPU/CM1/DCACHE/nRST_IBUF
    SLICE_X64Y35         LUT1 (Prop_lut1_I0_O)        0.124     2.499 f  CPU/CM1/DCACHE/register[31][31]_i_3/O
                         net (fo=8252, routed)       31.772    34.270    CPU/CM1/DCACHE/nRST
    SLICE_X1Y72          FDCE                                         f  CPU/CM1/DCACHE/frames_reg[6][1][data][1][20]/CLR
  -------------------------------------------------------------------    -------------------

                         (clock CPUCLK rise edge)     0.000     0.000 r  
    D18                                               0.000     0.000 r  CLK (IN)
                         net (fo=0)                   0.000     0.000    CLK
    D18                  IBUF (Prop_ibuf_I_O)         0.820     0.820 r  CLK_IBUF_inst/O
                         net (fo=1, routed)           1.868     2.688    CLK_IBUF
    BUFGCTRL_X0Y16       BUFG (Prop_bufg_I_O)         0.091     2.779 r  CLK_IBUF_BUFG_inst/O
                         net (fo=70, routed)          1.448     4.228    CLK_IBUF_BUFG
    SLICE_X39Y46         FDCE (Prop_fdce_C_Q)         0.367     4.595 r  CPUCLK_reg/Q
                         net (fo=2, routed)           0.529     5.124    CPUCLK
    BUFGCTRL_X0Y0        BUFG (Prop_bufg_I_O)         0.091     5.215 r  CPUCLK_BUFG_inst/O
                         net (fo=8214, routed)        1.495     6.710    CPU/CM1/DCACHE/CPUCLK_BUFG
    SLICE_X1Y72          FDCE                                         r  CPU/CM1/DCACHE/frames_reg[6][1][data][1][20]/C





Min Delay Paths
--------------------------------------------------------------------------------------
Slack:                    inf
  Source:                 CPU/CM0/DCACHE/snoop_stateReg_reg[2]/G
                            (positive level-sensitive latch)
  Destination:            CPU/CM0/DCACHE/state_reg[2]/D
                            (rising edge-triggered cell FDCE clocked by CPUCLK  {rise@0.000ns fall@5.000ns period=10.000ns})
  Path Group:             (none)
  Path Type:              Hold (Min at Fast Process Corner)
  Data Path Delay:        0.958ns  (logic 0.223ns (23.277%)  route 0.735ns (76.723%))
  Logic Levels:           2  (LDCE=1 LUT5=1)
  Clock Uncertainty:      0.025ns  ((TSJ^2 + TIJ^2)^1/2 + DJ) / 2 + PE
    Total System Jitter     (TSJ):    0.050ns
    Total Input Jitter      (TIJ):    0.000ns
    Discrete Jitter          (DJ):    0.000ns
    Phase Error              (PE):    0.000ns

    Location             Delay type                Incr(ns)  Path(ns)    Netlist Resource(s)
  -------------------------------------------------------------------    -------------------
    SLICE_X60Y56         LDCE                         0.000     0.000 r  CPU/CM0/DCACHE/snoop_stateReg_reg[2]/G
    SLICE_X60Y56         LDCE (EnToQ_ldce_G_Q)        0.178     0.178 r  CPU/CM0/DCACHE/snoop_stateReg_reg[2]/Q
                         net (fo=1, routed)           0.190     0.368    CPU/CM0/DCACHE/snoop_stateReg[2]
    SLICE_X60Y56         LUT5 (Prop_lut5_I0_O)        0.045     0.413 r  CPU/CM0/DCACHE/state[2]_i_1/O
                         net (fo=1, routed)           0.545     0.958    CPU/CM0/DCACHE/state_nxt[2]
    SLICE_X47Y58         FDCE                                         r  CPU/CM0/DCACHE/state_reg[2]/D
  -------------------------------------------------------------------    -------------------

                         (clock CPUCLK rise edge)     0.000     0.000 r  
    D18                                               0.000     0.000 r  CLK (IN)
                         net (fo=0)                   0.000     0.000    CLK
    D18                  IBUF (Prop_ibuf_I_O)         0.372     0.372 r  CLK_IBUF_inst/O
                         net (fo=1, routed)           0.689     1.060    CLK_IBUF
    BUFGCTRL_X0Y16       BUFG (Prop_bufg_I_O)         0.029     1.089 r  CLK_IBUF_BUFG_inst/O
                         net (fo=70, routed)          0.834     1.923    CLK_IBUF_BUFG
    SLICE_X39Y46         FDCE (Prop_fdce_C_Q)         0.175     2.098 r  CPUCLK_reg/Q
                         net (fo=2, routed)           0.261     2.359    CPUCLK
    BUFGCTRL_X0Y0        BUFG (Prop_bufg_I_O)         0.029     2.388 r  CPUCLK_BUFG_inst/O
                         net (fo=8214, routed)        0.831     3.219    CPU/CM0/DCACHE/CPUCLK_BUFG
    SLICE_X47Y58         FDCE                                         r  CPU/CM0/DCACHE/state_reg[2]/C

Slack:                    inf
  Source:                 CPU/CM0/DCACHE/snoop_stateReg_reg[0]/G
                            (positive level-sensitive latch)
  Destination:            CPU/CM0/DCACHE/state_reg[0]/D
                            (rising edge-triggered cell FDCE clocked by CPUCLK  {rise@0.000ns fall@5.000ns period=10.000ns})
  Path Group:             (none)
  Path Type:              Hold (Min at Fast Process Corner)
  Data Path Delay:        0.958ns  (logic 0.223ns (23.268%)  route 0.735ns (76.732%))
  Logic Levels:           2  (LDCE=1 LUT6=1)
  Clock Uncertainty:      0.025ns  ((TSJ^2 + TIJ^2)^1/2 + DJ) / 2 + PE
    Total System Jitter     (TSJ):    0.050ns
    Total Input Jitter      (TIJ):    0.000ns
    Discrete Jitter          (DJ):    0.000ns
    Phase Error              (PE):    0.000ns

    Location             Delay type                Incr(ns)  Path(ns)    Netlist Resource(s)
  -------------------------------------------------------------------    -------------------
    SLICE_X60Y56         LDCE                         0.000     0.000 r  CPU/CM0/DCACHE/snoop_stateReg_reg[0]/G
    SLICE_X60Y56         LDCE (EnToQ_ldce_G_Q)        0.178     0.178 r  CPU/CM0/DCACHE/snoop_stateReg_reg[0]/Q
                         net (fo=1, routed)           0.163     0.341    CPU/CM0/DCACHE/snoop_stateReg[0]
    SLICE_X60Y56         LUT6 (Prop_lut6_I3_O)        0.045     0.386 r  CPU/CM0/DCACHE/state[0]_i_1/O
                         net (fo=1, routed)           0.572     0.958    CPU/CM0/DCACHE/state_nxt[0]
    SLICE_X43Y56         FDCE                                         r  CPU/CM0/DCACHE/state_reg[0]/D
  -------------------------------------------------------------------    -------------------

                         (clock CPUCLK rise edge)     0.000     0.000 r  
    D18                                               0.000     0.000 r  CLK (IN)
                         net (fo=0)                   0.000     0.000    CLK
    D18                  IBUF (Prop_ibuf_I_O)         0.372     0.372 r  CLK_IBUF_inst/O
                         net (fo=1, routed)           0.689     1.060    CLK_IBUF
    BUFGCTRL_X0Y16       BUFG (Prop_bufg_I_O)         0.029     1.089 r  CLK_IBUF_BUFG_inst/O
                         net (fo=70, routed)          0.834     1.923    CLK_IBUF_BUFG
    SLICE_X39Y46         FDCE (Prop_fdce_C_Q)         0.175     2.098 r  CPUCLK_reg/Q
                         net (fo=2, routed)           0.261     2.359    CPUCLK
    BUFGCTRL_X0Y0        BUFG (Prop_bufg_I_O)         0.029     2.388 r  CPUCLK_BUFG_inst/O
                         net (fo=8214, routed)        0.831     3.219    CPU/CM0/DCACHE/CPUCLK_BUFG
    SLICE_X43Y56         FDCE                                         r  CPU/CM0/DCACHE/state_reg[0]/C

Slack:                    inf
  Source:                 nRST
                            (input port)
  Destination:            CPU/DP0/REGF/register_reg[21][12]/CLR
                            (removal check against rising-edge clock CPUCLK  {rise@0.000ns fall@5.000ns period=10.000ns})
  Path Group:             (none)
  Path Type:              Removal (Min at Fast Process Corner)
  Data Path Delay:        0.970ns  (logic 0.216ns (22.298%)  route 0.754ns (77.702%))
  Logic Levels:           2  (IBUF=1 LUT1=1)
  Clock Path Skew:        3.249ns (DCD - SCD - CPR)
    Destination Clock Delay (DCD):    3.249ns = ( 8.249 - 5.000 ) 
    Source Clock Delay      (SCD):    0.000ns
    Clock Pessimism Removal (CPR):    -0.000ns

    Location             Delay type                Incr(ns)  Path(ns)    Netlist Resource(s)
  -------------------------------------------------------------------    -------------------
    N3                                                0.000     0.000 r  nRST (IN)
                         net (fo=0)                   0.000     0.000    nRST
    N3                   IBUF (Prop_ibuf_I_O)         0.171     0.171 r  nRST_IBUF_inst/O
                         net (fo=51, routed)          0.558     0.730    CPU/CM1/DCACHE/nRST_IBUF
    SLICE_X64Y35         LUT1 (Prop_lut1_I0_O)        0.045     0.775 f  CPU/CM1/DCACHE/register[31][31]_i_3/O
                         net (fo=8252, routed)        0.196     0.970    CPU/DP0/REGF/register_reg[1][0]_0
    SLICE_X65Y35         FDCE                                         f  CPU/DP0/REGF/register_reg[21][12]/CLR
  -------------------------------------------------------------------    -------------------

                         (clock CPUCLK fall edge)     5.000     5.000 r  
    D18                                               0.000     5.000 r  CLK (IN)
                         net (fo=0)                   0.000     5.000    CLK
    D18                  IBUF (Prop_ibuf_I_O)         0.372     5.372 r  CLK_IBUF_inst/O
                         net (fo=1, routed)           0.689     6.060    CLK_IBUF
    BUFGCTRL_X0Y16       BUFG (Prop_bufg_I_O)         0.029     6.089 r  CLK_IBUF_BUFG_inst/O
                         net (fo=70, routed)          0.834     6.923    CLK_IBUF_BUFG
    SLICE_X39Y46         FDCE (Prop_fdce_C_Q)         0.175     7.098 f  CPUCLK_reg/Q
                         net (fo=2, routed)           0.261     7.359    CPUCLK
    BUFGCTRL_X0Y0        BUFG (Prop_bufg_I_O)         0.029     7.388 f  CPUCLK_BUFG_inst/O
                         net (fo=8214, routed)        0.861     8.249    CPU/DP0/REGF/CPUCLK_BUFG
    SLICE_X65Y35         FDCE                                         r  CPU/DP0/REGF/register_reg[21][12]/C  (IS_INVERTED)

Slack:                    inf
  Source:                 nRST
                            (input port)
  Destination:            CPU/DP0/REGF/register_reg[5][11]/CLR
                            (removal check against rising-edge clock CPUCLK  {rise@0.000ns fall@5.000ns period=10.000ns})
  Path Group:             (none)
  Path Type:              Removal (Min at Fast Process Corner)
  Data Path Delay:        0.970ns  (logic 0.216ns (22.298%)  route 0.754ns (77.702%))
  Logic Levels:           2  (IBUF=1 LUT1=1)
  Clock Path Skew:        3.249ns (DCD - SCD - CPR)
    Destination Clock Delay (DCD):    3.249ns = ( 8.249 - 5.000 ) 
    Source Clock Delay      (SCD):    0.000ns
    Clock Pessimism Removal (CPR):    -0.000ns

    Location             Delay type                Incr(ns)  Path(ns)    Netlist Resource(s)
  -------------------------------------------------------------------    -------------------
    N3                                                0.000     0.000 r  nRST (IN)
                         net (fo=0)                   0.000     0.000    nRST
    N3                   IBUF (Prop_ibuf_I_O)         0.171     0.171 r  nRST_IBUF_inst/O
                         net (fo=51, routed)          0.558     0.730    CPU/CM1/DCACHE/nRST_IBUF
    SLICE_X64Y35         LUT1 (Prop_lut1_I0_O)        0.045     0.775 f  CPU/CM1/DCACHE/register[31][31]_i_3/O
                         net (fo=8252, routed)        0.196     0.970    CPU/DP0/REGF/register_reg[1][0]_0
    SLICE_X64Y35         FDCE                                         f  CPU/DP0/REGF/register_reg[5][11]/CLR
  -------------------------------------------------------------------    -------------------

                         (clock CPUCLK fall edge)     5.000     5.000 r  
    D18                                               0.000     5.000 r  CLK (IN)
                         net (fo=0)                   0.000     5.000    CLK
    D18                  IBUF (Prop_ibuf_I_O)         0.372     5.372 r  CLK_IBUF_inst/O
                         net (fo=1, routed)           0.689     6.060    CLK_IBUF
    BUFGCTRL_X0Y16       BUFG (Prop_bufg_I_O)         0.029     6.089 r  CLK_IBUF_BUFG_inst/O
                         net (fo=70, routed)          0.834     6.923    CLK_IBUF_BUFG
    SLICE_X39Y46         FDCE (Prop_fdce_C_Q)         0.175     7.098 f  CPUCLK_reg/Q
                         net (fo=2, routed)           0.261     7.359    CPUCLK
    BUFGCTRL_X0Y0        BUFG (Prop_bufg_I_O)         0.029     7.388 f  CPUCLK_BUFG_inst/O
                         net (fo=8214, routed)        0.861     8.249    CPU/DP0/REGF/CPUCLK_BUFG
    SLICE_X64Y35         FDCE                                         r  CPU/DP0/REGF/register_reg[5][11]/C  (IS_INVERTED)

Slack:                    inf
  Source:                 nRST
                            (input port)
  Destination:            CPU/DP0/REGF/register_reg[5][12]/CLR
                            (removal check against rising-edge clock CPUCLK  {rise@0.000ns fall@5.000ns period=10.000ns})
  Path Group:             (none)
  Path Type:              Removal (Min at Fast Process Corner)
  Data Path Delay:        0.970ns  (logic 0.216ns (22.298%)  route 0.754ns (77.702%))
  Logic Levels:           2  (IBUF=1 LUT1=1)
  Clock Path Skew:        3.249ns (DCD - SCD - CPR)
    Destination Clock Delay (DCD):    3.249ns = ( 8.249 - 5.000 ) 
    Source Clock Delay      (SCD):    0.000ns
    Clock Pessimism Removal (CPR):    -0.000ns

    Location             Delay type                Incr(ns)  Path(ns)    Netlist Resource(s)
  -------------------------------------------------------------------    -------------------
    N3                                                0.000     0.000 r  nRST (IN)
                         net (fo=0)                   0.000     0.000    nRST
    N3                   IBUF (Prop_ibuf_I_O)         0.171     0.171 r  nRST_IBUF_inst/O
                         net (fo=51, routed)          0.558     0.730    CPU/CM1/DCACHE/nRST_IBUF
    SLICE_X64Y35         LUT1 (Prop_lut1_I0_O)        0.045     0.775 f  CPU/CM1/DCACHE/register[31][31]_i_3/O
                         net (fo=8252, routed)        0.196     0.970    CPU/DP0/REGF/register_reg[1][0]_0
    SLICE_X64Y35         FDCE                                         f  CPU/DP0/REGF/register_reg[5][12]/CLR
  -------------------------------------------------------------------    -------------------

                         (clock CPUCLK fall edge)     5.000     5.000 r  
    D18                                               0.000     5.000 r  CLK (IN)
                         net (fo=0)                   0.000     5.000    CLK
    D18                  IBUF (Prop_ibuf_I_O)         0.372     5.372 r  CLK_IBUF_inst/O
                         net (fo=1, routed)           0.689     6.060    CLK_IBUF
    BUFGCTRL_X0Y16       BUFG (Prop_bufg_I_O)         0.029     6.089 r  CLK_IBUF_BUFG_inst/O
                         net (fo=70, routed)          0.834     6.923    CLK_IBUF_BUFG
    SLICE_X39Y46         FDCE (Prop_fdce_C_Q)         0.175     7.098 f  CPUCLK_reg/Q
                         net (fo=2, routed)           0.261     7.359    CPUCLK
    BUFGCTRL_X0Y0        BUFG (Prop_bufg_I_O)         0.029     7.388 f  CPUCLK_BUFG_inst/O
                         net (fo=8214, routed)        0.861     8.249    CPU/DP0/REGF/CPUCLK_BUFG
    SLICE_X64Y35         FDCE                                         r  CPU/DP0/REGF/register_reg[5][12]/C  (IS_INVERTED)

Slack:                    inf
  Source:                 nRST
                            (input port)
  Destination:            CPU/DP0/REGF/register_reg[16][11]/CLR
                            (removal check against rising-edge clock CPUCLK  {rise@0.000ns fall@5.000ns period=10.000ns})
  Path Group:             (none)
  Path Type:              Removal (Min at Fast Process Corner)
  Data Path Delay:        1.002ns  (logic 0.216ns (21.593%)  route 0.786ns (78.407%))
  Logic Levels:           2  (IBUF=1 LUT1=1)
  Clock Path Skew:        3.247ns (DCD - SCD - CPR)
    Destination Clock Delay (DCD):    3.247ns = ( 8.247 - 5.000 ) 
    Source Clock Delay      (SCD):    0.000ns
    Clock Pessimism Removal (CPR):    -0.000ns

    Location             Delay type                Incr(ns)  Path(ns)    Netlist Resource(s)
  -------------------------------------------------------------------    -------------------
    N3                                                0.000     0.000 r  nRST (IN)
                         net (fo=0)                   0.000     0.000    nRST
    N3                   IBUF (Prop_ibuf_I_O)         0.171     0.171 r  nRST_IBUF_inst/O
                         net (fo=51, routed)          0.558     0.730    CPU/CM1/DCACHE/nRST_IBUF
    SLICE_X64Y35         LUT1 (Prop_lut1_I0_O)        0.045     0.775 f  CPU/CM1/DCACHE/register[31][31]_i_3/O
                         net (fo=8252, routed)        0.227     1.002    CPU/DP0/REGF/register_reg[1][0]_0
    SLICE_X60Y35         FDCE                                         f  CPU/DP0/REGF/register_reg[16][11]/CLR
  -------------------------------------------------------------------    -------------------

                         (clock CPUCLK fall edge)     5.000     5.000 r  
    D18                                               0.000     5.000 r  CLK (IN)
                         net (fo=0)                   0.000     5.000    CLK
    D18                  IBUF (Prop_ibuf_I_O)         0.372     5.372 r  CLK_IBUF_inst/O
                         net (fo=1, routed)           0.689     6.060    CLK_IBUF
    BUFGCTRL_X0Y16       BUFG (Prop_bufg_I_O)         0.029     6.089 r  CLK_IBUF_BUFG_inst/O
                         net (fo=70, routed)          0.834     6.923    CLK_IBUF_BUFG
    SLICE_X39Y46         FDCE (Prop_fdce_C_Q)         0.175     7.098 f  CPUCLK_reg/Q
                         net (fo=2, routed)           0.261     7.359    CPUCLK
    BUFGCTRL_X0Y0        BUFG (Prop_bufg_I_O)         0.029     7.388 f  CPUCLK_BUFG_inst/O
                         net (fo=8214, routed)        0.859     8.247    CPU/DP0/REGF/CPUCLK_BUFG
    SLICE_X60Y35         FDCE                                         r  CPU/DP0/REGF/register_reg[16][11]/C  (IS_INVERTED)

Slack:                    inf
  Source:                 nRST
                            (input port)
  Destination:            CPU/DP0/REGF/register_reg[16][12]/CLR
                            (removal check against rising-edge clock CPUCLK  {rise@0.000ns fall@5.000ns period=10.000ns})
  Path Group:             (none)
  Path Type:              Removal (Min at Fast Process Corner)
  Data Path Delay:        1.002ns  (logic 0.216ns (21.593%)  route 0.786ns (78.407%))
  Logic Levels:           2  (IBUF=1 LUT1=1)
  Clock Path Skew:        3.247ns (DCD - SCD - CPR)
    Destination Clock Delay (DCD):    3.247ns = ( 8.247 - 5.000 ) 
    Source Clock Delay      (SCD):    0.000ns
    Clock Pessimism Removal (CPR):    -0.000ns

    Location             Delay type                Incr(ns)  Path(ns)    Netlist Resource(s)
  -------------------------------------------------------------------    -------------------
    N3                                                0.000     0.000 r  nRST (IN)
                         net (fo=0)                   0.000     0.000    nRST
    N3                   IBUF (Prop_ibuf_I_O)         0.171     0.171 r  nRST_IBUF_inst/O
                         net (fo=51, routed)          0.558     0.730    CPU/CM1/DCACHE/nRST_IBUF
    SLICE_X64Y35         LUT1 (Prop_lut1_I0_O)        0.045     0.775 f  CPU/CM1/DCACHE/register[31][31]_i_3/O
                         net (fo=8252, routed)        0.227     1.002    CPU/DP0/REGF/register_reg[1][0]_0
    SLICE_X60Y35         FDCE                                         f  CPU/DP0/REGF/register_reg[16][12]/CLR
  -------------------------------------------------------------------    -------------------

                         (clock CPUCLK fall edge)     5.000     5.000 r  
    D18                                               0.000     5.000 r  CLK (IN)
                         net (fo=0)                   0.000     5.000    CLK
    D18                  IBUF (Prop_ibuf_I_O)         0.372     5.372 r  CLK_IBUF_inst/O
                         net (fo=1, routed)           0.689     6.060    CLK_IBUF
    BUFGCTRL_X0Y16       BUFG (Prop_bufg_I_O)         0.029     6.089 r  CLK_IBUF_BUFG_inst/O
                         net (fo=70, routed)          0.834     6.923    CLK_IBUF_BUFG
    SLICE_X39Y46         FDCE (Prop_fdce_C_Q)         0.175     7.098 f  CPUCLK_reg/Q
                         net (fo=2, routed)           0.261     7.359    CPUCLK
    BUFGCTRL_X0Y0        BUFG (Prop_bufg_I_O)         0.029     7.388 f  CPUCLK_BUFG_inst/O
                         net (fo=8214, routed)        0.859     8.247    CPU/DP0/REGF/CPUCLK_BUFG
    SLICE_X60Y35         FDCE                                         r  CPU/DP0/REGF/register_reg[16][12]/C  (IS_INVERTED)

Slack:                    inf
  Source:                 nRST
                            (input port)
  Destination:            CPU/DP0/REGF/register_reg[16][15]/CLR
                            (removal check against rising-edge clock CPUCLK  {rise@0.000ns fall@5.000ns period=10.000ns})
  Path Group:             (none)
  Path Type:              Removal (Min at Fast Process Corner)
  Data Path Delay:        1.002ns  (logic 0.216ns (21.593%)  route 0.786ns (78.407%))
  Logic Levels:           2  (IBUF=1 LUT1=1)
  Clock Path Skew:        3.247ns (DCD - SCD - CPR)
    Destination Clock Delay (DCD):    3.247ns = ( 8.247 - 5.000 ) 
    Source Clock Delay      (SCD):    0.000ns
    Clock Pessimism Removal (CPR):    -0.000ns

    Location             Delay type                Incr(ns)  Path(ns)    Netlist Resource(s)
  -------------------------------------------------------------------    -------------------
    N3                                                0.000     0.000 r  nRST (IN)
                         net (fo=0)                   0.000     0.000    nRST
    N3                   IBUF (Prop_ibuf_I_O)         0.171     0.171 r  nRST_IBUF_inst/O
                         net (fo=51, routed)          0.558     0.730    CPU/CM1/DCACHE/nRST_IBUF
    SLICE_X64Y35         LUT1 (Prop_lut1_I0_O)        0.045     0.775 f  CPU/CM1/DCACHE/register[31][31]_i_3/O
                         net (fo=8252, routed)        0.227     1.002    CPU/DP0/REGF/register_reg[1][0]_0
    SLICE_X60Y35         FDCE                                         f  CPU/DP0/REGF/register_reg[16][15]/CLR
  -------------------------------------------------------------------    -------------------

                         (clock CPUCLK fall edge)     5.000     5.000 r  
    D18                                               0.000     5.000 r  CLK (IN)
                         net (fo=0)                   0.000     5.000    CLK
    D18                  IBUF (Prop_ibuf_I_O)         0.372     5.372 r  CLK_IBUF_inst/O
                         net (fo=1, routed)           0.689     6.060    CLK_IBUF
    BUFGCTRL_X0Y16       BUFG (Prop_bufg_I_O)         0.029     6.089 r  CLK_IBUF_BUFG_inst/O
                         net (fo=70, routed)          0.834     6.923    CLK_IBUF_BUFG
    SLICE_X39Y46         FDCE (Prop_fdce_C_Q)         0.175     7.098 f  CPUCLK_reg/Q
                         net (fo=2, routed)           0.261     7.359    CPUCLK
    BUFGCTRL_X0Y0        BUFG (Prop_bufg_I_O)         0.029     7.388 f  CPUCLK_BUFG_inst/O
                         net (fo=8214, routed)        0.859     8.247    CPU/DP0/REGF/CPUCLK_BUFG
    SLICE_X60Y35         FDCE                                         r  CPU/DP0/REGF/register_reg[16][15]/C  (IS_INVERTED)

Slack:                    inf
  Source:                 nRST
                            (input port)
  Destination:            CPU/DP0/REGF/register_reg[16][19]/CLR
                            (removal check against rising-edge clock CPUCLK  {rise@0.000ns fall@5.000ns period=10.000ns})
  Path Group:             (none)
  Path Type:              Removal (Min at Fast Process Corner)
  Data Path Delay:        1.002ns  (logic 0.216ns (21.593%)  route 0.786ns (78.407%))
  Logic Levels:           2  (IBUF=1 LUT1=1)
  Clock Path Skew:        3.247ns (DCD - SCD - CPR)
    Destination Clock Delay (DCD):    3.247ns = ( 8.247 - 5.000 ) 
    Source Clock Delay      (SCD):    0.000ns
    Clock Pessimism Removal (CPR):    -0.000ns

    Location             Delay type                Incr(ns)  Path(ns)    Netlist Resource(s)
  -------------------------------------------------------------------    -------------------
    N3                                                0.000     0.000 r  nRST (IN)
                         net (fo=0)                   0.000     0.000    nRST
    N3                   IBUF (Prop_ibuf_I_O)         0.171     0.171 r  nRST_IBUF_inst/O
                         net (fo=51, routed)          0.558     0.730    CPU/CM1/DCACHE/nRST_IBUF
    SLICE_X64Y35         LUT1 (Prop_lut1_I0_O)        0.045     0.775 f  CPU/CM1/DCACHE/register[31][31]_i_3/O
                         net (fo=8252, routed)        0.227     1.002    CPU/DP0/REGF/register_reg[1][0]_0
    SLICE_X60Y35         FDCE                                         f  CPU/DP0/REGF/register_reg[16][19]/CLR
  -------------------------------------------------------------------    -------------------

                         (clock CPUCLK fall edge)     5.000     5.000 r  
    D18                                               0.000     5.000 r  CLK (IN)
                         net (fo=0)                   0.000     5.000    CLK
    D18                  IBUF (Prop_ibuf_I_O)         0.372     5.372 r  CLK_IBUF_inst/O
                         net (fo=1, routed)           0.689     6.060    CLK_IBUF
    BUFGCTRL_X0Y16       BUFG (Prop_bufg_I_O)         0.029     6.089 r  CLK_IBUF_BUFG_inst/O
                         net (fo=70, routed)          0.834     6.923    CLK_IBUF_BUFG
    SLICE_X39Y46         FDCE (Prop_fdce_C_Q)         0.175     7.098 f  CPUCLK_reg/Q
                         net (fo=2, routed)           0.261     7.359    CPUCLK
    BUFGCTRL_X0Y0        BUFG (Prop_bufg_I_O)         0.029     7.388 f  CPUCLK_BUFG_inst/O
                         net (fo=8214, routed)        0.859     8.247    CPU/DP0/REGF/CPUCLK_BUFG
    SLICE_X60Y35         FDCE                                         r  CPU/DP0/REGF/register_reg[16][19]/C  (IS_INVERTED)

Slack:                    inf
  Source:                 nRST
                            (input port)
  Destination:            CPU/DP0/REGF/register_reg[4][11]/CLR
                            (removal check against rising-edge clock CPUCLK  {rise@0.000ns fall@5.000ns period=10.000ns})
  Path Group:             (none)
  Path Type:              Removal (Min at Fast Process Corner)
  Data Path Delay:        1.002ns  (logic 0.216ns (21.593%)  route 0.786ns (78.407%))
  Logic Levels:           2  (IBUF=1 LUT1=1)
  Clock Path Skew:        3.247ns (DCD - SCD - CPR)
    Destination Clock Delay (DCD):    3.247ns = ( 8.247 - 5.000 ) 
    Source Clock Delay      (SCD):    0.000ns
    Clock Pessimism Removal (CPR):    -0.000ns

    Location             Delay type                Incr(ns)  Path(ns)    Netlist Resource(s)
  -------------------------------------------------------------------    -------------------
    N3                                                0.000     0.000 r  nRST (IN)
                         net (fo=0)                   0.000     0.000    nRST
    N3                   IBUF (Prop_ibuf_I_O)         0.171     0.171 r  nRST_IBUF_inst/O
                         net (fo=51, routed)          0.558     0.730    CPU/CM1/DCACHE/nRST_IBUF
    SLICE_X64Y35         LUT1 (Prop_lut1_I0_O)        0.045     0.775 f  CPU/CM1/DCACHE/register[31][31]_i_3/O
                         net (fo=8252, routed)        0.227     1.002    CPU/DP0/REGF/register_reg[1][0]_0
    SLICE_X61Y35         FDCE                                         f  CPU/DP0/REGF/register_reg[4][11]/CLR
  -------------------------------------------------------------------    -------------------

                         (clock CPUCLK fall edge)     5.000     5.000 r  
    D18                                               0.000     5.000 r  CLK (IN)
                         net (fo=0)                   0.000     5.000    CLK
    D18                  IBUF (Prop_ibuf_I_O)         0.372     5.372 r  CLK_IBUF_inst/O
                         net (fo=1, routed)           0.689     6.060    CLK_IBUF
    BUFGCTRL_X0Y16       BUFG (Prop_bufg_I_O)         0.029     6.089 r  CLK_IBUF_BUFG_inst/O
                         net (fo=70, routed)          0.834     6.923    CLK_IBUF_BUFG
    SLICE_X39Y46         FDCE (Prop_fdce_C_Q)         0.175     7.098 f  CPUCLK_reg/Q
                         net (fo=2, routed)           0.261     7.359    CPUCLK
    BUFGCTRL_X0Y0        BUFG (Prop_bufg_I_O)         0.029     7.388 f  CPUCLK_BUFG_inst/O
                         net (fo=8214, routed)        0.859     8.247    CPU/DP0/REGF/CPUCLK_BUFG
    SLICE_X61Y35         FDCE                                         r  CPU/DP0/REGF/register_reg[4][11]/C  (IS_INVERTED)





--------------------------------------------------------------------------------------
Path Group:  (none)
From Clock:  
  To Clock:  MAIN

Max Delay           606 Endpoints
Min Delay           606 Endpoints
--------------------------------------------------------------------------------------


Max Delay Paths
--------------------------------------------------------------------------------------
Slack:                    inf
  Source:                 nRST
                            (input port)
  Destination:            RAM/count_reg[0]/CLR
                            (recovery check against rising-edge clock MAIN  {rise@0.000ns fall@2.500ns period=5.000ns})
  Path Group:             (none)
  Path Type:              Recovery (Max at Slow Process Corner)
  Data Path Delay:        14.521ns  (logic 1.066ns (7.343%)  route 13.455ns (92.657%))
  Logic Levels:           2  (IBUF=1 LUT1=1)
  Clock Path Skew:        4.205ns (DCD - SCD + CPR)
    Destination Clock Delay (DCD):    4.205ns
    Source Clock Delay      (SCD):    0.000ns
    Clock Pessimism Removal (CPR):    0.000ns
  Clock Uncertainty:      0.025ns  ((TSJ^2 + TIJ^2)^1/2 + DJ) / 2 + PE
    Total System Jitter     (TSJ):    0.050ns
    Total Input Jitter      (TIJ):    0.000ns
    Discrete Jitter          (DJ):    0.000ns
    Phase Error              (PE):    0.000ns

    Location             Delay type                Incr(ns)  Path(ns)    Netlist Resource(s)
  -------------------------------------------------------------------    -------------------
    N3                                                0.000     0.000 r  nRST (IN)
                         net (fo=0)                   0.000     0.000    nRST
    N3                   IBUF (Prop_ibuf_I_O)         0.942     0.942 r  nRST_IBUF_inst/O
                         net (fo=51, routed)          1.432     2.375    CPU/CM1/DCACHE/nRST_IBUF
    SLICE_X64Y35         LUT1 (Prop_lut1_I0_O)        0.124     2.499 f  CPU/CM1/DCACHE/register[31][31]_i_3/O
                         net (fo=8252, routed)       12.022    14.521    RAM/addr_reg[31]_1
    SLICE_X34Y63         FDCE                                         f  RAM/count_reg[0]/CLR
  -------------------------------------------------------------------    -------------------

                         (clock MAIN rise edge)       0.000     0.000 r  
    D18                                               0.000     0.000 r  CLK (IN)
                         net (fo=0)                   0.000     0.000    CLK
    D18                  IBUF (Prop_ibuf_I_O)         0.820     0.820 r  CLK_IBUF_inst/O
                         net (fo=1, routed)           1.868     2.688    CLK_IBUF
    BUFGCTRL_X0Y16       BUFG (Prop_bufg_I_O)         0.091     2.779 r  CLK_IBUF_BUFG_inst/O
                         net (fo=70, routed)          1.426     4.205    RAM/CLK
    SLICE_X34Y63         FDCE                                         r  RAM/count_reg[0]/C

Slack:                    inf
  Source:                 nRST
                            (input port)
  Destination:            RAM/count_reg[1]/CLR
                            (recovery check against rising-edge clock MAIN  {rise@0.000ns fall@2.500ns period=5.000ns})
  Path Group:             (none)
  Path Type:              Recovery (Max at Slow Process Corner)
  Data Path Delay:        14.521ns  (logic 1.066ns (7.343%)  route 13.455ns (92.657%))
  Logic Levels:           2  (IBUF=1 LUT1=1)
  Clock Path Skew:        4.205ns (DCD - SCD + CPR)
    Destination Clock Delay (DCD):    4.205ns
    Source Clock Delay      (SCD):    0.000ns
    Clock Pessimism Removal (CPR):    0.000ns
  Clock Uncertainty:      0.025ns  ((TSJ^2 + TIJ^2)^1/2 + DJ) / 2 + PE
    Total System Jitter     (TSJ):    0.050ns
    Total Input Jitter      (TIJ):    0.000ns
    Discrete Jitter          (DJ):    0.000ns
    Phase Error              (PE):    0.000ns

    Location             Delay type                Incr(ns)  Path(ns)    Netlist Resource(s)
  -------------------------------------------------------------------    -------------------
    N3                                                0.000     0.000 r  nRST (IN)
                         net (fo=0)                   0.000     0.000    nRST
    N3                   IBUF (Prop_ibuf_I_O)         0.942     0.942 r  nRST_IBUF_inst/O
                         net (fo=51, routed)          1.432     2.375    CPU/CM1/DCACHE/nRST_IBUF
    SLICE_X64Y35         LUT1 (Prop_lut1_I0_O)        0.124     2.499 f  CPU/CM1/DCACHE/register[31][31]_i_3/O
                         net (fo=8252, routed)       12.022    14.521    RAM/addr_reg[31]_1
    SLICE_X34Y63         FDCE                                         f  RAM/count_reg[1]/CLR
  -------------------------------------------------------------------    -------------------

                         (clock MAIN rise edge)       0.000     0.000 r  
    D18                                               0.000     0.000 r  CLK (IN)
                         net (fo=0)                   0.000     0.000    CLK
    D18                  IBUF (Prop_ibuf_I_O)         0.820     0.820 r  CLK_IBUF_inst/O
                         net (fo=1, routed)           1.868     2.688    CLK_IBUF
    BUFGCTRL_X0Y16       BUFG (Prop_bufg_I_O)         0.091     2.779 r  CLK_IBUF_BUFG_inst/O
                         net (fo=70, routed)          1.426     4.205    RAM/CLK
    SLICE_X34Y63         FDCE                                         r  RAM/count_reg[1]/C

Slack:                    inf
  Source:                 nRST
                            (input port)
  Destination:            RAM/addr_reg[28]/CLR
                            (recovery check against rising-edge clock MAIN  {rise@0.000ns fall@2.500ns period=5.000ns})
  Path Group:             (none)
  Path Type:              Recovery (Max at Slow Process Corner)
  Data Path Delay:        14.378ns  (logic 1.066ns (7.416%)  route 13.312ns (92.584%))
  Logic Levels:           2  (IBUF=1 LUT1=1)
  Clock Path Skew:        4.207ns (DCD - SCD + CPR)
    Destination Clock Delay (DCD):    4.207ns
    Source Clock Delay      (SCD):    0.000ns
    Clock Pessimism Removal (CPR):    0.000ns
  Clock Uncertainty:      0.025ns  ((TSJ^2 + TIJ^2)^1/2 + DJ) / 2 + PE
    Total System Jitter     (TSJ):    0.050ns
    Total Input Jitter      (TIJ):    0.000ns
    Discrete Jitter          (DJ):    0.000ns
    Phase Error              (PE):    0.000ns

    Location             Delay type                Incr(ns)  Path(ns)    Netlist Resource(s)
  -------------------------------------------------------------------    -------------------
    N3                                                0.000     0.000 r  nRST (IN)
                         net (fo=0)                   0.000     0.000    nRST
    N3                   IBUF (Prop_ibuf_I_O)         0.942     0.942 r  nRST_IBUF_inst/O
                         net (fo=51, routed)          1.432     2.375    CPU/CM1/DCACHE/nRST_IBUF
    SLICE_X64Y35         LUT1 (Prop_lut1_I0_O)        0.124     2.499 f  CPU/CM1/DCACHE/register[31][31]_i_3/O
                         net (fo=8252, routed)       11.879    14.378    RAM/addr_reg[31]_1
    SLICE_X33Y62         FDCE                                         f  RAM/addr_reg[28]/CLR
  -------------------------------------------------------------------    -------------------

                         (clock MAIN rise edge)       0.000     0.000 r  
    D18                                               0.000     0.000 r  CLK (IN)
                         net (fo=0)                   0.000     0.000    CLK
    D18                  IBUF (Prop_ibuf_I_O)         0.820     0.820 r  CLK_IBUF_inst/O
                         net (fo=1, routed)           1.868     2.688    CLK_IBUF
    BUFGCTRL_X0Y16       BUFG (Prop_bufg_I_O)         0.091     2.779 r  CLK_IBUF_BUFG_inst/O
                         net (fo=70, routed)          1.428     4.207    RAM/CLK
    SLICE_X33Y62         FDCE                                         r  RAM/addr_reg[28]/C

Slack:                    inf
  Source:                 nRST
                            (input port)
  Destination:            RAM/addr_reg[30]/CLR
                            (recovery check against rising-edge clock MAIN  {rise@0.000ns fall@2.500ns period=5.000ns})
  Path Group:             (none)
  Path Type:              Recovery (Max at Slow Process Corner)
  Data Path Delay:        14.378ns  (logic 1.066ns (7.416%)  route 13.312ns (92.584%))
  Logic Levels:           2  (IBUF=1 LUT1=1)
  Clock Path Skew:        4.207ns (DCD - SCD + CPR)
    Destination Clock Delay (DCD):    4.207ns
    Source Clock Delay      (SCD):    0.000ns
    Clock Pessimism Removal (CPR):    0.000ns
  Clock Uncertainty:      0.025ns  ((TSJ^2 + TIJ^2)^1/2 + DJ) / 2 + PE
    Total System Jitter     (TSJ):    0.050ns
    Total Input Jitter      (TIJ):    0.000ns
    Discrete Jitter          (DJ):    0.000ns
    Phase Error              (PE):    0.000ns

    Location             Delay type                Incr(ns)  Path(ns)    Netlist Resource(s)
  -------------------------------------------------------------------    -------------------
    N3                                                0.000     0.000 r  nRST (IN)
                         net (fo=0)                   0.000     0.000    nRST
    N3                   IBUF (Prop_ibuf_I_O)         0.942     0.942 r  nRST_IBUF_inst/O
                         net (fo=51, routed)          1.432     2.375    CPU/CM1/DCACHE/nRST_IBUF
    SLICE_X64Y35         LUT1 (Prop_lut1_I0_O)        0.124     2.499 f  CPU/CM1/DCACHE/register[31][31]_i_3/O
                         net (fo=8252, routed)       11.879    14.378    RAM/addr_reg[31]_1
    SLICE_X33Y62         FDCE                                         f  RAM/addr_reg[30]/CLR
  -------------------------------------------------------------------    -------------------

                         (clock MAIN rise edge)       0.000     0.000 r  
    D18                                               0.000     0.000 r  CLK (IN)
                         net (fo=0)                   0.000     0.000    CLK
    D18                  IBUF (Prop_ibuf_I_O)         0.820     0.820 r  CLK_IBUF_inst/O
                         net (fo=1, routed)           1.868     2.688    CLK_IBUF
    BUFGCTRL_X0Y16       BUFG (Prop_bufg_I_O)         0.091     2.779 r  CLK_IBUF_BUFG_inst/O
                         net (fo=70, routed)          1.428     4.207    RAM/CLK
    SLICE_X33Y62         FDCE                                         r  RAM/addr_reg[30]/C

Slack:                    inf
  Source:                 nRST
                            (input port)
  Destination:            RAM/addr_reg[4]/CLR
                            (recovery check against rising-edge clock MAIN  {rise@0.000ns fall@2.500ns period=5.000ns})
  Path Group:             (none)
  Path Type:              Recovery (Max at Slow Process Corner)
  Data Path Delay:        14.378ns  (logic 1.066ns (7.416%)  route 13.312ns (92.584%))
  Logic Levels:           2  (IBUF=1 LUT1=1)
  Clock Path Skew:        4.207ns (DCD - SCD + CPR)
    Destination Clock Delay (DCD):    4.207ns
    Source Clock Delay      (SCD):    0.000ns
    Clock Pessimism Removal (CPR):    0.000ns
  Clock Uncertainty:      0.025ns  ((TSJ^2 + TIJ^2)^1/2 + DJ) / 2 + PE
    Total System Jitter     (TSJ):    0.050ns
    Total Input Jitter      (TIJ):    0.000ns
    Discrete Jitter          (DJ):    0.000ns
    Phase Error              (PE):    0.000ns

    Location             Delay type                Incr(ns)  Path(ns)    Netlist Resource(s)
  -------------------------------------------------------------------    -------------------
    N3                                                0.000     0.000 r  nRST (IN)
                         net (fo=0)                   0.000     0.000    nRST
    N3                   IBUF (Prop_ibuf_I_O)         0.942     0.942 r  nRST_IBUF_inst/O
                         net (fo=51, routed)          1.432     2.375    CPU/CM1/DCACHE/nRST_IBUF
    SLICE_X64Y35         LUT1 (Prop_lut1_I0_O)        0.124     2.499 f  CPU/CM1/DCACHE/register[31][31]_i_3/O
                         net (fo=8252, routed)       11.879    14.378    RAM/addr_reg[31]_1
    SLICE_X33Y62         FDCE                                         f  RAM/addr_reg[4]/CLR
  -------------------------------------------------------------------    -------------------

                         (clock MAIN rise edge)       0.000     0.000 r  
    D18                                               0.000     0.000 r  CLK (IN)
                         net (fo=0)                   0.000     0.000    CLK
    D18                  IBUF (Prop_ibuf_I_O)         0.820     0.820 r  CLK_IBUF_inst/O
                         net (fo=1, routed)           1.868     2.688    CLK_IBUF
    BUFGCTRL_X0Y16       BUFG (Prop_bufg_I_O)         0.091     2.779 r  CLK_IBUF_BUFG_inst/O
                         net (fo=70, routed)          1.428     4.207    RAM/CLK
    SLICE_X33Y62         FDCE                                         r  RAM/addr_reg[4]/C

Slack:                    inf
  Source:                 nRST
                            (input port)
  Destination:            RAM/en_reg[0]/PRE
                            (recovery check against rising-edge clock MAIN  {rise@0.000ns fall@2.500ns period=5.000ns})
  Path Group:             (none)
  Path Type:              Recovery (Max at Slow Process Corner)
  Data Path Delay:        14.378ns  (logic 1.066ns (7.416%)  route 13.312ns (92.584%))
  Logic Levels:           2  (IBUF=1 LUT1=1)
  Clock Path Skew:        4.207ns (DCD - SCD + CPR)
    Destination Clock Delay (DCD):    4.207ns
    Source Clock Delay      (SCD):    0.000ns
    Clock Pessimism Removal (CPR):    0.000ns
  Clock Uncertainty:      0.025ns  ((TSJ^2 + TIJ^2)^1/2 + DJ) / 2 + PE
    Total System Jitter     (TSJ):    0.050ns
    Total Input Jitter      (TIJ):    0.000ns
    Discrete Jitter          (DJ):    0.000ns
    Phase Error              (PE):    0.000ns

    Location             Delay type                Incr(ns)  Path(ns)    Netlist Resource(s)
  -------------------------------------------------------------------    -------------------
    N3                                                0.000     0.000 r  nRST (IN)
                         net (fo=0)                   0.000     0.000    nRST
    N3                   IBUF (Prop_ibuf_I_O)         0.942     0.942 r  nRST_IBUF_inst/O
                         net (fo=51, routed)          1.432     2.375    CPU/CM1/DCACHE/nRST_IBUF
    SLICE_X64Y35         LUT1 (Prop_lut1_I0_O)        0.124     2.499 f  CPU/CM1/DCACHE/register[31][31]_i_3/O
                         net (fo=8252, routed)       11.879    14.378    RAM/addr_reg[31]_1
    SLICE_X33Y62         FDPE                                         f  RAM/en_reg[0]/PRE
  -------------------------------------------------------------------    -------------------

                         (clock MAIN rise edge)       0.000     0.000 r  
    D18                                               0.000     0.000 r  CLK (IN)
                         net (fo=0)                   0.000     0.000    CLK
    D18                  IBUF (Prop_ibuf_I_O)         0.820     0.820 r  CLK_IBUF_inst/O
                         net (fo=1, routed)           1.868     2.688    CLK_IBUF
    BUFGCTRL_X0Y16       BUFG (Prop_bufg_I_O)         0.091     2.779 r  CLK_IBUF_BUFG_inst/O
                         net (fo=70, routed)          1.428     4.207    RAM/CLK
    SLICE_X33Y62         FDPE                                         r  RAM/en_reg[0]/C

Slack:                    inf
  Source:                 nRST
                            (input port)
  Destination:            RAM/addr_reg[12]/CLR
                            (recovery check against rising-edge clock MAIN  {rise@0.000ns fall@2.500ns period=5.000ns})
  Path Group:             (none)
  Path Type:              Recovery (Max at Slow Process Corner)
  Data Path Delay:        13.498ns  (logic 1.066ns (7.900%)  route 12.431ns (92.100%))
  Logic Levels:           2  (IBUF=1 LUT1=1)
  Clock Path Skew:        4.206ns (DCD - SCD + CPR)
    Destination Clock Delay (DCD):    4.206ns
    Source Clock Delay      (SCD):    0.000ns
    Clock Pessimism Removal (CPR):    0.000ns
  Clock Uncertainty:      0.025ns  ((TSJ^2 + TIJ^2)^1/2 + DJ) / 2 + PE
    Total System Jitter     (TSJ):    0.050ns
    Total Input Jitter      (TIJ):    0.000ns
    Discrete Jitter          (DJ):    0.000ns
    Phase Error              (PE):    0.000ns

    Location             Delay type                Incr(ns)  Path(ns)    Netlist Resource(s)
  -------------------------------------------------------------------    -------------------
    N3                                                0.000     0.000 r  nRST (IN)
                         net (fo=0)                   0.000     0.000    nRST
    N3                   IBUF (Prop_ibuf_I_O)         0.942     0.942 r  nRST_IBUF_inst/O
                         net (fo=51, routed)          1.432     2.375    CPU/CM1/DCACHE/nRST_IBUF
    SLICE_X64Y35         LUT1 (Prop_lut1_I0_O)        0.124     2.499 f  CPU/CM1/DCACHE/register[31][31]_i_3/O
                         net (fo=8252, routed)       10.999    13.498    RAM/addr_reg[31]_1
    SLICE_X35Y62         FDCE                                         f  RAM/addr_reg[12]/CLR
  -------------------------------------------------------------------    -------------------

                         (clock MAIN rise edge)       0.000     0.000 r  
    D18                                               0.000     0.000 r  CLK (IN)
                         net (fo=0)                   0.000     0.000    CLK
    D18                  IBUF (Prop_ibuf_I_O)         0.820     0.820 r  CLK_IBUF_inst/O
                         net (fo=1, routed)           1.868     2.688    CLK_IBUF
    BUFGCTRL_X0Y16       BUFG (Prop_bufg_I_O)         0.091     2.779 r  CLK_IBUF_BUFG_inst/O
                         net (fo=70, routed)          1.427     4.206    RAM/CLK
    SLICE_X35Y62         FDCE                                         r  RAM/addr_reg[12]/C

Slack:                    inf
  Source:                 nRST
                            (input port)
  Destination:            RAM/addr_reg[13]/CLR
                            (recovery check against rising-edge clock MAIN  {rise@0.000ns fall@2.500ns period=5.000ns})
  Path Group:             (none)
  Path Type:              Recovery (Max at Slow Process Corner)
  Data Path Delay:        13.498ns  (logic 1.066ns (7.900%)  route 12.431ns (92.100%))
  Logic Levels:           2  (IBUF=1 LUT1=1)
  Clock Path Skew:        4.206ns (DCD - SCD + CPR)
    Destination Clock Delay (DCD):    4.206ns
    Source Clock Delay      (SCD):    0.000ns
    Clock Pessimism Removal (CPR):    0.000ns
  Clock Uncertainty:      0.025ns  ((TSJ^2 + TIJ^2)^1/2 + DJ) / 2 + PE
    Total System Jitter     (TSJ):    0.050ns
    Total Input Jitter      (TIJ):    0.000ns
    Discrete Jitter          (DJ):    0.000ns
    Phase Error              (PE):    0.000ns

    Location             Delay type                Incr(ns)  Path(ns)    Netlist Resource(s)
  -------------------------------------------------------------------    -------------------
    N3                                                0.000     0.000 r  nRST (IN)
                         net (fo=0)                   0.000     0.000    nRST
    N3                   IBUF (Prop_ibuf_I_O)         0.942     0.942 r  nRST_IBUF_inst/O
                         net (fo=51, routed)          1.432     2.375    CPU/CM1/DCACHE/nRST_IBUF
    SLICE_X64Y35         LUT1 (Prop_lut1_I0_O)        0.124     2.499 f  CPU/CM1/DCACHE/register[31][31]_i_3/O
                         net (fo=8252, routed)       10.999    13.498    RAM/addr_reg[31]_1
    SLICE_X34Y62         FDCE                                         f  RAM/addr_reg[13]/CLR
  -------------------------------------------------------------------    -------------------

                         (clock MAIN rise edge)       0.000     0.000 r  
    D18                                               0.000     0.000 r  CLK (IN)
                         net (fo=0)                   0.000     0.000    CLK
    D18                  IBUF (Prop_ibuf_I_O)         0.820     0.820 r  CLK_IBUF_inst/O
                         net (fo=1, routed)           1.868     2.688    CLK_IBUF
    BUFGCTRL_X0Y16       BUFG (Prop_bufg_I_O)         0.091     2.779 r  CLK_IBUF_BUFG_inst/O
                         net (fo=70, routed)          1.427     4.206    RAM/CLK
    SLICE_X34Y62         FDCE                                         r  RAM/addr_reg[13]/C

Slack:                    inf
  Source:                 nRST
                            (input port)
  Destination:            RAM/addr_reg[14]/CLR
                            (recovery check against rising-edge clock MAIN  {rise@0.000ns fall@2.500ns period=5.000ns})
  Path Group:             (none)
  Path Type:              Recovery (Max at Slow Process Corner)
  Data Path Delay:        13.498ns  (logic 1.066ns (7.900%)  route 12.431ns (92.100%))
  Logic Levels:           2  (IBUF=1 LUT1=1)
  Clock Path Skew:        4.206ns (DCD - SCD + CPR)
    Destination Clock Delay (DCD):    4.206ns
    Source Clock Delay      (SCD):    0.000ns
    Clock Pessimism Removal (CPR):    0.000ns
  Clock Uncertainty:      0.025ns  ((TSJ^2 + TIJ^2)^1/2 + DJ) / 2 + PE
    Total System Jitter     (TSJ):    0.050ns
    Total Input Jitter      (TIJ):    0.000ns
    Discrete Jitter          (DJ):    0.000ns
    Phase Error              (PE):    0.000ns

    Location             Delay type                Incr(ns)  Path(ns)    Netlist Resource(s)
  -------------------------------------------------------------------    -------------------
    N3                                                0.000     0.000 r  nRST (IN)
                         net (fo=0)                   0.000     0.000    nRST
    N3                   IBUF (Prop_ibuf_I_O)         0.942     0.942 r  nRST_IBUF_inst/O
                         net (fo=51, routed)          1.432     2.375    CPU/CM1/DCACHE/nRST_IBUF
    SLICE_X64Y35         LUT1 (Prop_lut1_I0_O)        0.124     2.499 f  CPU/CM1/DCACHE/register[31][31]_i_3/O
                         net (fo=8252, routed)       10.999    13.498    RAM/addr_reg[31]_1
    SLICE_X35Y62         FDCE                                         f  RAM/addr_reg[14]/CLR
  -------------------------------------------------------------------    -------------------

                         (clock MAIN rise edge)       0.000     0.000 r  
    D18                                               0.000     0.000 r  CLK (IN)
                         net (fo=0)                   0.000     0.000    CLK
    D18                  IBUF (Prop_ibuf_I_O)         0.820     0.820 r  CLK_IBUF_inst/O
                         net (fo=1, routed)           1.868     2.688    CLK_IBUF
    BUFGCTRL_X0Y16       BUFG (Prop_bufg_I_O)         0.091     2.779 r  CLK_IBUF_BUFG_inst/O
                         net (fo=70, routed)          1.427     4.206    RAM/CLK
    SLICE_X35Y62         FDCE                                         r  RAM/addr_reg[14]/C

Slack:                    inf
  Source:                 nRST
                            (input port)
  Destination:            RAM/addr_reg[15]/CLR
                            (recovery check against rising-edge clock MAIN  {rise@0.000ns fall@2.500ns period=5.000ns})
  Path Group:             (none)
  Path Type:              Recovery (Max at Slow Process Corner)
  Data Path Delay:        13.498ns  (logic 1.066ns (7.900%)  route 12.431ns (92.100%))
  Logic Levels:           2  (IBUF=1 LUT1=1)
  Clock Path Skew:        4.206ns (DCD - SCD + CPR)
    Destination Clock Delay (DCD):    4.206ns
    Source Clock Delay      (SCD):    0.000ns
    Clock Pessimism Removal (CPR):    0.000ns
  Clock Uncertainty:      0.025ns  ((TSJ^2 + TIJ^2)^1/2 + DJ) / 2 + PE
    Total System Jitter     (TSJ):    0.050ns
    Total Input Jitter      (TIJ):    0.000ns
    Discrete Jitter          (DJ):    0.000ns
    Phase Error              (PE):    0.000ns

    Location             Delay type                Incr(ns)  Path(ns)    Netlist Resource(s)
  -------------------------------------------------------------------    -------------------
    N3                                                0.000     0.000 r  nRST (IN)
                         net (fo=0)                   0.000     0.000    nRST
    N3                   IBUF (Prop_ibuf_I_O)         0.942     0.942 r  nRST_IBUF_inst/O
                         net (fo=51, routed)          1.432     2.375    CPU/CM1/DCACHE/nRST_IBUF
    SLICE_X64Y35         LUT1 (Prop_lut1_I0_O)        0.124     2.499 f  CPU/CM1/DCACHE/register[31][31]_i_3/O
                         net (fo=8252, routed)       10.999    13.498    RAM/addr_reg[31]_1
    SLICE_X34Y62         FDCE                                         f  RAM/addr_reg[15]/CLR
  -------------------------------------------------------------------    -------------------

                         (clock MAIN rise edge)       0.000     0.000 r  
    D18                                               0.000     0.000 r  CLK (IN)
                         net (fo=0)                   0.000     0.000    CLK
    D18                  IBUF (Prop_ibuf_I_O)         0.820     0.820 r  CLK_IBUF_inst/O
                         net (fo=1, routed)           1.868     2.688    CLK_IBUF
    BUFGCTRL_X0Y16       BUFG (Prop_bufg_I_O)         0.091     2.779 r  CLK_IBUF_BUFG_inst/O
                         net (fo=70, routed)          1.427     4.206    RAM/CLK
    SLICE_X34Y62         FDCE                                         r  RAM/addr_reg[15]/C





Min Delay Paths
--------------------------------------------------------------------------------------
Slack:                    inf
  Source:                 dbg_addr[0]
                            (input port)
  Destination:            RAM/mem_reg_3/ADDRBWRADDR[1]
                            (rising edge-triggered cell RAMB36E1 clocked by MAIN  {rise@0.000ns fall@2.500ns period=5.000ns})
  Path Group:             (none)
  Path Type:              Hold (Min at Fast Process Corner)
  Data Path Delay:        0.695ns  (logic 0.145ns (20.901%)  route 0.549ns (79.099%))
  Logic Levels:           1  (IBUF=1)
  Clock Path Skew:        1.964ns (DCD - SCD - CPR)
    Destination Clock Delay (DCD):    1.964ns
    Source Clock Delay      (SCD):    0.000ns
    Clock Pessimism Removal (CPR):    -0.000ns

    Location             Delay type                Incr(ns)  Path(ns)    Netlist Resource(s)
  -------------------------------------------------------------------    -------------------
    K13                                               0.000     0.000 r  dbg_addr[0] (IN)
                         net (fo=0)                   0.000     0.000    dbg_addr[0]
    K13                  IBUF (Prop_ibuf_I_O)         0.145     0.145 r  dbg_addr_IBUF[0]_inst/O
                         net (fo=16, routed)          0.549     0.695    RAM/dbg_addr[0]
    RAMB36_X0Y10         RAMB36E1                                     r  RAM/mem_reg_3/ADDRBWRADDR[1]
  -------------------------------------------------------------------    -------------------

                         (clock MAIN rise edge)       0.000     0.000 r  
    D18                                               0.000     0.000 r  CLK (IN)
                         net (fo=0)                   0.000     0.000    CLK
    D18                  IBUF (Prop_ibuf_I_O)         0.372     0.372 r  CLK_IBUF_inst/O
                         net (fo=1, routed)           0.689     1.060    CLK_IBUF
    BUFGCTRL_X0Y16       BUFG (Prop_bufg_I_O)         0.029     1.089 r  CLK_IBUF_BUFG_inst/O
                         net (fo=70, routed)          0.875     1.964    RAM/CLK
    RAMB36_X0Y10         RAMB36E1                                     r  RAM/mem_reg_3/CLKBWRCLK

Slack:                    inf
  Source:                 dbg_addr[12]
                            (input port)
  Destination:            RAM/mem_reg_15/ADDRBWRADDR[13]
                            (rising edge-triggered cell RAMB36E1 clocked by MAIN  {rise@0.000ns fall@2.500ns period=5.000ns})
  Path Group:             (none)
  Path Type:              Hold (Min at Fast Process Corner)
  Data Path Delay:        0.703ns  (logic 0.156ns (22.200%)  route 0.547ns (77.800%))
  Logic Levels:           1  (IBUF=1)
  Clock Path Skew:        1.961ns (DCD - SCD - CPR)
    Destination Clock Delay (DCD):    1.961ns
    Source Clock Delay      (SCD):    0.000ns
    Clock Pessimism Removal (CPR):    -0.000ns

    Location             Delay type                Incr(ns)  Path(ns)    Netlist Resource(s)
  -------------------------------------------------------------------    -------------------
    K16                                               0.000     0.000 r  dbg_addr[12] (IN)
                         net (fo=0)                   0.000     0.000    dbg_addr[12]
    K16                  IBUF (Prop_ibuf_I_O)         0.156     0.156 r  dbg_addr_IBUF[12]_inst/O
                         net (fo=16, routed)          0.547     0.703    RAM/dbg_addr[12]
    RAMB36_X0Y12         RAMB36E1                                     r  RAM/mem_reg_15/ADDRBWRADDR[13]
  -------------------------------------------------------------------    -------------------

                         (clock MAIN rise edge)       0.000     0.000 r  
    D18                                               0.000     0.000 r  CLK (IN)
                         net (fo=0)                   0.000     0.000    CLK
    D18                  IBUF (Prop_ibuf_I_O)         0.372     0.372 r  CLK_IBUF_inst/O
                         net (fo=1, routed)           0.689     1.060    CLK_IBUF
    BUFGCTRL_X0Y16       BUFG (Prop_bufg_I_O)         0.029     1.089 r  CLK_IBUF_BUFG_inst/O
                         net (fo=70, routed)          0.872     1.961    RAM/CLK
    RAMB36_X0Y12         RAMB36E1                                     r  RAM/mem_reg_15/CLKBWRCLK

Slack:                    inf
  Source:                 dbg_addr[2]
                            (input port)
  Destination:            RAM/mem_reg_3/ADDRBWRADDR[3]
                            (rising edge-triggered cell RAMB36E1 clocked by MAIN  {rise@0.000ns fall@2.500ns period=5.000ns})
  Path Group:             (none)
  Path Type:              Hold (Min at Fast Process Corner)
  Data Path Delay:        0.714ns  (logic 0.163ns (22.812%)  route 0.551ns (77.188%))
  Logic Levels:           1  (IBUF=1)
  Clock Path Skew:        1.964ns (DCD - SCD - CPR)
    Destination Clock Delay (DCD):    1.964ns
    Source Clock Delay      (SCD):    0.000ns
    Clock Pessimism Removal (CPR):    -0.000ns

    Location             Delay type                Incr(ns)  Path(ns)    Netlist Resource(s)
  -------------------------------------------------------------------    -------------------
    J13                                               0.000     0.000 r  dbg_addr[2] (IN)
                         net (fo=0)                   0.000     0.000    dbg_addr[2]
    J13                  IBUF (Prop_ibuf_I_O)         0.163     0.163 r  dbg_addr_IBUF[2]_inst/O
                         net (fo=16, routed)          0.551     0.714    RAM/dbg_addr[2]
    RAMB36_X0Y10         RAMB36E1                                     r  RAM/mem_reg_3/ADDRBWRADDR[3]
  -------------------------------------------------------------------    -------------------

                         (clock MAIN rise edge)       0.000     0.000 r  
    D18                                               0.000     0.000 r  CLK (IN)
                         net (fo=0)                   0.000     0.000    CLK
    D18                  IBUF (Prop_ibuf_I_O)         0.372     0.372 r  CLK_IBUF_inst/O
                         net (fo=1, routed)           0.689     1.060    CLK_IBUF
    BUFGCTRL_X0Y16       BUFG (Prop_bufg_I_O)         0.029     1.089 r  CLK_IBUF_BUFG_inst/O
                         net (fo=70, routed)          0.875     1.964    RAM/CLK
    RAMB36_X0Y10         RAMB36E1                                     r  RAM/mem_reg_3/CLKBWRCLK

Slack:                    inf
  Source:                 dbg_addr[3]
                            (input port)
  Destination:            RAM/mem_reg_3/ADDRBWRADDR[4]
                            (rising edge-triggered cell RAMB36E1 clocked by MAIN  {rise@0.000ns fall@2.500ns period=5.000ns})
  Path Group:             (none)
  Path Type:              Hold (Min at Fast Process Corner)
  Data Path Delay:        0.725ns  (logic 0.174ns (24.054%)  route 0.550ns (75.946%))
  Logic Levels:           1  (IBUF=1)
  Clock Path Skew:        1.964ns (DCD - SCD - CPR)
    Destination Clock Delay (DCD):    1.964ns
    Source Clock Delay      (SCD):    0.000ns
    Clock Pessimism Removal (CPR):    -0.000ns

    Location             Delay type                Incr(ns)  Path(ns)    Netlist Resource(s)
  -------------------------------------------------------------------    -------------------
    J15                                               0.000     0.000 r  dbg_addr[3] (IN)
                         net (fo=0)                   0.000     0.000    dbg_addr[3]
    J15                  IBUF (Prop_ibuf_I_O)         0.174     0.174 r  dbg_addr_IBUF[3]_inst/O
                         net (fo=16, routed)          0.550     0.725    RAM/dbg_addr[3]
    RAMB36_X0Y10         RAMB36E1                                     r  RAM/mem_reg_3/ADDRBWRADDR[4]
  -------------------------------------------------------------------    -------------------

                         (clock MAIN rise edge)       0.000     0.000 r  
    D18                                               0.000     0.000 r  CLK (IN)
                         net (fo=0)                   0.000     0.000    CLK
    D18                  IBUF (Prop_ibuf_I_O)         0.372     0.372 r  CLK_IBUF_inst/O
                         net (fo=1, routed)           0.689     1.060    CLK_IBUF
    BUFGCTRL_X0Y16       BUFG (Prop_bufg_I_O)         0.029     1.089 r  CLK_IBUF_BUFG_inst/O
                         net (fo=70, routed)          0.875     1.964    RAM/CLK
    RAMB36_X0Y10         RAMB36E1                                     r  RAM/mem_reg_3/CLKBWRCLK

Slack:                    inf
  Source:                 dbg_addr[13]
                            (input port)
  Destination:            RAM/mem_reg_15/ADDRBWRADDR[14]
                            (rising edge-triggered cell RAMB36E1 clocked by MAIN  {rise@0.000ns fall@2.500ns period=5.000ns})
  Path Group:             (none)
  Path Type:              Hold (Min at Fast Process Corner)
  Data Path Delay:        0.726ns  (logic 0.180ns (24.745%)  route 0.546ns (75.255%))
  Logic Levels:           1  (IBUF=1)
  Clock Path Skew:        1.961ns (DCD - SCD - CPR)
    Destination Clock Delay (DCD):    1.961ns
    Source Clock Delay      (SCD):    0.000ns
    Clock Pessimism Removal (CPR):    -0.000ns

    Location             Delay type                Incr(ns)  Path(ns)    Netlist Resource(s)
  -------------------------------------------------------------------    -------------------
    G15                                               0.000     0.000 r  dbg_addr[13] (IN)
                         net (fo=0)                   0.000     0.000    dbg_addr[13]
    G15                  IBUF (Prop_ibuf_I_O)         0.180     0.180 r  dbg_addr_IBUF[13]_inst/O
                         net (fo=16, routed)          0.546     0.726    RAM/dbg_addr[13]
    RAMB36_X0Y12         RAMB36E1                                     r  RAM/mem_reg_15/ADDRBWRADDR[14]
  -------------------------------------------------------------------    -------------------

                         (clock MAIN rise edge)       0.000     0.000 r  
    D18                                               0.000     0.000 r  CLK (IN)
                         net (fo=0)                   0.000     0.000    CLK
    D18                  IBUF (Prop_ibuf_I_O)         0.372     0.372 r  CLK_IBUF_inst/O
                         net (fo=1, routed)           0.689     1.060    CLK_IBUF
    BUFGCTRL_X0Y16       BUFG (Prop_bufg_I_O)         0.029     1.089 r  CLK_IBUF_BUFG_inst/O
                         net (fo=70, routed)          0.872     1.961    RAM/CLK
    RAMB36_X0Y12         RAMB36E1                                     r  RAM/mem_reg_15/CLKBWRCLK

Slack:                    inf
  Source:                 dbg_addr[1]
                            (input port)
  Destination:            RAM/mem_reg_3/ADDRBWRADDR[2]
                            (rising edge-triggered cell RAMB36E1 clocked by MAIN  {rise@0.000ns fall@2.500ns period=5.000ns})
  Path Group:             (none)
  Path Type:              Hold (Min at Fast Process Corner)
  Data Path Delay:        0.743ns  (logic 0.167ns (22.501%)  route 0.575ns (77.499%))
  Logic Levels:           1  (IBUF=1)
  Clock Path Skew:        1.964ns (DCD - SCD - CPR)
    Destination Clock Delay (DCD):    1.964ns
    Source Clock Delay      (SCD):    0.000ns
    Clock Pessimism Removal (CPR):    -0.000ns

    Location             Delay type                Incr(ns)  Path(ns)    Netlist Resource(s)
  -------------------------------------------------------------------    -------------------
    J14                                               0.000     0.000 r  dbg_addr[1] (IN)
                         net (fo=0)                   0.000     0.000    dbg_addr[1]
    J14                  IBUF (Prop_ibuf_I_O)         0.167     0.167 r  dbg_addr_IBUF[1]_inst/O
                         net (fo=16, routed)          0.575     0.743    RAM/dbg_addr[1]
    RAMB36_X0Y10         RAMB36E1                                     r  RAM/mem_reg_3/ADDRBWRADDR[2]
  -------------------------------------------------------------------    -------------------

                         (clock MAIN rise edge)       0.000     0.000 r  
    D18                                               0.000     0.000 r  CLK (IN)
                         net (fo=0)                   0.000     0.000    CLK
    D18                  IBUF (Prop_ibuf_I_O)         0.372     0.372 r  CLK_IBUF_inst/O
                         net (fo=1, routed)           0.689     1.060    CLK_IBUF
    BUFGCTRL_X0Y16       BUFG (Prop_bufg_I_O)         0.029     1.089 r  CLK_IBUF_BUFG_inst/O
                         net (fo=70, routed)          0.875     1.964    RAM/CLK
    RAMB36_X0Y10         RAMB36E1                                     r  RAM/mem_reg_3/CLKBWRCLK

Slack:                    inf
  Source:                 dbg_addr[6]
                            (input port)
  Destination:            RAM/mem_reg_4/ADDRBWRADDR[7]
                            (rising edge-triggered cell RAMB36E1 clocked by MAIN  {rise@0.000ns fall@2.500ns period=5.000ns})
  Path Group:             (none)
  Path Type:              Hold (Min at Fast Process Corner)
  Data Path Delay:        0.754ns  (logic 0.187ns (24.744%)  route 0.568ns (75.256%))
  Logic Levels:           1  (IBUF=1)
  Clock Path Skew:        1.963ns (DCD - SCD - CPR)
    Destination Clock Delay (DCD):    1.963ns
    Source Clock Delay      (SCD):    0.000ns
    Clock Pessimism Removal (CPR):    -0.000ns

    Location             Delay type                Incr(ns)  Path(ns)    Netlist Resource(s)
  -------------------------------------------------------------------    -------------------
    H16                                               0.000     0.000 r  dbg_addr[6] (IN)
                         net (fo=0)                   0.000     0.000    dbg_addr[6]
    H16                  IBUF (Prop_ibuf_I_O)         0.187     0.187 r  dbg_addr_IBUF[6]_inst/O
                         net (fo=16, routed)          0.568     0.754    RAM/dbg_addr[6]
    RAMB36_X0Y11         RAMB36E1                                     r  RAM/mem_reg_4/ADDRBWRADDR[7]
  -------------------------------------------------------------------    -------------------

                         (clock MAIN rise edge)       0.000     0.000 r  
    D18                                               0.000     0.000 r  CLK (IN)
                         net (fo=0)                   0.000     0.000    CLK
    D18                  IBUF (Prop_ibuf_I_O)         0.372     0.372 r  CLK_IBUF_inst/O
                         net (fo=1, routed)           0.689     1.060    CLK_IBUF
    BUFGCTRL_X0Y16       BUFG (Prop_bufg_I_O)         0.029     1.089 r  CLK_IBUF_BUFG_inst/O
                         net (fo=70, routed)          0.874     1.963    RAM/CLK
    RAMB36_X0Y11         RAMB36E1                                     r  RAM/mem_reg_4/CLKBWRCLK

Slack:                    inf
  Source:                 dbg_addr[11]
                            (input port)
  Destination:            RAM/mem_reg_15/ADDRBWRADDR[12]
                            (rising edge-triggered cell RAMB36E1 clocked by MAIN  {rise@0.000ns fall@2.500ns period=5.000ns})
  Path Group:             (none)
  Path Type:              Hold (Min at Fast Process Corner)
  Data Path Delay:        0.769ns  (logic 0.156ns (20.251%)  route 0.614ns (79.749%))
  Logic Levels:           1  (IBUF=1)
  Clock Path Skew:        1.961ns (DCD - SCD - CPR)
    Destination Clock Delay (DCD):    1.961ns
    Source Clock Delay      (SCD):    0.000ns
    Clock Pessimism Removal (CPR):    -0.000ns

    Location             Delay type                Incr(ns)  Path(ns)    Netlist Resource(s)
  -------------------------------------------------------------------    -------------------
    J16                                               0.000     0.000 r  dbg_addr[11] (IN)
                         net (fo=0)                   0.000     0.000    dbg_addr[11]
    J16                  IBUF (Prop_ibuf_I_O)         0.156     0.156 r  dbg_addr_IBUF[11]_inst/O
                         net (fo=16, routed)          0.614     0.769    RAM/dbg_addr[11]
    RAMB36_X0Y12         RAMB36E1                                     r  RAM/mem_reg_15/ADDRBWRADDR[12]
  -------------------------------------------------------------------    -------------------

                         (clock MAIN rise edge)       0.000     0.000 r  
    D18                                               0.000     0.000 r  CLK (IN)
                         net (fo=0)                   0.000     0.000    CLK
    D18                  IBUF (Prop_ibuf_I_O)         0.372     0.372 r  CLK_IBUF_inst/O
                         net (fo=1, routed)           0.689     1.060    CLK_IBUF
    BUFGCTRL_X0Y16       BUFG (Prop_bufg_I_O)         0.029     1.089 r  CLK_IBUF_BUFG_inst/O
                         net (fo=70, routed)          0.872     1.961    RAM/CLK
    RAMB36_X0Y12         RAMB36E1                                     r  RAM/mem_reg_15/CLKBWRCLK

Slack:                    inf
  Source:                 dbg_addr[10]
                            (input port)
  Destination:            RAM/mem_reg_15/ADDRBWRADDR[11]
                            (rising edge-triggered cell RAMB36E1 clocked by MAIN  {rise@0.000ns fall@2.500ns period=5.000ns})
  Path Group:             (none)
  Path Type:              Hold (Min at Fast Process Corner)
  Data Path Delay:        0.776ns  (logic 0.172ns (22.232%)  route 0.603ns (77.768%))
  Logic Levels:           1  (IBUF=1)
  Clock Path Skew:        1.961ns (DCD - SCD - CPR)
    Destination Clock Delay (DCD):    1.961ns
    Source Clock Delay      (SCD):    0.000ns
    Clock Pessimism Removal (CPR):    -0.000ns

    Location             Delay type                Incr(ns)  Path(ns)    Netlist Resource(s)
  -------------------------------------------------------------------    -------------------
    H13                                               0.000     0.000 r  dbg_addr[10] (IN)
                         net (fo=0)                   0.000     0.000    dbg_addr[10]
    H13                  IBUF (Prop_ibuf_I_O)         0.172     0.172 r  dbg_addr_IBUF[10]_inst/O
                         net (fo=16, routed)          0.603     0.776    RAM/dbg_addr[10]
    RAMB36_X0Y12         RAMB36E1                                     r  RAM/mem_reg_15/ADDRBWRADDR[11]
  -------------------------------------------------------------------    -------------------

                         (clock MAIN rise edge)       0.000     0.000 r  
    D18                                               0.000     0.000 r  CLK (IN)
                         net (fo=0)                   0.000     0.000    CLK
    D18                  IBUF (Prop_ibuf_I_O)         0.372     0.372 r  CLK_IBUF_inst/O
                         net (fo=1, routed)           0.689     1.060    CLK_IBUF
    BUFGCTRL_X0Y16       BUFG (Prop_bufg_I_O)         0.029     1.089 r  CLK_IBUF_BUFG_inst/O
                         net (fo=70, routed)          0.872     1.961    RAM/CLK
    RAMB36_X0Y12         RAMB36E1                                     r  RAM/mem_reg_15/CLKBWRCLK

Slack:                    inf
  Source:                 dbg_addr[5]
                            (input port)
  Destination:            RAM/mem_reg_4/ADDRBWRADDR[6]
                            (rising edge-triggered cell RAMB36E1 clocked by MAIN  {rise@0.000ns fall@2.500ns period=5.000ns})
  Path Group:             (none)
  Path Type:              Hold (Min at Fast Process Corner)
  Data Path Delay:        0.776ns  (logic 0.187ns (24.153%)  route 0.588ns (75.847%))
  Logic Levels:           1  (IBUF=1)
  Clock Path Skew:        1.963ns (DCD - SCD - CPR)
    Destination Clock Delay (DCD):    1.963ns
    Source Clock Delay      (SCD):    0.000ns
    Clock Pessimism Removal (CPR):    -0.000ns

    Location             Delay type                Incr(ns)  Path(ns)    Netlist Resource(s)
  -------------------------------------------------------------------    -------------------
    H17                                               0.000     0.000 r  dbg_addr[5] (IN)
                         net (fo=0)                   0.000     0.000    dbg_addr[5]
    H17                  IBUF (Prop_ibuf_I_O)         0.187     0.187 r  dbg_addr_IBUF[5]_inst/O
                         net (fo=16, routed)          0.588     0.776    RAM/dbg_addr[5]
    RAMB36_X0Y11         RAMB36E1                                     r  RAM/mem_reg_4/ADDRBWRADDR[6]
  -------------------------------------------------------------------    -------------------

                         (clock MAIN rise edge)       0.000     0.000 r  
    D18                                               0.000     0.000 r  CLK (IN)
                         net (fo=0)                   0.000     0.000    CLK
    D18                  IBUF (Prop_ibuf_I_O)         0.372     0.372 r  CLK_IBUF_inst/O
                         net (fo=1, routed)           0.689     1.060    CLK_IBUF
    BUFGCTRL_X0Y16       BUFG (Prop_bufg_I_O)         0.029     1.089 r  CLK_IBUF_BUFG_inst/O
                         net (fo=70, routed)          0.874     1.963    RAM/CLK
    RAMB36_X0Y11         RAMB36E1                                     r  RAM/mem_reg_4/CLKBWRCLK





