Copyright 1986-2022 Xilinx, Inc. All Rights Reserved. Copyright 2022-2023 Advanced Micro Devices, Inc. All Rights Reserved.
--------------------------------------------------------------------------------------------------------------------------------------------------------
| Tool Version : Vivado v.2023.2 (lin64) Build 4029153 Fri Oct 13 20:13:54 MDT 2023
| Date         : Wed Oct  8 19:22:09 2025
| Host         : cparch22.ecn.purdue.edu running 64-bit Oracle Linux Server release 8.10
| Command      : report_methodology -file system_methodology_drc_routed.rpt -pb system_methodology_drc_routed.pb -rpx system_methodology_drc_routed.rpx
| Design       : system
| Device       : xc7s50csga324-1
| Speed File   : -1
| Design State : Fully Routed
--------------------------------------------------------------------------------------------------------------------------------------------------------

Report Methodology

Table of Contents
-----------------
1. REPORT SUMMARY
2. REPORT DETAILS

1. REPORT SUMMARY
-----------------
            Netlist: netlist
          Floorplan: design_1
      Design limits: <entire design considered>
             Max violations: <unlimited>
             Violations found: 1146
+-----------+----------+-------------------------------+------------+
| Rule      | Severity | Description                   | Violations |
+-----------+----------+-------------------------------+------------+
| TIMING-16 | Warning  | Large setup violation         | 1000       |
| TIMING-18 | Warning  | Missing input or output delay | 146        |
+-----------+----------+-------------------------------+------------+

2. REPORT DETAILS
-----------------
TIMING-16#1 Warning
Large setup violation  
There is a large setup violation of -1.002 ns between CPU/DP/MWBREG/mwb\\.rd_out_reg[1]/C (clocked by CPUCLK) and CPU/DP/REGF/register_reg[15][26]/CE (clocked by CPUCLK). Large setup violations at the end of those stages might be difficult to fix during the post-placement implementation flow and could be the result of non-optimal XDC constraints or non-optimal design architecture
Related violations: <none>

TIMING-16#2 Warning
Large setup violation  
There is a large setup violation of -1.006 ns between CPU/DP/MWBREG/mwb\\.RegWEN_out_reg/C (clocked by CPUCLK) and CPU/DP/REGF/register_reg[6][28]/CE (clocked by CPUCLK). Large setup violations at the end of those stages might be difficult to fix during the post-placement implementation flow and could be the result of non-optimal XDC constraints or non-optimal design architecture
Related violations: <none>

TIMING-16#3 Warning
Large setup violation  
There is a large setup violation of -1.007 ns between CPU/DP/MWBREG/mwb\\.rd_out_reg[0]/C (clocked by CPUCLK) and CPU/DP/REGF/register_reg[12][7]/CE (clocked by CPUCLK). Large setup violations at the end of those stages might be difficult to fix during the post-placement implementation flow and could be the result of non-optimal XDC constraints or non-optimal design architecture
Related violations: <none>

TIMING-16#4 Warning
Large setup violation  
There is a large setup violation of -1.010 ns between CPU/DP/MWBREG/mwb\\.pc_out_reg[6]/C (clocked by CPUCLK) and CPU/DP/REGF/register_reg[1][13]/D (clocked by CPUCLK). Large setup violations at the end of those stages might be difficult to fix during the post-placement implementation flow and could be the result of non-optimal XDC constraints or non-optimal design architecture
Related violations: <none>

TIMING-16#5 Warning
Large setup violation  
There is a large setup violation of -1.011 ns between CPU/DP/EXMREG/exm\\.alu_out_out_reg[6]/C (clocked by CPUCLK) and RAM/mem_reg_11/ADDRARDADDR[5] (clocked by MAIN). Large setup violations at the end of those stages might be difficult to fix during the post-placement implementation flow and could be the result of non-optimal XDC constraints or non-optimal design architecture
Related violations: <none>

TIMING-16#6 Warning
Large setup violation  
There is a large setup violation of -1.011 ns between CPU/DP/MWBREG/mwb\\.rd_out_reg[0]/C (clocked by CPUCLK) and CPU/DP/REGF/register_reg[12][15]/CE (clocked by CPUCLK). Large setup violations at the end of those stages might be difficult to fix during the post-placement implementation flow and could be the result of non-optimal XDC constraints or non-optimal design architecture
Related violations: <none>

TIMING-16#7 Warning
Large setup violation  
There is a large setup violation of -1.011 ns between CPU/DP/MWBREG/mwb\\.rd_out_reg[0]/C (clocked by CPUCLK) and CPU/DP/REGF/register_reg[12][28]/CE (clocked by CPUCLK). Large setup violations at the end of those stages might be difficult to fix during the post-placement implementation flow and could be the result of non-optimal XDC constraints or non-optimal design architecture
Related violations: <none>

TIMING-16#8 Warning
Large setup violation  
There is a large setup violation of -1.012 ns between CPU/DP/EXMREG/exm\\.alu_out_out_reg[7]/C (clocked by CPUCLK) and RAM/mem_reg_1/ADDRARDADDR[6] (clocked by MAIN). Large setup violations at the end of those stages might be difficult to fix during the post-placement implementation flow and could be the result of non-optimal XDC constraints or non-optimal design architecture
Related violations: <none>

TIMING-16#9 Warning
Large setup violation  
There is a large setup violation of -1.015 ns between CPU/DP/MWBREG/mwb\\.RegWEN_out_reg/C (clocked by CPUCLK) and CPU/DP/REGF/register_reg[19][11]/CE (clocked by CPUCLK). Large setup violations at the end of those stages might be difficult to fix during the post-placement implementation flow and could be the result of non-optimal XDC constraints or non-optimal design architecture
Related violations: <none>

TIMING-16#10 Warning
Large setup violation  
There is a large setup violation of -1.015 ns between CPU/DP/MWBREG/mwb\\.RegWEN_out_reg/C (clocked by CPUCLK) and CPU/DP/REGF/register_reg[19][5]/CE (clocked by CPUCLK). Large setup violations at the end of those stages might be difficult to fix during the post-placement implementation flow and could be the result of non-optimal XDC constraints or non-optimal design architecture
Related violations: <none>

TIMING-16#11 Warning
Large setup violation  
There is a large setup violation of -1.016 ns between CPU/DP/PC/pcif\\.PC_reg[12]/C (clocked by CPUCLK) and RAM/mem_reg_10/ADDRARDADDR[11] (clocked by MAIN). Large setup violations at the end of those stages might be difficult to fix during the post-placement implementation flow and could be the result of non-optimal XDC constraints or non-optimal design architecture
Related violations: <none>

TIMING-16#12 Warning
Large setup violation  
There is a large setup violation of -1.018 ns between CPU/DP/MWBREG/mwb\\.RegWEN_out_reg/C (clocked by CPUCLK) and CPU/DP/REGF/register_reg[28][7]/CE (clocked by CPUCLK). Large setup violations at the end of those stages might be difficult to fix during the post-placement implementation flow and could be the result of non-optimal XDC constraints or non-optimal design architecture
Related violations: <none>

TIMING-16#13 Warning
Large setup violation  
There is a large setup violation of -1.019 ns between CPU/DP/MWBREG/mwb\\.pc_out_reg[2]/C (clocked by CPUCLK) and CPU/DP/REGF/register_reg[2][3]/D (clocked by CPUCLK). Large setup violations at the end of those stages might be difficult to fix during the post-placement implementation flow and could be the result of non-optimal XDC constraints or non-optimal design architecture
Related violations: <none>

TIMING-16#14 Warning
Large setup violation  
There is a large setup violation of -1.019 ns between CPU/DP/MWBREG/mwb\\.pc_out_reg[6]/C (clocked by CPUCLK) and CPU/DP/REGF/register_reg[19][21]/D (clocked by CPUCLK). Large setup violations at the end of those stages might be difficult to fix during the post-placement implementation flow and could be the result of non-optimal XDC constraints or non-optimal design architecture
Related violations: <none>

TIMING-16#15 Warning
Large setup violation  
There is a large setup violation of -1.022 ns between CPU/DP/MWBREG/mwb\\.pc_out_reg[6]/C (clocked by CPUCLK) and CPU/DP/REGF/register_reg[31][17]/D (clocked by CPUCLK). Large setup violations at the end of those stages might be difficult to fix during the post-placement implementation flow and could be the result of non-optimal XDC constraints or non-optimal design architecture
Related violations: <none>

TIMING-16#16 Warning
Large setup violation  
There is a large setup violation of -1.024 ns between CPU/DP/MWBREG/mwb\\.rd_out_reg[1]/C (clocked by CPUCLK) and CPU/DP/REGF/register_reg[8][6]/CE (clocked by CPUCLK). Large setup violations at the end of those stages might be difficult to fix during the post-placement implementation flow and could be the result of non-optimal XDC constraints or non-optimal design architecture
Related violations: <none>

TIMING-16#17 Warning
Large setup violation  
There is a large setup violation of -1.025 ns between RAM/addr_reg[5]/C (clocked by MAIN) and CPU/DP/MWBREG/mwb\\.alu_out_out_reg[31]/CE (clocked by CPUCLK). Large setup violations at the end of those stages might be difficult to fix during the post-placement implementation flow and could be the result of non-optimal XDC constraints or non-optimal design architecture
Related violations: <none>

TIMING-16#18 Warning
Large setup violation  
There is a large setup violation of -1.025 ns between RAM/addr_reg[5]/C (clocked by MAIN) and CPU/DP/MWBREG/mwb\\.dmemload_out_reg[20]/CE (clocked by CPUCLK). Large setup violations at the end of those stages might be difficult to fix during the post-placement implementation flow and could be the result of non-optimal XDC constraints or non-optimal design architecture
Related violations: <none>

TIMING-16#19 Warning
Large setup violation  
There is a large setup violation of -1.025 ns between RAM/addr_reg[5]/C (clocked by MAIN) and CPU/DP/MWBREG/mwb\\.dmemload_out_reg[31]/CE (clocked by CPUCLK). Large setup violations at the end of those stages might be difficult to fix during the post-placement implementation flow and could be the result of non-optimal XDC constraints or non-optimal design architecture
Related violations: <none>

TIMING-16#20 Warning
Large setup violation  
There is a large setup violation of -1.025 ns between RAM/addr_reg[5]/C (clocked by MAIN) and CPU/DP/MWBREG/mwb\\.imm_out_reg[28]/CE (clocked by CPUCLK). Large setup violations at the end of those stages might be difficult to fix during the post-placement implementation flow and could be the result of non-optimal XDC constraints or non-optimal design architecture
Related violations: <none>

TIMING-16#21 Warning
Large setup violation  
There is a large setup violation of -1.028 ns between CPU/DP/MWBREG/mwb\\.rd_out_reg[3]/C (clocked by CPUCLK) and CPU/DP/REGF/register_reg[13][18]/CE (clocked by CPUCLK). Large setup violations at the end of those stages might be difficult to fix during the post-placement implementation flow and could be the result of non-optimal XDC constraints or non-optimal design architecture
Related violations: <none>

TIMING-16#22 Warning
Large setup violation  
There is a large setup violation of -1.028 ns between CPU/DP/MWBREG/mwb\\.rd_out_reg[3]/C (clocked by CPUCLK) and CPU/DP/REGF/register_reg[18][20]/CE (clocked by CPUCLK). Large setup violations at the end of those stages might be difficult to fix during the post-placement implementation flow and could be the result of non-optimal XDC constraints or non-optimal design architecture
Related violations: <none>

TIMING-16#23 Warning
Large setup violation  
There is a large setup violation of -1.029 ns between CPU/DP/PC/pcif\\.PC_reg[2]/C (clocked by CPUCLK) and RAM/mem_reg_11/ADDRARDADDR[1] (clocked by MAIN). Large setup violations at the end of those stages might be difficult to fix during the post-placement implementation flow and could be the result of non-optimal XDC constraints or non-optimal design architecture
Related violations: <none>

TIMING-16#24 Warning
Large setup violation  
There is a large setup violation of -1.032 ns between CPU/DP/MWBREG/mwb\\.RegWEN_out_reg/C (clocked by CPUCLK) and CPU/DP/REGF/register_reg[20][6]/CE (clocked by CPUCLK). Large setup violations at the end of those stages might be difficult to fix during the post-placement implementation flow and could be the result of non-optimal XDC constraints or non-optimal design architecture
Related violations: <none>

TIMING-16#25 Warning
Large setup violation  
There is a large setup violation of -1.032 ns between RAM/addr_reg[5]/C (clocked by MAIN) and CPU/DP/MWBREG/mwb\\.imm_out_reg[3]/CE (clocked by CPUCLK). Large setup violations at the end of those stages might be difficult to fix during the post-placement implementation flow and could be the result of non-optimal XDC constraints or non-optimal design architecture
Related violations: <none>

TIMING-16#26 Warning
Large setup violation  
There is a large setup violation of -1.036 ns between CPU/DP/EXMREG/exm\\.dmemREN_reg_replica/C (clocked by CPUCLK) and RAM/mem_reg_14/ADDRARDADDR[10] (clocked by MAIN). Large setup violations at the end of those stages might be difficult to fix during the post-placement implementation flow and could be the result of non-optimal XDC constraints or non-optimal design architecture
Related violations: <none>

TIMING-16#27 Warning
Large setup violation  
There is a large setup violation of -1.036 ns between RAM/addr_reg[5]/C (clocked by MAIN) and CPU/DP/MWBREG/mwb\\.imm_out_reg[8]/CE (clocked by CPUCLK). Large setup violations at the end of those stages might be difficult to fix during the post-placement implementation flow and could be the result of non-optimal XDC constraints or non-optimal design architecture
Related violations: <none>

TIMING-16#28 Warning
Large setup violation  
There is a large setup violation of -1.039 ns between RAM/addr_reg[5]/C (clocked by MAIN) and CPU/DP/MWBREG/mwb\\.dmemload_out_reg[23]/CE (clocked by CPUCLK). Large setup violations at the end of those stages might be difficult to fix during the post-placement implementation flow and could be the result of non-optimal XDC constraints or non-optimal design architecture
Related violations: <none>

TIMING-16#29 Warning
Large setup violation  
There is a large setup violation of -1.039 ns between RAM/addr_reg[5]/C (clocked by MAIN) and CPU/DP/MWBREG/mwb\\.dmemload_out_reg[8]/CE (clocked by CPUCLK). Large setup violations at the end of those stages might be difficult to fix during the post-placement implementation flow and could be the result of non-optimal XDC constraints or non-optimal design architecture
Related violations: <none>

TIMING-16#30 Warning
Large setup violation  
There is a large setup violation of -1.042 ns between CPU/DP/PC/pcif\\.PC_reg[12]/C (clocked by CPUCLK) and RAM/mem_reg_14/ADDRARDADDR[11] (clocked by MAIN). Large setup violations at the end of those stages might be difficult to fix during the post-placement implementation flow and could be the result of non-optimal XDC constraints or non-optimal design architecture
Related violations: <none>

TIMING-16#31 Warning
Large setup violation  
There is a large setup violation of -1.049 ns between RAM/addr_reg[5]/C (clocked by MAIN) and CPU/DP/MWBREG/mwb\\.alu_out_out_reg[8]/CE (clocked by CPUCLK). Large setup violations at the end of those stages might be difficult to fix during the post-placement implementation flow and could be the result of non-optimal XDC constraints or non-optimal design architecture
Related violations: <none>

TIMING-16#32 Warning
Large setup violation  
There is a large setup violation of -1.053 ns between CPU/DP/MWBREG/mwb\\.rd_out_reg[3]/C (clocked by CPUCLK) and CPU/DP/REGF/register_reg[10][19]/CE (clocked by CPUCLK). Large setup violations at the end of those stages might be difficult to fix during the post-placement implementation flow and could be the result of non-optimal XDC constraints or non-optimal design architecture
Related violations: <none>

TIMING-16#33 Warning
Large setup violation  
There is a large setup violation of -1.055 ns between CPU/DP/MWBREG/mwb\\.rd_out_reg[1]/C (clocked by CPUCLK) and CPU/DP/REGF/register_reg[8][11]/CE (clocked by CPUCLK). Large setup violations at the end of those stages might be difficult to fix during the post-placement implementation flow and could be the result of non-optimal XDC constraints or non-optimal design architecture
Related violations: <none>

TIMING-16#34 Warning
Large setup violation  
There is a large setup violation of -1.055 ns between CPU/DP/MWBREG/mwb\\.rd_out_reg[1]/C (clocked by CPUCLK) and CPU/DP/REGF/register_reg[8][7]/CE (clocked by CPUCLK). Large setup violations at the end of those stages might be difficult to fix during the post-placement implementation flow and could be the result of non-optimal XDC constraints or non-optimal design architecture
Related violations: <none>

TIMING-16#35 Warning
Large setup violation  
There is a large setup violation of -1.056 ns between CPU/DP/MWBREG/mwb\\.pc_out_reg[2]/C (clocked by CPUCLK) and CPU/DP/REGF/register_reg[5][3]/D (clocked by CPUCLK). Large setup violations at the end of those stages might be difficult to fix during the post-placement implementation flow and could be the result of non-optimal XDC constraints or non-optimal design architecture
Related violations: <none>

TIMING-16#36 Warning
Large setup violation  
There is a large setup violation of -1.058 ns between CPU/DP/EXMREG/exm\\.dmemREN_reg_replica/C (clocked by CPUCLK) and RAM/mem_reg_0/ADDRARDADDR[2] (clocked by MAIN). Large setup violations at the end of those stages might be difficult to fix during the post-placement implementation flow and could be the result of non-optimal XDC constraints or non-optimal design architecture
Related violations: <none>

TIMING-16#37 Warning
Large setup violation  
There is a large setup violation of -1.062 ns between CPU/DP/EXMREG/exm\\.dmemREN_reg_replica/C (clocked by CPUCLK) and RAM/mem_reg_14/ADDRARDADDR[12] (clocked by MAIN). Large setup violations at the end of those stages might be difficult to fix during the post-placement implementation flow and could be the result of non-optimal XDC constraints or non-optimal design architecture
Related violations: <none>

TIMING-16#38 Warning
Large setup violation  
There is a large setup violation of -1.064 ns between CPU/DP/EXMREG/exm\\.dmemWEN_reg_replica_8/C (clocked by CPUCLK) and RAM/mem_reg_14/ADDRARDADDR[3] (clocked by MAIN). Large setup violations at the end of those stages might be difficult to fix during the post-placement implementation flow and could be the result of non-optimal XDC constraints or non-optimal design architecture
Related violations: <none>

TIMING-16#39 Warning
Large setup violation  
There is a large setup violation of -1.064 ns between CPU/DP/MWBREG/mwb\\.RegWEN_out_reg/C (clocked by CPUCLK) and CPU/DP/REGF/register_reg[19][15]/CE (clocked by CPUCLK). Large setup violations at the end of those stages might be difficult to fix during the post-placement implementation flow and could be the result of non-optimal XDC constraints or non-optimal design architecture
Related violations: <none>

TIMING-16#40 Warning
Large setup violation  
There is a large setup violation of -1.066 ns between CPU/DP/EXMREG/exm\\.dmemREN_reg_replica/C (clocked by CPUCLK) and RAM/mem_reg_14/ADDRARDADDR[2] (clocked by MAIN). Large setup violations at the end of those stages might be difficult to fix during the post-placement implementation flow and could be the result of non-optimal XDC constraints or non-optimal design architecture
Related violations: <none>

TIMING-16#41 Warning
Large setup violation  
There is a large setup violation of -1.066 ns between CPU/DP/MWBREG/mwb\\.rd_out_reg[3]/C (clocked by CPUCLK) and CPU/DP/REGF/register_reg[10][11]/CE (clocked by CPUCLK). Large setup violations at the end of those stages might be difficult to fix during the post-placement implementation flow and could be the result of non-optimal XDC constraints or non-optimal design architecture
Related violations: <none>

TIMING-16#42 Warning
Large setup violation  
There is a large setup violation of -1.069 ns between CPU/DP/MWBREG/mwb\\.RegWEN_out_reg/C (clocked by CPUCLK) and CPU/DP/REGF/register_reg[28][15]/CE (clocked by CPUCLK). Large setup violations at the end of those stages might be difficult to fix during the post-placement implementation flow and could be the result of non-optimal XDC constraints or non-optimal design architecture
Related violations: <none>

TIMING-16#43 Warning
Large setup violation  
There is a large setup violation of -1.073 ns between CPU/DP/PC/pcif\\.PC_reg[2]/C (clocked by CPUCLK) and RAM/mem_reg_0/ADDRARDADDR[1] (clocked by MAIN). Large setup violations at the end of those stages might be difficult to fix during the post-placement implementation flow and could be the result of non-optimal XDC constraints or non-optimal design architecture
Related violations: <none>

TIMING-16#44 Warning
Large setup violation  
There is a large setup violation of -1.074 ns between CPU/DP/MWBREG/mwb\\.rd_out_reg[0]/C (clocked by CPUCLK) and CPU/DP/REGF/register_reg[12][11]/CE (clocked by CPUCLK). Large setup violations at the end of those stages might be difficult to fix during the post-placement implementation flow and could be the result of non-optimal XDC constraints or non-optimal design architecture
Related violations: <none>

TIMING-16#45 Warning
Large setup violation  
There is a large setup violation of -1.074 ns between CPU/DP/MWBREG/mwb\\.rd_out_reg[0]/C (clocked by CPUCLK) and CPU/DP/REGF/register_reg[12][6]/CE (clocked by CPUCLK). Large setup violations at the end of those stages might be difficult to fix during the post-placement implementation flow and could be the result of non-optimal XDC constraints or non-optimal design architecture
Related violations: <none>

TIMING-16#46 Warning
Large setup violation  
There is a large setup violation of -1.074 ns between CPU/DP/MWBREG/mwb\\.rd_out_reg[1]/C (clocked by CPUCLK) and CPU/DP/REGF/register_reg[8][24]/CE (clocked by CPUCLK). Large setup violations at the end of those stages might be difficult to fix during the post-placement implementation flow and could be the result of non-optimal XDC constraints or non-optimal design architecture
Related violations: <none>

TIMING-16#47 Warning
Large setup violation  
There is a large setup violation of -1.076 ns between CPU/DP/MWBREG/mwb\\.rd_out_reg[1]/C (clocked by CPUCLK) and CPU/DP/REGF/register_reg[26][15]/CE (clocked by CPUCLK). Large setup violations at the end of those stages might be difficult to fix during the post-placement implementation flow and could be the result of non-optimal XDC constraints or non-optimal design architecture
Related violations: <none>

TIMING-16#48 Warning
Large setup violation  
There is a large setup violation of -1.078 ns between RAM/addr_reg[5]/C (clocked by MAIN) and CPU/DP/MWBREG/mwb\\.alu_out_out_reg[2]/CE (clocked by CPUCLK). Large setup violations at the end of those stages might be difficult to fix during the post-placement implementation flow and could be the result of non-optimal XDC constraints or non-optimal design architecture
Related violations: <none>

TIMING-16#49 Warning
Large setup violation  
There is a large setup violation of -1.078 ns between RAM/addr_reg[5]/C (clocked by MAIN) and CPU/DP/MWBREG/mwb\\.dmemload_out_reg[2]/CE (clocked by CPUCLK). Large setup violations at the end of those stages might be difficult to fix during the post-placement implementation flow and could be the result of non-optimal XDC constraints or non-optimal design architecture
Related violations: <none>

TIMING-16#50 Warning
Large setup violation  
There is a large setup violation of -1.078 ns between RAM/addr_reg[5]/C (clocked by MAIN) and CPU/DP/MWBREG/mwb\\.imm_out_reg[2]/CE (clocked by CPUCLK). Large setup violations at the end of those stages might be difficult to fix during the post-placement implementation flow and could be the result of non-optimal XDC constraints or non-optimal design architecture
Related violations: <none>

TIMING-16#51 Warning
Large setup violation  
There is a large setup violation of -1.080 ns between CPU/DP/MWBREG/mwb\\.rd_out_reg[1]/C (clocked by CPUCLK) and CPU/DP/REGF/register_reg[1][26]/CE (clocked by CPUCLK). Large setup violations at the end of those stages might be difficult to fix during the post-placement implementation flow and could be the result of non-optimal XDC constraints or non-optimal design architecture
Related violations: <none>

TIMING-16#52 Warning
Large setup violation  
There is a large setup violation of -1.084 ns between CPU/DP/MWBREG/mwb\\.rd_out_reg[1]/C (clocked by CPUCLK) and CPU/DP/REGF/register_reg[15][11]/CE (clocked by CPUCLK). Large setup violations at the end of those stages might be difficult to fix during the post-placement implementation flow and could be the result of non-optimal XDC constraints or non-optimal design architecture
Related violations: <none>

TIMING-16#53 Warning
Large setup violation  
There is a large setup violation of -1.084 ns between CPU/DP/MWBREG/mwb\\.rd_out_reg[1]/C (clocked by CPUCLK) and CPU/DP/REGF/register_reg[15][6]/CE (clocked by CPUCLK). Large setup violations at the end of those stages might be difficult to fix during the post-placement implementation flow and could be the result of non-optimal XDC constraints or non-optimal design architecture
Related violations: <none>

TIMING-16#54 Warning
Large setup violation  
There is a large setup violation of -1.085 ns between RAM/addr_reg[5]/C (clocked by MAIN) and CPU/DP/MWBREG/mwb\\.alu_out_out_reg[29]/CE (clocked by CPUCLK). Large setup violations at the end of those stages might be difficult to fix during the post-placement implementation flow and could be the result of non-optimal XDC constraints or non-optimal design architecture
Related violations: <none>

TIMING-16#55 Warning
Large setup violation  
There is a large setup violation of -1.085 ns between RAM/addr_reg[5]/C (clocked by MAIN) and CPU/DP/MWBREG/mwb\\.dmemload_out_reg[29]/CE (clocked by CPUCLK). Large setup violations at the end of those stages might be difficult to fix during the post-placement implementation flow and could be the result of non-optimal XDC constraints or non-optimal design architecture
Related violations: <none>

TIMING-16#56 Warning
Large setup violation  
There is a large setup violation of -1.085 ns between RAM/addr_reg[5]/C (clocked by MAIN) and CPU/DP/MWBREG/mwb\\.imm_out_reg[29]/CE (clocked by CPUCLK). Large setup violations at the end of those stages might be difficult to fix during the post-placement implementation flow and could be the result of non-optimal XDC constraints or non-optimal design architecture
Related violations: <none>

TIMING-16#57 Warning
Large setup violation  
There is a large setup violation of -1.086 ns between CPU/DP/MWBREG/mwb\\.pc_out_reg[6]/C (clocked by CPUCLK) and CPU/DP/REGF/register_reg[4][9]/D (clocked by CPUCLK). Large setup violations at the end of those stages might be difficult to fix during the post-placement implementation flow and could be the result of non-optimal XDC constraints or non-optimal design architecture
Related violations: <none>

TIMING-16#58 Warning
Large setup violation  
There is a large setup violation of -1.086 ns between CPU/DP/MWBREG/mwb\\.pc_out_reg[6]/C (clocked by CPUCLK) and CPU/DP/REGF/register_reg[7][12]/D (clocked by CPUCLK). Large setup violations at the end of those stages might be difficult to fix during the post-placement implementation flow and could be the result of non-optimal XDC constraints or non-optimal design architecture
Related violations: <none>

TIMING-16#59 Warning
Large setup violation  
There is a large setup violation of -1.086 ns between RAM/addr_reg[5]/C (clocked by MAIN) and CPU/DP/MWBREG/mwb\\.dmemload_out_reg[30]/CE (clocked by CPUCLK). Large setup violations at the end of those stages might be difficult to fix during the post-placement implementation flow and could be the result of non-optimal XDC constraints or non-optimal design architecture
Related violations: <none>

TIMING-16#60 Warning
Large setup violation  
There is a large setup violation of -1.087 ns between CPU/DP/EXMREG/exm\\.dmemREN_reg_replica/C (clocked by CPUCLK) and RAM/mem_reg_0/ADDRARDADDR[7] (clocked by MAIN). Large setup violations at the end of those stages might be difficult to fix during the post-placement implementation flow and could be the result of non-optimal XDC constraints or non-optimal design architecture
Related violations: <none>

TIMING-16#61 Warning
Large setup violation  
There is a large setup violation of -1.087 ns between RAM/addr_reg[5]/C (clocked by MAIN) and CPU/DP/MWBREG/mwb\\.imm_out_reg[22]/CE (clocked by CPUCLK). Large setup violations at the end of those stages might be difficult to fix during the post-placement implementation flow and could be the result of non-optimal XDC constraints or non-optimal design architecture
Related violations: <none>

TIMING-16#62 Warning
Large setup violation  
There is a large setup violation of -1.087 ns between RAM/addr_reg[5]/C (clocked by MAIN) and CPU/DP/MWBREG/mwb\\.imm_out_reg[26]/CE (clocked by CPUCLK). Large setup violations at the end of those stages might be difficult to fix during the post-placement implementation flow and could be the result of non-optimal XDC constraints or non-optimal design architecture
Related violations: <none>

TIMING-16#63 Warning
Large setup violation  
There is a large setup violation of -1.089 ns between CPU/DP/EXMREG/exm\\.dmemWEN_reg_replica_8/C (clocked by CPUCLK) and RAM/mem_reg_0/ADDRARDADDR[13] (clocked by MAIN). Large setup violations at the end of those stages might be difficult to fix during the post-placement implementation flow and could be the result of non-optimal XDC constraints or non-optimal design architecture
Related violations: <none>

TIMING-16#64 Warning
Large setup violation  
There is a large setup violation of -1.090 ns between CPU/DP/EXMREG/exm\\.dmemREN_reg_replica/C (clocked by CPUCLK) and RAM/mem_reg_11/ADDRARDADDR[12] (clocked by MAIN). Large setup violations at the end of those stages might be difficult to fix during the post-placement implementation flow and could be the result of non-optimal XDC constraints or non-optimal design architecture
Related violations: <none>

TIMING-16#65 Warning
Large setup violation  
There is a large setup violation of -1.090 ns between CPU/DP/MWBREG/mwb\\.RegWEN_out_reg/C (clocked by CPUCLK) and CPU/DP/REGF/register_reg[28][6]/CE (clocked by CPUCLK). Large setup violations at the end of those stages might be difficult to fix during the post-placement implementation flow and could be the result of non-optimal XDC constraints or non-optimal design architecture
Related violations: <none>

TIMING-16#66 Warning
Large setup violation  
There is a large setup violation of -1.090 ns between CPU/DP/MWBREG/mwb\\.rd_out_reg[3]/C (clocked by CPUCLK) and CPU/DP/REGF/register_reg[18][23]/CE (clocked by CPUCLK). Large setup violations at the end of those stages might be difficult to fix during the post-placement implementation flow and could be the result of non-optimal XDC constraints or non-optimal design architecture
Related violations: <none>

TIMING-16#67 Warning
Large setup violation  
There is a large setup violation of -1.091 ns between CPU/DP/EXMREG/exm\\.dmemREN_reg_replica/C (clocked by CPUCLK) and RAM/mem_reg_11/ADDRARDADDR[10] (clocked by MAIN). Large setup violations at the end of those stages might be difficult to fix during the post-placement implementation flow and could be the result of non-optimal XDC constraints or non-optimal design architecture
Related violations: <none>

TIMING-16#68 Warning
Large setup violation  
There is a large setup violation of -1.091 ns between CPU/DP/MWBREG/mwb\\.pc_out_reg[6]/C (clocked by CPUCLK) and CPU/DP/REGF/register_reg[22][9]/D (clocked by CPUCLK). Large setup violations at the end of those stages might be difficult to fix during the post-placement implementation flow and could be the result of non-optimal XDC constraints or non-optimal design architecture
Related violations: <none>

TIMING-16#69 Warning
Large setup violation  
There is a large setup violation of -1.091 ns between RAM/addr_reg[5]/C (clocked by MAIN) and CPU/DP/MWBREG/mwb\\.alu_out_out_reg[22]/CE (clocked by CPUCLK). Large setup violations at the end of those stages might be difficult to fix during the post-placement implementation flow and could be the result of non-optimal XDC constraints or non-optimal design architecture
Related violations: <none>

TIMING-16#70 Warning
Large setup violation  
There is a large setup violation of -1.091 ns between RAM/addr_reg[5]/C (clocked by MAIN) and CPU/DP/MWBREG/mwb\\.alu_out_out_reg[26]/CE (clocked by CPUCLK). Large setup violations at the end of those stages might be difficult to fix during the post-placement implementation flow and could be the result of non-optimal XDC constraints or non-optimal design architecture
Related violations: <none>

TIMING-16#71 Warning
Large setup violation  
There is a large setup violation of -1.091 ns between RAM/addr_reg[5]/C (clocked by MAIN) and CPU/DP/MWBREG/mwb\\.dmemload_out_reg[22]/CE (clocked by CPUCLK). Large setup violations at the end of those stages might be difficult to fix during the post-placement implementation flow and could be the result of non-optimal XDC constraints or non-optimal design architecture
Related violations: <none>

TIMING-16#72 Warning
Large setup violation  
There is a large setup violation of -1.091 ns between RAM/addr_reg[5]/C (clocked by MAIN) and CPU/DP/MWBREG/mwb\\.imm_out_reg[31]/CE (clocked by CPUCLK). Large setup violations at the end of those stages might be difficult to fix during the post-placement implementation flow and could be the result of non-optimal XDC constraints or non-optimal design architecture
Related violations: <none>

TIMING-16#73 Warning
Large setup violation  
There is a large setup violation of -1.093 ns between CPU/DP/MWBREG/mwb\\.rd_out_reg[3]/C (clocked by CPUCLK) and CPU/DP/REGF/register_reg[4][11]/CE (clocked by CPUCLK). Large setup violations at the end of those stages might be difficult to fix during the post-placement implementation flow and could be the result of non-optimal XDC constraints or non-optimal design architecture
Related violations: <none>

TIMING-16#74 Warning
Large setup violation  
There is a large setup violation of -1.093 ns between CPU/DP/MWBREG/mwb\\.rd_out_reg[3]/C (clocked by CPUCLK) and CPU/DP/REGF/register_reg[4][6]/CE (clocked by CPUCLK). Large setup violations at the end of those stages might be difficult to fix during the post-placement implementation flow and could be the result of non-optimal XDC constraints or non-optimal design architecture
Related violations: <none>

TIMING-16#75 Warning
Large setup violation  
There is a large setup violation of -1.093 ns between CPU/DP/MWBREG/mwb\\.rd_out_reg[3]/C (clocked by CPUCLK) and CPU/DP/REGF/register_reg[4][7]/CE (clocked by CPUCLK). Large setup violations at the end of those stages might be difficult to fix during the post-placement implementation flow and could be the result of non-optimal XDC constraints or non-optimal design architecture
Related violations: <none>

TIMING-16#76 Warning
Large setup violation  
There is a large setup violation of -1.101 ns between CPU/DP/EXMREG/exm\\.dmemREN_reg/C (clocked by CPUCLK) and RAM/mem_reg_0/ADDRARDADDR[14] (clocked by MAIN). Large setup violations at the end of those stages might be difficult to fix during the post-placement implementation flow and could be the result of non-optimal XDC constraints or non-optimal design architecture
Related violations: <none>

TIMING-16#77 Warning
Large setup violation  
There is a large setup violation of -1.101 ns between CPU/DP/PC/pcif\\.PC_reg[12]/C (clocked by CPUCLK) and RAM/mem_reg_11/ADDRARDADDR[11] (clocked by MAIN). Large setup violations at the end of those stages might be difficult to fix during the post-placement implementation flow and could be the result of non-optimal XDC constraints or non-optimal design architecture
Related violations: <none>

TIMING-16#78 Warning
Large setup violation  
There is a large setup violation of -1.104 ns between CPU/DP/MWBREG/mwb\\.rd_out_reg[3]/C (clocked by CPUCLK) and CPU/DP/REGF/register_reg[18][28]/CE (clocked by CPUCLK). Large setup violations at the end of those stages might be difficult to fix during the post-placement implementation flow and could be the result of non-optimal XDC constraints or non-optimal design architecture
Related violations: <none>

TIMING-16#79 Warning
Large setup violation  
There is a large setup violation of -1.105 ns between CPU/DP/MWBREG/mwb\\.rd_out_reg[0]/C (clocked by CPUCLK) and CPU/DP/REGF/register_reg[9][20]/CE (clocked by CPUCLK). Large setup violations at the end of those stages might be difficult to fix during the post-placement implementation flow and could be the result of non-optimal XDC constraints or non-optimal design architecture
Related violations: <none>

TIMING-16#80 Warning
Large setup violation  
There is a large setup violation of -1.106 ns between CPU/DP/MWBREG/mwb\\.pc_out_reg[6]/C (clocked by CPUCLK) and CPU/DP/REGF/register_reg[18][21]/D (clocked by CPUCLK). Large setup violations at the end of those stages might be difficult to fix during the post-placement implementation flow and could be the result of non-optimal XDC constraints or non-optimal design architecture
Related violations: <none>

TIMING-16#81 Warning
Large setup violation  
There is a large setup violation of -1.106 ns between CPU/DP/MWBREG/mwb\\.rd_out_reg[0]/C (clocked by CPUCLK) and CPU/DP/REGF/register_reg[7][23]/CE (clocked by CPUCLK). Large setup violations at the end of those stages might be difficult to fix during the post-placement implementation flow and could be the result of non-optimal XDC constraints or non-optimal design architecture
Related violations: <none>

TIMING-16#82 Warning
Large setup violation  
There is a large setup violation of -1.108 ns between CPU/DP/EXMREG/exm\\.dmemREN_reg_replica/C (clocked by CPUCLK) and RAM/mem_reg_0/ADDRARDADDR[12] (clocked by MAIN). Large setup violations at the end of those stages might be difficult to fix during the post-placement implementation flow and could be the result of non-optimal XDC constraints or non-optimal design architecture
Related violations: <none>

TIMING-16#83 Warning
Large setup violation  
There is a large setup violation of -1.108 ns between CPU/DP/MWBREG/mwb\\.rd_out_reg[1]/C (clocked by CPUCLK) and CPU/DP/REGF/register_reg[3][26]/CE (clocked by CPUCLK). Large setup violations at the end of those stages might be difficult to fix during the post-placement implementation flow and could be the result of non-optimal XDC constraints or non-optimal design architecture
Related violations: <none>

TIMING-16#84 Warning
Large setup violation  
There is a large setup violation of -1.108 ns between CPU/DP/MWBREG/mwb\\.rd_out_reg[3]/C (clocked by CPUCLK) and CPU/DP/REGF/register_reg[18][18]/CE (clocked by CPUCLK). Large setup violations at the end of those stages might be difficult to fix during the post-placement implementation flow and could be the result of non-optimal XDC constraints or non-optimal design architecture
Related violations: <none>

TIMING-16#85 Warning
Large setup violation  
There is a large setup violation of -1.110 ns between CPU/DP/MWBREG/mwb\\.rd_out_reg[1]/C (clocked by CPUCLK) and CPU/DP/REGF/register_reg[2][20]/CE (clocked by CPUCLK). Large setup violations at the end of those stages might be difficult to fix during the post-placement implementation flow and could be the result of non-optimal XDC constraints or non-optimal design architecture
Related violations: <none>

TIMING-16#86 Warning
Large setup violation  
There is a large setup violation of -1.112 ns between RAM/addr_reg[5]/C (clocked by MAIN) and CPU/DP/PC/pcif\\.PC_reg[24]/CE (clocked by CPUCLK). Large setup violations at the end of those stages might be difficult to fix during the post-placement implementation flow and could be the result of non-optimal XDC constraints or non-optimal design architecture
Related violations: <none>

TIMING-16#87 Warning
Large setup violation  
There is a large setup violation of -1.114 ns between CPU/DP/EXMREG/exm\\.dmemREN_reg/C (clocked by CPUCLK) and RAM/mem_reg_10/ADDRARDADDR[14] (clocked by MAIN). Large setup violations at the end of those stages might be difficult to fix during the post-placement implementation flow and could be the result of non-optimal XDC constraints or non-optimal design architecture
Related violations: <none>

TIMING-16#88 Warning
Large setup violation  
There is a large setup violation of -1.114 ns between CPU/DP/MWBREG/mwb\\.rd_out_reg[3]/C (clocked by CPUCLK) and CPU/DP/REGF/register_reg[18][27]/CE (clocked by CPUCLK). Large setup violations at the end of those stages might be difficult to fix during the post-placement implementation flow and could be the result of non-optimal XDC constraints or non-optimal design architecture
Related violations: <none>

TIMING-16#89 Warning
Large setup violation  
There is a large setup violation of -1.114 ns between CPU/DP/MWBREG/mwb\\.rd_out_reg[3]/C (clocked by CPUCLK) and CPU/DP/REGF/register_reg[18][29]/CE (clocked by CPUCLK). Large setup violations at the end of those stages might be difficult to fix during the post-placement implementation flow and could be the result of non-optimal XDC constraints or non-optimal design architecture
Related violations: <none>

TIMING-16#90 Warning
Large setup violation  
There is a large setup violation of -1.118 ns between CPU/DP/EXMREG/exm\\.dmemREN_reg_replica/C (clocked by CPUCLK) and RAM/mem_reg_10/ADDRARDADDR[7] (clocked by MAIN). Large setup violations at the end of those stages might be difficult to fix during the post-placement implementation flow and could be the result of non-optimal XDC constraints or non-optimal design architecture
Related violations: <none>

TIMING-16#91 Warning
Large setup violation  
There is a large setup violation of -1.119 ns between CPU/DP/EXMREG/exm\\.dmemWEN_reg_replica_8/C (clocked by CPUCLK) and RAM/mem_reg_11/ADDRARDADDR[3] (clocked by MAIN). Large setup violations at the end of those stages might be difficult to fix during the post-placement implementation flow and could be the result of non-optimal XDC constraints or non-optimal design architecture
Related violations: <none>

TIMING-16#92 Warning
Large setup violation  
There is a large setup violation of -1.124 ns between CPU/DP/EXMREG/exm\\.alu_out_out_reg[5]/C (clocked by CPUCLK) and RAM/mem_reg_1/ADDRARDADDR[4] (clocked by MAIN). Large setup violations at the end of those stages might be difficult to fix during the post-placement implementation flow and could be the result of non-optimal XDC constraints or non-optimal design architecture
Related violations: <none>

TIMING-16#93 Warning
Large setup violation  
There is a large setup violation of -1.124 ns between CPU/DP/MWBREG/mwb\\.pc_out_reg[6]/C (clocked by CPUCLK) and CPU/DP/REGF/register_reg[15][9]/D (clocked by CPUCLK). Large setup violations at the end of those stages might be difficult to fix during the post-placement implementation flow and could be the result of non-optimal XDC constraints or non-optimal design architecture
Related violations: <none>

TIMING-16#94 Warning
Large setup violation  
There is a large setup violation of -1.124 ns between CPU/DP/MWBREG/mwb\\.rd_out_reg[1]/C (clocked by CPUCLK) and CPU/DP/REGF/register_reg[5][6]/CE (clocked by CPUCLK). Large setup violations at the end of those stages might be difficult to fix during the post-placement implementation flow and could be the result of non-optimal XDC constraints or non-optimal design architecture
Related violations: <none>

TIMING-16#95 Warning
Large setup violation  
There is a large setup violation of -1.130 ns between CPU/DP/MWBREG/mwb\\.rd_out_reg[1]/C (clocked by CPUCLK) and CPU/DP/REGF/register_reg[30][15]/CE (clocked by CPUCLK). Large setup violations at the end of those stages might be difficult to fix during the post-placement implementation flow and could be the result of non-optimal XDC constraints or non-optimal design architecture
Related violations: <none>

TIMING-16#96 Warning
Large setup violation  
There is a large setup violation of -1.131 ns between CPU/DP/EXMREG/exm\\.dmemREN_reg_replica/C (clocked by CPUCLK) and RAM/mem_reg_11/ADDRARDADDR[2] (clocked by MAIN). Large setup violations at the end of those stages might be difficult to fix during the post-placement implementation flow and could be the result of non-optimal XDC constraints or non-optimal design architecture
Related violations: <none>

TIMING-16#97 Warning
Large setup violation  
There is a large setup violation of -1.132 ns between CPU/DP/MWBREG/mwb\\.rd_out_reg[1]/C (clocked by CPUCLK) and CPU/DP/REGF/register_reg[1][28]/CE (clocked by CPUCLK). Large setup violations at the end of those stages might be difficult to fix during the post-placement implementation flow and could be the result of non-optimal XDC constraints or non-optimal design architecture
Related violations: <none>

TIMING-16#98 Warning
Large setup violation  
There is a large setup violation of -1.132 ns between CPU/DP/PC/pcif\\.PC_reg[2]/C (clocked by CPUCLK) and RAM/mem_reg_10/ADDRARDADDR[1] (clocked by MAIN). Large setup violations at the end of those stages might be difficult to fix during the post-placement implementation flow and could be the result of non-optimal XDC constraints or non-optimal design architecture
Related violations: <none>

TIMING-16#99 Warning
Large setup violation  
There is a large setup violation of -1.134 ns between RAM/addr_reg[5]/C (clocked by MAIN) and CPU/DP/MWBREG/mwb\\.imm_out_reg[6]/CE (clocked by CPUCLK). Large setup violations at the end of those stages might be difficult to fix during the post-placement implementation flow and could be the result of non-optimal XDC constraints or non-optimal design architecture
Related violations: <none>

TIMING-16#100 Warning
Large setup violation  
There is a large setup violation of -1.135 ns between CPU/DP/MWBREG/mwb\\.rd_out_reg[3]/C (clocked by CPUCLK) and CPU/DP/REGF/register_reg[17][28]/CE (clocked by CPUCLK). Large setup violations at the end of those stages might be difficult to fix during the post-placement implementation flow and could be the result of non-optimal XDC constraints or non-optimal design architecture
Related violations: <none>

TIMING-16#101 Warning
Large setup violation  
There is a large setup violation of -1.141 ns between CPU/DP/EXMREG/exm\\.dmemWEN_reg_replica_5/C (clocked by CPUCLK) and RAM/mem_reg_1/ADDRARDADDR[9] (clocked by MAIN). Large setup violations at the end of those stages might be difficult to fix during the post-placement implementation flow and could be the result of non-optimal XDC constraints or non-optimal design architecture
Related violations: <none>

TIMING-16#102 Warning
Large setup violation  
There is a large setup violation of -1.141 ns between CPU/DP/MWBREG/mwb\\.RegWEN_out_reg/C (clocked by CPUCLK) and CPU/DP/REGF/register_reg[6][5]/CE (clocked by CPUCLK). Large setup violations at the end of those stages might be difficult to fix during the post-placement implementation flow and could be the result of non-optimal XDC constraints or non-optimal design architecture
Related violations: <none>

TIMING-16#103 Warning
Large setup violation  
There is a large setup violation of -1.141 ns between RAM/addr_reg[5]/C (clocked by MAIN) and CPU/DP/MWBREG/mwb\\.alu_out_out_reg[25]/CE (clocked by CPUCLK). Large setup violations at the end of those stages might be difficult to fix during the post-placement implementation flow and could be the result of non-optimal XDC constraints or non-optimal design architecture
Related violations: <none>

TIMING-16#104 Warning
Large setup violation  
There is a large setup violation of -1.142 ns between CPU/DP/EXMREG/exm\\.alu_out_out_reg[7]/C (clocked by CPUCLK) and RAM/mem_reg_11/ADDRARDADDR[6] (clocked by MAIN). Large setup violations at the end of those stages might be difficult to fix during the post-placement implementation flow and could be the result of non-optimal XDC constraints or non-optimal design architecture
Related violations: <none>

TIMING-16#105 Warning
Large setup violation  
There is a large setup violation of -1.143 ns between CPU/DP/MWBREG/mwb\\.rd_out_reg[1]/C (clocked by CPUCLK) and CPU/DP/REGF/register_reg[15][19]/CE (clocked by CPUCLK). Large setup violations at the end of those stages might be difficult to fix during the post-placement implementation flow and could be the result of non-optimal XDC constraints or non-optimal design architecture
Related violations: <none>

TIMING-16#106 Warning
Large setup violation  
There is a large setup violation of -1.145 ns between CPU/DP/MWBREG/mwb\\.rd_out_reg[1]/C (clocked by CPUCLK) and CPU/DP/REGF/register_reg[2][23]/CE (clocked by CPUCLK). Large setup violations at the end of those stages might be difficult to fix during the post-placement implementation flow and could be the result of non-optimal XDC constraints or non-optimal design architecture
Related violations: <none>

TIMING-16#107 Warning
Large setup violation  
There is a large setup violation of -1.145 ns between CPU/DP/MWBREG/mwb\\.rd_out_reg[3]/C (clocked by CPUCLK) and CPU/DP/REGF/register_reg[18][31]/CE (clocked by CPUCLK). Large setup violations at the end of those stages might be difficult to fix during the post-placement implementation flow and could be the result of non-optimal XDC constraints or non-optimal design architecture
Related violations: <none>

TIMING-16#108 Warning
Large setup violation  
There is a large setup violation of -1.149 ns between CPU/DP/MWBREG/mwb\\.rd_out_reg[1]/C (clocked by CPUCLK) and CPU/DP/REGF/register_reg[22][19]/CE (clocked by CPUCLK). Large setup violations at the end of those stages might be difficult to fix during the post-placement implementation flow and could be the result of non-optimal XDC constraints or non-optimal design architecture
Related violations: <none>

TIMING-16#109 Warning
Large setup violation  
There is a large setup violation of -1.149 ns between CPU/DP/MWBREG/mwb\\.rd_out_reg[1]/C (clocked by CPUCLK) and CPU/DP/REGF/register_reg[22][26]/CE (clocked by CPUCLK). Large setup violations at the end of those stages might be difficult to fix during the post-placement implementation flow and could be the result of non-optimal XDC constraints or non-optimal design architecture
Related violations: <none>

TIMING-16#110 Warning
Large setup violation  
There is a large setup violation of -1.150 ns between CPU/DP/MWBREG/mwb\\.rd_out_reg[1]/C (clocked by CPUCLK) and CPU/DP/REGF/register_reg[15][15]/CE (clocked by CPUCLK). Large setup violations at the end of those stages might be difficult to fix during the post-placement implementation flow and could be the result of non-optimal XDC constraints or non-optimal design architecture
Related violations: <none>

TIMING-16#111 Warning
Large setup violation  
There is a large setup violation of -1.150 ns between CPU/DP/MWBREG/mwb\\.rd_out_reg[3]/C (clocked by CPUCLK) and CPU/DP/REGF/register_reg[18][4]/CE (clocked by CPUCLK). Large setup violations at the end of those stages might be difficult to fix during the post-placement implementation flow and could be the result of non-optimal XDC constraints or non-optimal design architecture
Related violations: <none>

TIMING-16#112 Warning
Large setup violation  
There is a large setup violation of -1.151 ns between CPU/DP/MWBREG/mwb\\.rd_out_reg[1]/C (clocked by CPUCLK) and CPU/DP/REGF/register_reg[5][28]/CE (clocked by CPUCLK). Large setup violations at the end of those stages might be difficult to fix during the post-placement implementation flow and could be the result of non-optimal XDC constraints or non-optimal design architecture
Related violations: <none>

TIMING-16#113 Warning
Large setup violation  
There is a large setup violation of -1.153 ns between CPU/DP/EXMREG/exm\\.dmemWEN_reg_replica_5/C (clocked by CPUCLK) and RAM/mem_reg_11/ADDRARDADDR[9] (clocked by MAIN). Large setup violations at the end of those stages might be difficult to fix during the post-placement implementation flow and could be the result of non-optimal XDC constraints or non-optimal design architecture
Related violations: <none>

TIMING-16#114 Warning
Large setup violation  
There is a large setup violation of -1.158 ns between CPU/DP/MWBREG/mwb\\.rd_out_reg[0]/C (clocked by CPUCLK) and CPU/DP/REGF/register_reg[9][19]/CE (clocked by CPUCLK). Large setup violations at the end of those stages might be difficult to fix during the post-placement implementation flow and could be the result of non-optimal XDC constraints or non-optimal design architecture
Related violations: <none>

TIMING-16#115 Warning
Large setup violation  
There is a large setup violation of -1.160 ns between CPU/DP/EXMREG/exm\\.dmemREN_reg/C (clocked by CPUCLK) and RAM/mem_reg_14/ADDRARDADDR[14] (clocked by MAIN). Large setup violations at the end of those stages might be difficult to fix during the post-placement implementation flow and could be the result of non-optimal XDC constraints or non-optimal design architecture
Related violations: <none>

TIMING-16#116 Warning
Large setup violation  
There is a large setup violation of -1.166 ns between CPU/DP/MWBREG/mwb\\.rd_out_reg[1]/C (clocked by CPUCLK) and CPU/DP/REGF/register_reg[5][23]/CE (clocked by CPUCLK). Large setup violations at the end of those stages might be difficult to fix during the post-placement implementation flow and could be the result of non-optimal XDC constraints or non-optimal design architecture
Related violations: <none>

TIMING-16#117 Warning
Large setup violation  
There is a large setup violation of -1.169 ns between CPU/DP/EXMREG/exm\\.dmemWEN_reg_replica_5/C (clocked by CPUCLK) and RAM/mem_reg_11/ADDRARDADDR[8] (clocked by MAIN). Large setup violations at the end of those stages might be difficult to fix during the post-placement implementation flow and could be the result of non-optimal XDC constraints or non-optimal design architecture
Related violations: <none>

TIMING-16#118 Warning
Large setup violation  
There is a large setup violation of -1.169 ns between CPU/DP/MWBREG/mwb\\.pc_out_reg[6]/C (clocked by CPUCLK) and CPU/DP/REGF/register_reg[8][9]/D (clocked by CPUCLK). Large setup violations at the end of those stages might be difficult to fix during the post-placement implementation flow and could be the result of non-optimal XDC constraints or non-optimal design architecture
Related violations: <none>

TIMING-16#119 Warning
Large setup violation  
There is a large setup violation of -1.170 ns between CPU/DP/EXMREG/exm\\.alu_out_out_reg[5]/C (clocked by CPUCLK) and RAM/mem_reg_13/ADDRARDADDR[4] (clocked by MAIN). Large setup violations at the end of those stages might be difficult to fix during the post-placement implementation flow and could be the result of non-optimal XDC constraints or non-optimal design architecture
Related violations: <none>

TIMING-16#120 Warning
Large setup violation  
There is a large setup violation of -1.170 ns between RAM/addr_reg[5]/C (clocked by MAIN) and CPU/DP/dmemload_reg_reg[25]/CE (clocked by CPUCLK). Large setup violations at the end of those stages might be difficult to fix during the post-placement implementation flow and could be the result of non-optimal XDC constraints or non-optimal design architecture
Related violations: <none>

TIMING-16#121 Warning
Large setup violation  
There is a large setup violation of -1.174 ns between CPU/DP/MWBREG/mwb\\.RegWEN_out_reg/C (clocked by CPUCLK) and CPU/DP/REGF/register_reg[28][11]/CE (clocked by CPUCLK). Large setup violations at the end of those stages might be difficult to fix during the post-placement implementation flow and could be the result of non-optimal XDC constraints or non-optimal design architecture
Related violations: <none>

TIMING-16#122 Warning
Large setup violation  
There is a large setup violation of -1.174 ns between CPU/DP/MWBREG/mwb\\.pc_out_reg[6]/C (clocked by CPUCLK) and CPU/DP/REGF/register_reg[19][9]/D (clocked by CPUCLK). Large setup violations at the end of those stages might be difficult to fix during the post-placement implementation flow and could be the result of non-optimal XDC constraints or non-optimal design architecture
Related violations: <none>

TIMING-16#123 Warning
Large setup violation  
There is a large setup violation of -1.175 ns between CPU/DP/MWBREG/mwb\\.rd_out_reg[1]/C (clocked by CPUCLK) and CPU/DP/REGF/register_reg[22][15]/CE (clocked by CPUCLK). Large setup violations at the end of those stages might be difficult to fix during the post-placement implementation flow and could be the result of non-optimal XDC constraints or non-optimal design architecture
Related violations: <none>

TIMING-16#124 Warning
Large setup violation  
There is a large setup violation of -1.176 ns between CPU/DP/MWBREG/mwb\\.RegWEN_out_reg/C (clocked by CPUCLK) and CPU/DP/REGF/register_reg[20][7]/CE (clocked by CPUCLK). Large setup violations at the end of those stages might be difficult to fix during the post-placement implementation flow and could be the result of non-optimal XDC constraints or non-optimal design architecture
Related violations: <none>

TIMING-16#125 Warning
Large setup violation  
There is a large setup violation of -1.179 ns between CPU/DP/MWBREG/mwb\\.rd_out_reg[1]/C (clocked by CPUCLK) and CPU/DP/REGF/register_reg[8][5]/CE (clocked by CPUCLK). Large setup violations at the end of those stages might be difficult to fix during the post-placement implementation flow and could be the result of non-optimal XDC constraints or non-optimal design architecture
Related violations: <none>

TIMING-16#126 Warning
Large setup violation  
There is a large setup violation of -1.181 ns between CPU/DP/MWBREG/mwb\\.rd_out_reg[1]/C (clocked by CPUCLK) and CPU/DP/REGF/register_reg[15][7]/CE (clocked by CPUCLK). Large setup violations at the end of those stages might be difficult to fix during the post-placement implementation flow and could be the result of non-optimal XDC constraints or non-optimal design architecture
Related violations: <none>

TIMING-16#127 Warning
Large setup violation  
There is a large setup violation of -1.182 ns between CPU/DP/MWBREG/mwb\\.rd_out_reg[1]/C (clocked by CPUCLK) and CPU/DP/REGF/register_reg[5][26]/CE (clocked by CPUCLK). Large setup violations at the end of those stages might be difficult to fix during the post-placement implementation flow and could be the result of non-optimal XDC constraints or non-optimal design architecture
Related violations: <none>

TIMING-16#128 Warning
Large setup violation  
There is a large setup violation of -1.182 ns between CPU/DP/MWBREG/mwb\\.rd_out_reg[3]/C (clocked by CPUCLK) and CPU/DP/REGF/register_reg[14][23]/CE (clocked by CPUCLK). Large setup violations at the end of those stages might be difficult to fix during the post-placement implementation flow and could be the result of non-optimal XDC constraints or non-optimal design architecture
Related violations: <none>

TIMING-16#129 Warning
Large setup violation  
There is a large setup violation of -1.182 ns between CPU/DP/MWBREG/mwb\\.rd_out_reg[3]/C (clocked by CPUCLK) and CPU/DP/REGF/register_reg[18][6]/CE (clocked by CPUCLK). Large setup violations at the end of those stages might be difficult to fix during the post-placement implementation flow and could be the result of non-optimal XDC constraints or non-optimal design architecture
Related violations: <none>

TIMING-16#130 Warning
Large setup violation  
There is a large setup violation of -1.184 ns between CPU/DP/MWBREG/mwb\\.rd_out_reg[3]/C (clocked by CPUCLK) and CPU/DP/REGF/register_reg[10][6]/CE (clocked by CPUCLK). Large setup violations at the end of those stages might be difficult to fix during the post-placement implementation flow and could be the result of non-optimal XDC constraints or non-optimal design architecture
Related violations: <none>

TIMING-16#131 Warning
Large setup violation  
There is a large setup violation of -1.186 ns between CPU/DP/PC/pcif\\.PC_reg[2]/C (clocked by CPUCLK) and RAM/mem_reg_1/ADDRARDADDR[1] (clocked by MAIN). Large setup violations at the end of those stages might be difficult to fix during the post-placement implementation flow and could be the result of non-optimal XDC constraints or non-optimal design architecture
Related violations: <none>

TIMING-16#132 Warning
Large setup violation  
There is a large setup violation of -1.186 ns between RAM/addr_reg[5]/C (clocked by MAIN) and CPU/DP/DXREG/dx\\.ALUSrc2_out_reg/CE (clocked by CPUCLK). Large setup violations at the end of those stages might be difficult to fix during the post-placement implementation flow and could be the result of non-optimal XDC constraints or non-optimal design architecture
Related violations: <none>

TIMING-16#133 Warning
Large setup violation  
There is a large setup violation of -1.187 ns between RAM/addr_reg[5]/C (clocked by MAIN) and CPU/DP/MWBREG/mwb\\.imm_out_reg[25]/CE (clocked by CPUCLK). Large setup violations at the end of those stages might be difficult to fix during the post-placement implementation flow and could be the result of non-optimal XDC constraints or non-optimal design architecture
Related violations: <none>

TIMING-16#134 Warning
Large setup violation  
There is a large setup violation of -1.195 ns between CPU/DP/EXMREG/exm\\.dmemWEN_reg_replica_8/C (clocked by CPUCLK) and RAM/mem_reg_1/ADDRARDADDR[3] (clocked by MAIN). Large setup violations at the end of those stages might be difficult to fix during the post-placement implementation flow and could be the result of non-optimal XDC constraints or non-optimal design architecture
Related violations: <none>

TIMING-16#135 Warning
Large setup violation  
There is a large setup violation of -1.195 ns between RAM/addr_reg[5]/C (clocked by MAIN) and CPU/DP/PC/pcif\\.PC_reg[12]/CE (clocked by CPUCLK). Large setup violations at the end of those stages might be difficult to fix during the post-placement implementation flow and could be the result of non-optimal XDC constraints or non-optimal design architecture
Related violations: <none>

TIMING-16#136 Warning
Large setup violation  
There is a large setup violation of -1.195 ns between RAM/addr_reg[5]/C (clocked by MAIN) and CPU/DP/PC/pcif\\.PC_reg[15]/CE (clocked by CPUCLK). Large setup violations at the end of those stages might be difficult to fix during the post-placement implementation flow and could be the result of non-optimal XDC constraints or non-optimal design architecture
Related violations: <none>

TIMING-16#137 Warning
Large setup violation  
There is a large setup violation of -1.196 ns between CPU/DP/MWBREG/mwb\\.rd_out_reg[3]/C (clocked by CPUCLK) and CPU/DP/REGF/register_reg[10][7]/CE (clocked by CPUCLK). Large setup violations at the end of those stages might be difficult to fix during the post-placement implementation flow and could be the result of non-optimal XDC constraints or non-optimal design architecture
Related violations: <none>

TIMING-16#138 Warning
Large setup violation  
There is a large setup violation of -1.199 ns between CPU/DP/MWBREG/mwb\\.rd_out_reg[3]/C (clocked by CPUCLK) and CPU/DP/REGF/register_reg[13][31]/CE (clocked by CPUCLK). Large setup violations at the end of those stages might be difficult to fix during the post-placement implementation flow and could be the result of non-optimal XDC constraints or non-optimal design architecture
Related violations: <none>

TIMING-16#139 Warning
Large setup violation  
There is a large setup violation of -1.201 ns between CPU/DP/MWBREG/mwb\\.rd_out_reg[1]/C (clocked by CPUCLK) and CPU/DP/REGF/register_reg[2][19]/CE (clocked by CPUCLK). Large setup violations at the end of those stages might be difficult to fix during the post-placement implementation flow and could be the result of non-optimal XDC constraints or non-optimal design architecture
Related violations: <none>

TIMING-16#140 Warning
Large setup violation  
There is a large setup violation of -1.204 ns between RAM/addr_reg[5]/C (clocked by MAIN) and CPU/DP/MWBREG/mwb\\.alu_out_out_reg[0]/CE (clocked by CPUCLK). Large setup violations at the end of those stages might be difficult to fix during the post-placement implementation flow and could be the result of non-optimal XDC constraints or non-optimal design architecture
Related violations: <none>

TIMING-16#141 Warning
Large setup violation  
There is a large setup violation of -1.204 ns between RAM/addr_reg[5]/C (clocked by MAIN) and CPU/DP/MWBREG/mwb\\.dmemload_out_reg[0]/CE (clocked by CPUCLK). Large setup violations at the end of those stages might be difficult to fix during the post-placement implementation flow and could be the result of non-optimal XDC constraints or non-optimal design architecture
Related violations: <none>

TIMING-16#142 Warning
Large setup violation  
There is a large setup violation of -1.204 ns between RAM/addr_reg[5]/C (clocked by MAIN) and CPU/DP/MWBREG/mwb\\.imm_out_reg[0]/CE (clocked by CPUCLK). Large setup violations at the end of those stages might be difficult to fix during the post-placement implementation flow and could be the result of non-optimal XDC constraints or non-optimal design architecture
Related violations: <none>

TIMING-16#143 Warning
Large setup violation  
There is a large setup violation of -1.204 ns between RAM/addr_reg[5]/C (clocked by MAIN) and CPU/DP/MWBREG/mwb\\.pc_out_reg[0]/CE (clocked by CPUCLK). Large setup violations at the end of those stages might be difficult to fix during the post-placement implementation flow and could be the result of non-optimal XDC constraints or non-optimal design architecture
Related violations: <none>

TIMING-16#144 Warning
Large setup violation  
There is a large setup violation of -1.206 ns between CPU/DP/EXMREG/exm\\.dmemWEN_reg_replica_8/C (clocked by CPUCLK) and RAM/mem_reg_10/ADDRARDADDR[13] (clocked by MAIN). Large setup violations at the end of those stages might be difficult to fix during the post-placement implementation flow and could be the result of non-optimal XDC constraints or non-optimal design architecture
Related violations: <none>

TIMING-16#145 Warning
Large setup violation  
There is a large setup violation of -1.206 ns between CPU/DP/MWBREG/mwb\\.rd_out_reg[1]/C (clocked by CPUCLK) and CPU/DP/REGF/register_reg[5][15]/CE (clocked by CPUCLK). Large setup violations at the end of those stages might be difficult to fix during the post-placement implementation flow and could be the result of non-optimal XDC constraints or non-optimal design architecture
Related violations: <none>

TIMING-16#146 Warning
Large setup violation  
There is a large setup violation of -1.210 ns between CPU/DP/MWBREG/mwb\\.rd_out_reg[1]/C (clocked by CPUCLK) and CPU/DP/REGF/register_reg[15][28]/CE (clocked by CPUCLK). Large setup violations at the end of those stages might be difficult to fix during the post-placement implementation flow and could be the result of non-optimal XDC constraints or non-optimal design architecture
Related violations: <none>

TIMING-16#147 Warning
Large setup violation  
There is a large setup violation of -1.211 ns between CPU/DP/MWBREG/mwb\\.rd_out_reg[1]/C (clocked by CPUCLK) and CPU/DP/REGF/register_reg[8][26]/CE (clocked by CPUCLK). Large setup violations at the end of those stages might be difficult to fix during the post-placement implementation flow and could be the result of non-optimal XDC constraints or non-optimal design architecture
Related violations: <none>

TIMING-16#148 Warning
Large setup violation  
There is a large setup violation of -1.213 ns between CPU/DP/MWBREG/mwb\\.rd_out_reg[1]/C (clocked by CPUCLK) and CPU/DP/REGF/register_reg[5][5]/CE (clocked by CPUCLK). Large setup violations at the end of those stages might be difficult to fix during the post-placement implementation flow and could be the result of non-optimal XDC constraints or non-optimal design architecture
Related violations: <none>

TIMING-16#149 Warning
Large setup violation  
There is a large setup violation of -1.215 ns between RAM/addr_reg[5]/C (clocked by MAIN) and CPU/DP/DXREG/dx\\.imm_out_reg[10]/CE (clocked by CPUCLK). Large setup violations at the end of those stages might be difficult to fix during the post-placement implementation flow and could be the result of non-optimal XDC constraints or non-optimal design architecture
Related violations: <none>

TIMING-16#150 Warning
Large setup violation  
There is a large setup violation of -1.218 ns between CPU/DP/EXMREG/exm\\.dmemWEN_reg_replica_8/C (clocked by CPUCLK) and RAM/mem_reg_14/ADDRARDADDR[13] (clocked by MAIN). Large setup violations at the end of those stages might be difficult to fix during the post-placement implementation flow and could be the result of non-optimal XDC constraints or non-optimal design architecture
Related violations: <none>

TIMING-16#151 Warning
Large setup violation  
There is a large setup violation of -1.218 ns between CPU/DP/MWBREG/mwb\\.RegWEN_out_reg/C (clocked by CPUCLK) and CPU/DP/REGF/register_reg[19][19]/CE (clocked by CPUCLK). Large setup violations at the end of those stages might be difficult to fix during the post-placement implementation flow and could be the result of non-optimal XDC constraints or non-optimal design architecture
Related violations: <none>

TIMING-16#152 Warning
Large setup violation  
There is a large setup violation of -1.218 ns between CPU/DP/MWBREG/mwb\\.RegWEN_out_reg/C (clocked by CPUCLK) and CPU/DP/REGF/register_reg[19][26]/CE (clocked by CPUCLK). Large setup violations at the end of those stages might be difficult to fix during the post-placement implementation flow and could be the result of non-optimal XDC constraints or non-optimal design architecture
Related violations: <none>

TIMING-16#153 Warning
Large setup violation  
There is a large setup violation of -1.220 ns between CPU/DP/MWBREG/mwb\\.rd_out_reg[3]/C (clocked by CPUCLK) and CPU/DP/REGF/register_reg[4][20]/CE (clocked by CPUCLK). Large setup violations at the end of those stages might be difficult to fix during the post-placement implementation flow and could be the result of non-optimal XDC constraints or non-optimal design architecture
Related violations: <none>

TIMING-16#154 Warning
Large setup violation  
There is a large setup violation of -1.225 ns between RAM/addr_reg[5]/C (clocked by MAIN) and CPU/DP/MWBREG/mwb\\.RegWEN_out_reg/CE (clocked by CPUCLK). Large setup violations at the end of those stages might be difficult to fix during the post-placement implementation flow and could be the result of non-optimal XDC constraints or non-optimal design architecture
Related violations: <none>

TIMING-16#155 Warning
Large setup violation  
There is a large setup violation of -1.225 ns between RAM/addr_reg[5]/C (clocked by MAIN) and CPU/DP/MWBREG/mwb\\.rd_out_reg[0]/CE (clocked by CPUCLK). Large setup violations at the end of those stages might be difficult to fix during the post-placement implementation flow and could be the result of non-optimal XDC constraints or non-optimal design architecture
Related violations: <none>

TIMING-16#156 Warning
Large setup violation  
There is a large setup violation of -1.225 ns between RAM/addr_reg[5]/C (clocked by MAIN) and CPU/DP/MWBREG/mwb\\.rd_out_reg[1]/CE (clocked by CPUCLK). Large setup violations at the end of those stages might be difficult to fix during the post-placement implementation flow and could be the result of non-optimal XDC constraints or non-optimal design architecture
Related violations: <none>

TIMING-16#157 Warning
Large setup violation  
There is a large setup violation of -1.225 ns between RAM/addr_reg[5]/C (clocked by MAIN) and CPU/DP/MWBREG/mwb\\.rd_out_reg[2]/CE (clocked by CPUCLK). Large setup violations at the end of those stages might be difficult to fix during the post-placement implementation flow and could be the result of non-optimal XDC constraints or non-optimal design architecture
Related violations: <none>

TIMING-16#158 Warning
Large setup violation  
There is a large setup violation of -1.225 ns between RAM/addr_reg[5]/C (clocked by MAIN) and CPU/DP/MWBREG/mwb\\.rd_out_reg[3]/CE (clocked by CPUCLK). Large setup violations at the end of those stages might be difficult to fix during the post-placement implementation flow and could be the result of non-optimal XDC constraints or non-optimal design architecture
Related violations: <none>

TIMING-16#159 Warning
Large setup violation  
There is a large setup violation of -1.226 ns between RAM/addr_reg[5]/C (clocked by MAIN) and CPU/DP/DXREG/dx\\.rdat1_out_reg[18]/CE (clocked by CPUCLK). Large setup violations at the end of those stages might be difficult to fix during the post-placement implementation flow and could be the result of non-optimal XDC constraints or non-optimal design architecture
Related violations: <none>

TIMING-16#160 Warning
Large setup violation  
There is a large setup violation of -1.226 ns between RAM/addr_reg[5]/C (clocked by MAIN) and CPU/DP/DXREG/dx\\.rs2_out_reg[0]/CE (clocked by CPUCLK). Large setup violations at the end of those stages might be difficult to fix during the post-placement implementation flow and could be the result of non-optimal XDC constraints or non-optimal design architecture
Related violations: <none>

TIMING-16#161 Warning
Large setup violation  
There is a large setup violation of -1.229 ns between CPU/DP/MWBREG/mwb\\.rd_out_reg[1]/C (clocked by CPUCLK) and CPU/DP/REGF/register_reg[3][20]/CE (clocked by CPUCLK). Large setup violations at the end of those stages might be difficult to fix during the post-placement implementation flow and could be the result of non-optimal XDC constraints or non-optimal design architecture
Related violations: <none>

TIMING-16#162 Warning
Large setup violation  
There is a large setup violation of -1.229 ns between CPU/DP/MWBREG/mwb\\.rd_out_reg[1]/C (clocked by CPUCLK) and CPU/DP/REGF/register_reg[3][23]/CE (clocked by CPUCLK). Large setup violations at the end of those stages might be difficult to fix during the post-placement implementation flow and could be the result of non-optimal XDC constraints or non-optimal design architecture
Related violations: <none>

TIMING-16#163 Warning
Large setup violation  
There is a large setup violation of -1.236 ns between CPU/DP/MWBREG/mwb\\.rd_out_reg[1]/C (clocked by CPUCLK) and CPU/DP/REGF/register_reg[3][5]/CE (clocked by CPUCLK). Large setup violations at the end of those stages might be difficult to fix during the post-placement implementation flow and could be the result of non-optimal XDC constraints or non-optimal design architecture
Related violations: <none>

TIMING-16#164 Warning
Large setup violation  
There is a large setup violation of -1.238 ns between CPU/DP/MWBREG/mwb\\.pc_out_reg[6]/C (clocked by CPUCLK) and CPU/DP/REGF/register_reg[20][9]/D (clocked by CPUCLK). Large setup violations at the end of those stages might be difficult to fix during the post-placement implementation flow and could be the result of non-optimal XDC constraints or non-optimal design architecture
Related violations: <none>

TIMING-16#165 Warning
Large setup violation  
There is a large setup violation of -1.238 ns between CPU/DP/MWBREG/mwb\\.rd_out_reg[3]/C (clocked by CPUCLK) and CPU/DP/REGF/register_reg[11][23]/CE (clocked by CPUCLK). Large setup violations at the end of those stages might be difficult to fix during the post-placement implementation flow and could be the result of non-optimal XDC constraints or non-optimal design architecture
Related violations: <none>

TIMING-16#166 Warning
Large setup violation  
There is a large setup violation of -1.242 ns between CPU/DP/MWBREG/mwb\\.rd_out_reg[3]/C (clocked by CPUCLK) and CPU/DP/REGF/register_reg[13][15]/CE (clocked by CPUCLK). Large setup violations at the end of those stages might be difficult to fix during the post-placement implementation flow and could be the result of non-optimal XDC constraints or non-optimal design architecture
Related violations: <none>

TIMING-16#167 Warning
Large setup violation  
There is a large setup violation of -1.243 ns between CPU/DP/MWBREG/mwb\\.rd_out_reg[0]/C (clocked by CPUCLK) and CPU/DP/REGF/register_reg[12][20]/CE (clocked by CPUCLK). Large setup violations at the end of those stages might be difficult to fix during the post-placement implementation flow and could be the result of non-optimal XDC constraints or non-optimal design architecture
Related violations: <none>

TIMING-16#168 Warning
Large setup violation  
There is a large setup violation of -1.244 ns between RAM/addr_reg[5]/C (clocked by MAIN) and CPU/DP/DXREG/dx\\.rdat1_out_reg[25]/CE (clocked by CPUCLK). Large setup violations at the end of those stages might be difficult to fix during the post-placement implementation flow and could be the result of non-optimal XDC constraints or non-optimal design architecture
Related violations: <none>

TIMING-16#169 Warning
Large setup violation  
There is a large setup violation of -1.244 ns between RAM/addr_reg[5]/C (clocked by MAIN) and CPU/DP/DXREG/dx\\.rdat1_out_reg[26]/CE (clocked by CPUCLK). Large setup violations at the end of those stages might be difficult to fix during the post-placement implementation flow and could be the result of non-optimal XDC constraints or non-optimal design architecture
Related violations: <none>

TIMING-16#170 Warning
Large setup violation  
There is a large setup violation of -1.244 ns between RAM/addr_reg[5]/C (clocked by MAIN) and CPU/DP/DXREG/dx\\.rdat1_out_reg[27]/CE (clocked by CPUCLK). Large setup violations at the end of those stages might be difficult to fix during the post-placement implementation flow and could be the result of non-optimal XDC constraints or non-optimal design architecture
Related violations: <none>

TIMING-16#171 Warning
Large setup violation  
There is a large setup violation of -1.244 ns between RAM/addr_reg[5]/C (clocked by MAIN) and CPU/DP/DXREG/dx\\.rdat1_out_reg[28]/CE (clocked by CPUCLK). Large setup violations at the end of those stages might be difficult to fix during the post-placement implementation flow and could be the result of non-optimal XDC constraints or non-optimal design architecture
Related violations: <none>

TIMING-16#172 Warning
Large setup violation  
There is a large setup violation of -1.245 ns between CPU/DP/MWBREG/mwb\\.rd_out_reg[3]/C (clocked by CPUCLK) and CPU/DP/REGF/register_reg[11][20]/CE (clocked by CPUCLK). Large setup violations at the end of those stages might be difficult to fix during the post-placement implementation flow and could be the result of non-optimal XDC constraints or non-optimal design architecture
Related violations: <none>

TIMING-16#173 Warning
Large setup violation  
There is a large setup violation of -1.246 ns between CPU/DP/MWBREG/mwb\\.rd_out_reg[1]/C (clocked by CPUCLK) and CPU/DP/REGF/register_reg[8][19]/CE (clocked by CPUCLK). Large setup violations at the end of those stages might be difficult to fix during the post-placement implementation flow and could be the result of non-optimal XDC constraints or non-optimal design architecture
Related violations: <none>

TIMING-16#174 Warning
Large setup violation  
There is a large setup violation of -1.252 ns between RAM/addr_reg[5]/C (clocked by MAIN) and CPU/DP/MWBREG/mwb\\.dmemload_out_reg[25]/CE (clocked by CPUCLK). Large setup violations at the end of those stages might be difficult to fix during the post-placement implementation flow and could be the result of non-optimal XDC constraints or non-optimal design architecture
Related violations: <none>

TIMING-16#175 Warning
Large setup violation  
There is a large setup violation of -1.253 ns between CPU/DP/PC/pcif\\.PC_reg[12]/C (clocked by CPUCLK) and RAM/mem_reg_1/ADDRARDADDR[11] (clocked by MAIN). Large setup violations at the end of those stages might be difficult to fix during the post-placement implementation flow and could be the result of non-optimal XDC constraints or non-optimal design architecture
Related violations: <none>

TIMING-16#176 Warning
Large setup violation  
There is a large setup violation of -1.257 ns between CPU/DP/MWBREG/mwb\\.rd_out_reg[3]/C (clocked by CPUCLK) and CPU/DP/REGF/register_reg[10][28]/CE (clocked by CPUCLK). Large setup violations at the end of those stages might be difficult to fix during the post-placement implementation flow and could be the result of non-optimal XDC constraints or non-optimal design architecture
Related violations: <none>

TIMING-16#177 Warning
Large setup violation  
There is a large setup violation of -1.263 ns between CPU/DP/EXMREG/exm\\.dmemREN_reg_replica/C (clocked by CPUCLK) and RAM/mem_reg_10/ADDRARDADDR[2] (clocked by MAIN). Large setup violations at the end of those stages might be difficult to fix during the post-placement implementation flow and could be the result of non-optimal XDC constraints or non-optimal design architecture
Related violations: <none>

TIMING-16#178 Warning
Large setup violation  
There is a large setup violation of -1.263 ns between CPU/DP/MWBREG/mwb\\.rd_out_reg[1]/C (clocked by CPUCLK) and CPU/DP/REGF/register_reg[3][15]/CE (clocked by CPUCLK). Large setup violations at the end of those stages might be difficult to fix during the post-placement implementation flow and could be the result of non-optimal XDC constraints or non-optimal design architecture
Related violations: <none>

TIMING-16#179 Warning
Large setup violation  
There is a large setup violation of -1.264 ns between CPU/DP/EXMREG/exm\\.dmemWEN_reg_replica_5/C (clocked by CPUCLK) and RAM/mem_reg_0/ADDRARDADDR[8] (clocked by MAIN). Large setup violations at the end of those stages might be difficult to fix during the post-placement implementation flow and could be the result of non-optimal XDC constraints or non-optimal design architecture
Related violations: <none>

TIMING-16#180 Warning
Large setup violation  
There is a large setup violation of -1.265 ns between CPU/DP/MWBREG/mwb\\.rd_out_reg[3]/C (clocked by CPUCLK) and CPU/DP/REGF/register_reg[17][11]/CE (clocked by CPUCLK). Large setup violations at the end of those stages might be difficult to fix during the post-placement implementation flow and could be the result of non-optimal XDC constraints or non-optimal design architecture
Related violations: <none>

TIMING-16#181 Warning
Large setup violation  
There is a large setup violation of -1.265 ns between CPU/DP/MWBREG/mwb\\.rd_out_reg[3]/C (clocked by CPUCLK) and CPU/DP/REGF/register_reg[17][5]/CE (clocked by CPUCLK). Large setup violations at the end of those stages might be difficult to fix during the post-placement implementation flow and could be the result of non-optimal XDC constraints or non-optimal design architecture
Related violations: <none>

TIMING-16#182 Warning
Large setup violation  
There is a large setup violation of -1.265 ns between CPU/DP/MWBREG/mwb\\.rd_out_reg[3]/C (clocked by CPUCLK) and CPU/DP/REGF/register_reg[4][19]/CE (clocked by CPUCLK). Large setup violations at the end of those stages might be difficult to fix during the post-placement implementation flow and could be the result of non-optimal XDC constraints or non-optimal design architecture
Related violations: <none>

TIMING-16#183 Warning
Large setup violation  
There is a large setup violation of -1.267 ns between CPU/DP/MWBREG/mwb\\.rd_out_reg[0]/C (clocked by CPUCLK) and CPU/DP/REGF/register_reg[7][7]/CE (clocked by CPUCLK). Large setup violations at the end of those stages might be difficult to fix during the post-placement implementation flow and could be the result of non-optimal XDC constraints or non-optimal design architecture
Related violations: <none>

TIMING-16#184 Warning
Large setup violation  
There is a large setup violation of -1.267 ns between RAM/addr_reg[5]/C (clocked by MAIN) and CPU/DP/EXMREG/exm\\.imm_out_reg[19]/CE (clocked by CPUCLK). Large setup violations at the end of those stages might be difficult to fix during the post-placement implementation flow and could be the result of non-optimal XDC constraints or non-optimal design architecture
Related violations: <none>

TIMING-16#185 Warning
Large setup violation  
There is a large setup violation of -1.267 ns between RAM/addr_reg[5]/C (clocked by MAIN) and CPU/DP/EXMREG/exm\\.pc_out_reg[23]/CE (clocked by CPUCLK). Large setup violations at the end of those stages might be difficult to fix during the post-placement implementation flow and could be the result of non-optimal XDC constraints or non-optimal design architecture
Related violations: <none>

TIMING-16#186 Warning
Large setup violation  
There is a large setup violation of -1.267 ns between RAM/addr_reg[5]/C (clocked by MAIN) and CPU/DP/EXMREG/exm\\.pc_out_reg[25]/CE (clocked by CPUCLK). Large setup violations at the end of those stages might be difficult to fix during the post-placement implementation flow and could be the result of non-optimal XDC constraints or non-optimal design architecture
Related violations: <none>

TIMING-16#187 Warning
Large setup violation  
There is a large setup violation of -1.268 ns between RAM/addr_reg[5]/C (clocked by MAIN) and CPU/DP/DXREG/dx\\.rs1_out_reg[1]/CE (clocked by CPUCLK). Large setup violations at the end of those stages might be difficult to fix during the post-placement implementation flow and could be the result of non-optimal XDC constraints or non-optimal design architecture
Related violations: <none>

TIMING-16#188 Warning
Large setup violation  
There is a large setup violation of -1.268 ns between RAM/addr_reg[5]/C (clocked by MAIN) and CPU/DP/DXREG/dx\\.rs1_out_reg[2]/CE (clocked by CPUCLK). Large setup violations at the end of those stages might be difficult to fix during the post-placement implementation flow and could be the result of non-optimal XDC constraints or non-optimal design architecture
Related violations: <none>

TIMING-16#189 Warning
Large setup violation  
There is a large setup violation of -1.268 ns between RAM/addr_reg[5]/C (clocked by MAIN) and CPU/DP/DXREG/dx\\.rs1_out_reg[4]/CE (clocked by CPUCLK). Large setup violations at the end of those stages might be difficult to fix during the post-placement implementation flow and could be the result of non-optimal XDC constraints or non-optimal design architecture
Related violations: <none>

TIMING-16#190 Warning
Large setup violation  
There is a large setup violation of -1.269 ns between RAM/addr_reg[5]/C (clocked by MAIN) and CPU/DP/EXMREG/exm\\.pc_out_reg[1]/CE (clocked by CPUCLK). Large setup violations at the end of those stages might be difficult to fix during the post-placement implementation flow and could be the result of non-optimal XDC constraints or non-optimal design architecture
Related violations: <none>

TIMING-16#191 Warning
Large setup violation  
There is a large setup violation of -1.269 ns between RAM/addr_reg[5]/C (clocked by MAIN) and CPU/DP/EXMREG/exm\\.pc_out_reg[4]/CE (clocked by CPUCLK). Large setup violations at the end of those stages might be difficult to fix during the post-placement implementation flow and could be the result of non-optimal XDC constraints or non-optimal design architecture
Related violations: <none>

TIMING-16#192 Warning
Large setup violation  
There is a large setup violation of -1.269 ns between RAM/addr_reg[5]/C (clocked by MAIN) and CPU/DP/EXMREG/exm\\.pc_out_reg[6]/CE (clocked by CPUCLK). Large setup violations at the end of those stages might be difficult to fix during the post-placement implementation flow and could be the result of non-optimal XDC constraints or non-optimal design architecture
Related violations: <none>

TIMING-16#193 Warning
Large setup violation  
There is a large setup violation of -1.269 ns between RAM/addr_reg[5]/C (clocked by MAIN) and CPU/DP/EXMREG/exm\\.pc_out_reg[7]/CE (clocked by CPUCLK). Large setup violations at the end of those stages might be difficult to fix during the post-placement implementation flow and could be the result of non-optimal XDC constraints or non-optimal design architecture
Related violations: <none>

TIMING-16#194 Warning
Large setup violation  
There is a large setup violation of -1.270 ns between CPU/DP/MWBREG/mwb\\.RegWEN_out_reg/C (clocked by CPUCLK) and CPU/DP/REGF/register_reg[23][19]/CE (clocked by CPUCLK). Large setup violations at the end of those stages might be difficult to fix during the post-placement implementation flow and could be the result of non-optimal XDC constraints or non-optimal design architecture
Related violations: <none>

TIMING-16#195 Warning
Large setup violation  
There is a large setup violation of -1.270 ns between CPU/DP/MWBREG/mwb\\.RegWEN_out_reg/C (clocked by CPUCLK) and CPU/DP/REGF/register_reg[23][26]/CE (clocked by CPUCLK). Large setup violations at the end of those stages might be difficult to fix during the post-placement implementation flow and could be the result of non-optimal XDC constraints or non-optimal design architecture
Related violations: <none>

TIMING-16#196 Warning
Large setup violation  
There is a large setup violation of -1.276 ns between CPU/DP/MWBREG/mwb\\.pc_out_reg[6]/C (clocked by CPUCLK) and CPU/DP/REGF/register_reg[7][9]/D (clocked by CPUCLK). Large setup violations at the end of those stages might be difficult to fix during the post-placement implementation flow and could be the result of non-optimal XDC constraints or non-optimal design architecture
Related violations: <none>

TIMING-16#197 Warning
Large setup violation  
There is a large setup violation of -1.277 ns between CPU/DP/EXMREG/exm\\.dmemREN_reg_replica/C (clocked by CPUCLK) and RAM/mem_reg_1/ADDRARDADDR[7] (clocked by MAIN). Large setup violations at the end of those stages might be difficult to fix during the post-placement implementation flow and could be the result of non-optimal XDC constraints or non-optimal design architecture
Related violations: <none>

TIMING-16#198 Warning
Large setup violation  
There is a large setup violation of -1.279 ns between CPU/DP/EXMREG/exm\\.alu_out_out_reg[6]/C (clocked by CPUCLK) and RAM/mem_reg_13/ADDRARDADDR[5] (clocked by MAIN). Large setup violations at the end of those stages might be difficult to fix during the post-placement implementation flow and could be the result of non-optimal XDC constraints or non-optimal design architecture
Related violations: <none>

TIMING-16#199 Warning
Large setup violation  
There is a large setup violation of -1.282 ns between RAM/addr_reg[5]/C (clocked by MAIN) and CPU/DP/DXREG/dx\\.rs2_out_reg[3]/CE (clocked by CPUCLK). Large setup violations at the end of those stages might be difficult to fix during the post-placement implementation flow and could be the result of non-optimal XDC constraints or non-optimal design architecture
Related violations: <none>

TIMING-16#200 Warning
Large setup violation  
There is a large setup violation of -1.288 ns between CPU/DP/MWBREG/mwb\\.pc_out_reg[6]/C (clocked by CPUCLK) and CPU/DP/REGF/register_reg[2][9]/D (clocked by CPUCLK). Large setup violations at the end of those stages might be difficult to fix during the post-placement implementation flow and could be the result of non-optimal XDC constraints or non-optimal design architecture
Related violations: <none>

TIMING-16#201 Warning
Large setup violation  
There is a large setup violation of -1.288 ns between RAM/addr_reg[5]/C (clocked by MAIN) and CPU/DP/EXMREG/exm\\.rdat2_out_reg[11]/CE (clocked by CPUCLK). Large setup violations at the end of those stages might be difficult to fix during the post-placement implementation flow and could be the result of non-optimal XDC constraints or non-optimal design architecture
Related violations: <none>

TIMING-16#202 Warning
Large setup violation  
There is a large setup violation of -1.289 ns between CPU/DP/MWBREG/mwb\\.pc_out_reg[6]/C (clocked by CPUCLK) and CPU/DP/REGF/register_reg[11][9]/D (clocked by CPUCLK). Large setup violations at the end of those stages might be difficult to fix during the post-placement implementation flow and could be the result of non-optimal XDC constraints or non-optimal design architecture
Related violations: <none>

TIMING-16#203 Warning
Large setup violation  
There is a large setup violation of -1.291 ns between CPU/DP/MWBREG/mwb\\.rd_out_reg[1]/C (clocked by CPUCLK) and CPU/DP/REGF/register_reg[1][19]/CE (clocked by CPUCLK). Large setup violations at the end of those stages might be difficult to fix during the post-placement implementation flow and could be the result of non-optimal XDC constraints or non-optimal design architecture
Related violations: <none>

TIMING-16#204 Warning
Large setup violation  
There is a large setup violation of -1.294 ns between CPU/DP/MWBREG/mwb\\.rd_out_reg[1]/C (clocked by CPUCLK) and CPU/DP/REGF/register_reg[5][19]/CE (clocked by CPUCLK). Large setup violations at the end of those stages might be difficult to fix during the post-placement implementation flow and could be the result of non-optimal XDC constraints or non-optimal design architecture
Related violations: <none>

TIMING-16#205 Warning
Large setup violation  
There is a large setup violation of -1.301 ns between CPU/DP/MWBREG/mwb\\.rd_out_reg[1]/C (clocked by CPUCLK) and CPU/DP/REGF/register_reg[2][11]/CE (clocked by CPUCLK). Large setup violations at the end of those stages might be difficult to fix during the post-placement implementation flow and could be the result of non-optimal XDC constraints or non-optimal design architecture
Related violations: <none>

TIMING-16#206 Warning
Large setup violation  
There is a large setup violation of -1.301 ns between CPU/DP/MWBREG/mwb\\.rd_out_reg[1]/C (clocked by CPUCLK) and CPU/DP/REGF/register_reg[2][7]/CE (clocked by CPUCLK). Large setup violations at the end of those stages might be difficult to fix during the post-placement implementation flow and could be the result of non-optimal XDC constraints or non-optimal design architecture
Related violations: <none>

TIMING-16#207 Warning
Large setup violation  
There is a large setup violation of -1.301 ns between CPU/DP/dpif\\.halt_reg/C (clocked by CPUCLK) and RAM/en_reg[1]/D (clocked by MAIN). Large setup violations at the end of those stages might be difficult to fix during the post-placement implementation flow and could be the result of non-optimal XDC constraints or non-optimal design architecture
Related violations: <none>

TIMING-16#208 Warning
Large setup violation  
There is a large setup violation of -1.301 ns between RAM/addr_reg[5]/C (clocked by MAIN) and CPU/DP/DXREG/dx\\.dREN_out_reg/CE (clocked by CPUCLK). Large setup violations at the end of those stages might be difficult to fix during the post-placement implementation flow and could be the result of non-optimal XDC constraints or non-optimal design architecture
Related violations: <none>

TIMING-16#209 Warning
Large setup violation  
There is a large setup violation of -1.301 ns between RAM/addr_reg[5]/C (clocked by MAIN) and CPU/DP/DXREG/dx\\.dWEN_out_reg/CE (clocked by CPUCLK). Large setup violations at the end of those stages might be difficult to fix during the post-placement implementation flow and could be the result of non-optimal XDC constraints or non-optimal design architecture
Related violations: <none>

TIMING-16#210 Warning
Large setup violation  
There is a large setup violation of -1.301 ns between RAM/addr_reg[5]/C (clocked by MAIN) and CPU/DP/DXREG/dx\\.imm_out_reg[2]/CE (clocked by CPUCLK). Large setup violations at the end of those stages might be difficult to fix during the post-placement implementation flow and could be the result of non-optimal XDC constraints or non-optimal design architecture
Related violations: <none>

TIMING-16#211 Warning
Large setup violation  
There is a large setup violation of -1.301 ns between RAM/addr_reg[5]/C (clocked by MAIN) and CPU/DP/DXREG/dx\\.inst_out_reg[0]/CE (clocked by CPUCLK). Large setup violations at the end of those stages might be difficult to fix during the post-placement implementation flow and could be the result of non-optimal XDC constraints or non-optimal design architecture
Related violations: <none>

TIMING-16#212 Warning
Large setup violation  
There is a large setup violation of -1.303 ns between RAM/addr_reg[5]/C (clocked by MAIN) and CPU/DP/EXMREG/exm\\.pc_out_reg[26]/CE (clocked by CPUCLK). Large setup violations at the end of those stages might be difficult to fix during the post-placement implementation flow and could be the result of non-optimal XDC constraints or non-optimal design architecture
Related violations: <none>

TIMING-16#213 Warning
Large setup violation  
There is a large setup violation of -1.303 ns between RAM/addr_reg[5]/C (clocked by MAIN) and CPU/DP/EXMREG/exm\\.pc_out_reg[27]/CE (clocked by CPUCLK). Large setup violations at the end of those stages might be difficult to fix during the post-placement implementation flow and could be the result of non-optimal XDC constraints or non-optimal design architecture
Related violations: <none>

TIMING-16#214 Warning
Large setup violation  
There is a large setup violation of -1.303 ns between RAM/addr_reg[5]/C (clocked by MAIN) and CPU/DP/EXMREG/exm\\.pc_out_reg[28]/CE (clocked by CPUCLK). Large setup violations at the end of those stages might be difficult to fix during the post-placement implementation flow and could be the result of non-optimal XDC constraints or non-optimal design architecture
Related violations: <none>

TIMING-16#215 Warning
Large setup violation  
There is a large setup violation of -1.305 ns between CPU/DP/MWBREG/mwb\\.rd_out_reg[3]/C (clocked by CPUCLK) and CPU/DP/REGF/register_reg[14][5]/CE (clocked by CPUCLK). Large setup violations at the end of those stages might be difficult to fix during the post-placement implementation flow and could be the result of non-optimal XDC constraints or non-optimal design architecture
Related violations: <none>

TIMING-16#216 Warning
Large setup violation  
There is a large setup violation of -1.308 ns between CPU/DP/PC/pcif\\.PC_reg[2]/C (clocked by CPUCLK) and RAM/mem_reg_13/ADDRARDADDR[1] (clocked by MAIN). Large setup violations at the end of those stages might be difficult to fix during the post-placement implementation flow and could be the result of non-optimal XDC constraints or non-optimal design architecture
Related violations: <none>

TIMING-16#217 Warning
Large setup violation  
There is a large setup violation of -1.310 ns between CPU/DP/MWBREG/mwb\\.pc_out_reg[6]/C (clocked by CPUCLK) and CPU/DP/REGF/register_reg[13][9]/D (clocked by CPUCLK). Large setup violations at the end of those stages might be difficult to fix during the post-placement implementation flow and could be the result of non-optimal XDC constraints or non-optimal design architecture
Related violations: <none>

TIMING-16#218 Warning
Large setup violation  
There is a large setup violation of -1.311 ns between CPU/DP/MWBREG/mwb\\.rd_out_reg[1]/C (clocked by CPUCLK) and CPU/DP/REGF/register_reg[3][6]/CE (clocked by CPUCLK). Large setup violations at the end of those stages might be difficult to fix during the post-placement implementation flow and could be the result of non-optimal XDC constraints or non-optimal design architecture
Related violations: <none>

TIMING-16#219 Warning
Large setup violation  
There is a large setup violation of -1.311 ns between RAM/addr_reg[5]/C (clocked by MAIN) and CPU/DP/DXREG/dx\\.imm_out_reg[25]/CE (clocked by CPUCLK). Large setup violations at the end of those stages might be difficult to fix during the post-placement implementation flow and could be the result of non-optimal XDC constraints or non-optimal design architecture
Related violations: <none>

TIMING-16#220 Warning
Large setup violation  
There is a large setup violation of -1.311 ns between RAM/addr_reg[5]/C (clocked by MAIN) and CPU/DP/DXREG/dx\\.imm_out_reg[26]/CE (clocked by CPUCLK). Large setup violations at the end of those stages might be difficult to fix during the post-placement implementation flow and could be the result of non-optimal XDC constraints or non-optimal design architecture
Related violations: <none>

TIMING-16#221 Warning
Large setup violation  
There is a large setup violation of -1.311 ns between RAM/addr_reg[5]/C (clocked by MAIN) and CPU/DP/DXREG/dx\\.imm_out_reg[27]/CE (clocked by CPUCLK). Large setup violations at the end of those stages might be difficult to fix during the post-placement implementation flow and could be the result of non-optimal XDC constraints or non-optimal design architecture
Related violations: <none>

TIMING-16#222 Warning
Large setup violation  
There is a large setup violation of -1.313 ns between CPU/DP/EXMREG/exm\\.alu_out_out_reg[7]/C (clocked by CPUCLK) and RAM/mem_reg_13/ADDRARDADDR[6] (clocked by MAIN). Large setup violations at the end of those stages might be difficult to fix during the post-placement implementation flow and could be the result of non-optimal XDC constraints or non-optimal design architecture
Related violations: <none>

TIMING-16#223 Warning
Large setup violation  
There is a large setup violation of -1.314 ns between CPU/DP/EXMREG/exm\\.dmemREN_reg_replica/C (clocked by CPUCLK) and RAM/mem_reg_10/ADDRARDADDR[10] (clocked by MAIN). Large setup violations at the end of those stages might be difficult to fix during the post-placement implementation flow and could be the result of non-optimal XDC constraints or non-optimal design architecture
Related violations: <none>

TIMING-16#224 Warning
Large setup violation  
There is a large setup violation of -1.314 ns between RAM/addr_reg[5]/C (clocked by MAIN) and CPU/DP/DXREG/dx\\.rdat1_out_reg[22]/CE (clocked by CPUCLK). Large setup violations at the end of those stages might be difficult to fix during the post-placement implementation flow and could be the result of non-optimal XDC constraints or non-optimal design architecture
Related violations: <none>

TIMING-16#225 Warning
Large setup violation  
There is a large setup violation of -1.314 ns between RAM/addr_reg[5]/C (clocked by MAIN) and CPU/DP/DXREG/dx\\.rdat1_out_reg[31]/CE (clocked by CPUCLK). Large setup violations at the end of those stages might be difficult to fix during the post-placement implementation flow and could be the result of non-optimal XDC constraints or non-optimal design architecture
Related violations: <none>

TIMING-16#226 Warning
Large setup violation  
There is a large setup violation of -1.315 ns between CPU/DP/MWBREG/mwb\\.rd_out_reg[3]/C (clocked by CPUCLK) and CPU/DP/REGF/register_reg[13][24]/CE (clocked by CPUCLK). Large setup violations at the end of those stages might be difficult to fix during the post-placement implementation flow and could be the result of non-optimal XDC constraints or non-optimal design architecture
Related violations: <none>

TIMING-16#227 Warning
Large setup violation  
There is a large setup violation of -1.316 ns between RAM/addr_reg[5]/C (clocked by MAIN) and CPU/DP/DXREG/dx\\.imm_out_reg[7]/CE (clocked by CPUCLK). Large setup violations at the end of those stages might be difficult to fix during the post-placement implementation flow and could be the result of non-optimal XDC constraints or non-optimal design architecture
Related violations: <none>

TIMING-16#228 Warning
Large setup violation  
There is a large setup violation of -1.316 ns between RAM/addr_reg[5]/C (clocked by MAIN) and CPU/DP/DXREG/dx\\.imm_out_reg[9]/CE (clocked by CPUCLK). Large setup violations at the end of those stages might be difficult to fix during the post-placement implementation flow and could be the result of non-optimal XDC constraints or non-optimal design architecture
Related violations: <none>

TIMING-16#229 Warning
Large setup violation  
There is a large setup violation of -1.316 ns between RAM/addr_reg[5]/C (clocked by MAIN) and CPU/DP/DXREG/dx\\.pc_out_reg[17]/CE (clocked by CPUCLK). Large setup violations at the end of those stages might be difficult to fix during the post-placement implementation flow and could be the result of non-optimal XDC constraints or non-optimal design architecture
Related violations: <none>

TIMING-16#230 Warning
Large setup violation  
There is a large setup violation of -1.316 ns between RAM/addr_reg[5]/C (clocked by MAIN) and CPU/DP/DXREG/dx\\.pc_out_reg[19]/CE (clocked by CPUCLK). Large setup violations at the end of those stages might be difficult to fix during the post-placement implementation flow and could be the result of non-optimal XDC constraints or non-optimal design architecture
Related violations: <none>

TIMING-16#231 Warning
Large setup violation  
There is a large setup violation of -1.316 ns between RAM/addr_reg[5]/C (clocked by MAIN) and CPU/DP/DXREG/dx\\.pc_out_reg[1]/CE (clocked by CPUCLK). Large setup violations at the end of those stages might be difficult to fix during the post-placement implementation flow and could be the result of non-optimal XDC constraints or non-optimal design architecture
Related violations: <none>

TIMING-16#232 Warning
Large setup violation  
There is a large setup violation of -1.316 ns between RAM/addr_reg[5]/C (clocked by MAIN) and CPU/DP/DXREG/dx\\.pc_out_reg[20]/CE (clocked by CPUCLK). Large setup violations at the end of those stages might be difficult to fix during the post-placement implementation flow and could be the result of non-optimal XDC constraints or non-optimal design architecture
Related violations: <none>

TIMING-16#233 Warning
Large setup violation  
There is a large setup violation of -1.318 ns between CPU/DP/MWBREG/mwb\\.rd_out_reg[3]/C (clocked by CPUCLK) and CPU/DP/REGF/register_reg[18][11]/CE (clocked by CPUCLK). Large setup violations at the end of those stages might be difficult to fix during the post-placement implementation flow and could be the result of non-optimal XDC constraints or non-optimal design architecture
Related violations: <none>

TIMING-16#234 Warning
Large setup violation  
There is a large setup violation of -1.318 ns between CPU/DP/MWBREG/mwb\\.rd_out_reg[3]/C (clocked by CPUCLK) and CPU/DP/REGF/register_reg[18][5]/CE (clocked by CPUCLK). Large setup violations at the end of those stages might be difficult to fix during the post-placement implementation flow and could be the result of non-optimal XDC constraints or non-optimal design architecture
Related violations: <none>

TIMING-16#235 Warning
Large setup violation  
There is a large setup violation of -1.320 ns between RAM/addr_reg[5]/C (clocked by MAIN) and CPU/DP/DXREG/dx\\.pc_out_reg[18]/CE (clocked by CPUCLK). Large setup violations at the end of those stages might be difficult to fix during the post-placement implementation flow and could be the result of non-optimal XDC constraints or non-optimal design architecture
Related violations: <none>

TIMING-16#236 Warning
Large setup violation  
There is a large setup violation of -1.324 ns between CPU/DP/MWBREG/mwb\\.rd_out_reg[0]/C (clocked by CPUCLK) and CPU/DP/REGF/register_reg[7][19]/CE (clocked by CPUCLK). Large setup violations at the end of those stages might be difficult to fix during the post-placement implementation flow and could be the result of non-optimal XDC constraints or non-optimal design architecture
Related violations: <none>

TIMING-16#237 Warning
Large setup violation  
There is a large setup violation of -1.325 ns between CPU/DP/EXMREG/exm\\.dmemWEN_reg_replica_5/C (clocked by CPUCLK) and RAM/mem_reg_1/ADDRARDADDR[8] (clocked by MAIN). Large setup violations at the end of those stages might be difficult to fix during the post-placement implementation flow and could be the result of non-optimal XDC constraints or non-optimal design architecture
Related violations: <none>

TIMING-16#238 Warning
Large setup violation  
There is a large setup violation of -1.325 ns between CPU/DP/MWBREG/mwb\\.rd_out_reg[3]/C (clocked by CPUCLK) and CPU/DP/REGF/register_reg[18][15]/CE (clocked by CPUCLK). Large setup violations at the end of those stages might be difficult to fix during the post-placement implementation flow and could be the result of non-optimal XDC constraints or non-optimal design architecture
Related violations: <none>

TIMING-16#239 Warning
Large setup violation  
There is a large setup violation of -1.326 ns between CPU/DP/MWBREG/mwb\\.pc_out_reg[6]/C (clocked by CPUCLK) and CPU/DP/REGF/register_reg[5][9]/D (clocked by CPUCLK). Large setup violations at the end of those stages might be difficult to fix during the post-placement implementation flow and could be the result of non-optimal XDC constraints or non-optimal design architecture
Related violations: <none>

TIMING-16#240 Warning
Large setup violation  
There is a large setup violation of -1.328 ns between CPU/DP/EXMREG/exm\\.dmemREN_reg_replica/C (clocked by CPUCLK) and RAM/mem_reg_13/ADDRARDADDR[12] (clocked by MAIN). Large setup violations at the end of those stages might be difficult to fix during the post-placement implementation flow and could be the result of non-optimal XDC constraints or non-optimal design architecture
Related violations: <none>

TIMING-16#241 Warning
Large setup violation  
There is a large setup violation of -1.329 ns between CPU/DP/MWBREG/mwb\\.rd_out_reg[1]/C (clocked by CPUCLK) and CPU/DP/REGF/register_reg[8][28]/CE (clocked by CPUCLK). Large setup violations at the end of those stages might be difficult to fix during the post-placement implementation flow and could be the result of non-optimal XDC constraints or non-optimal design architecture
Related violations: <none>

TIMING-16#242 Warning
Large setup violation  
There is a large setup violation of -1.332 ns between RAM/addr_reg[5]/C (clocked by MAIN) and CPU/DP/DXREG/dx\\.pc_out_reg[13]/CE (clocked by CPUCLK). Large setup violations at the end of those stages might be difficult to fix during the post-placement implementation flow and could be the result of non-optimal XDC constraints or non-optimal design architecture
Related violations: <none>

TIMING-16#243 Warning
Large setup violation  
There is a large setup violation of -1.332 ns between RAM/addr_reg[5]/C (clocked by MAIN) and CPU/DP/DXREG/dx\\.rd_out_reg[3]/CE (clocked by CPUCLK). Large setup violations at the end of those stages might be difficult to fix during the post-placement implementation flow and could be the result of non-optimal XDC constraints or non-optimal design architecture
Related violations: <none>

TIMING-16#244 Warning
Large setup violation  
There is a large setup violation of -1.332 ns between RAM/addr_reg[5]/C (clocked by MAIN) and CPU/DP/DXREG/dx\\.rd_out_reg[4]/CE (clocked by CPUCLK). Large setup violations at the end of those stages might be difficult to fix during the post-placement implementation flow and could be the result of non-optimal XDC constraints or non-optimal design architecture
Related violations: <none>

TIMING-16#245 Warning
Large setup violation  
There is a large setup violation of -1.333 ns between CPU/DP/MWBREG/mwb\\.rd_out_reg[3]/C (clocked by CPUCLK) and CPU/DP/REGF/register_reg[11][19]/CE (clocked by CPUCLK). Large setup violations at the end of those stages might be difficult to fix during the post-placement implementation flow and could be the result of non-optimal XDC constraints or non-optimal design architecture
Related violations: <none>

TIMING-16#246 Warning
Large setup violation  
There is a large setup violation of -1.334 ns between CPU/DP/MWBREG/mwb\\.rd_out_reg[3]/C (clocked by CPUCLK) and CPU/DP/REGF/register_reg[4][15]/CE (clocked by CPUCLK). Large setup violations at the end of those stages might be difficult to fix during the post-placement implementation flow and could be the result of non-optimal XDC constraints or non-optimal design architecture
Related violations: <none>

TIMING-16#247 Warning
Large setup violation  
There is a large setup violation of -1.337 ns between RAM/addr_reg[5]/C (clocked by MAIN) and CPU/DP/PC/pcif\\.PC_reg[21]/CE (clocked by CPUCLK). Large setup violations at the end of those stages might be difficult to fix during the post-placement implementation flow and could be the result of non-optimal XDC constraints or non-optimal design architecture
Related violations: <none>

TIMING-16#248 Warning
Large setup violation  
There is a large setup violation of -1.337 ns between RAM/addr_reg[5]/C (clocked by MAIN) and CPU/DP/PC/pcif\\.PC_reg[2]/CE (clocked by CPUCLK). Large setup violations at the end of those stages might be difficult to fix during the post-placement implementation flow and could be the result of non-optimal XDC constraints or non-optimal design architecture
Related violations: <none>

TIMING-16#249 Warning
Large setup violation  
There is a large setup violation of -1.338 ns between RAM/addr_reg[5]/C (clocked by MAIN) and CPU/DP/DXREG/dx\\.rdat1_out_reg[21]/CE (clocked by CPUCLK). Large setup violations at the end of those stages might be difficult to fix during the post-placement implementation flow and could be the result of non-optimal XDC constraints or non-optimal design architecture
Related violations: <none>

TIMING-16#250 Warning
Large setup violation  
There is a large setup violation of -1.338 ns between RAM/addr_reg[5]/C (clocked by MAIN) and CPU/DP/DXREG/dx\\.rdat1_out_reg[23]/CE (clocked by CPUCLK). Large setup violations at the end of those stages might be difficult to fix during the post-placement implementation flow and could be the result of non-optimal XDC constraints or non-optimal design architecture
Related violations: <none>

TIMING-16#251 Warning
Large setup violation  
There is a large setup violation of -1.338 ns between RAM/addr_reg[5]/C (clocked by MAIN) and CPU/DP/DXREG/dx\\.rdat1_out_reg[24]/CE (clocked by CPUCLK). Large setup violations at the end of those stages might be difficult to fix during the post-placement implementation flow and could be the result of non-optimal XDC constraints or non-optimal design architecture
Related violations: <none>

TIMING-16#252 Warning
Large setup violation  
There is a large setup violation of -1.338 ns between RAM/addr_reg[5]/C (clocked by MAIN) and CPU/DP/DXREG/dx\\.rs2_out_reg[4]/CE (clocked by CPUCLK). Large setup violations at the end of those stages might be difficult to fix during the post-placement implementation flow and could be the result of non-optimal XDC constraints or non-optimal design architecture
Related violations: <none>

TIMING-16#253 Warning
Large setup violation  
There is a large setup violation of -1.340 ns between RAM/addr_reg[5]/C (clocked by MAIN) and CPU/DP/DXREG/dx\\.imm_out_reg[4]/CE (clocked by CPUCLK). Large setup violations at the end of those stages might be difficult to fix during the post-placement implementation flow and could be the result of non-optimal XDC constraints or non-optimal design architecture
Related violations: <none>

TIMING-16#254 Warning
Large setup violation  
There is a large setup violation of -1.340 ns between RAM/addr_reg[5]/C (clocked by MAIN) and CPU/DP/DXREG/dx\\.imm_out_reg[6]/CE (clocked by CPUCLK). Large setup violations at the end of those stages might be difficult to fix during the post-placement implementation flow and could be the result of non-optimal XDC constraints or non-optimal design architecture
Related violations: <none>

TIMING-16#255 Warning
Large setup violation  
There is a large setup violation of -1.340 ns between RAM/addr_reg[5]/C (clocked by MAIN) and CPU/DP/DXREG/dx\\.rdat1_out_reg[0]/CE (clocked by CPUCLK). Large setup violations at the end of those stages might be difficult to fix during the post-placement implementation flow and could be the result of non-optimal XDC constraints or non-optimal design architecture
Related violations: <none>

TIMING-16#256 Warning
Large setup violation  
There is a large setup violation of -1.340 ns between RAM/addr_reg[5]/C (clocked by MAIN) and CPU/DP/DXREG/dx\\.rdat2_out_reg[11]/CE (clocked by CPUCLK). Large setup violations at the end of those stages might be difficult to fix during the post-placement implementation flow and could be the result of non-optimal XDC constraints or non-optimal design architecture
Related violations: <none>

TIMING-16#257 Warning
Large setup violation  
There is a large setup violation of -1.346 ns between RAM/addr_reg[5]/C (clocked by MAIN) and CPU/DP/DXREG/dx\\.rs1_out_reg[0]/CE (clocked by CPUCLK). Large setup violations at the end of those stages might be difficult to fix during the post-placement implementation flow and could be the result of non-optimal XDC constraints or non-optimal design architecture
Related violations: <none>

TIMING-16#258 Warning
Large setup violation  
There is a large setup violation of -1.348 ns between CPU/DP/MWBREG/mwb\\.rd_out_reg[1]/C (clocked by CPUCLK) and CPU/DP/REGF/register_reg[2][15]/CE (clocked by CPUCLK). Large setup violations at the end of those stages might be difficult to fix during the post-placement implementation flow and could be the result of non-optimal XDC constraints or non-optimal design architecture
Related violations: <none>

TIMING-16#259 Warning
Large setup violation  
There is a large setup violation of -1.348 ns between RAM/addr_reg[5]/C (clocked by MAIN) and CPU/DP/DXREG/dx\\.imm_out_reg[0]/CE (clocked by CPUCLK). Large setup violations at the end of those stages might be difficult to fix during the post-placement implementation flow and could be the result of non-optimal XDC constraints or non-optimal design architecture
Related violations: <none>

TIMING-16#260 Warning
Large setup violation  
There is a large setup violation of -1.348 ns between RAM/addr_reg[5]/C (clocked by MAIN) and CPU/DP/DXREG/dx\\.imm_out_reg[21]/CE (clocked by CPUCLK). Large setup violations at the end of those stages might be difficult to fix during the post-placement implementation flow and could be the result of non-optimal XDC constraints or non-optimal design architecture
Related violations: <none>

TIMING-16#261 Warning
Large setup violation  
There is a large setup violation of -1.348 ns between RAM/addr_reg[5]/C (clocked by MAIN) and CPU/DP/DXREG/dx\\.imm_out_reg[22]/CE (clocked by CPUCLK). Large setup violations at the end of those stages might be difficult to fix during the post-placement implementation flow and could be the result of non-optimal XDC constraints or non-optimal design architecture
Related violations: <none>

TIMING-16#262 Warning
Large setup violation  
There is a large setup violation of -1.348 ns between RAM/addr_reg[5]/C (clocked by MAIN) and CPU/DP/DXREG/dx\\.imm_out_reg[23]/CE (clocked by CPUCLK). Large setup violations at the end of those stages might be difficult to fix during the post-placement implementation flow and could be the result of non-optimal XDC constraints or non-optimal design architecture
Related violations: <none>

TIMING-16#263 Warning
Large setup violation  
There is a large setup violation of -1.348 ns between RAM/addr_reg[5]/C (clocked by MAIN) and CPU/DP/PC/pcif\\.PC_reg[1]/CE (clocked by CPUCLK). Large setup violations at the end of those stages might be difficult to fix during the post-placement implementation flow and could be the result of non-optimal XDC constraints or non-optimal design architecture
Related violations: <none>

TIMING-16#264 Warning
Large setup violation  
There is a large setup violation of -1.349 ns between CPU/DP/MWBREG/mwb\\.rd_out_reg[3]/C (clocked by CPUCLK) and CPU/DP/REGF/register_reg[13][29]/CE (clocked by CPUCLK). Large setup violations at the end of those stages might be difficult to fix during the post-placement implementation flow and could be the result of non-optimal XDC constraints or non-optimal design architecture
Related violations: <none>

TIMING-16#265 Warning
Large setup violation  
There is a large setup violation of -1.349 ns between RAM/addr_reg[5]/C (clocked by MAIN) and CPU/DP/EXMREG/exm\\.inst_out_reg[2]/CE (clocked by CPUCLK). Large setup violations at the end of those stages might be difficult to fix during the post-placement implementation flow and could be the result of non-optimal XDC constraints or non-optimal design architecture
Related violations: <none>

TIMING-16#266 Warning
Large setup violation  
There is a large setup violation of -1.353 ns between CPU/DP/MWBREG/mwb\\.rd_out_reg[1]/C (clocked by CPUCLK) and CPU/DP/REGF/register_reg[2][28]/CE (clocked by CPUCLK). Large setup violations at the end of those stages might be difficult to fix during the post-placement implementation flow and could be the result of non-optimal XDC constraints or non-optimal design architecture
Related violations: <none>

TIMING-16#267 Warning
Large setup violation  
There is a large setup violation of -1.353 ns between RAM/addr_reg[5]/C (clocked by MAIN) and CPU/DP/DXREG/dx\\.imm_out_reg[15]/CE (clocked by CPUCLK). Large setup violations at the end of those stages might be difficult to fix during the post-placement implementation flow and could be the result of non-optimal XDC constraints or non-optimal design architecture
Related violations: <none>

TIMING-16#268 Warning
Large setup violation  
There is a large setup violation of -1.353 ns between RAM/addr_reg[5]/C (clocked by MAIN) and CPU/DP/DXREG/dx\\.pc_out_reg[27]/CE (clocked by CPUCLK). Large setup violations at the end of those stages might be difficult to fix during the post-placement implementation flow and could be the result of non-optimal XDC constraints or non-optimal design architecture
Related violations: <none>

TIMING-16#269 Warning
Large setup violation  
There is a large setup violation of -1.353 ns between RAM/addr_reg[5]/C (clocked by MAIN) and CPU/DP/DXREG/dx\\.rdat2_out_reg[25]/CE (clocked by CPUCLK). Large setup violations at the end of those stages might be difficult to fix during the post-placement implementation flow and could be the result of non-optimal XDC constraints or non-optimal design architecture
Related violations: <none>

TIMING-16#270 Warning
Large setup violation  
There is a large setup violation of -1.353 ns between RAM/addr_reg[5]/C (clocked by MAIN) and CPU/DP/DXREG/dx\\.rdat2_out_reg[26]/CE (clocked by CPUCLK). Large setup violations at the end of those stages might be difficult to fix during the post-placement implementation flow and could be the result of non-optimal XDC constraints or non-optimal design architecture
Related violations: <none>

TIMING-16#271 Warning
Large setup violation  
There is a large setup violation of -1.356 ns between RAM/addr_reg[5]/C (clocked by MAIN) and CPU/DP/PC/pcif\\.PC_reg[13]/CE (clocked by CPUCLK). Large setup violations at the end of those stages might be difficult to fix during the post-placement implementation flow and could be the result of non-optimal XDC constraints or non-optimal design architecture
Related violations: <none>

TIMING-16#272 Warning
Large setup violation  
There is a large setup violation of -1.356 ns between RAM/addr_reg[5]/C (clocked by MAIN) and CPU/DP/PC/pcif\\.PC_reg[20]/CE (clocked by CPUCLK). Large setup violations at the end of those stages might be difficult to fix during the post-placement implementation flow and could be the result of non-optimal XDC constraints or non-optimal design architecture
Related violations: <none>

TIMING-16#273 Warning
Large setup violation  
There is a large setup violation of -1.357 ns between CPU/DP/MWBREG/mwb\\.pc_out_reg[6]/C (clocked by CPUCLK) and CPU/DP/REGF/register_reg[3][9]/D (clocked by CPUCLK). Large setup violations at the end of those stages might be difficult to fix during the post-placement implementation flow and could be the result of non-optimal XDC constraints or non-optimal design architecture
Related violations: <none>

TIMING-16#274 Warning
Large setup violation  
There is a large setup violation of -1.357 ns between RAM/addr_reg[5]/C (clocked by MAIN) and CPU/DP/DXREG/dx\\.pc_out_reg[5]/CE (clocked by CPUCLK). Large setup violations at the end of those stages might be difficult to fix during the post-placement implementation flow and could be the result of non-optimal XDC constraints or non-optimal design architecture
Related violations: <none>

TIMING-16#275 Warning
Large setup violation  
There is a large setup violation of -1.357 ns between RAM/addr_reg[5]/C (clocked by MAIN) and CPU/DP/DXREG/dx\\.rd_out_reg[1]/CE (clocked by CPUCLK). Large setup violations at the end of those stages might be difficult to fix during the post-placement implementation flow and could be the result of non-optimal XDC constraints or non-optimal design architecture
Related violations: <none>

TIMING-16#276 Warning
Large setup violation  
There is a large setup violation of -1.358 ns between RAM/addr_reg[5]/C (clocked by MAIN) and CPU/DP/DXREG/dx\\.pc_out_reg[2]/CE (clocked by CPUCLK). Large setup violations at the end of those stages might be difficult to fix during the post-placement implementation flow and could be the result of non-optimal XDC constraints or non-optimal design architecture
Related violations: <none>

TIMING-16#277 Warning
Large setup violation  
There is a large setup violation of -1.358 ns between RAM/addr_reg[5]/C (clocked by MAIN) and CPU/DP/DXREG/dx\\.rdat1_out_reg[6]/CE (clocked by CPUCLK). Large setup violations at the end of those stages might be difficult to fix during the post-placement implementation flow and could be the result of non-optimal XDC constraints or non-optimal design architecture
Related violations: <none>

TIMING-16#278 Warning
Large setup violation  
There is a large setup violation of -1.358 ns between RAM/addr_reg[5]/C (clocked by MAIN) and CPU/DP/DXREG/dx\\.rdat2_out_reg[15]/CE (clocked by CPUCLK). Large setup violations at the end of those stages might be difficult to fix during the post-placement implementation flow and could be the result of non-optimal XDC constraints or non-optimal design architecture
Related violations: <none>

TIMING-16#279 Warning
Large setup violation  
There is a large setup violation of -1.358 ns between RAM/addr_reg[5]/C (clocked by MAIN) and CPU/DP/DXREG/dx\\.rdat2_out_reg[17]/CE (clocked by CPUCLK). Large setup violations at the end of those stages might be difficult to fix during the post-placement implementation flow and could be the result of non-optimal XDC constraints or non-optimal design architecture
Related violations: <none>

TIMING-16#280 Warning
Large setup violation  
There is a large setup violation of -1.359 ns between CPU/DP/MWBREG/mwb\\.rd_out_reg[1]/C (clocked by CPUCLK) and CPU/DP/REGF/register_reg[15][5]/CE (clocked by CPUCLK). Large setup violations at the end of those stages might be difficult to fix during the post-placement implementation flow and could be the result of non-optimal XDC constraints or non-optimal design architecture
Related violations: <none>

TIMING-16#281 Warning
Large setup violation  
There is a large setup violation of -1.368 ns between RAM/addr_reg[5]/C (clocked by MAIN) and CPU/DP/DXREG/dx\\.inst_out_reg[6]/CE (clocked by CPUCLK). Large setup violations at the end of those stages might be difficult to fix during the post-placement implementation flow and could be the result of non-optimal XDC constraints or non-optimal design architecture
Related violations: <none>

TIMING-16#282 Warning
Large setup violation  
There is a large setup violation of -1.368 ns between RAM/addr_reg[5]/C (clocked by MAIN) and CPU/DP/DXREG/dx\\.pc_out_reg[26]/CE (clocked by CPUCLK). Large setup violations at the end of those stages might be difficult to fix during the post-placement implementation flow and could be the result of non-optimal XDC constraints or non-optimal design architecture
Related violations: <none>

TIMING-16#283 Warning
Large setup violation  
There is a large setup violation of -1.368 ns between RAM/addr_reg[5]/C (clocked by MAIN) and CPU/DP/DXREG/dx\\.rdat2_out_reg[3]/CE (clocked by CPUCLK). Large setup violations at the end of those stages might be difficult to fix during the post-placement implementation flow and could be the result of non-optimal XDC constraints or non-optimal design architecture
Related violations: <none>

TIMING-16#284 Warning
Large setup violation  
There is a large setup violation of -1.368 ns between RAM/addr_reg[5]/C (clocked by MAIN) and CPU/DP/DXREG/dx\\.rdat2_out_reg[4]/CE (clocked by CPUCLK). Large setup violations at the end of those stages might be difficult to fix during the post-placement implementation flow and could be the result of non-optimal XDC constraints or non-optimal design architecture
Related violations: <none>

TIMING-16#285 Warning
Large setup violation  
There is a large setup violation of -1.372 ns between CPU/DP/EXMREG/exm\\.dmemREN_reg_replica/C (clocked by CPUCLK) and RAM/mem_reg_10/ADDRARDADDR[12] (clocked by MAIN). Large setup violations at the end of those stages might be difficult to fix during the post-placement implementation flow and could be the result of non-optimal XDC constraints or non-optimal design architecture
Related violations: <none>

TIMING-16#286 Warning
Large setup violation  
There is a large setup violation of -1.376 ns between RAM/addr_reg[5]/C (clocked by MAIN) and CPU/DP/DXREG/dx\\.imm_out_reg[24]/CE (clocked by CPUCLK). Large setup violations at the end of those stages might be difficult to fix during the post-placement implementation flow and could be the result of non-optimal XDC constraints or non-optimal design architecture
Related violations: <none>

TIMING-16#287 Warning
Large setup violation  
There is a large setup violation of -1.376 ns between RAM/addr_reg[5]/C (clocked by MAIN) and CPU/DP/DXREG/dx\\.rdat1_out_reg[2]/CE (clocked by CPUCLK). Large setup violations at the end of those stages might be difficult to fix during the post-placement implementation flow and could be the result of non-optimal XDC constraints or non-optimal design architecture
Related violations: <none>

TIMING-16#288 Warning
Large setup violation  
There is a large setup violation of -1.376 ns between RAM/addr_reg[5]/C (clocked by MAIN) and CPU/DP/DXREG/dx\\.rdat1_out_reg[3]/CE (clocked by CPUCLK). Large setup violations at the end of those stages might be difficult to fix during the post-placement implementation flow and could be the result of non-optimal XDC constraints or non-optimal design architecture
Related violations: <none>

TIMING-16#289 Warning
Large setup violation  
There is a large setup violation of -1.376 ns between RAM/addr_reg[5]/C (clocked by MAIN) and CPU/DP/DXREG/dx\\.rdat2_out_reg[10]/CE (clocked by CPUCLK). Large setup violations at the end of those stages might be difficult to fix during the post-placement implementation flow and could be the result of non-optimal XDC constraints or non-optimal design architecture
Related violations: <none>

TIMING-16#290 Warning
Large setup violation  
There is a large setup violation of -1.382 ns between CPU/DP/MWBREG/mwb\\.rd_out_reg[0]/C (clocked by CPUCLK) and CPU/DP/REGF/register_reg[9][15]/CE (clocked by CPUCLK). Large setup violations at the end of those stages might be difficult to fix during the post-placement implementation flow and could be the result of non-optimal XDC constraints or non-optimal design architecture
Related violations: <none>

TIMING-16#291 Warning
Large setup violation  
There is a large setup violation of -1.382 ns between RAM/addr_reg[5]/C (clocked by MAIN) and CPU/DP/DXREG/dx\\.pc_out_reg[21]/CE (clocked by CPUCLK). Large setup violations at the end of those stages might be difficult to fix during the post-placement implementation flow and could be the result of non-optimal XDC constraints or non-optimal design architecture
Related violations: <none>

TIMING-16#292 Warning
Large setup violation  
There is a large setup violation of -1.382 ns between RAM/addr_reg[5]/C (clocked by MAIN) and CPU/DP/DXREG/dx\\.pc_out_reg[22]/CE (clocked by CPUCLK). Large setup violations at the end of those stages might be difficult to fix during the post-placement implementation flow and could be the result of non-optimal XDC constraints or non-optimal design architecture
Related violations: <none>

TIMING-16#293 Warning
Large setup violation  
There is a large setup violation of -1.382 ns between RAM/addr_reg[5]/C (clocked by MAIN) and CPU/DP/DXREG/dx\\.pc_out_reg[23]/CE (clocked by CPUCLK). Large setup violations at the end of those stages might be difficult to fix during the post-placement implementation flow and could be the result of non-optimal XDC constraints or non-optimal design architecture
Related violations: <none>

TIMING-16#294 Warning
Large setup violation  
There is a large setup violation of -1.382 ns between RAM/addr_reg[5]/C (clocked by MAIN) and CPU/DP/DXREG/dx\\.pc_out_reg[24]/CE (clocked by CPUCLK). Large setup violations at the end of those stages might be difficult to fix during the post-placement implementation flow and could be the result of non-optimal XDC constraints or non-optimal design architecture
Related violations: <none>

TIMING-16#295 Warning
Large setup violation  
There is a large setup violation of -1.382 ns between RAM/addr_reg[5]/C (clocked by MAIN) and CPU/DP/DXREG/dx\\.rdat1_out_reg[10]/CE (clocked by CPUCLK). Large setup violations at the end of those stages might be difficult to fix during the post-placement implementation flow and could be the result of non-optimal XDC constraints or non-optimal design architecture
Related violations: <none>

TIMING-16#296 Warning
Large setup violation  
There is a large setup violation of -1.382 ns between RAM/addr_reg[5]/C (clocked by MAIN) and CPU/DP/DXREG/dx\\.rdat1_out_reg[4]/CE (clocked by CPUCLK). Large setup violations at the end of those stages might be difficult to fix during the post-placement implementation flow and could be the result of non-optimal XDC constraints or non-optimal design architecture
Related violations: <none>

TIMING-16#297 Warning
Large setup violation  
There is a large setup violation of -1.382 ns between RAM/addr_reg[5]/C (clocked by MAIN) and CPU/DP/DXREG/dx\\.rdat1_out_reg[5]/CE (clocked by CPUCLK). Large setup violations at the end of those stages might be difficult to fix during the post-placement implementation flow and could be the result of non-optimal XDC constraints or non-optimal design architecture
Related violations: <none>

TIMING-16#298 Warning
Large setup violation  
There is a large setup violation of -1.382 ns between RAM/addr_reg[5]/C (clocked by MAIN) and CPU/DP/DXREG/dx\\.rdat2_out_reg[22]/CE (clocked by CPUCLK). Large setup violations at the end of those stages might be difficult to fix during the post-placement implementation flow and could be the result of non-optimal XDC constraints or non-optimal design architecture
Related violations: <none>

TIMING-16#299 Warning
Large setup violation  
There is a large setup violation of -1.382 ns between RAM/addr_reg[5]/C (clocked by MAIN) and CPU/DP/DXREG/dx\\.rdat2_out_reg[29]/CE (clocked by CPUCLK). Large setup violations at the end of those stages might be difficult to fix during the post-placement implementation flow and could be the result of non-optimal XDC constraints or non-optimal design architecture
Related violations: <none>

TIMING-16#300 Warning
Large setup violation  
There is a large setup violation of -1.382 ns between RAM/addr_reg[5]/C (clocked by MAIN) and CPU/DP/DXREG/dx\\.rs2_out_reg[2]/CE (clocked by CPUCLK). Large setup violations at the end of those stages might be difficult to fix during the post-placement implementation flow and could be the result of non-optimal XDC constraints or non-optimal design architecture
Related violations: <none>

TIMING-16#301 Warning
Large setup violation  
There is a large setup violation of -1.383 ns between CPU/DP/MWBREG/mwb\\.rd_out_reg[3]/C (clocked by CPUCLK) and CPU/DP/REGF/register_reg[4][23]/CE (clocked by CPUCLK). Large setup violations at the end of those stages might be difficult to fix during the post-placement implementation flow and could be the result of non-optimal XDC constraints or non-optimal design architecture
Related violations: <none>

TIMING-16#302 Warning
Large setup violation  
There is a large setup violation of -1.384 ns between CPU/DP/MWBREG/mwb\\.rd_out_reg[3]/C (clocked by CPUCLK) and CPU/DP/REGF/register_reg[18][19]/CE (clocked by CPUCLK). Large setup violations at the end of those stages might be difficult to fix during the post-placement implementation flow and could be the result of non-optimal XDC constraints or non-optimal design architecture
Related violations: <none>

TIMING-16#303 Warning
Large setup violation  
There is a large setup violation of -1.384 ns between CPU/DP/MWBREG/mwb\\.rd_out_reg[3]/C (clocked by CPUCLK) and CPU/DP/REGF/register_reg[18][26]/CE (clocked by CPUCLK). Large setup violations at the end of those stages might be difficult to fix during the post-placement implementation flow and could be the result of non-optimal XDC constraints or non-optimal design architecture
Related violations: <none>

TIMING-16#304 Warning
Large setup violation  
There is a large setup violation of -1.384 ns between RAM/addr_reg[5]/C (clocked by MAIN) and CPU/DP/PC/pcif\\.PC_reg[23]/CE (clocked by CPUCLK). Large setup violations at the end of those stages might be difficult to fix during the post-placement implementation flow and could be the result of non-optimal XDC constraints or non-optimal design architecture
Related violations: <none>

TIMING-16#305 Warning
Large setup violation  
There is a large setup violation of -1.384 ns between RAM/addr_reg[5]/C (clocked by MAIN) and CPU/DP/PC/pcif\\.PC_reg[27]/CE (clocked by CPUCLK). Large setup violations at the end of those stages might be difficult to fix during the post-placement implementation flow and could be the result of non-optimal XDC constraints or non-optimal design architecture
Related violations: <none>

TIMING-16#306 Warning
Large setup violation  
There is a large setup violation of -1.385 ns between CPU/DP/EXMREG/exm\\.dmemWEN_reg_replica_8/C (clocked by CPUCLK) and RAM/mem_reg_1/ADDRARDADDR[13] (clocked by MAIN). Large setup violations at the end of those stages might be difficult to fix during the post-placement implementation flow and could be the result of non-optimal XDC constraints or non-optimal design architecture
Related violations: <none>

TIMING-16#307 Warning
Large setup violation  
There is a large setup violation of -1.385 ns between RAM/addr_reg[5]/C (clocked by MAIN) and CPU/DP/EXMREG/exm\\.pc_out_reg[21]/CE (clocked by CPUCLK). Large setup violations at the end of those stages might be difficult to fix during the post-placement implementation flow and could be the result of non-optimal XDC constraints or non-optimal design architecture
Related violations: <none>

TIMING-16#308 Warning
Large setup violation  
There is a large setup violation of -1.385 ns between RAM/addr_reg[5]/C (clocked by MAIN) and CPU/DP/EXMREG/exm\\.pc_out_reg[22]/CE (clocked by CPUCLK). Large setup violations at the end of those stages might be difficult to fix during the post-placement implementation flow and could be the result of non-optimal XDC constraints or non-optimal design architecture
Related violations: <none>

TIMING-16#309 Warning
Large setup violation  
There is a large setup violation of -1.385 ns between RAM/addr_reg[5]/C (clocked by MAIN) and CPU/DP/EXMREG/exm\\.pc_out_reg[24]/CE (clocked by CPUCLK). Large setup violations at the end of those stages might be difficult to fix during the post-placement implementation flow and could be the result of non-optimal XDC constraints or non-optimal design architecture
Related violations: <none>

TIMING-16#310 Warning
Large setup violation  
There is a large setup violation of -1.387 ns between RAM/addr_reg[5]/C (clocked by MAIN) and CPU/DP/DXREG/dx\\.rdat1_out_reg[29]/CE (clocked by CPUCLK). Large setup violations at the end of those stages might be difficult to fix during the post-placement implementation flow and could be the result of non-optimal XDC constraints or non-optimal design architecture
Related violations: <none>

TIMING-16#311 Warning
Large setup violation  
There is a large setup violation of -1.387 ns between RAM/addr_reg[5]/C (clocked by MAIN) and CPU/DP/DXREG/dx\\.rdat1_out_reg[30]/CE (clocked by CPUCLK). Large setup violations at the end of those stages might be difficult to fix during the post-placement implementation flow and could be the result of non-optimal XDC constraints or non-optimal design architecture
Related violations: <none>

TIMING-16#312 Warning
Large setup violation  
There is a large setup violation of -1.387 ns between RAM/addr_reg[5]/C (clocked by MAIN) and CPU/DP/DXREG/dx\\.rdat2_out_reg[28]/CE (clocked by CPUCLK). Large setup violations at the end of those stages might be difficult to fix during the post-placement implementation flow and could be the result of non-optimal XDC constraints or non-optimal design architecture
Related violations: <none>

TIMING-16#313 Warning
Large setup violation  
There is a large setup violation of -1.390 ns between CPU/DP/EXMREG/exm\\.dmemWEN_reg_replica_5/C (clocked by CPUCLK) and RAM/mem_reg_10/ADDRARDADDR[8] (clocked by MAIN). Large setup violations at the end of those stages might be difficult to fix during the post-placement implementation flow and could be the result of non-optimal XDC constraints or non-optimal design architecture
Related violations: <none>

TIMING-16#314 Warning
Large setup violation  
There is a large setup violation of -1.393 ns between CPU/DP/MWBREG/mwb\\.rd_out_reg[3]/C (clocked by CPUCLK) and CPU/DP/REGF/register_reg[11][28]/CE (clocked by CPUCLK). Large setup violations at the end of those stages might be difficult to fix during the post-placement implementation flow and could be the result of non-optimal XDC constraints or non-optimal design architecture
Related violations: <none>

TIMING-16#315 Warning
Large setup violation  
There is a large setup violation of -1.394 ns between RAM/addr_reg[5]/C (clocked by MAIN) and CPU/DP/DXREG/dx\\.rdat2_out_reg[14]/CE (clocked by CPUCLK). Large setup violations at the end of those stages might be difficult to fix during the post-placement implementation flow and could be the result of non-optimal XDC constraints or non-optimal design architecture
Related violations: <none>

TIMING-16#316 Warning
Large setup violation  
There is a large setup violation of -1.397 ns between CPU/DP/MWBREG/mwb\\.rd_out_reg[0]/C (clocked by CPUCLK) and CPU/DP/REGF/register_reg[7][11]/CE (clocked by CPUCLK). Large setup violations at the end of those stages might be difficult to fix during the post-placement implementation flow and could be the result of non-optimal XDC constraints or non-optimal design architecture
Related violations: <none>

TIMING-16#317 Warning
Large setup violation  
There is a large setup violation of -1.397 ns between CPU/DP/MWBREG/mwb\\.rd_out_reg[0]/C (clocked by CPUCLK) and CPU/DP/REGF/register_reg[7][6]/CE (clocked by CPUCLK). Large setup violations at the end of those stages might be difficult to fix during the post-placement implementation flow and could be the result of non-optimal XDC constraints or non-optimal design architecture
Related violations: <none>

TIMING-16#318 Warning
Large setup violation  
There is a large setup violation of -1.397 ns between RAM/addr_reg[5]/C (clocked by MAIN) and CPU/DP/EXMREG/exm\\.imm_out_reg[24]/CE (clocked by CPUCLK). Large setup violations at the end of those stages might be difficult to fix during the post-placement implementation flow and could be the result of non-optimal XDC constraints or non-optimal design architecture
Related violations: <none>

TIMING-16#319 Warning
Large setup violation  
There is a large setup violation of -1.399 ns between CPU/DP/EXMREG/exm\\.dmemWEN_reg_replica_8/C (clocked by CPUCLK) and RAM/mem_reg_11/ADDRARDADDR[13] (clocked by MAIN). Large setup violations at the end of those stages might be difficult to fix during the post-placement implementation flow and could be the result of non-optimal XDC constraints or non-optimal design architecture
Related violations: <none>

TIMING-16#320 Warning
Large setup violation  
There is a large setup violation of -1.399 ns between RAM/addr_reg[5]/C (clocked by MAIN) and CPU/DP/EXMREG/exm\\.rdat2_out_reg[19]/CE (clocked by CPUCLK). Large setup violations at the end of those stages might be difficult to fix during the post-placement implementation flow and could be the result of non-optimal XDC constraints or non-optimal design architecture
Related violations: <none>

TIMING-16#321 Warning
Large setup violation  
There is a large setup violation of -1.399 ns between RAM/addr_reg[5]/C (clocked by MAIN) and CPU/DP/EXMREG/exm\\.rdat2_out_reg[20]/CE (clocked by CPUCLK). Large setup violations at the end of those stages might be difficult to fix during the post-placement implementation flow and could be the result of non-optimal XDC constraints or non-optimal design architecture
Related violations: <none>

TIMING-16#322 Warning
Large setup violation  
There is a large setup violation of -1.401 ns between CPU/DP/EXMREG/exm\\.alu_out_out_reg[7]/C (clocked by CPUCLK) and RAM/mem_reg_12/ADDRARDADDR[6] (clocked by MAIN). Large setup violations at the end of those stages might be difficult to fix during the post-placement implementation flow and could be the result of non-optimal XDC constraints or non-optimal design architecture
Related violations: <none>

TIMING-16#323 Warning
Large setup violation  
There is a large setup violation of -1.401 ns between CPU/DP/EXMREG/exm\\.dmemREN_reg_replica/C (clocked by CPUCLK) and RAM/mem_reg_12/ADDRARDADDR[12] (clocked by MAIN). Large setup violations at the end of those stages might be difficult to fix during the post-placement implementation flow and could be the result of non-optimal XDC constraints or non-optimal design architecture
Related violations: <none>

TIMING-16#324 Warning
Large setup violation  
There is a large setup violation of -1.401 ns between CPU/DP/MWBREG/mwb\\.rd_out_reg[1]/C (clocked by CPUCLK) and CPU/DP/REGF/register_reg[3][28]/CE (clocked by CPUCLK). Large setup violations at the end of those stages might be difficult to fix during the post-placement implementation flow and could be the result of non-optimal XDC constraints or non-optimal design architecture
Related violations: <none>

TIMING-16#325 Warning
Large setup violation  
There is a large setup violation of -1.408 ns between CPU/DP/EXMREG/exm\\.alu_out_out_reg[5]/C (clocked by CPUCLK) and RAM/mem_reg_12/ADDRARDADDR[4] (clocked by MAIN). Large setup violations at the end of those stages might be difficult to fix during the post-placement implementation flow and could be the result of non-optimal XDC constraints or non-optimal design architecture
Related violations: <none>

TIMING-16#326 Warning
Large setup violation  
There is a large setup violation of -1.408 ns between RAM/addr_reg[5]/C (clocked by MAIN) and CPU/DP/MWBREG/mwb\\.rd_out_reg[4]/CE (clocked by CPUCLK). Large setup violations at the end of those stages might be difficult to fix during the post-placement implementation flow and could be the result of non-optimal XDC constraints or non-optimal design architecture
Related violations: <none>

TIMING-16#327 Warning
Large setup violation  
There is a large setup violation of -1.410 ns between CPU/DP/MWBREG/mwb\\.rd_out_reg[0]/C (clocked by CPUCLK) and CPU/DP/REGF/register_reg[7][26]/CE (clocked by CPUCLK). Large setup violations at the end of those stages might be difficult to fix during the post-placement implementation flow and could be the result of non-optimal XDC constraints or non-optimal design architecture
Related violations: <none>

TIMING-16#328 Warning
Large setup violation  
There is a large setup violation of -1.411 ns between CPU/DP/EXMREG/exm\\.dmemWEN_reg_replica_8/C (clocked by CPUCLK) and RAM/mem_reg_13/ADDRARDADDR[3] (clocked by MAIN). Large setup violations at the end of those stages might be difficult to fix during the post-placement implementation flow and could be the result of non-optimal XDC constraints or non-optimal design architecture
Related violations: <none>

TIMING-16#329 Warning
Large setup violation  
There is a large setup violation of -1.411 ns between RAM/addr_reg[5]/C (clocked by MAIN) and CPU/DP/DXREG/dx\\.rdat1_out_reg[14]/CE (clocked by CPUCLK). Large setup violations at the end of those stages might be difficult to fix during the post-placement implementation flow and could be the result of non-optimal XDC constraints or non-optimal design architecture
Related violations: <none>

TIMING-16#330 Warning
Large setup violation  
There is a large setup violation of -1.411 ns between RAM/addr_reg[5]/C (clocked by MAIN) and CPU/DP/DXREG/dx\\.rdat1_out_reg[15]/CE (clocked by CPUCLK). Large setup violations at the end of those stages might be difficult to fix during the post-placement implementation flow and could be the result of non-optimal XDC constraints or non-optimal design architecture
Related violations: <none>

TIMING-16#331 Warning
Large setup violation  
There is a large setup violation of -1.411 ns between RAM/addr_reg[5]/C (clocked by MAIN) and CPU/DP/DXREG/dx\\.rdat1_out_reg[16]/CE (clocked by CPUCLK). Large setup violations at the end of those stages might be difficult to fix during the post-placement implementation flow and could be the result of non-optimal XDC constraints or non-optimal design architecture
Related violations: <none>

TIMING-16#332 Warning
Large setup violation  
There is a large setup violation of -1.411 ns between RAM/addr_reg[5]/C (clocked by MAIN) and CPU/DP/DXREG/dx\\.rdat1_out_reg[17]/CE (clocked by CPUCLK). Large setup violations at the end of those stages might be difficult to fix during the post-placement implementation flow and could be the result of non-optimal XDC constraints or non-optimal design architecture
Related violations: <none>

TIMING-16#333 Warning
Large setup violation  
There is a large setup violation of -1.412 ns between RAM/addr_reg[5]/C (clocked by MAIN) and CPU/DP/EXMREG/exm\\.imm_out_reg[1]/CE (clocked by CPUCLK). Large setup violations at the end of those stages might be difficult to fix during the post-placement implementation flow and could be the result of non-optimal XDC constraints or non-optimal design architecture
Related violations: <none>

TIMING-16#334 Warning
Large setup violation  
There is a large setup violation of -1.415 ns between CPU/DP/EXMREG/exm\\.dmemREN_reg_replica/C (clocked by CPUCLK) and RAM/mem_reg_1/ADDRARDADDR[2] (clocked by MAIN). Large setup violations at the end of those stages might be difficult to fix during the post-placement implementation flow and could be the result of non-optimal XDC constraints or non-optimal design architecture
Related violations: <none>

TIMING-16#335 Warning
Large setup violation  
There is a large setup violation of -1.418 ns between CPU/DP/MWBREG/mwb\\.rd_out_reg[3]/C (clocked by CPUCLK) and CPU/DP/REGF/register_reg[11][15]/CE (clocked by CPUCLK). Large setup violations at the end of those stages might be difficult to fix during the post-placement implementation flow and could be the result of non-optimal XDC constraints or non-optimal design architecture
Related violations: <none>

TIMING-16#336 Warning
Large setup violation  
There is a large setup violation of -1.418 ns between RAM/addr_reg[5]/C (clocked by MAIN) and CPU/DP/EXMREG/exm\\.inst_out_reg[1]/CE (clocked by CPUCLK). Large setup violations at the end of those stages might be difficult to fix during the post-placement implementation flow and could be the result of non-optimal XDC constraints or non-optimal design architecture
Related violations: <none>

TIMING-16#337 Warning
Large setup violation  
There is a large setup violation of -1.418 ns between RAM/addr_reg[5]/C (clocked by MAIN) and CPU/DP/EXMREG/exm\\.inst_out_reg[4]/CE (clocked by CPUCLK). Large setup violations at the end of those stages might be difficult to fix during the post-placement implementation flow and could be the result of non-optimal XDC constraints or non-optimal design architecture
Related violations: <none>

TIMING-16#338 Warning
Large setup violation  
There is a large setup violation of -1.418 ns between RAM/addr_reg[5]/C (clocked by MAIN) and CPU/DP/EXMREG/exm\\.pc_out_reg[5]/CE (clocked by CPUCLK). Large setup violations at the end of those stages might be difficult to fix during the post-placement implementation flow and could be the result of non-optimal XDC constraints or non-optimal design architecture
Related violations: <none>

TIMING-16#339 Warning
Large setup violation  
There is a large setup violation of -1.418 ns between RAM/addr_reg[5]/C (clocked by MAIN) and CPU/DP/EXMREG/exm\\.pc_out_reg[8]/CE (clocked by CPUCLK). Large setup violations at the end of those stages might be difficult to fix during the post-placement implementation flow and could be the result of non-optimal XDC constraints or non-optimal design architecture
Related violations: <none>

TIMING-16#340 Warning
Large setup violation  
There is a large setup violation of -1.419 ns between RAM/addr_reg[5]/C (clocked by MAIN) and CPU/DP/DXREG/dx\\.imm_out_reg[8]/CE (clocked by CPUCLK). Large setup violations at the end of those stages might be difficult to fix during the post-placement implementation flow and could be the result of non-optimal XDC constraints or non-optimal design architecture
Related violations: <none>

TIMING-16#341 Warning
Large setup violation  
There is a large setup violation of -1.419 ns between RAM/addr_reg[5]/C (clocked by MAIN) and CPU/DP/DXREG/dx\\.jumpPCsrc_out_reg[0]/CE (clocked by CPUCLK). Large setup violations at the end of those stages might be difficult to fix during the post-placement implementation flow and could be the result of non-optimal XDC constraints or non-optimal design architecture
Related violations: <none>

TIMING-16#342 Warning
Large setup violation  
There is a large setup violation of -1.419 ns between RAM/addr_reg[5]/C (clocked by MAIN) and CPU/DP/DXREG/dx\\.pc_out_reg[6]/CE (clocked by CPUCLK). Large setup violations at the end of those stages might be difficult to fix during the post-placement implementation flow and could be the result of non-optimal XDC constraints or non-optimal design architecture
Related violations: <none>

TIMING-16#343 Warning
Large setup violation  
There is a large setup violation of -1.421 ns between RAM/addr_reg[5]/C (clocked by MAIN) and CPU/DP/DXREG/dx\\.aluop_out_reg[0]/CE (clocked by CPUCLK). Large setup violations at the end of those stages might be difficult to fix during the post-placement implementation flow and could be the result of non-optimal XDC constraints or non-optimal design architecture
Related violations: <none>

TIMING-16#344 Warning
Large setup violation  
There is a large setup violation of -1.421 ns between RAM/addr_reg[5]/C (clocked by MAIN) and CPU/DP/DXREG/dx\\.rdat2_out_reg[19]/CE (clocked by CPUCLK). Large setup violations at the end of those stages might be difficult to fix during the post-placement implementation flow and could be the result of non-optimal XDC constraints or non-optimal design architecture
Related violations: <none>

TIMING-16#345 Warning
Large setup violation  
There is a large setup violation of -1.421 ns between RAM/addr_reg[5]/C (clocked by MAIN) and CPU/DP/DXREG/dx\\.rdat2_out_reg[20]/CE (clocked by CPUCLK). Large setup violations at the end of those stages might be difficult to fix during the post-placement implementation flow and could be the result of non-optimal XDC constraints or non-optimal design architecture
Related violations: <none>

TIMING-16#346 Warning
Large setup violation  
There is a large setup violation of -1.421 ns between RAM/addr_reg[5]/C (clocked by MAIN) and CPU/DP/DXREG/dx\\.rs1_out_reg[3]/CE (clocked by CPUCLK). Large setup violations at the end of those stages might be difficult to fix during the post-placement implementation flow and could be the result of non-optimal XDC constraints or non-optimal design architecture
Related violations: <none>

TIMING-16#347 Warning
Large setup violation  
There is a large setup violation of -1.423 ns between RAM/addr_reg[5]/C (clocked by MAIN) and CPU/DP/DXREG/dx\\.aluop_out_reg[1]/CE (clocked by CPUCLK). Large setup violations at the end of those stages might be difficult to fix during the post-placement implementation flow and could be the result of non-optimal XDC constraints or non-optimal design architecture
Related violations: <none>

TIMING-16#348 Warning
Large setup violation  
There is a large setup violation of -1.423 ns between RAM/addr_reg[5]/C (clocked by MAIN) and CPU/DP/DXREG/dx\\.inst_out_reg[4]/CE (clocked by CPUCLK). Large setup violations at the end of those stages might be difficult to fix during the post-placement implementation flow and could be the result of non-optimal XDC constraints or non-optimal design architecture
Related violations: <none>

TIMING-16#349 Warning
Large setup violation  
There is a large setup violation of -1.423 ns between RAM/addr_reg[5]/C (clocked by MAIN) and CPU/DP/DXREG/dx\\.rdat2_out_reg[0]/CE (clocked by CPUCLK). Large setup violations at the end of those stages might be difficult to fix during the post-placement implementation flow and could be the result of non-optimal XDC constraints or non-optimal design architecture
Related violations: <none>

TIMING-16#350 Warning
Large setup violation  
There is a large setup violation of -1.423 ns between RAM/addr_reg[5]/C (clocked by MAIN) and CPU/DP/DXREG/dx\\.rdat2_out_reg[24]/CE (clocked by CPUCLK). Large setup violations at the end of those stages might be difficult to fix during the post-placement implementation flow and could be the result of non-optimal XDC constraints or non-optimal design architecture
Related violations: <none>

TIMING-16#351 Warning
Large setup violation  
There is a large setup violation of -1.425 ns between CPU/DP/MWBREG/mwb\\.rd_out_reg[0]/C (clocked by CPUCLK) and CPU/DP/REGF/register_reg[9][28]/CE (clocked by CPUCLK). Large setup violations at the end of those stages might be difficult to fix during the post-placement implementation flow and could be the result of non-optimal XDC constraints or non-optimal design architecture
Related violations: <none>

TIMING-16#352 Warning
Large setup violation  
There is a large setup violation of -1.427 ns between CPU/DP/EXMREG/exm\\.alu_out_out_reg[6]/C (clocked by CPUCLK) and RAM/mem_reg_12/ADDRARDADDR[5] (clocked by MAIN). Large setup violations at the end of those stages might be difficult to fix during the post-placement implementation flow and could be the result of non-optimal XDC constraints or non-optimal design architecture
Related violations: <none>

TIMING-16#353 Warning
Large setup violation  
There is a large setup violation of -1.428 ns between CPU/DP/MWBREG/mwb\\.pc_out_reg[6]/C (clocked by CPUCLK) and CPU/DP/REGF/register_reg[10][9]/D (clocked by CPUCLK). Large setup violations at the end of those stages might be difficult to fix during the post-placement implementation flow and could be the result of non-optimal XDC constraints or non-optimal design architecture
Related violations: <none>

TIMING-16#354 Warning
Large setup violation  
There is a large setup violation of -1.429 ns between CPU/DP/MWBREG/mwb\\.rd_out_reg[1]/C (clocked by CPUCLK) and CPU/DP/REGF/register_reg[3][19]/CE (clocked by CPUCLK). Large setup violations at the end of those stages might be difficult to fix during the post-placement implementation flow and could be the result of non-optimal XDC constraints or non-optimal design architecture
Related violations: <none>

TIMING-16#355 Warning
Large setup violation  
There is a large setup violation of -1.429 ns between RAM/addr_reg[5]/C (clocked by MAIN) and CPU/DP/DXREG/dx\\.aluop_out_reg[3]/CE (clocked by CPUCLK). Large setup violations at the end of those stages might be difficult to fix during the post-placement implementation flow and could be the result of non-optimal XDC constraints or non-optimal design architecture
Related violations: <none>

TIMING-16#356 Warning
Large setup violation  
There is a large setup violation of -1.429 ns between RAM/addr_reg[5]/C (clocked by MAIN) and CPU/DP/DXREG/dx\\.imm_out_reg[30]/CE (clocked by CPUCLK). Large setup violations at the end of those stages might be difficult to fix during the post-placement implementation flow and could be the result of non-optimal XDC constraints or non-optimal design architecture
Related violations: <none>

TIMING-16#357 Warning
Large setup violation  
There is a large setup violation of -1.429 ns between RAM/addr_reg[5]/C (clocked by MAIN) and CPU/DP/DXREG/dx\\.rs2_out_reg[1]/CE (clocked by CPUCLK). Large setup violations at the end of those stages might be difficult to fix during the post-placement implementation flow and could be the result of non-optimal XDC constraints or non-optimal design architecture
Related violations: <none>

TIMING-16#358 Warning
Large setup violation  
There is a large setup violation of -1.432 ns between CPU/DP/MWBREG/mwb\\.rd_out_reg[0]/C (clocked by CPUCLK) and CPU/DP/REGF/register_reg[9][5]/CE (clocked by CPUCLK). Large setup violations at the end of those stages might be difficult to fix during the post-placement implementation flow and could be the result of non-optimal XDC constraints or non-optimal design architecture
Related violations: <none>

TIMING-16#359 Warning
Large setup violation  
There is a large setup violation of -1.433 ns between CPU/DP/MWBREG/mwb\\.rd_out_reg[3]/C (clocked by CPUCLK) and CPU/DP/REGF/register_reg[11][26]/CE (clocked by CPUCLK). Large setup violations at the end of those stages might be difficult to fix during the post-placement implementation flow and could be the result of non-optimal XDC constraints or non-optimal design architecture
Related violations: <none>

TIMING-16#360 Warning
Large setup violation  
There is a large setup violation of -1.437 ns between CPU/DP/MWBREG/mwb\\.rd_out_reg[3]/C (clocked by CPUCLK) and CPU/DP/REGF/register_reg[14][20]/CE (clocked by CPUCLK). Large setup violations at the end of those stages might be difficult to fix during the post-placement implementation flow and could be the result of non-optimal XDC constraints or non-optimal design architecture
Related violations: <none>

TIMING-16#361 Warning
Large setup violation  
There is a large setup violation of -1.441 ns between RAM/addr_reg[5]/C (clocked by MAIN) and CPU/DP/DXREG/dx\\.imm_out_reg[19]/CE (clocked by CPUCLK). Large setup violations at the end of those stages might be difficult to fix during the post-placement implementation flow and could be the result of non-optimal XDC constraints or non-optimal design architecture
Related violations: <none>

TIMING-16#362 Warning
Large setup violation  
There is a large setup violation of -1.441 ns between RAM/addr_reg[5]/C (clocked by MAIN) and CPU/DP/DXREG/dx\\.imm_out_reg[3]/CE (clocked by CPUCLK). Large setup violations at the end of those stages might be difficult to fix during the post-placement implementation flow and could be the result of non-optimal XDC constraints or non-optimal design architecture
Related violations: <none>

TIMING-16#363 Warning
Large setup violation  
There is a large setup violation of -1.441 ns between RAM/addr_reg[5]/C (clocked by MAIN) and CPU/DP/DXREG/dx\\.pc_out_reg[25]/CE (clocked by CPUCLK). Large setup violations at the end of those stages might be difficult to fix during the post-placement implementation flow and could be the result of non-optimal XDC constraints or non-optimal design architecture
Related violations: <none>

TIMING-16#364 Warning
Large setup violation  
There is a large setup violation of -1.441 ns between RAM/addr_reg[5]/C (clocked by MAIN) and CPU/DP/DXREG/dx\\.rdat2_out_reg[27]/CE (clocked by CPUCLK). Large setup violations at the end of those stages might be difficult to fix during the post-placement implementation flow and could be the result of non-optimal XDC constraints or non-optimal design architecture
Related violations: <none>

TIMING-16#365 Warning
Large setup violation  
There is a large setup violation of -1.449 ns between CPU/DP/EXMREG/exm\\.dmemREN_reg_replica/C (clocked by CPUCLK) and RAM/mem_reg_11/ADDRARDADDR[7] (clocked by MAIN). Large setup violations at the end of those stages might be difficult to fix during the post-placement implementation flow and could be the result of non-optimal XDC constraints or non-optimal design architecture
Related violations: <none>

TIMING-16#366 Warning
Large setup violation  
There is a large setup violation of -1.449 ns between RAM/addr_reg[5]/C (clocked by MAIN) and CPU/DP/DXREG/dx\\.MemtoReg_out_reg[1]/CE (clocked by CPUCLK). Large setup violations at the end of those stages might be difficult to fix during the post-placement implementation flow and could be the result of non-optimal XDC constraints or non-optimal design architecture
Related violations: <none>

TIMING-16#367 Warning
Large setup violation  
There is a large setup violation of -1.449 ns between RAM/addr_reg[5]/C (clocked by MAIN) and CPU/DP/DXREG/dx\\.aluop_out_reg[2]/CE (clocked by CPUCLK). Large setup violations at the end of those stages might be difficult to fix during the post-placement implementation flow and could be the result of non-optimal XDC constraints or non-optimal design architecture
Related violations: <none>

TIMING-16#368 Warning
Large setup violation  
There is a large setup violation of -1.449 ns between RAM/addr_reg[5]/C (clocked by MAIN) and CPU/DP/DXREG/dx\\.imm_out_reg[28]/CE (clocked by CPUCLK). Large setup violations at the end of those stages might be difficult to fix during the post-placement implementation flow and could be the result of non-optimal XDC constraints or non-optimal design architecture
Related violations: <none>

TIMING-16#369 Warning
Large setup violation  
There is a large setup violation of -1.449 ns between RAM/addr_reg[5]/C (clocked by MAIN) and CPU/DP/DXREG/dx\\.rdat1_out_reg[11]/CE (clocked by CPUCLK). Large setup violations at the end of those stages might be difficult to fix during the post-placement implementation flow and could be the result of non-optimal XDC constraints or non-optimal design architecture
Related violations: <none>

TIMING-16#370 Warning
Large setup violation  
There is a large setup violation of -1.449 ns between RAM/addr_reg[5]/C (clocked by MAIN) and CPU/DP/DXREG/dx\\.rdat1_out_reg[12]/CE (clocked by CPUCLK). Large setup violations at the end of those stages might be difficult to fix during the post-placement implementation flow and could be the result of non-optimal XDC constraints or non-optimal design architecture
Related violations: <none>

TIMING-16#371 Warning
Large setup violation  
There is a large setup violation of -1.449 ns between RAM/addr_reg[5]/C (clocked by MAIN) and CPU/DP/DXREG/dx\\.rdat1_out_reg[13]/CE (clocked by CPUCLK). Large setup violations at the end of those stages might be difficult to fix during the post-placement implementation flow and could be the result of non-optimal XDC constraints or non-optimal design architecture
Related violations: <none>

TIMING-16#372 Warning
Large setup violation  
There is a large setup violation of -1.449 ns between RAM/addr_reg[5]/C (clocked by MAIN) and CPU/DP/DXREG/dx\\.rdat2_out_reg[9]/CE (clocked by CPUCLK). Large setup violations at the end of those stages might be difficult to fix during the post-placement implementation flow and could be the result of non-optimal XDC constraints or non-optimal design architecture
Related violations: <none>

TIMING-16#373 Warning
Large setup violation  
There is a large setup violation of -1.450 ns between RAM/addr_reg[5]/C (clocked by MAIN) and CPU/DP/DXREG/dx\\.branchPCSrc_out_reg[0]/CE (clocked by CPUCLK). Large setup violations at the end of those stages might be difficult to fix during the post-placement implementation flow and could be the result of non-optimal XDC constraints or non-optimal design architecture
Related violations: <none>

TIMING-16#374 Warning
Large setup violation  
There is a large setup violation of -1.450 ns between RAM/addr_reg[5]/C (clocked by MAIN) and CPU/DP/DXREG/dx\\.halt_out_reg/CE (clocked by CPUCLK). Large setup violations at the end of those stages might be difficult to fix during the post-placement implementation flow and could be the result of non-optimal XDC constraints or non-optimal design architecture
Related violations: <none>

TIMING-16#375 Warning
Large setup violation  
There is a large setup violation of -1.450 ns between RAM/addr_reg[5]/C (clocked by MAIN) and CPU/DP/DXREG/dx\\.rdat1_out_reg[9]/CE (clocked by CPUCLK). Large setup violations at the end of those stages might be difficult to fix during the post-placement implementation flow and could be the result of non-optimal XDC constraints or non-optimal design architecture
Related violations: <none>

TIMING-16#376 Warning
Large setup violation  
There is a large setup violation of -1.450 ns between RAM/addr_reg[5]/C (clocked by MAIN) and CPU/DP/DXREG/dx\\.rdat2_out_reg[12]/CE (clocked by CPUCLK). Large setup violations at the end of those stages might be difficult to fix during the post-placement implementation flow and could be the result of non-optimal XDC constraints or non-optimal design architecture
Related violations: <none>

TIMING-16#377 Warning
Large setup violation  
There is a large setup violation of -1.450 ns between RAM/addr_reg[5]/C (clocked by MAIN) and CPU/DP/PC/pcif\\.PC_reg[31]/CE (clocked by CPUCLK). Large setup violations at the end of those stages might be difficult to fix during the post-placement implementation flow and could be the result of non-optimal XDC constraints or non-optimal design architecture
Related violations: <none>

TIMING-16#378 Warning
Large setup violation  
There is a large setup violation of -1.452 ns between RAM/addr_reg[5]/C (clocked by MAIN) and CPU/DP/EXMREG/exm\\.imm_out_reg[15]/CE (clocked by CPUCLK). Large setup violations at the end of those stages might be difficult to fix during the post-placement implementation flow and could be the result of non-optimal XDC constraints or non-optimal design architecture
Related violations: <none>

TIMING-16#379 Warning
Large setup violation  
There is a large setup violation of -1.459 ns between CPU/DP/EXMREG/exm\\.dmemREN_reg/C (clocked by CPUCLK) and RAM/mem_reg_1/ADDRARDADDR[14] (clocked by MAIN). Large setup violations at the end of those stages might be difficult to fix during the post-placement implementation flow and could be the result of non-optimal XDC constraints or non-optimal design architecture
Related violations: <none>

TIMING-16#380 Warning
Large setup violation  
There is a large setup violation of -1.459 ns between RAM/addr_reg[5]/C (clocked by MAIN) and CPU/DP/PC/pcif\\.PC_reg[10]/CE (clocked by CPUCLK). Large setup violations at the end of those stages might be difficult to fix during the post-placement implementation flow and could be the result of non-optimal XDC constraints or non-optimal design architecture
Related violations: <none>

TIMING-16#381 Warning
Large setup violation  
There is a large setup violation of -1.459 ns between RAM/addr_reg[5]/C (clocked by MAIN) and CPU/DP/PC/pcif\\.PC_reg[8]/CE (clocked by CPUCLK). Large setup violations at the end of those stages might be difficult to fix during the post-placement implementation flow and could be the result of non-optimal XDC constraints or non-optimal design architecture
Related violations: <none>

TIMING-16#382 Warning
Large setup violation  
There is a large setup violation of -1.463 ns between CPU/DP/MWBREG/mwb\\.rd_out_reg[3]/C (clocked by CPUCLK) and CPU/DP/REGF/register_reg[11][5]/CE (clocked by CPUCLK). Large setup violations at the end of those stages might be difficult to fix during the post-placement implementation flow and could be the result of non-optimal XDC constraints or non-optimal design architecture
Related violations: <none>

TIMING-16#383 Warning
Large setup violation  
There is a large setup violation of -1.464 ns between RAM/addr_reg[5]/C (clocked by MAIN) and CPU/DP/PC/pcif\\.PC_reg[3]/CE (clocked by CPUCLK). Large setup violations at the end of those stages might be difficult to fix during the post-placement implementation flow and could be the result of non-optimal XDC constraints or non-optimal design architecture
Related violations: <none>

TIMING-16#384 Warning
Large setup violation  
There is a large setup violation of -1.467 ns between CPU/DP/MWBREG/mwb\\.rd_out_reg[3]/C (clocked by CPUCLK) and CPU/DP/REGF/register_reg[4][5]/CE (clocked by CPUCLK). Large setup violations at the end of those stages might be difficult to fix during the post-placement implementation flow and could be the result of non-optimal XDC constraints or non-optimal design architecture
Related violations: <none>

TIMING-16#385 Warning
Large setup violation  
There is a large setup violation of -1.469 ns between CPU/DP/PC/pcif\\.PC_reg[12]/C (clocked by CPUCLK) and RAM/mem_reg_13/ADDRARDADDR[11] (clocked by MAIN). Large setup violations at the end of those stages might be difficult to fix during the post-placement implementation flow and could be the result of non-optimal XDC constraints or non-optimal design architecture
Related violations: <none>

TIMING-16#386 Warning
Large setup violation  
There is a large setup violation of -1.471 ns between RAM/addr_reg[5]/C (clocked by MAIN) and CPU/DP/DXREG/dx\\.ALUSrc1_out_reg/CE (clocked by CPUCLK). Large setup violations at the end of those stages might be difficult to fix during the post-placement implementation flow and could be the result of non-optimal XDC constraints or non-optimal design architecture
Related violations: <none>

TIMING-16#387 Warning
Large setup violation  
There is a large setup violation of -1.471 ns between RAM/addr_reg[5]/C (clocked by MAIN) and CPU/DP/DXREG/dx\\.MemtoReg_out_reg[0]/CE (clocked by CPUCLK). Large setup violations at the end of those stages might be difficult to fix during the post-placement implementation flow and could be the result of non-optimal XDC constraints or non-optimal design architecture
Related violations: <none>

TIMING-16#388 Warning
Large setup violation  
There is a large setup violation of -1.471 ns between RAM/addr_reg[5]/C (clocked by MAIN) and CPU/DP/DXREG/dx\\.pc_out_reg[3]/CE (clocked by CPUCLK). Large setup violations at the end of those stages might be difficult to fix during the post-placement implementation flow and could be the result of non-optimal XDC constraints or non-optimal design architecture
Related violations: <none>

TIMING-16#389 Warning
Large setup violation  
There is a large setup violation of -1.471 ns between RAM/addr_reg[5]/C (clocked by MAIN) and CPU/DP/DXREG/dx\\.rdat1_out_reg[7]/CE (clocked by CPUCLK). Large setup violations at the end of those stages might be difficult to fix during the post-placement implementation flow and could be the result of non-optimal XDC constraints or non-optimal design architecture
Related violations: <none>

TIMING-16#390 Warning
Large setup violation  
There is a large setup violation of -1.472 ns between RAM/addr_reg[5]/C (clocked by MAIN) and CPU/DP/EXMREG/exm\\.imm_out_reg[23]/CE (clocked by CPUCLK). Large setup violations at the end of those stages might be difficult to fix during the post-placement implementation flow and could be the result of non-optimal XDC constraints or non-optimal design architecture
Related violations: <none>

TIMING-16#391 Warning
Large setup violation  
There is a large setup violation of -1.473 ns between CPU/DP/EXMREG/exm\\.dmemREN_reg/C (clocked by CPUCLK) and RAM/mem_reg_11/ADDRARDADDR[14] (clocked by MAIN). Large setup violations at the end of those stages might be difficult to fix during the post-placement implementation flow and could be the result of non-optimal XDC constraints or non-optimal design architecture
Related violations: <none>

TIMING-16#392 Warning
Large setup violation  
There is a large setup violation of -1.476 ns between RAM/addr_reg[5]/C (clocked by MAIN) and CPU/DP/DXREG/dx\\.inst_out_reg[2]/CE (clocked by CPUCLK). Large setup violations at the end of those stages might be difficult to fix during the post-placement implementation flow and could be the result of non-optimal XDC constraints or non-optimal design architecture
Related violations: <none>

TIMING-16#393 Warning
Large setup violation  
There is a large setup violation of -1.476 ns between RAM/addr_reg[5]/C (clocked by MAIN) and CPU/DP/DXREG/dx\\.rdat1_out_reg[19]/CE (clocked by CPUCLK). Large setup violations at the end of those stages might be difficult to fix during the post-placement implementation flow and could be the result of non-optimal XDC constraints or non-optimal design architecture
Related violations: <none>

TIMING-16#394 Warning
Large setup violation  
There is a large setup violation of -1.476 ns between RAM/addr_reg[5]/C (clocked by MAIN) and CPU/DP/DXREG/dx\\.rdat1_out_reg[1]/CE (clocked by CPUCLK). Large setup violations at the end of those stages might be difficult to fix during the post-placement implementation flow and could be the result of non-optimal XDC constraints or non-optimal design architecture
Related violations: <none>

TIMING-16#395 Warning
Large setup violation  
There is a large setup violation of -1.476 ns between RAM/addr_reg[5]/C (clocked by MAIN) and CPU/DP/DXREG/dx\\.rdat1_out_reg[20]/CE (clocked by CPUCLK). Large setup violations at the end of those stages might be difficult to fix during the post-placement implementation flow and could be the result of non-optimal XDC constraints or non-optimal design architecture
Related violations: <none>

TIMING-16#396 Warning
Large setup violation  
There is a large setup violation of -1.484 ns between CPU/DP/EXMREG/exm\\.dmemREN_reg/C (clocked by CPUCLK) and RAM/mem_reg_13/ADDRARDADDR[14] (clocked by MAIN). Large setup violations at the end of those stages might be difficult to fix during the post-placement implementation flow and could be the result of non-optimal XDC constraints or non-optimal design architecture
Related violations: <none>

TIMING-16#397 Warning
Large setup violation  
There is a large setup violation of -1.492 ns between RAM/addr_reg[5]/C (clocked by MAIN) and CPU/DP/PC/pcif\\.PC_reg[25]/CE (clocked by CPUCLK). Large setup violations at the end of those stages might be difficult to fix during the post-placement implementation flow and could be the result of non-optimal XDC constraints or non-optimal design architecture
Related violations: <none>

TIMING-16#398 Warning
Large setup violation  
There is a large setup violation of -1.495 ns between RAM/addr_reg[5]/C (clocked by MAIN) and CPU/DP/DXREG/dx\\.RegWEN_out_reg/CE (clocked by CPUCLK). Large setup violations at the end of those stages might be difficult to fix during the post-placement implementation flow and could be the result of non-optimal XDC constraints or non-optimal design architecture
Related violations: <none>

TIMING-16#399 Warning
Large setup violation  
There is a large setup violation of -1.495 ns between RAM/addr_reg[5]/C (clocked by MAIN) and CPU/DP/DXREG/dx\\.branchPCSrc_out_reg[1]/CE (clocked by CPUCLK). Large setup violations at the end of those stages might be difficult to fix during the post-placement implementation flow and could be the result of non-optimal XDC constraints or non-optimal design architecture
Related violations: <none>

TIMING-16#400 Warning
Large setup violation  
There is a large setup violation of -1.495 ns between RAM/addr_reg[5]/C (clocked by MAIN) and CPU/DP/DXREG/dx\\.imm_out_reg[29]/CE (clocked by CPUCLK). Large setup violations at the end of those stages might be difficult to fix during the post-placement implementation flow and could be the result of non-optimal XDC constraints or non-optimal design architecture
Related violations: <none>

TIMING-16#401 Warning
Large setup violation  
There is a large setup violation of -1.500 ns between CPU/DP/EXMREG/exm\\.dmemREN_reg_replica/C (clocked by CPUCLK) and RAM/mem_reg_1/ADDRARDADDR[12] (clocked by MAIN). Large setup violations at the end of those stages might be difficult to fix during the post-placement implementation flow and could be the result of non-optimal XDC constraints or non-optimal design architecture
Related violations: <none>

TIMING-16#402 Warning
Large setup violation  
There is a large setup violation of -1.501 ns between RAM/addr_reg[5]/C (clocked by MAIN) and CPU/DP/DXREG/dx\\.imm_out_reg[11]/CE (clocked by CPUCLK). Large setup violations at the end of those stages might be difficult to fix during the post-placement implementation flow and could be the result of non-optimal XDC constraints or non-optimal design architecture
Related violations: <none>

TIMING-16#403 Warning
Large setup violation  
There is a large setup violation of -1.501 ns between RAM/addr_reg[5]/C (clocked by MAIN) and CPU/DP/DXREG/dx\\.imm_out_reg[18]/CE (clocked by CPUCLK). Large setup violations at the end of those stages might be difficult to fix during the post-placement implementation flow and could be the result of non-optimal XDC constraints or non-optimal design architecture
Related violations: <none>

TIMING-16#404 Warning
Large setup violation  
There is a large setup violation of -1.501 ns between RAM/addr_reg[5]/C (clocked by MAIN) and CPU/DP/DXREG/dx\\.rdat2_out_reg[13]/CE (clocked by CPUCLK). Large setup violations at the end of those stages might be difficult to fix during the post-placement implementation flow and could be the result of non-optimal XDC constraints or non-optimal design architecture
Related violations: <none>

TIMING-16#405 Warning
Large setup violation  
There is a large setup violation of -1.501 ns between RAM/addr_reg[5]/C (clocked by MAIN) and CPU/DP/EXMREG/exm\\.rdat2_out_reg[24]/CE (clocked by CPUCLK). Large setup violations at the end of those stages might be difficult to fix during the post-placement implementation flow and could be the result of non-optimal XDC constraints or non-optimal design architecture
Related violations: <none>

TIMING-16#406 Warning
Large setup violation  
There is a large setup violation of -1.502 ns between CPU/DP/EXMREG/exm\\.dmemREN_reg_replica/C (clocked by CPUCLK) and RAM/mem_reg_1/ADDRARDADDR[10] (clocked by MAIN). Large setup violations at the end of those stages might be difficult to fix during the post-placement implementation flow and could be the result of non-optimal XDC constraints or non-optimal design architecture
Related violations: <none>

TIMING-16#407 Warning
Large setup violation  
There is a large setup violation of -1.502 ns between RAM/addr_reg[5]/C (clocked by MAIN) and CPU/DP/DXREG/dx\\.imm_out_reg[13]/CE (clocked by CPUCLK). Large setup violations at the end of those stages might be difficult to fix during the post-placement implementation flow and could be the result of non-optimal XDC constraints or non-optimal design architecture
Related violations: <none>

TIMING-16#408 Warning
Large setup violation  
There is a large setup violation of -1.502 ns between RAM/addr_reg[5]/C (clocked by MAIN) and CPU/DP/DXREG/dx\\.imm_out_reg[20]/CE (clocked by CPUCLK). Large setup violations at the end of those stages might be difficult to fix during the post-placement implementation flow and could be the result of non-optimal XDC constraints or non-optimal design architecture
Related violations: <none>

TIMING-16#409 Warning
Large setup violation  
There is a large setup violation of -1.502 ns between RAM/addr_reg[5]/C (clocked by MAIN) and CPU/DP/DXREG/dx\\.rdat2_out_reg[23]/CE (clocked by CPUCLK). Large setup violations at the end of those stages might be difficult to fix during the post-placement implementation flow and could be the result of non-optimal XDC constraints or non-optimal design architecture
Related violations: <none>

TIMING-16#410 Warning
Large setup violation  
There is a large setup violation of -1.502 ns between RAM/addr_reg[5]/C (clocked by MAIN) and CPU/DP/DXREG/dx\\.rdat2_out_reg[2]/CE (clocked by CPUCLK). Large setup violations at the end of those stages might be difficult to fix during the post-placement implementation flow and could be the result of non-optimal XDC constraints or non-optimal design architecture
Related violations: <none>

TIMING-16#411 Warning
Large setup violation  
There is a large setup violation of -1.503 ns between CPU/DP/EXMREG/exm\\.dmemREN_reg_replica/C (clocked by CPUCLK) and RAM/mem_reg_13/ADDRARDADDR[10] (clocked by MAIN). Large setup violations at the end of those stages might be difficult to fix during the post-placement implementation flow and could be the result of non-optimal XDC constraints or non-optimal design architecture
Related violations: <none>

TIMING-16#412 Warning
Large setup violation  
There is a large setup violation of -1.507 ns between RAM/addr_reg[5]/C (clocked by MAIN) and CPU/DP/DXREG/dx\\.imm_out_reg[1]/CE (clocked by CPUCLK). Large setup violations at the end of those stages might be difficult to fix during the post-placement implementation flow and could be the result of non-optimal XDC constraints or non-optimal design architecture
Related violations: <none>

TIMING-16#413 Warning
Large setup violation  
There is a large setup violation of -1.507 ns between RAM/addr_reg[5]/C (clocked by MAIN) and CPU/DP/DXREG/dx\\.jumpPCsrc_out_reg[1]/CE (clocked by CPUCLK). Large setup violations at the end of those stages might be difficult to fix during the post-placement implementation flow and could be the result of non-optimal XDC constraints or non-optimal design architecture
Related violations: <none>

TIMING-16#414 Warning
Large setup violation  
There is a large setup violation of -1.507 ns between RAM/addr_reg[5]/C (clocked by MAIN) and CPU/DP/DXREG/dx\\.rd_out_reg[2]/CE (clocked by CPUCLK). Large setup violations at the end of those stages might be difficult to fix during the post-placement implementation flow and could be the result of non-optimal XDC constraints or non-optimal design architecture
Related violations: <none>

TIMING-16#415 Warning
Large setup violation  
There is a large setup violation of -1.507 ns between RAM/addr_reg[5]/C (clocked by MAIN) and CPU/DP/DXREG/dx\\.rdat2_out_reg[1]/CE (clocked by CPUCLK). Large setup violations at the end of those stages might be difficult to fix during the post-placement implementation flow and could be the result of non-optimal XDC constraints or non-optimal design architecture
Related violations: <none>

TIMING-16#416 Warning
Large setup violation  
There is a large setup violation of -1.510 ns between CPU/DP/MWBREG/mwb\\.rd_out_reg[3]/C (clocked by CPUCLK) and CPU/DP/REGF/register_reg[4][28]/CE (clocked by CPUCLK). Large setup violations at the end of those stages might be difficult to fix during the post-placement implementation flow and could be the result of non-optimal XDC constraints or non-optimal design architecture
Related violations: <none>

TIMING-16#417 Warning
Large setup violation  
There is a large setup violation of -1.510 ns between RAM/addr_reg[5]/C (clocked by MAIN) and CPU/DP/DXREG/dx\\.pc_out_reg[0]/CE (clocked by CPUCLK). Large setup violations at the end of those stages might be difficult to fix during the post-placement implementation flow and could be the result of non-optimal XDC constraints or non-optimal design architecture
Related violations: <none>

TIMING-16#418 Warning
Large setup violation  
There is a large setup violation of -1.510 ns between RAM/addr_reg[5]/C (clocked by MAIN) and CPU/DP/DXREG/dx\\.pc_out_reg[10]/CE (clocked by CPUCLK). Large setup violations at the end of those stages might be difficult to fix during the post-placement implementation flow and could be the result of non-optimal XDC constraints or non-optimal design architecture
Related violations: <none>

TIMING-16#419 Warning
Large setup violation  
There is a large setup violation of -1.510 ns between RAM/addr_reg[5]/C (clocked by MAIN) and CPU/DP/DXREG/dx\\.pc_out_reg[11]/CE (clocked by CPUCLK). Large setup violations at the end of those stages might be difficult to fix during the post-placement implementation flow and could be the result of non-optimal XDC constraints or non-optimal design architecture
Related violations: <none>

TIMING-16#420 Warning
Large setup violation  
There is a large setup violation of -1.510 ns between RAM/addr_reg[5]/C (clocked by MAIN) and CPU/DP/DXREG/dx\\.pc_out_reg[12]/CE (clocked by CPUCLK). Large setup violations at the end of those stages might be difficult to fix during the post-placement implementation flow and could be the result of non-optimal XDC constraints or non-optimal design architecture
Related violations: <none>

TIMING-16#421 Warning
Large setup violation  
There is a large setup violation of -1.510 ns between RAM/addr_reg[5]/C (clocked by MAIN) and CPU/DP/DXREG/dx\\.pc_out_reg[4]/CE (clocked by CPUCLK). Large setup violations at the end of those stages might be difficult to fix during the post-placement implementation flow and could be the result of non-optimal XDC constraints or non-optimal design architecture
Related violations: <none>

TIMING-16#422 Warning
Large setup violation  
There is a large setup violation of -1.510 ns between RAM/addr_reg[5]/C (clocked by MAIN) and CPU/DP/DXREG/dx\\.rd_out_reg[0]/CE (clocked by CPUCLK). Large setup violations at the end of those stages might be difficult to fix during the post-placement implementation flow and could be the result of non-optimal XDC constraints or non-optimal design architecture
Related violations: <none>

TIMING-16#423 Warning
Large setup violation  
There is a large setup violation of -1.510 ns between RAM/addr_reg[5]/C (clocked by MAIN) and CPU/DP/DXREG/dx\\.rdat1_out_reg[8]/CE (clocked by CPUCLK). Large setup violations at the end of those stages might be difficult to fix during the post-placement implementation flow and could be the result of non-optimal XDC constraints or non-optimal design architecture
Related violations: <none>

TIMING-16#424 Warning
Large setup violation  
There is a large setup violation of -1.510 ns between RAM/addr_reg[5]/C (clocked by MAIN) and CPU/DP/DXREG/dx\\.rdat2_out_reg[30]/CE (clocked by CPUCLK). Large setup violations at the end of those stages might be difficult to fix during the post-placement implementation flow and could be the result of non-optimal XDC constraints or non-optimal design architecture
Related violations: <none>

TIMING-16#425 Warning
Large setup violation  
There is a large setup violation of -1.512 ns between RAM/addr_reg[5]/C (clocked by MAIN) and CPU/DP/EXMREG/exm\\.imm_out_reg[8]/CE (clocked by CPUCLK). Large setup violations at the end of those stages might be difficult to fix during the post-placement implementation flow and could be the result of non-optimal XDC constraints or non-optimal design architecture
Related violations: <none>

TIMING-16#426 Warning
Large setup violation  
There is a large setup violation of -1.513 ns between CPU/DP/MWBREG/mwb\\.rd_out_reg[3]/C (clocked by CPUCLK) and CPU/DP/REGF/register_reg[14][28]/CE (clocked by CPUCLK). Large setup violations at the end of those stages might be difficult to fix during the post-placement implementation flow and could be the result of non-optimal XDC constraints or non-optimal design architecture
Related violations: <none>

TIMING-16#427 Warning
Large setup violation  
There is a large setup violation of -1.514 ns between CPU/DP/EXMREG/exm\\.dmemWEN_reg_replica_5/C (clocked by CPUCLK) and RAM/mem_reg_13/ADDRARDADDR[8] (clocked by MAIN). Large setup violations at the end of those stages might be difficult to fix during the post-placement implementation flow and could be the result of non-optimal XDC constraints or non-optimal design architecture
Related violations: <none>

TIMING-16#428 Warning
Large setup violation  
There is a large setup violation of -1.514 ns between RAM/addr_reg[5]/C (clocked by MAIN) and CPU/DP/DXREG/dx\\.imm_out_reg[31]/CE (clocked by CPUCLK). Large setup violations at the end of those stages might be difficult to fix during the post-placement implementation flow and could be the result of non-optimal XDC constraints or non-optimal design architecture
Related violations: <none>

TIMING-16#429 Warning
Large setup violation  
There is a large setup violation of -1.514 ns between RAM/addr_reg[5]/C (clocked by MAIN) and CPU/DP/DXREG/dx\\.rdat2_out_reg[21]/CE (clocked by CPUCLK). Large setup violations at the end of those stages might be difficult to fix during the post-placement implementation flow and could be the result of non-optimal XDC constraints or non-optimal design architecture
Related violations: <none>

TIMING-16#430 Warning
Large setup violation  
There is a large setup violation of -1.520 ns between RAM/addr_reg[5]/C (clocked by MAIN) and CPU/DP/EXMREG/exm\\.rdat2_out_reg[1]/CE (clocked by CPUCLK). Large setup violations at the end of those stages might be difficult to fix during the post-placement implementation flow and could be the result of non-optimal XDC constraints or non-optimal design architecture
Related violations: <none>

TIMING-16#431 Warning
Large setup violation  
There is a large setup violation of -1.520 ns between RAM/addr_reg[5]/C (clocked by MAIN) and CPU/DP/EXMREG/exm\\.rdat2_out_reg[5]/CE (clocked by CPUCLK). Large setup violations at the end of those stages might be difficult to fix during the post-placement implementation flow and could be the result of non-optimal XDC constraints or non-optimal design architecture
Related violations: <none>

TIMING-16#432 Warning
Large setup violation  
There is a large setup violation of -1.522 ns between RAM/addr_reg[5]/C (clocked by MAIN) and CPU/DP/DXREG/dx\\.inst_out_reg[5]/CE (clocked by CPUCLK). Large setup violations at the end of those stages might be difficult to fix during the post-placement implementation flow and could be the result of non-optimal XDC constraints or non-optimal design architecture
Related violations: <none>

TIMING-16#433 Warning
Large setup violation  
There is a large setup violation of -1.522 ns between RAM/addr_reg[5]/C (clocked by MAIN) and CPU/DP/DXREG/dx\\.pc_out_reg[14]/CE (clocked by CPUCLK). Large setup violations at the end of those stages might be difficult to fix during the post-placement implementation flow and could be the result of non-optimal XDC constraints or non-optimal design architecture
Related violations: <none>

TIMING-16#434 Warning
Large setup violation  
There is a large setup violation of -1.522 ns between RAM/addr_reg[5]/C (clocked by MAIN) and CPU/DP/DXREG/dx\\.pc_out_reg[15]/CE (clocked by CPUCLK). Large setup violations at the end of those stages might be difficult to fix during the post-placement implementation flow and could be the result of non-optimal XDC constraints or non-optimal design architecture
Related violations: <none>

TIMING-16#435 Warning
Large setup violation  
There is a large setup violation of -1.522 ns between RAM/addr_reg[5]/C (clocked by MAIN) and CPU/DP/DXREG/dx\\.pc_out_reg[16]/CE (clocked by CPUCLK). Large setup violations at the end of those stages might be difficult to fix during the post-placement implementation flow and could be the result of non-optimal XDC constraints or non-optimal design architecture
Related violations: <none>

TIMING-16#436 Warning
Large setup violation  
There is a large setup violation of -1.522 ns between RAM/addr_reg[5]/C (clocked by MAIN) and CPU/DP/DXREG/dx\\.pc_out_reg[28]/CE (clocked by CPUCLK). Large setup violations at the end of those stages might be difficult to fix during the post-placement implementation flow and could be the result of non-optimal XDC constraints or non-optimal design architecture
Related violations: <none>

TIMING-16#437 Warning
Large setup violation  
There is a large setup violation of -1.522 ns between RAM/addr_reg[5]/C (clocked by MAIN) and CPU/DP/EXMREG/exm\\.rdat2_out_reg[0]/CE (clocked by CPUCLK). Large setup violations at the end of those stages might be difficult to fix during the post-placement implementation flow and could be the result of non-optimal XDC constraints or non-optimal design architecture
Related violations: <none>

TIMING-16#438 Warning
Large setup violation  
There is a large setup violation of -1.523 ns between RAM/addr_reg[5]/C (clocked by MAIN) and CPU/DP/EXMREG/exm\\.pc_out_reg[17]/CE (clocked by CPUCLK). Large setup violations at the end of those stages might be difficult to fix during the post-placement implementation flow and could be the result of non-optimal XDC constraints or non-optimal design architecture
Related violations: <none>

TIMING-16#439 Warning
Large setup violation  
There is a large setup violation of -1.523 ns between RAM/addr_reg[5]/C (clocked by MAIN) and CPU/DP/EXMREG/exm\\.pc_out_reg[18]/CE (clocked by CPUCLK). Large setup violations at the end of those stages might be difficult to fix during the post-placement implementation flow and could be the result of non-optimal XDC constraints or non-optimal design architecture
Related violations: <none>

TIMING-16#440 Warning
Large setup violation  
There is a large setup violation of -1.523 ns between RAM/addr_reg[5]/C (clocked by MAIN) and CPU/DP/EXMREG/exm\\.pc_out_reg[19]/CE (clocked by CPUCLK). Large setup violations at the end of those stages might be difficult to fix during the post-placement implementation flow and could be the result of non-optimal XDC constraints or non-optimal design architecture
Related violations: <none>

TIMING-16#441 Warning
Large setup violation  
There is a large setup violation of -1.524 ns between CPU/DP/MWBREG/mwb\\.rd_out_reg[3]/C (clocked by CPUCLK) and CPU/DP/REGF/register_reg[14][15]/CE (clocked by CPUCLK). Large setup violations at the end of those stages might be difficult to fix during the post-placement implementation flow and could be the result of non-optimal XDC constraints or non-optimal design architecture
Related violations: <none>

TIMING-16#442 Warning
Large setup violation  
There is a large setup violation of -1.524 ns between RAM/addr_reg[5]/C (clocked by MAIN) and CPU/DP/DXREG/dx\\.rdat2_out_reg[5]/CE (clocked by CPUCLK). Large setup violations at the end of those stages might be difficult to fix during the post-placement implementation flow and could be the result of non-optimal XDC constraints or non-optimal design architecture
Related violations: <none>

TIMING-16#443 Warning
Large setup violation  
There is a large setup violation of -1.524 ns between RAM/addr_reg[5]/C (clocked by MAIN) and CPU/DP/DXREG/dx\\.rdat2_out_reg[6]/CE (clocked by CPUCLK). Large setup violations at the end of those stages might be difficult to fix during the post-placement implementation flow and could be the result of non-optimal XDC constraints or non-optimal design architecture
Related violations: <none>

TIMING-16#444 Warning
Large setup violation  
There is a large setup violation of -1.524 ns between RAM/addr_reg[5]/C (clocked by MAIN) and CPU/DP/DXREG/dx\\.rdat2_out_reg[7]/CE (clocked by CPUCLK). Large setup violations at the end of those stages might be difficult to fix during the post-placement implementation flow and could be the result of non-optimal XDC constraints or non-optimal design architecture
Related violations: <none>

TIMING-16#445 Warning
Large setup violation  
There is a large setup violation of -1.524 ns between RAM/addr_reg[5]/C (clocked by MAIN) and CPU/DP/DXREG/dx\\.rdat2_out_reg[8]/CE (clocked by CPUCLK). Large setup violations at the end of those stages might be difficult to fix during the post-placement implementation flow and could be the result of non-optimal XDC constraints or non-optimal design architecture
Related violations: <none>

TIMING-16#446 Warning
Large setup violation  
There is a large setup violation of -1.525 ns between RAM/addr_reg[5]/C (clocked by MAIN) and CPU/DP/EXMREG/exm\\.rdat2_out_reg[18]/CE (clocked by CPUCLK). Large setup violations at the end of those stages might be difficult to fix during the post-placement implementation flow and could be the result of non-optimal XDC constraints or non-optimal design architecture
Related violations: <none>

TIMING-16#447 Warning
Large setup violation  
There is a large setup violation of -1.525 ns between RAM/addr_reg[5]/C (clocked by MAIN) and CPU/DP/PC/pcif\\.PC_reg[17]/CE (clocked by CPUCLK). Large setup violations at the end of those stages might be difficult to fix during the post-placement implementation flow and could be the result of non-optimal XDC constraints or non-optimal design architecture
Related violations: <none>

TIMING-16#448 Warning
Large setup violation  
There is a large setup violation of -1.525 ns between RAM/addr_reg[5]/C (clocked by MAIN) and CPU/DP/PC/pcif\\.PC_reg[30]/CE (clocked by CPUCLK). Large setup violations at the end of those stages might be difficult to fix during the post-placement implementation flow and could be the result of non-optimal XDC constraints or non-optimal design architecture
Related violations: <none>

TIMING-16#449 Warning
Large setup violation  
There is a large setup violation of -1.525 ns between RAM/addr_reg[5]/C (clocked by MAIN) and CPU/DP/PC/pcif\\.PC_reg[4]/CE (clocked by CPUCLK). Large setup violations at the end of those stages might be difficult to fix during the post-placement implementation flow and could be the result of non-optimal XDC constraints or non-optimal design architecture
Related violations: <none>

TIMING-16#450 Warning
Large setup violation  
There is a large setup violation of -1.528 ns between RAM/addr_reg[5]/C (clocked by MAIN) and CPU/DP/EXMREG/exm\\.inst_out_reg[6]/CE (clocked by CPUCLK). Large setup violations at the end of those stages might be difficult to fix during the post-placement implementation flow and could be the result of non-optimal XDC constraints or non-optimal design architecture
Related violations: <none>

TIMING-16#451 Warning
Large setup violation  
There is a large setup violation of -1.528 ns between RAM/addr_reg[5]/C (clocked by MAIN) and CPU/DP/EXMREG/exm\\.pc_out_reg[13]/CE (clocked by CPUCLK). Large setup violations at the end of those stages might be difficult to fix during the post-placement implementation flow and could be the result of non-optimal XDC constraints or non-optimal design architecture
Related violations: <none>

TIMING-16#452 Warning
Large setup violation  
There is a large setup violation of -1.528 ns between RAM/addr_reg[5]/C (clocked by MAIN) and CPU/DP/EXMREG/exm\\.pc_out_reg[2]/CE (clocked by CPUCLK). Large setup violations at the end of those stages might be difficult to fix during the post-placement implementation flow and could be the result of non-optimal XDC constraints or non-optimal design architecture
Related violations: <none>

TIMING-16#453 Warning
Large setup violation  
There is a large setup violation of -1.528 ns between RAM/addr_reg[5]/C (clocked by MAIN) and CPU/DP/EXMREG/exm\\.pc_out_reg[3]/CE (clocked by CPUCLK). Large setup violations at the end of those stages might be difficult to fix during the post-placement implementation flow and could be the result of non-optimal XDC constraints or non-optimal design architecture
Related violations: <none>

TIMING-16#454 Warning
Large setup violation  
There is a large setup violation of -1.530 ns between RAM/addr_reg[5]/C (clocked by MAIN) and CPU/DP/EXMREG/exm\\.RegWEN_out_reg/CE (clocked by CPUCLK). Large setup violations at the end of those stages might be difficult to fix during the post-placement implementation flow and could be the result of non-optimal XDC constraints or non-optimal design architecture
Related violations: <none>

TIMING-16#455 Warning
Large setup violation  
There is a large setup violation of -1.530 ns between RAM/addr_reg[5]/C (clocked by MAIN) and CPU/DP/EXMREG/exm\\.rd_out_reg[2]/CE (clocked by CPUCLK). Large setup violations at the end of those stages might be difficult to fix during the post-placement implementation flow and could be the result of non-optimal XDC constraints or non-optimal design architecture
Related violations: <none>

TIMING-16#456 Warning
Large setup violation  
There is a large setup violation of -1.531 ns between RAM/addr_reg[5]/C (clocked by MAIN) and CPU/DP/EXMREG/exm\\.MemtoReg_out_reg[1]/CE (clocked by CPUCLK). Large setup violations at the end of those stages might be difficult to fix during the post-placement implementation flow and could be the result of non-optimal XDC constraints or non-optimal design architecture
Related violations: <none>

TIMING-16#457 Warning
Large setup violation  
There is a large setup violation of -1.531 ns between RAM/addr_reg[5]/C (clocked by MAIN) and CPU/DP/EXMREG/exm\\.pc_out_reg[20]/CE (clocked by CPUCLK). Large setup violations at the end of those stages might be difficult to fix during the post-placement implementation flow and could be the result of non-optimal XDC constraints or non-optimal design architecture
Related violations: <none>

TIMING-16#458 Warning
Large setup violation  
There is a large setup violation of -1.535 ns between RAM/addr_reg[5]/C (clocked by MAIN) and CPU/DP/DXREG/dx\\.imm_out_reg[12]/CE (clocked by CPUCLK). Large setup violations at the end of those stages might be difficult to fix during the post-placement implementation flow and could be the result of non-optimal XDC constraints or non-optimal design architecture
Related violations: <none>

TIMING-16#459 Warning
Large setup violation  
There is a large setup violation of -1.535 ns between RAM/addr_reg[5]/C (clocked by MAIN) and CPU/DP/DXREG/dx\\.imm_out_reg[14]/CE (clocked by CPUCLK). Large setup violations at the end of those stages might be difficult to fix during the post-placement implementation flow and could be the result of non-optimal XDC constraints or non-optimal design architecture
Related violations: <none>

TIMING-16#460 Warning
Large setup violation  
There is a large setup violation of -1.535 ns between RAM/addr_reg[5]/C (clocked by MAIN) and CPU/DP/DXREG/dx\\.imm_out_reg[5]/CE (clocked by CPUCLK). Large setup violations at the end of those stages might be difficult to fix during the post-placement implementation flow and could be the result of non-optimal XDC constraints or non-optimal design architecture
Related violations: <none>

TIMING-16#461 Warning
Large setup violation  
There is a large setup violation of -1.538 ns between RAM/addr_reg[5]/C (clocked by MAIN) and CPU/DP/DXREG/dx\\.inst_out_reg[1]/CE (clocked by CPUCLK). Large setup violations at the end of those stages might be difficult to fix during the post-placement implementation flow and could be the result of non-optimal XDC constraints or non-optimal design architecture
Related violations: <none>

TIMING-16#462 Warning
Large setup violation  
There is a large setup violation of -1.538 ns between RAM/addr_reg[5]/C (clocked by MAIN) and CPU/DP/DXREG/dx\\.inst_out_reg[3]/CE (clocked by CPUCLK). Large setup violations at the end of those stages might be difficult to fix during the post-placement implementation flow and could be the result of non-optimal XDC constraints or non-optimal design architecture
Related violations: <none>

TIMING-16#463 Warning
Large setup violation  
There is a large setup violation of -1.538 ns between RAM/addr_reg[5]/C (clocked by MAIN) and CPU/DP/DXREG/dx\\.rdat2_out_reg[31]/CE (clocked by CPUCLK). Large setup violations at the end of those stages might be difficult to fix during the post-placement implementation flow and could be the result of non-optimal XDC constraints or non-optimal design architecture
Related violations: <none>

TIMING-16#464 Warning
Large setup violation  
There is a large setup violation of -1.539 ns between CPU/DP/EXMREG/exm\\.dmemWEN_reg_replica_5/C (clocked by CPUCLK) and RAM/mem_reg_13/ADDRARDADDR[9] (clocked by MAIN). Large setup violations at the end of those stages might be difficult to fix during the post-placement implementation flow and could be the result of non-optimal XDC constraints or non-optimal design architecture
Related violations: <none>

TIMING-16#465 Warning
Large setup violation  
There is a large setup violation of -1.541 ns between CPU/DP/EXMREG/exm\\.dmemWEN_reg_replica_8/C (clocked by CPUCLK) and RAM/mem_reg_13/ADDRARDADDR[13] (clocked by MAIN). Large setup violations at the end of those stages might be difficult to fix during the post-placement implementation flow and could be the result of non-optimal XDC constraints or non-optimal design architecture
Related violations: <none>

TIMING-16#466 Warning
Large setup violation  
There is a large setup violation of -1.543 ns between CPU/DP/MWBREG/mwb\\.rd_out_reg[3]/C (clocked by CPUCLK) and CPU/DP/REGF/register_reg[14][19]/CE (clocked by CPUCLK). Large setup violations at the end of those stages might be difficult to fix during the post-placement implementation flow and could be the result of non-optimal XDC constraints or non-optimal design architecture
Related violations: <none>

TIMING-16#467 Warning
Large setup violation  
There is a large setup violation of -1.543 ns between RAM/addr_reg[5]/C (clocked by MAIN) and CPU/DP/EXMREG/exm\\.MemtoReg_out_reg[0]/CE (clocked by CPUCLK). Large setup violations at the end of those stages might be difficult to fix during the post-placement implementation flow and could be the result of non-optimal XDC constraints or non-optimal design architecture
Related violations: <none>

TIMING-16#468 Warning
Large setup violation  
There is a large setup violation of -1.543 ns between RAM/addr_reg[5]/C (clocked by MAIN) and CPU/DP/EXMREG/exm\\.inst_out_reg[5]/CE (clocked by CPUCLK). Large setup violations at the end of those stages might be difficult to fix during the post-placement implementation flow and could be the result of non-optimal XDC constraints or non-optimal design architecture
Related violations: <none>

TIMING-16#469 Warning
Large setup violation  
There is a large setup violation of -1.546 ns between CPU/DP/EXMREG/exm\\.dmemWEN_reg_replica_8/C (clocked by CPUCLK) and RAM/mem_reg_12/ADDRARDADDR[3] (clocked by MAIN). Large setup violations at the end of those stages might be difficult to fix during the post-placement implementation flow and could be the result of non-optimal XDC constraints or non-optimal design architecture
Related violations: <none>

TIMING-16#470 Warning
Large setup violation  
There is a large setup violation of -1.546 ns between RAM/addr_reg[5]/C (clocked by MAIN) and CPU/DP/DXREG/dx\\.pc_out_reg[7]/CE (clocked by CPUCLK). Large setup violations at the end of those stages might be difficult to fix during the post-placement implementation flow and could be the result of non-optimal XDC constraints or non-optimal design architecture
Related violations: <none>

TIMING-16#471 Warning
Large setup violation  
There is a large setup violation of -1.546 ns between RAM/addr_reg[5]/C (clocked by MAIN) and CPU/DP/DXREG/dx\\.pc_out_reg[8]/CE (clocked by CPUCLK). Large setup violations at the end of those stages might be difficult to fix during the post-placement implementation flow and could be the result of non-optimal XDC constraints or non-optimal design architecture
Related violations: <none>

TIMING-16#472 Warning
Large setup violation  
There is a large setup violation of -1.546 ns between RAM/addr_reg[5]/C (clocked by MAIN) and CPU/DP/DXREG/dx\\.pc_out_reg[9]/CE (clocked by CPUCLK). Large setup violations at the end of those stages might be difficult to fix during the post-placement implementation flow and could be the result of non-optimal XDC constraints or non-optimal design architecture
Related violations: <none>

TIMING-16#473 Warning
Large setup violation  
There is a large setup violation of -1.546 ns between RAM/addr_reg[5]/C (clocked by MAIN) and CPU/DP/DXREG/dx\\.rdat2_out_reg[16]/CE (clocked by CPUCLK). Large setup violations at the end of those stages might be difficult to fix during the post-placement implementation flow and could be the result of non-optimal XDC constraints or non-optimal design architecture
Related violations: <none>

TIMING-16#474 Warning
Large setup violation  
There is a large setup violation of -1.546 ns between RAM/addr_reg[5]/C (clocked by MAIN) and CPU/DP/DXREG/dx\\.rdat2_out_reg[18]/CE (clocked by CPUCLK). Large setup violations at the end of those stages might be difficult to fix during the post-placement implementation flow and could be the result of non-optimal XDC constraints or non-optimal design architecture
Related violations: <none>

TIMING-16#475 Warning
Large setup violation  
There is a large setup violation of -1.554 ns between CPU/DP/EXMREG/exm\\.dmemREN_reg_replica/C (clocked by CPUCLK) and RAM/mem_reg_13/ADDRARDADDR[2] (clocked by MAIN). Large setup violations at the end of those stages might be difficult to fix during the post-placement implementation flow and could be the result of non-optimal XDC constraints or non-optimal design architecture
Related violations: <none>

TIMING-16#476 Warning
Large setup violation  
There is a large setup violation of -1.556 ns between RAM/addr_reg[5]/C (clocked by MAIN) and CPU/DP/EXMREG/exm\\.imm_out_reg[11]/CE (clocked by CPUCLK). Large setup violations at the end of those stages might be difficult to fix during the post-placement implementation flow and could be the result of non-optimal XDC constraints or non-optimal design architecture
Related violations: <none>

TIMING-16#477 Warning
Large setup violation  
There is a large setup violation of -1.556 ns between RAM/addr_reg[5]/C (clocked by MAIN) and CPU/DP/EXMREG/exm\\.imm_out_reg[14]/CE (clocked by CPUCLK). Large setup violations at the end of those stages might be difficult to fix during the post-placement implementation flow and could be the result of non-optimal XDC constraints or non-optimal design architecture
Related violations: <none>

TIMING-16#478 Warning
Large setup violation  
There is a large setup violation of -1.556 ns between RAM/addr_reg[5]/C (clocked by MAIN) and CPU/DP/EXMREG/exm\\.inst_out_reg[3]/CE (clocked by CPUCLK). Large setup violations at the end of those stages might be difficult to fix during the post-placement implementation flow and could be the result of non-optimal XDC constraints or non-optimal design architecture
Related violations: <none>

TIMING-16#479 Warning
Large setup violation  
There is a large setup violation of -1.560 ns between CPU/DP/MWBREG/mwb\\.rd_out_reg[3]/C (clocked by CPUCLK) and CPU/DP/REGF/register_reg[14][26]/CE (clocked by CPUCLK). Large setup violations at the end of those stages might be difficult to fix during the post-placement implementation flow and could be the result of non-optimal XDC constraints or non-optimal design architecture
Related violations: <none>

TIMING-16#480 Warning
Large setup violation  
There is a large setup violation of -1.561 ns between RAM/addr_reg[5]/C (clocked by MAIN) and CPU/DP/EXMREG/exm\\.pc_out_reg[10]/CE (clocked by CPUCLK). Large setup violations at the end of those stages might be difficult to fix during the post-placement implementation flow and could be the result of non-optimal XDC constraints or non-optimal design architecture
Related violations: <none>

TIMING-16#481 Warning
Large setup violation  
There is a large setup violation of -1.561 ns between RAM/addr_reg[5]/C (clocked by MAIN) and CPU/DP/EXMREG/exm\\.pc_out_reg[11]/CE (clocked by CPUCLK). Large setup violations at the end of those stages might be difficult to fix during the post-placement implementation flow and could be the result of non-optimal XDC constraints or non-optimal design architecture
Related violations: <none>

TIMING-16#482 Warning
Large setup violation  
There is a large setup violation of -1.561 ns between RAM/addr_reg[5]/C (clocked by MAIN) and CPU/DP/EXMREG/exm\\.pc_out_reg[12]/CE (clocked by CPUCLK). Large setup violations at the end of those stages might be difficult to fix during the post-placement implementation flow and could be the result of non-optimal XDC constraints or non-optimal design architecture
Related violations: <none>

TIMING-16#483 Warning
Large setup violation  
There is a large setup violation of -1.561 ns between RAM/addr_reg[5]/C (clocked by MAIN) and CPU/DP/EXMREG/exm\\.pc_out_reg[9]/CE (clocked by CPUCLK). Large setup violations at the end of those stages might be difficult to fix during the post-placement implementation flow and could be the result of non-optimal XDC constraints or non-optimal design architecture
Related violations: <none>

TIMING-16#484 Warning
Large setup violation  
There is a large setup violation of -1.562 ns between RAM/addr_reg[5]/C (clocked by MAIN) and CPU/DP/EXMREG/exm\\.inst_out_reg[0]/CE (clocked by CPUCLK). Large setup violations at the end of those stages might be difficult to fix during the post-placement implementation flow and could be the result of non-optimal XDC constraints or non-optimal design architecture
Related violations: <none>

TIMING-16#485 Warning
Large setup violation  
There is a large setup violation of -1.562 ns between RAM/addr_reg[5]/C (clocked by MAIN) and CPU/DP/EXMREG/exm\\.pc_out_reg[14]/CE (clocked by CPUCLK). Large setup violations at the end of those stages might be difficult to fix during the post-placement implementation flow and could be the result of non-optimal XDC constraints or non-optimal design architecture
Related violations: <none>

TIMING-16#486 Warning
Large setup violation  
There is a large setup violation of -1.562 ns between RAM/addr_reg[5]/C (clocked by MAIN) and CPU/DP/EXMREG/exm\\.pc_out_reg[15]/CE (clocked by CPUCLK). Large setup violations at the end of those stages might be difficult to fix during the post-placement implementation flow and could be the result of non-optimal XDC constraints or non-optimal design architecture
Related violations: <none>

TIMING-16#487 Warning
Large setup violation  
There is a large setup violation of -1.562 ns between RAM/addr_reg[5]/C (clocked by MAIN) and CPU/DP/EXMREG/exm\\.pc_out_reg[16]/CE (clocked by CPUCLK). Large setup violations at the end of those stages might be difficult to fix during the post-placement implementation flow and could be the result of non-optimal XDC constraints or non-optimal design architecture
Related violations: <none>

TIMING-16#488 Warning
Large setup violation  
There is a large setup violation of -1.566 ns between RAM/addr_reg[5]/C (clocked by MAIN) and CPU/DP/EXMREG/exm\\.imm_out_reg[6]/CE (clocked by CPUCLK). Large setup violations at the end of those stages might be difficult to fix during the post-placement implementation flow and could be the result of non-optimal XDC constraints or non-optimal design architecture
Related violations: <none>

TIMING-16#489 Warning
Large setup violation  
There is a large setup violation of -1.570 ns between RAM/addr_reg[5]/C (clocked by MAIN) and CPU/DP/EXMREG/exm\\.imm_out_reg[20]/CE (clocked by CPUCLK). Large setup violations at the end of those stages might be difficult to fix during the post-placement implementation flow and could be the result of non-optimal XDC constraints or non-optimal design architecture
Related violations: <none>

TIMING-16#490 Warning
Large setup violation  
There is a large setup violation of -1.575 ns between RAM/addr_reg[5]/C (clocked by MAIN) and CPU/DP/EXMREG/exm\\.alu_out_out_reg[1]/CE (clocked by CPUCLK). Large setup violations at the end of those stages might be difficult to fix during the post-placement implementation flow and could be the result of non-optimal XDC constraints or non-optimal design architecture
Related violations: <none>

TIMING-16#491 Warning
Large setup violation  
There is a large setup violation of -1.579 ns between CPU/DP/EXMREG/exm\\.dmemREN_reg_replica/C (clocked by CPUCLK) and RAM/mem_reg_12/ADDRARDADDR[2] (clocked by MAIN). Large setup violations at the end of those stages might be difficult to fix during the post-placement implementation flow and could be the result of non-optimal XDC constraints or non-optimal design architecture
Related violations: <none>

TIMING-16#492 Warning
Large setup violation  
There is a large setup violation of -1.585 ns between RAM/addr_reg[5]/C (clocked by MAIN) and CPU/DP/EXMREG/exm\\.pc_out_reg[30]/CE (clocked by CPUCLK). Large setup violations at the end of those stages might be difficult to fix during the post-placement implementation flow and could be the result of non-optimal XDC constraints or non-optimal design architecture
Related violations: <none>

TIMING-16#493 Warning
Large setup violation  
There is a large setup violation of -1.585 ns between RAM/addr_reg[5]/C (clocked by MAIN) and CPU/DP/EXMREG/exm\\.pc_out_reg[31]/CE (clocked by CPUCLK). Large setup violations at the end of those stages might be difficult to fix during the post-placement implementation flow and could be the result of non-optimal XDC constraints or non-optimal design architecture
Related violations: <none>

TIMING-16#494 Warning
Large setup violation  
There is a large setup violation of -1.594 ns between RAM/addr_reg[5]/C (clocked by MAIN) and CPU/DP/EXMREG/exm\\.rdat2_out_reg[28]/CE (clocked by CPUCLK). Large setup violations at the end of those stages might be difficult to fix during the post-placement implementation flow and could be the result of non-optimal XDC constraints or non-optimal design architecture
Related violations: <none>

TIMING-16#495 Warning
Large setup violation  
There is a large setup violation of -1.594 ns between RAM/addr_reg[5]/C (clocked by MAIN) and CPU/DP/EXMREG/exm\\.rdat2_out_reg[29]/CE (clocked by CPUCLK). Large setup violations at the end of those stages might be difficult to fix during the post-placement implementation flow and could be the result of non-optimal XDC constraints or non-optimal design architecture
Related violations: <none>

TIMING-16#496 Warning
Large setup violation  
There is a large setup violation of -1.596 ns between CPU/DP/PC/pcif\\.PC_reg[2]/C (clocked by CPUCLK) and RAM/mem_reg_12/ADDRARDADDR[1] (clocked by MAIN). Large setup violations at the end of those stages might be difficult to fix during the post-placement implementation flow and could be the result of non-optimal XDC constraints or non-optimal design architecture
Related violations: <none>

TIMING-16#497 Warning
Large setup violation  
There is a large setup violation of -1.596 ns between RAM/addr_reg[5]/C (clocked by MAIN) and CPU/DP/EXMREG/exm\\.imm_out_reg[26]/CE (clocked by CPUCLK). Large setup violations at the end of those stages might be difficult to fix during the post-placement implementation flow and could be the result of non-optimal XDC constraints or non-optimal design architecture
Related violations: <none>

TIMING-16#498 Warning
Large setup violation  
There is a large setup violation of -1.596 ns between RAM/addr_reg[5]/C (clocked by MAIN) and CPU/DP/EXMREG/exm\\.imm_out_reg[28]/CE (clocked by CPUCLK). Large setup violations at the end of those stages might be difficult to fix during the post-placement implementation flow and could be the result of non-optimal XDC constraints or non-optimal design architecture
Related violations: <none>

TIMING-16#499 Warning
Large setup violation  
There is a large setup violation of -1.597 ns between RAM/addr_reg[5]/C (clocked by MAIN) and CPU/DP/EXMREG/exm\\.rdat2_out_reg[3]/CE (clocked by CPUCLK). Large setup violations at the end of those stages might be difficult to fix during the post-placement implementation flow and could be the result of non-optimal XDC constraints or non-optimal design architecture
Related violations: <none>

TIMING-16#500 Warning
Large setup violation  
There is a large setup violation of -1.598 ns between RAM/addr_reg[5]/C (clocked by MAIN) and CPU/DP/EXMREG/exm\\.rdat2_out_reg[6]/CE (clocked by CPUCLK). Large setup violations at the end of those stages might be difficult to fix during the post-placement implementation flow and could be the result of non-optimal XDC constraints or non-optimal design architecture
Related violations: <none>

TIMING-16#501 Warning
Large setup violation  
There is a large setup violation of -1.600 ns between RAM/addr_reg[5]/C (clocked by MAIN) and CPU/DP/EXMREG/exm\\.rdat2_out_reg[15]/CE (clocked by CPUCLK). Large setup violations at the end of those stages might be difficult to fix during the post-placement implementation flow and could be the result of non-optimal XDC constraints or non-optimal design architecture
Related violations: <none>

TIMING-16#502 Warning
Large setup violation  
There is a large setup violation of -1.600 ns between RAM/addr_reg[5]/C (clocked by MAIN) and CPU/DP/EXMREG/exm\\.rdat2_out_reg[2]/CE (clocked by CPUCLK). Large setup violations at the end of those stages might be difficult to fix during the post-placement implementation flow and could be the result of non-optimal XDC constraints or non-optimal design architecture
Related violations: <none>

TIMING-16#503 Warning
Large setup violation  
There is a large setup violation of -1.603 ns between RAM/addr_reg[5]/C (clocked by MAIN) and CPU/DP/EXMREG/exm\\.imm_out_reg[0]/CE (clocked by CPUCLK). Large setup violations at the end of those stages might be difficult to fix during the post-placement implementation flow and could be the result of non-optimal XDC constraints or non-optimal design architecture
Related violations: <none>

TIMING-16#504 Warning
Large setup violation  
There is a large setup violation of -1.603 ns between RAM/addr_reg[5]/C (clocked by MAIN) and CPU/DP/EXMREG/exm\\.pc_out_reg[0]/CE (clocked by CPUCLK). Large setup violations at the end of those stages might be difficult to fix during the post-placement implementation flow and could be the result of non-optimal XDC constraints or non-optimal design architecture
Related violations: <none>

TIMING-16#505 Warning
Large setup violation  
There is a large setup violation of -1.603 ns between RAM/addr_reg[5]/C (clocked by MAIN) and CPU/DP/EXMREG/exm\\.rdat2_out_reg[9]/CE (clocked by CPUCLK). Large setup violations at the end of those stages might be difficult to fix during the post-placement implementation flow and could be the result of non-optimal XDC constraints or non-optimal design architecture
Related violations: <none>

TIMING-16#506 Warning
Large setup violation  
There is a large setup violation of -1.605 ns between RAM/addr_reg[5]/C (clocked by MAIN) and CPU/DP/EXMREG/exm\\.pc_out_reg[29]/CE (clocked by CPUCLK). Large setup violations at the end of those stages might be difficult to fix during the post-placement implementation flow and could be the result of non-optimal XDC constraints or non-optimal design architecture
Related violations: <none>

TIMING-16#507 Warning
Large setup violation  
There is a large setup violation of -1.614 ns between RAM/addr_reg[5]/C (clocked by MAIN) and CPU/DP/EXMREG/exm\\.rdat2_out_reg[10]/CE (clocked by CPUCLK). Large setup violations at the end of those stages might be difficult to fix during the post-placement implementation flow and could be the result of non-optimal XDC constraints or non-optimal design architecture
Related violations: <none>

TIMING-16#508 Warning
Large setup violation  
There is a large setup violation of -1.614 ns between RAM/addr_reg[5]/C (clocked by MAIN) and CPU/DP/EXMREG/exm\\.rdat2_out_reg[13]/CE (clocked by CPUCLK). Large setup violations at the end of those stages might be difficult to fix during the post-placement implementation flow and could be the result of non-optimal XDC constraints or non-optimal design architecture
Related violations: <none>

TIMING-16#509 Warning
Large setup violation  
There is a large setup violation of -1.614 ns between RAM/addr_reg[5]/C (clocked by MAIN) and CPU/DP/EXMREG/exm\\.rdat2_out_reg[4]/CE (clocked by CPUCLK). Large setup violations at the end of those stages might be difficult to fix during the post-placement implementation flow and could be the result of non-optimal XDC constraints or non-optimal design architecture
Related violations: <none>

TIMING-16#510 Warning
Large setup violation  
There is a large setup violation of -1.624 ns between RAM/addr_reg[5]/C (clocked by MAIN) and CPU/DP/EXMREG/exm\\.imm_out_reg[17]/CE (clocked by CPUCLK). Large setup violations at the end of those stages might be difficult to fix during the post-placement implementation flow and could be the result of non-optimal XDC constraints or non-optimal design architecture
Related violations: <none>

TIMING-16#511 Warning
Large setup violation  
There is a large setup violation of -1.624 ns between RAM/addr_reg[5]/C (clocked by MAIN) and CPU/DP/EXMREG/exm\\.imm_out_reg[3]/CE (clocked by CPUCLK). Large setup violations at the end of those stages might be difficult to fix during the post-placement implementation flow and could be the result of non-optimal XDC constraints or non-optimal design architecture
Related violations: <none>

TIMING-16#512 Warning
Large setup violation  
There is a large setup violation of -1.630 ns between RAM/addr_reg[5]/C (clocked by MAIN) and CPU/DP/DXREG/dx\\.imm_out_reg[16]/CE (clocked by CPUCLK). Large setup violations at the end of those stages might be difficult to fix during the post-placement implementation flow and could be the result of non-optimal XDC constraints or non-optimal design architecture
Related violations: <none>

TIMING-16#513 Warning
Large setup violation  
There is a large setup violation of -1.630 ns between RAM/addr_reg[5]/C (clocked by MAIN) and CPU/DP/DXREG/dx\\.imm_out_reg[17]/CE (clocked by CPUCLK). Large setup violations at the end of those stages might be difficult to fix during the post-placement implementation flow and could be the result of non-optimal XDC constraints or non-optimal design architecture
Related violations: <none>

TIMING-16#514 Warning
Large setup violation  
There is a large setup violation of -1.630 ns between RAM/addr_reg[5]/C (clocked by MAIN) and CPU/DP/EXMREG/exm\\.imm_out_reg[9]/CE (clocked by CPUCLK). Large setup violations at the end of those stages might be difficult to fix during the post-placement implementation flow and could be the result of non-optimal XDC constraints or non-optimal design architecture
Related violations: <none>

TIMING-16#515 Warning
Large setup violation  
There is a large setup violation of -1.632 ns between RAM/addr_reg[5]/C (clocked by MAIN) and CPU/DP/DXREG/dx\\.pc_out_reg[29]/CE (clocked by CPUCLK). Large setup violations at the end of those stages might be difficult to fix during the post-placement implementation flow and could be the result of non-optimal XDC constraints or non-optimal design architecture
Related violations: <none>

TIMING-16#516 Warning
Large setup violation  
There is a large setup violation of -1.632 ns between RAM/addr_reg[5]/C (clocked by MAIN) and CPU/DP/DXREG/dx\\.pc_out_reg[30]/CE (clocked by CPUCLK). Large setup violations at the end of those stages might be difficult to fix during the post-placement implementation flow and could be the result of non-optimal XDC constraints or non-optimal design architecture
Related violations: <none>

TIMING-16#517 Warning
Large setup violation  
There is a large setup violation of -1.632 ns between RAM/addr_reg[5]/C (clocked by MAIN) and CPU/DP/DXREG/dx\\.pc_out_reg[31]/CE (clocked by CPUCLK). Large setup violations at the end of those stages might be difficult to fix during the post-placement implementation flow and could be the result of non-optimal XDC constraints or non-optimal design architecture
Related violations: <none>

TIMING-16#518 Warning
Large setup violation  
There is a large setup violation of -1.633 ns between RAM/addr_reg[5]/C (clocked by MAIN) and CPU/DP/EXMREG/exm\\.rdat2_out_reg[7]/CE (clocked by CPUCLK). Large setup violations at the end of those stages might be difficult to fix during the post-placement implementation flow and could be the result of non-optimal XDC constraints or non-optimal design architecture
Related violations: <none>

TIMING-16#519 Warning
Large setup violation  
There is a large setup violation of -1.635 ns between RAM/addr_reg[5]/C (clocked by MAIN) and CPU/DP/EXMREG/exm\\.imm_out_reg[13]/CE (clocked by CPUCLK). Large setup violations at the end of those stages might be difficult to fix during the post-placement implementation flow and could be the result of non-optimal XDC constraints or non-optimal design architecture
Related violations: <none>

TIMING-16#520 Warning
Large setup violation  
There is a large setup violation of -1.635 ns between RAM/addr_reg[5]/C (clocked by MAIN) and CPU/DP/EXMREG/exm\\.imm_out_reg[21]/CE (clocked by CPUCLK). Large setup violations at the end of those stages might be difficult to fix during the post-placement implementation flow and could be the result of non-optimal XDC constraints or non-optimal design architecture
Related violations: <none>

TIMING-16#521 Warning
Large setup violation  
There is a large setup violation of -1.635 ns between RAM/addr_reg[5]/C (clocked by MAIN) and CPU/DP/EXMREG/exm\\.imm_out_reg[31]/CE (clocked by CPUCLK). Large setup violations at the end of those stages might be difficult to fix during the post-placement implementation flow and could be the result of non-optimal XDC constraints or non-optimal design architecture
Related violations: <none>

TIMING-16#522 Warning
Large setup violation  
There is a large setup violation of -1.646 ns between CPU/DP/EXMREG/exm\\.dmemREN_reg_replica/C (clocked by CPUCLK) and RAM/mem_reg_12/ADDRARDADDR[10] (clocked by MAIN). Large setup violations at the end of those stages might be difficult to fix during the post-placement implementation flow and could be the result of non-optimal XDC constraints or non-optimal design architecture
Related violations: <none>

TIMING-16#523 Warning
Large setup violation  
There is a large setup violation of -1.653 ns between RAM/addr_reg[5]/C (clocked by MAIN) and CPU/DP/EXMREG/exm\\.imm_out_reg[12]/CE (clocked by CPUCLK). Large setup violations at the end of those stages might be difficult to fix during the post-placement implementation flow and could be the result of non-optimal XDC constraints or non-optimal design architecture
Related violations: <none>

TIMING-16#524 Warning
Large setup violation  
There is a large setup violation of -1.661 ns between CPU/DP/PC/pcif\\.PC_reg[12]/C (clocked by CPUCLK) and RAM/mem_reg_12/ADDRARDADDR[11] (clocked by MAIN). Large setup violations at the end of those stages might be difficult to fix during the post-placement implementation flow and could be the result of non-optimal XDC constraints or non-optimal design architecture
Related violations: <none>

TIMING-16#525 Warning
Large setup violation  
There is a large setup violation of -1.665 ns between RAM/addr_reg[5]/C (clocked by MAIN) and CPU/DP/EXMREG/exm\\.alu_out_out_reg[7]/CE (clocked by CPUCLK). Large setup violations at the end of those stages might be difficult to fix during the post-placement implementation flow and could be the result of non-optimal XDC constraints or non-optimal design architecture
Related violations: <none>

TIMING-16#526 Warning
Large setup violation  
There is a large setup violation of -1.665 ns between RAM/addr_reg[5]/C (clocked by MAIN) and CPU/DP/EXMREG/exm\\.imm_out_reg[16]/CE (clocked by CPUCLK). Large setup violations at the end of those stages might be difficult to fix during the post-placement implementation flow and could be the result of non-optimal XDC constraints or non-optimal design architecture
Related violations: <none>

TIMING-16#527 Warning
Large setup violation  
There is a large setup violation of -1.665 ns between RAM/addr_reg[5]/C (clocked by MAIN) and CPU/DP/EXMREG/exm\\.imm_out_reg[18]/CE (clocked by CPUCLK). Large setup violations at the end of those stages might be difficult to fix during the post-placement implementation flow and could be the result of non-optimal XDC constraints or non-optimal design architecture
Related violations: <none>

TIMING-16#528 Warning
Large setup violation  
There is a large setup violation of -1.669 ns between RAM/addr_reg[5]/C (clocked by MAIN) and CPU/DP/EXMREG/exm\\.imm_out_reg[10]/CE (clocked by CPUCLK). Large setup violations at the end of those stages might be difficult to fix during the post-placement implementation flow and could be the result of non-optimal XDC constraints or non-optimal design architecture
Related violations: <none>

TIMING-16#529 Warning
Large setup violation  
There is a large setup violation of -1.674 ns between CPU/DP/MWBREG/mwb\\.rd_out_reg[3]/C (clocked by CPUCLK) and CPU/DP/REGF/register_reg[13][20]/CE (clocked by CPUCLK). Large setup violations at the end of those stages might be difficult to fix during the post-placement implementation flow and could be the result of non-optimal XDC constraints or non-optimal design architecture
Related violations: <none>

TIMING-16#530 Warning
Large setup violation  
There is a large setup violation of -1.687 ns between RAM/addr_reg[5]/C (clocked by MAIN) and CPU/DP/EXMREG/exm\\.alu_out_out_reg[16]/CE (clocked by CPUCLK). Large setup violations at the end of those stages might be difficult to fix during the post-placement implementation flow and could be the result of non-optimal XDC constraints or non-optimal design architecture
Related violations: <none>

TIMING-16#531 Warning
Large setup violation  
There is a large setup violation of -1.687 ns between RAM/addr_reg[5]/C (clocked by MAIN) and CPU/DP/EXMREG/exm\\.alu_out_out_reg[18]/CE (clocked by CPUCLK). Large setup violations at the end of those stages might be difficult to fix during the post-placement implementation flow and could be the result of non-optimal XDC constraints or non-optimal design architecture
Related violations: <none>

TIMING-16#532 Warning
Large setup violation  
There is a large setup violation of -1.687 ns between RAM/addr_reg[5]/C (clocked by MAIN) and CPU/DP/EXMREG/exm\\.rdat2_out_reg[14]/CE (clocked by CPUCLK). Large setup violations at the end of those stages might be difficult to fix during the post-placement implementation flow and could be the result of non-optimal XDC constraints or non-optimal design architecture
Related violations: <none>

TIMING-16#533 Warning
Large setup violation  
There is a large setup violation of -1.696 ns between RAM/addr_reg[5]/C (clocked by MAIN) and CPU/DP/EXMREG/exm\\.alu_out_out_reg[5]/CE (clocked by CPUCLK). Large setup violations at the end of those stages might be difficult to fix during the post-placement implementation flow and could be the result of non-optimal XDC constraints or non-optimal design architecture
Related violations: <none>

TIMING-16#534 Warning
Large setup violation  
There is a large setup violation of -1.705 ns between RAM/addr_reg[5]/C (clocked by MAIN) and CPU/DP/EXMREG/exm\\.alu_out_out_reg[11]/CE (clocked by CPUCLK). Large setup violations at the end of those stages might be difficult to fix during the post-placement implementation flow and could be the result of non-optimal XDC constraints or non-optimal design architecture
Related violations: <none>

TIMING-16#535 Warning
Large setup violation  
There is a large setup violation of -1.705 ns between RAM/addr_reg[5]/C (clocked by MAIN) and CPU/DP/EXMREG/exm\\.alu_out_out_reg[17]/CE (clocked by CPUCLK). Large setup violations at the end of those stages might be difficult to fix during the post-placement implementation flow and could be the result of non-optimal XDC constraints or non-optimal design architecture
Related violations: <none>

TIMING-16#536 Warning
Large setup violation  
There is a large setup violation of -1.705 ns between RAM/addr_reg[5]/C (clocked by MAIN) and CPU/DP/EXMREG/exm\\.alu_out_out_reg[19]/CE (clocked by CPUCLK). Large setup violations at the end of those stages might be difficult to fix during the post-placement implementation flow and could be the result of non-optimal XDC constraints or non-optimal design architecture
Related violations: <none>

TIMING-16#537 Warning
Large setup violation  
There is a large setup violation of -1.705 ns between RAM/addr_reg[5]/C (clocked by MAIN) and CPU/DP/EXMREG/exm\\.alu_out_out_reg[2]/CE (clocked by CPUCLK). Large setup violations at the end of those stages might be difficult to fix during the post-placement implementation flow and could be the result of non-optimal XDC constraints or non-optimal design architecture
Related violations: <none>

TIMING-16#538 Warning
Large setup violation  
There is a large setup violation of -1.709 ns between CPU/DP/EXMREG/exm\\.dmemREN_reg_replica/C (clocked by CPUCLK) and RAM/mem_reg_12/ADDRARDADDR[7] (clocked by MAIN). Large setup violations at the end of those stages might be difficult to fix during the post-placement implementation flow and could be the result of non-optimal XDC constraints or non-optimal design architecture
Related violations: <none>

TIMING-16#539 Warning
Large setup violation  
There is a large setup violation of -1.712 ns between CPU/DP/EXMREG/exm\\.dmemWEN_reg_replica_5/C (clocked by CPUCLK) and RAM/mem_reg_12/ADDRARDADDR[9] (clocked by MAIN). Large setup violations at the end of those stages might be difficult to fix during the post-placement implementation flow and could be the result of non-optimal XDC constraints or non-optimal design architecture
Related violations: <none>

TIMING-16#540 Warning
Large setup violation  
There is a large setup violation of -1.720 ns between RAM/addr_reg[5]/C (clocked by MAIN) and CPU/DP/EXMREG/exm\\.dmemWEN_reg_replica_7/D (clocked by CPUCLK). Large setup violations at the end of those stages might be difficult to fix during the post-placement implementation flow and could be the result of non-optimal XDC constraints or non-optimal design architecture
Related violations: <none>

TIMING-16#541 Warning
Large setup violation  
There is a large setup violation of -1.723 ns between RAM/addr_reg[5]/C (clocked by MAIN) and CPU/DP/EXMREG/exm\\.imm_out_reg[4]/CE (clocked by CPUCLK). Large setup violations at the end of those stages might be difficult to fix during the post-placement implementation flow and could be the result of non-optimal XDC constraints or non-optimal design architecture
Related violations: <none>

TIMING-16#542 Warning
Large setup violation  
There is a large setup violation of -1.724 ns between CPU/DP/MWBREG/mwb\\.rd_out_reg[3]/C (clocked by CPUCLK) and CPU/DP/REGF/register_reg[13][23]/CE (clocked by CPUCLK). Large setup violations at the end of those stages might be difficult to fix during the post-placement implementation flow and could be the result of non-optimal XDC constraints or non-optimal design architecture
Related violations: <none>

TIMING-16#543 Warning
Large setup violation  
There is a large setup violation of -1.724 ns between CPU/DP/MWBREG/mwb\\.rd_out_reg[3]/C (clocked by CPUCLK) and CPU/DP/REGF/register_reg[13][26]/CE (clocked by CPUCLK). Large setup violations at the end of those stages might be difficult to fix during the post-placement implementation flow and could be the result of non-optimal XDC constraints or non-optimal design architecture
Related violations: <none>

TIMING-16#544 Warning
Large setup violation  
There is a large setup violation of -1.725 ns between CPU/DP/MWBREG/mwb\\.rd_out_reg[3]/C (clocked by CPUCLK) and CPU/DP/REGF/register_reg[13][28]/CE (clocked by CPUCLK). Large setup violations at the end of those stages might be difficult to fix during the post-placement implementation flow and could be the result of non-optimal XDC constraints or non-optimal design architecture
Related violations: <none>

TIMING-16#545 Warning
Large setup violation  
There is a large setup violation of -1.732 ns between RAM/addr_reg[5]/C (clocked by MAIN) and CPU/DP/EXMREG/exm\\.alu_out_out_reg[24]/CE (clocked by CPUCLK). Large setup violations at the end of those stages might be difficult to fix during the post-placement implementation flow and could be the result of non-optimal XDC constraints or non-optimal design architecture
Related violations: <none>

TIMING-16#546 Warning
Large setup violation  
There is a large setup violation of -1.739 ns between RAM/addr_reg[5]/C (clocked by MAIN) and CPU/DP/EXMREG/exm\\.rdat2_out_reg[12]/CE (clocked by CPUCLK). Large setup violations at the end of those stages might be difficult to fix during the post-placement implementation flow and could be the result of non-optimal XDC constraints or non-optimal design architecture
Related violations: <none>

TIMING-16#547 Warning
Large setup violation  
There is a large setup violation of -1.741 ns between CPU/DP/EXMREG/exm\\.dmemREN_reg_replica/C (clocked by CPUCLK) and RAM/mem_reg_13/ADDRARDADDR[7] (clocked by MAIN). Large setup violations at the end of those stages might be difficult to fix during the post-placement implementation flow and could be the result of non-optimal XDC constraints or non-optimal design architecture
Related violations: <none>

TIMING-16#548 Warning
Large setup violation  
There is a large setup violation of -1.749 ns between RAM/addr_reg[5]/C (clocked by MAIN) and CPU/DP/EXMREG/exm\\.alu_out_out_reg[15]/CE (clocked by CPUCLK). Large setup violations at the end of those stages might be difficult to fix during the post-placement implementation flow and could be the result of non-optimal XDC constraints or non-optimal design architecture
Related violations: <none>

TIMING-16#549 Warning
Large setup violation  
There is a large setup violation of -1.749 ns between RAM/addr_reg[5]/C (clocked by MAIN) and CPU/DP/EXMREG/exm\\.alu_out_out_reg[29]/CE (clocked by CPUCLK). Large setup violations at the end of those stages might be difficult to fix during the post-placement implementation flow and could be the result of non-optimal XDC constraints or non-optimal design architecture
Related violations: <none>

TIMING-16#550 Warning
Large setup violation  
There is a large setup violation of -1.749 ns between RAM/addr_reg[5]/C (clocked by MAIN) and CPU/DP/EXMREG/exm\\.rdat2_out_reg[16]/CE (clocked by CPUCLK). Large setup violations at the end of those stages might be difficult to fix during the post-placement implementation flow and could be the result of non-optimal XDC constraints or non-optimal design architecture
Related violations: <none>

TIMING-16#551 Warning
Large setup violation  
There is a large setup violation of -1.750 ns between RAM/addr_reg[5]/C (clocked by MAIN) and CPU/DP/PC/pcif\\.PC_reg[19]/CE (clocked by CPUCLK). Large setup violations at the end of those stages might be difficult to fix during the post-placement implementation flow and could be the result of non-optimal XDC constraints or non-optimal design architecture
Related violations: <none>

TIMING-16#552 Warning
Large setup violation  
There is a large setup violation of -1.750 ns between RAM/addr_reg[5]/C (clocked by MAIN) and CPU/DP/PC/pcif\\.PC_reg[5]/CE (clocked by CPUCLK). Large setup violations at the end of those stages might be difficult to fix during the post-placement implementation flow and could be the result of non-optimal XDC constraints or non-optimal design architecture
Related violations: <none>

TIMING-16#553 Warning
Large setup violation  
There is a large setup violation of -1.752 ns between RAM/addr_reg[5]/C (clocked by MAIN) and CPU/DP/EXMREG/exm\\.imm_out_reg[22]/CE (clocked by CPUCLK). Large setup violations at the end of those stages might be difficult to fix during the post-placement implementation flow and could be the result of non-optimal XDC constraints or non-optimal design architecture
Related violations: <none>

TIMING-16#554 Warning
Large setup violation  
There is a large setup violation of -1.755 ns between CPU/DP/EXMREG/exm\\.dmemWEN_reg_replica_5/C (clocked by CPUCLK) and RAM/mem_reg_12/ADDRARDADDR[8] (clocked by MAIN). Large setup violations at the end of those stages might be difficult to fix during the post-placement implementation flow and could be the result of non-optimal XDC constraints or non-optimal design architecture
Related violations: <none>

TIMING-16#555 Warning
Large setup violation  
There is a large setup violation of -1.757 ns between RAM/addr_reg[5]/C (clocked by MAIN) and CPU/DP/PC/pcif\\.PC_reg[0]/CE (clocked by CPUCLK). Large setup violations at the end of those stages might be difficult to fix during the post-placement implementation flow and could be the result of non-optimal XDC constraints or non-optimal design architecture
Related violations: <none>

TIMING-16#556 Warning
Large setup violation  
There is a large setup violation of -1.757 ns between RAM/addr_reg[5]/C (clocked by MAIN) and CPU/DP/PC/pcif\\.PC_reg[6]/CE (clocked by CPUCLK). Large setup violations at the end of those stages might be difficult to fix during the post-placement implementation flow and could be the result of non-optimal XDC constraints or non-optimal design architecture
Related violations: <none>

TIMING-16#557 Warning
Large setup violation  
There is a large setup violation of -1.757 ns between RAM/addr_reg[5]/C (clocked by MAIN) and CPU/DP/PC/pcif\\.PC_reg[9]/CE (clocked by CPUCLK). Large setup violations at the end of those stages might be difficult to fix during the post-placement implementation flow and could be the result of non-optimal XDC constraints or non-optimal design architecture
Related violations: <none>

TIMING-16#558 Warning
Large setup violation  
There is a large setup violation of -1.759 ns between RAM/addr_reg[5]/C (clocked by MAIN) and CPU/DP/EXMREG/exm\\.imm_out_reg[7]/CE (clocked by CPUCLK). Large setup violations at the end of those stages might be difficult to fix during the post-placement implementation flow and could be the result of non-optimal XDC constraints or non-optimal design architecture
Related violations: <none>

TIMING-16#559 Warning
Large setup violation  
There is a large setup violation of -1.764 ns between RAM/addr_reg[5]/C (clocked by MAIN) and CPU/DP/EXMREG/exm\\.dmemWEN_reg_replica_6/D (clocked by CPUCLK). Large setup violations at the end of those stages might be difficult to fix during the post-placement implementation flow and could be the result of non-optimal XDC constraints or non-optimal design architecture
Related violations: <none>

TIMING-16#560 Warning
Large setup violation  
There is a large setup violation of -1.772 ns between RAM/addr_reg[5]/C (clocked by MAIN) and CPU/DP/PC/pcif\\.PC_reg[26]/CE (clocked by CPUCLK). Large setup violations at the end of those stages might be difficult to fix during the post-placement implementation flow and could be the result of non-optimal XDC constraints or non-optimal design architecture
Related violations: <none>

TIMING-16#561 Warning
Large setup violation  
There is a large setup violation of -1.772 ns between RAM/addr_reg[5]/C (clocked by MAIN) and CPU/DP/PC/pcif\\.PC_reg[28]/CE (clocked by CPUCLK). Large setup violations at the end of those stages might be difficult to fix during the post-placement implementation flow and could be the result of non-optimal XDC constraints or non-optimal design architecture
Related violations: <none>

TIMING-16#562 Warning
Large setup violation  
There is a large setup violation of -1.776 ns between RAM/addr_reg[5]/C (clocked by MAIN) and CPU/DP/EXMREG/exm\\.alu_out_out_reg[31]/CE (clocked by CPUCLK). Large setup violations at the end of those stages might be difficult to fix during the post-placement implementation flow and could be the result of non-optimal XDC constraints or non-optimal design architecture
Related violations: <none>

TIMING-16#563 Warning
Large setup violation  
There is a large setup violation of -1.776 ns between RAM/addr_reg[5]/C (clocked by MAIN) and CPU/DP/EXMREG/exm\\.rdat2_out_reg[8]/CE (clocked by CPUCLK). Large setup violations at the end of those stages might be difficult to fix during the post-placement implementation flow and could be the result of non-optimal XDC constraints or non-optimal design architecture
Related violations: <none>

TIMING-16#564 Warning
Large setup violation  
There is a large setup violation of -1.777 ns between RAM/addr_reg[5]/C (clocked by MAIN) and CPU/DP/EXMREG/exm\\.alu_out_out_reg[12]/CE (clocked by CPUCLK). Large setup violations at the end of those stages might be difficult to fix during the post-placement implementation flow and could be the result of non-optimal XDC constraints or non-optimal design architecture
Related violations: <none>

TIMING-16#565 Warning
Large setup violation  
There is a large setup violation of -1.777 ns between RAM/addr_reg[5]/C (clocked by MAIN) and CPU/DP/EXMREG/exm\\.imm_out_reg[2]/CE (clocked by CPUCLK). Large setup violations at the end of those stages might be difficult to fix during the post-placement implementation flow and could be the result of non-optimal XDC constraints or non-optimal design architecture
Related violations: <none>

TIMING-16#566 Warning
Large setup violation  
There is a large setup violation of -1.782 ns between RAM/addr_reg[5]/C (clocked by MAIN) and CPU/DP/EXMREG/exm\\.alu_out_out_reg[21]/CE (clocked by CPUCLK). Large setup violations at the end of those stages might be difficult to fix during the post-placement implementation flow and could be the result of non-optimal XDC constraints or non-optimal design architecture
Related violations: <none>

TIMING-16#567 Warning
Large setup violation  
There is a large setup violation of -1.782 ns between RAM/addr_reg[5]/C (clocked by MAIN) and CPU/DP/EXMREG/exm\\.alu_out_out_reg[8]/CE (clocked by CPUCLK). Large setup violations at the end of those stages might be difficult to fix during the post-placement implementation flow and could be the result of non-optimal XDC constraints or non-optimal design architecture
Related violations: <none>

TIMING-16#568 Warning
Large setup violation  
There is a large setup violation of -1.783 ns between RAM/addr_reg[5]/C (clocked by MAIN) and CPU/DP/EXMREG/exm\\.imm_out_reg[29]/CE (clocked by CPUCLK). Large setup violations at the end of those stages might be difficult to fix during the post-placement implementation flow and could be the result of non-optimal XDC constraints or non-optimal design architecture
Related violations: <none>

TIMING-16#569 Warning
Large setup violation  
There is a large setup violation of -1.783 ns between RAM/addr_reg[5]/C (clocked by MAIN) and CPU/DP/EXMREG/exm\\.imm_out_reg[5]/CE (clocked by CPUCLK). Large setup violations at the end of those stages might be difficult to fix during the post-placement implementation flow and could be the result of non-optimal XDC constraints or non-optimal design architecture
Related violations: <none>

TIMING-16#570 Warning
Large setup violation  
There is a large setup violation of -1.788 ns between RAM/addr_reg[5]/C (clocked by MAIN) and CPU/DP/EXMREG/exm\\.imm_out_reg[30]/CE (clocked by CPUCLK). Large setup violations at the end of those stages might be difficult to fix during the post-placement implementation flow and could be the result of non-optimal XDC constraints or non-optimal design architecture
Related violations: <none>

TIMING-16#571 Warning
Large setup violation  
There is a large setup violation of -1.790 ns between RAM/addr_reg[5]/C (clocked by MAIN) and CPU/DP/EXMREG/exm\\.alu_out_out_reg[14]/CE (clocked by CPUCLK). Large setup violations at the end of those stages might be difficult to fix during the post-placement implementation flow and could be the result of non-optimal XDC constraints or non-optimal design architecture
Related violations: <none>

TIMING-16#572 Warning
Large setup violation  
There is a large setup violation of -1.818 ns between RAM/addr_reg[5]/C (clocked by MAIN) and CPU/DP/EXMREG/exm\\.dmemWEN_reg_replica_2/D (clocked by CPUCLK). Large setup violations at the end of those stages might be difficult to fix during the post-placement implementation flow and could be the result of non-optimal XDC constraints or non-optimal design architecture
Related violations: <none>

TIMING-16#573 Warning
Large setup violation  
There is a large setup violation of -1.826 ns between RAM/addr_reg[5]/C (clocked by MAIN) and CPU/DP/EXMREG/exm\\.alu_out_out_reg[3]/CE (clocked by CPUCLK). Large setup violations at the end of those stages might be difficult to fix during the post-placement implementation flow and could be the result of non-optimal XDC constraints or non-optimal design architecture
Related violations: <none>

TIMING-16#574 Warning
Large setup violation  
There is a large setup violation of -1.826 ns between RAM/addr_reg[5]/C (clocked by MAIN) and CPU/DP/EXMREG/exm\\.alu_out_out_reg[6]/CE (clocked by CPUCLK). Large setup violations at the end of those stages might be difficult to fix during the post-placement implementation flow and could be the result of non-optimal XDC constraints or non-optimal design architecture
Related violations: <none>

TIMING-16#575 Warning
Large setup violation  
There is a large setup violation of -1.836 ns between RAM/addr_reg[5]/C (clocked by MAIN) and CPU/DP/EXMREG/exm\\.alu_out_out_reg[0]/CE (clocked by CPUCLK). Large setup violations at the end of those stages might be difficult to fix during the post-placement implementation flow and could be the result of non-optimal XDC constraints or non-optimal design architecture
Related violations: <none>

TIMING-16#576 Warning
Large setup violation  
There is a large setup violation of -1.836 ns between RAM/addr_reg[5]/C (clocked by MAIN) and CPU/DP/EXMREG/exm\\.alu_out_out_reg[10]/CE (clocked by CPUCLK). Large setup violations at the end of those stages might be difficult to fix during the post-placement implementation flow and could be the result of non-optimal XDC constraints or non-optimal design architecture
Related violations: <none>

TIMING-16#577 Warning
Large setup violation  
There is a large setup violation of -1.836 ns between RAM/addr_reg[5]/C (clocked by MAIN) and CPU/DP/EXMREG/exm\\.alu_out_out_reg[4]/CE (clocked by CPUCLK). Large setup violations at the end of those stages might be difficult to fix during the post-placement implementation flow and could be the result of non-optimal XDC constraints or non-optimal design architecture
Related violations: <none>

TIMING-16#578 Warning
Large setup violation  
There is a large setup violation of -1.841 ns between RAM/addr_reg[5]/C (clocked by MAIN) and CPU/DP/EXMREG/exm\\.rdat2_out_reg[17]/CE (clocked by CPUCLK). Large setup violations at the end of those stages might be difficult to fix during the post-placement implementation flow and could be the result of non-optimal XDC constraints or non-optimal design architecture
Related violations: <none>

TIMING-16#579 Warning
Large setup violation  
There is a large setup violation of -1.841 ns between RAM/addr_reg[5]/C (clocked by MAIN) and CPU/DP/EXMREG/exm\\.rdat2_out_reg[21]/CE (clocked by CPUCLK). Large setup violations at the end of those stages might be difficult to fix during the post-placement implementation flow and could be the result of non-optimal XDC constraints or non-optimal design architecture
Related violations: <none>

TIMING-16#580 Warning
Large setup violation  
There is a large setup violation of -1.847 ns between RAM/addr_reg[5]/C (clocked by MAIN) and CPU/DP/EXMREG/exm\\.alu_out_out_reg[23]/CE (clocked by CPUCLK). Large setup violations at the end of those stages might be difficult to fix during the post-placement implementation flow and could be the result of non-optimal XDC constraints or non-optimal design architecture
Related violations: <none>

TIMING-16#581 Warning
Large setup violation  
There is a large setup violation of -1.847 ns between RAM/addr_reg[5]/C (clocked by MAIN) and CPU/DP/EXMREG/exm\\.alu_out_out_reg[30]/CE (clocked by CPUCLK). Large setup violations at the end of those stages might be difficult to fix during the post-placement implementation flow and could be the result of non-optimal XDC constraints or non-optimal design architecture
Related violations: <none>

TIMING-16#582 Warning
Large setup violation  
There is a large setup violation of -1.847 ns between RAM/addr_reg[5]/C (clocked by MAIN) and CPU/DP/EXMREG/exm\\.alu_out_out_reg[9]/CE (clocked by CPUCLK). Large setup violations at the end of those stages might be difficult to fix during the post-placement implementation flow and could be the result of non-optimal XDC constraints or non-optimal design architecture
Related violations: <none>

TIMING-16#583 Warning
Large setup violation  
There is a large setup violation of -1.853 ns between CPU/DP/EXMREG/exm\\.dmemWEN_reg_replica_8/C (clocked by CPUCLK) and RAM/mem_reg_12/ADDRARDADDR[13] (clocked by MAIN). Large setup violations at the end of those stages might be difficult to fix during the post-placement implementation flow and could be the result of non-optimal XDC constraints or non-optimal design architecture
Related violations: <none>

TIMING-16#584 Warning
Large setup violation  
There is a large setup violation of -1.853 ns between RAM/addr_reg[5]/C (clocked by MAIN) and CPU/DP/EXMREG/exm\\.dmemWEN_reg_replica_9/D (clocked by CPUCLK). Large setup violations at the end of those stages might be difficult to fix during the post-placement implementation flow and could be the result of non-optimal XDC constraints or non-optimal design architecture
Related violations: <none>

TIMING-16#585 Warning
Large setup violation  
There is a large setup violation of -1.860 ns between RAM/addr_reg[5]/C (clocked by MAIN) and CPU/DP/EXMREG/exm\\.imm_out_reg[27]/CE (clocked by CPUCLK). Large setup violations at the end of those stages might be difficult to fix during the post-placement implementation flow and could be the result of non-optimal XDC constraints or non-optimal design architecture
Related violations: <none>

TIMING-16#586 Warning
Large setup violation  
There is a large setup violation of -1.863 ns between RAM/addr_reg[5]/C (clocked by MAIN) and CPU/DP/EXMREG/exm\\.imm_out_reg[25]/CE (clocked by CPUCLK). Large setup violations at the end of those stages might be difficult to fix during the post-placement implementation flow and could be the result of non-optimal XDC constraints or non-optimal design architecture
Related violations: <none>

TIMING-16#587 Warning
Large setup violation  
There is a large setup violation of -1.863 ns between RAM/addr_reg[5]/C (clocked by MAIN) and CPU/DP/EXMREG/exm\\.rd_out_reg[0]/CE (clocked by CPUCLK). Large setup violations at the end of those stages might be difficult to fix during the post-placement implementation flow and could be the result of non-optimal XDC constraints or non-optimal design architecture
Related violations: <none>

TIMING-16#588 Warning
Large setup violation  
There is a large setup violation of -1.863 ns between RAM/addr_reg[5]/C (clocked by MAIN) and CPU/DP/EXMREG/exm\\.rd_out_reg[1]/CE (clocked by CPUCLK). Large setup violations at the end of those stages might be difficult to fix during the post-placement implementation flow and could be the result of non-optimal XDC constraints or non-optimal design architecture
Related violations: <none>

TIMING-16#589 Warning
Large setup violation  
There is a large setup violation of -1.863 ns between RAM/addr_reg[5]/C (clocked by MAIN) and CPU/DP/EXMREG/exm\\.rd_out_reg[3]/CE (clocked by CPUCLK). Large setup violations at the end of those stages might be difficult to fix during the post-placement implementation flow and could be the result of non-optimal XDC constraints or non-optimal design architecture
Related violations: <none>

TIMING-16#590 Warning
Large setup violation  
There is a large setup violation of -1.863 ns between RAM/addr_reg[5]/C (clocked by MAIN) and CPU/DP/EXMREG/exm\\.rd_out_reg[4]/CE (clocked by CPUCLK). Large setup violations at the end of those stages might be difficult to fix during the post-placement implementation flow and could be the result of non-optimal XDC constraints or non-optimal design architecture
Related violations: <none>

TIMING-16#591 Warning
Large setup violation  
There is a large setup violation of -1.873 ns between RAM/addr_reg[5]/C (clocked by MAIN) and CPU/DP/EXMREG/exm\\.alu_out_out_reg[13]/CE (clocked by CPUCLK). Large setup violations at the end of those stages might be difficult to fix during the post-placement implementation flow and could be the result of non-optimal XDC constraints or non-optimal design architecture
Related violations: <none>

TIMING-16#592 Warning
Large setup violation  
There is a large setup violation of -1.873 ns between RAM/addr_reg[5]/C (clocked by MAIN) and CPU/DP/EXMREG/exm\\.alu_out_out_reg[20]/CE (clocked by CPUCLK). Large setup violations at the end of those stages might be difficult to fix during the post-placement implementation flow and could be the result of non-optimal XDC constraints or non-optimal design architecture
Related violations: <none>

TIMING-16#593 Warning
Large setup violation  
There is a large setup violation of -1.873 ns between RAM/addr_reg[5]/C (clocked by MAIN) and CPU/DP/EXMREG/exm\\.alu_out_out_reg[27]/CE (clocked by CPUCLK). Large setup violations at the end of those stages might be difficult to fix during the post-placement implementation flow and could be the result of non-optimal XDC constraints or non-optimal design architecture
Related violations: <none>

TIMING-16#594 Warning
Large setup violation  
There is a large setup violation of -1.875 ns between CPU/DP/EXMREG/exm\\.dmemREN_reg/C (clocked by CPUCLK) and RAM/mem_reg_12/ADDRARDADDR[14] (clocked by MAIN). Large setup violations at the end of those stages might be difficult to fix during the post-placement implementation flow and could be the result of non-optimal XDC constraints or non-optimal design architecture
Related violations: <none>

TIMING-16#595 Warning
Large setup violation  
There is a large setup violation of -1.875 ns between RAM/addr_reg[5]/C (clocked by MAIN) and CPU/DP/EXMREG/exm\\.dmemWEN_reg_replica_3/D (clocked by CPUCLK). Large setup violations at the end of those stages might be difficult to fix during the post-placement implementation flow and could be the result of non-optimal XDC constraints or non-optimal design architecture
Related violations: <none>

TIMING-16#596 Warning
Large setup violation  
There is a large setup violation of -1.882 ns between RAM/addr_reg[5]/C (clocked by MAIN) and CPU/DP/EXMREG/exm\\.rdat2_out_reg[23]/CE (clocked by CPUCLK). Large setup violations at the end of those stages might be difficult to fix during the post-placement implementation flow and could be the result of non-optimal XDC constraints or non-optimal design architecture
Related violations: <none>

TIMING-16#597 Warning
Large setup violation  
There is a large setup violation of -1.886 ns between RAM/addr_reg[5]/C (clocked by MAIN) and CPU/DP/EXMREG/exm\\.dmemWEN_reg_replica_8/D (clocked by CPUCLK). Large setup violations at the end of those stages might be difficult to fix during the post-placement implementation flow and could be the result of non-optimal XDC constraints or non-optimal design architecture
Related violations: <none>

TIMING-16#598 Warning
Large setup violation  
There is a large setup violation of -1.890 ns between RAM/addr_reg[5]/C (clocked by MAIN) and CPU/DP/PC/pcif\\.PC_reg[29]/CE (clocked by CPUCLK). Large setup violations at the end of those stages might be difficult to fix during the post-placement implementation flow and could be the result of non-optimal XDC constraints or non-optimal design architecture
Related violations: <none>

TIMING-16#599 Warning
Large setup violation  
There is a large setup violation of -1.890 ns between RAM/addr_reg[5]/C (clocked by MAIN) and CPU/DP/PC/pcif\\.PC_reg[7]/CE (clocked by CPUCLK). Large setup violations at the end of those stages might be difficult to fix during the post-placement implementation flow and could be the result of non-optimal XDC constraints or non-optimal design architecture
Related violations: <none>

TIMING-16#600 Warning
Large setup violation  
There is a large setup violation of -1.893 ns between RAM/addr_reg[5]/C (clocked by MAIN) and CPU/DP/EXMREG/exm\\.dmemWEN_reg_replica_4/D (clocked by CPUCLK). Large setup violations at the end of those stages might be difficult to fix during the post-placement implementation flow and could be the result of non-optimal XDC constraints or non-optimal design architecture
Related violations: <none>

TIMING-16#601 Warning
Large setup violation  
There is a large setup violation of -1.904 ns between RAM/addr_reg[5]/C (clocked by MAIN) and CPU/DP/EXMREG/exm\\.rdat2_out_reg[30]/CE (clocked by CPUCLK). Large setup violations at the end of those stages might be difficult to fix during the post-placement implementation flow and could be the result of non-optimal XDC constraints or non-optimal design architecture
Related violations: <none>

TIMING-16#602 Warning
Large setup violation  
There is a large setup violation of -1.904 ns between RAM/addr_reg[5]/C (clocked by MAIN) and CPU/DP/EXMREG/exm\\.rdat2_out_reg[31]/CE (clocked by CPUCLK). Large setup violations at the end of those stages might be difficult to fix during the post-placement implementation flow and could be the result of non-optimal XDC constraints or non-optimal design architecture
Related violations: <none>

TIMING-16#603 Warning
Large setup violation  
There is a large setup violation of -1.914 ns between RAM/addr_reg[5]/C (clocked by MAIN) and CPU/DP/PC/pcif\\.PC_reg[18]/CE (clocked by CPUCLK). Large setup violations at the end of those stages might be difficult to fix during the post-placement implementation flow and could be the result of non-optimal XDC constraints or non-optimal design architecture
Related violations: <none>

TIMING-16#604 Warning
Large setup violation  
There is a large setup violation of -1.919 ns between RAM/addr_reg[5]/C (clocked by MAIN) and CPU/DP/PC/pcif\\.PC_reg[14]/CE (clocked by CPUCLK). Large setup violations at the end of those stages might be difficult to fix during the post-placement implementation flow and could be the result of non-optimal XDC constraints or non-optimal design architecture
Related violations: <none>

TIMING-16#605 Warning
Large setup violation  
There is a large setup violation of -1.919 ns between RAM/addr_reg[5]/C (clocked by MAIN) and CPU/DP/PC/pcif\\.PC_reg[16]/CE (clocked by CPUCLK). Large setup violations at the end of those stages might be difficult to fix during the post-placement implementation flow and could be the result of non-optimal XDC constraints or non-optimal design architecture
Related violations: <none>

TIMING-16#606 Warning
Large setup violation  
There is a large setup violation of -1.919 ns between RAM/addr_reg[5]/C (clocked by MAIN) and CPU/DP/PC/pcif\\.PC_reg[22]/CE (clocked by CPUCLK). Large setup violations at the end of those stages might be difficult to fix during the post-placement implementation flow and could be the result of non-optimal XDC constraints or non-optimal design architecture
Related violations: <none>

TIMING-16#607 Warning
Large setup violation  
There is a large setup violation of -1.929 ns between RAM/addr_reg[5]/C (clocked by MAIN) and CPU/DP/EXMREG/exm\\.alu_out_out_reg[26]/CE (clocked by CPUCLK). Large setup violations at the end of those stages might be difficult to fix during the post-placement implementation flow and could be the result of non-optimal XDC constraints or non-optimal design architecture
Related violations: <none>

TIMING-16#608 Warning
Large setup violation  
There is a large setup violation of -1.932 ns between RAM/addr_reg[5]/C (clocked by MAIN) and CPU/DP/EXMREG/exm\\.dmemWEN_reg_replica_1/D (clocked by CPUCLK). Large setup violations at the end of those stages might be difficult to fix during the post-placement implementation flow and could be the result of non-optimal XDC constraints or non-optimal design architecture
Related violations: <none>

TIMING-16#609 Warning
Large setup violation  
There is a large setup violation of -1.947 ns between RAM/addr_reg[5]/C (clocked by MAIN) and CPU/DP/PC/pcif\\.PC_reg[11]/CE (clocked by CPUCLK). Large setup violations at the end of those stages might be difficult to fix during the post-placement implementation flow and could be the result of non-optimal XDC constraints or non-optimal design architecture
Related violations: <none>

TIMING-16#610 Warning
Large setup violation  
There is a large setup violation of -1.948 ns between RAM/addr_reg[5]/C (clocked by MAIN) and CPU/DP/EXMREG/exm\\.dmemREN_reg_replica/D (clocked by CPUCLK). Large setup violations at the end of those stages might be difficult to fix during the post-placement implementation flow and could be the result of non-optimal XDC constraints or non-optimal design architecture
Related violations: <none>

TIMING-16#611 Warning
Large setup violation  
There is a large setup violation of -1.955 ns between RAM/addr_reg[5]/C (clocked by MAIN) and CPU/DP/EXMREG/exm\\.rdat2_out_reg[27]/CE (clocked by CPUCLK). Large setup violations at the end of those stages might be difficult to fix during the post-placement implementation flow and could be the result of non-optimal XDC constraints or non-optimal design architecture
Related violations: <none>

TIMING-16#612 Warning
Large setup violation  
There is a large setup violation of -1.962 ns between RAM/addr_reg[5]/C (clocked by MAIN) and CPU/DP/EXMREG/exm\\.dmemWEN_reg_replica_5/D (clocked by CPUCLK). Large setup violations at the end of those stages might be difficult to fix during the post-placement implementation flow and could be the result of non-optimal XDC constraints or non-optimal design architecture
Related violations: <none>

TIMING-16#613 Warning
Large setup violation  
There is a large setup violation of -2.010 ns between RAM/addr_reg[5]/C (clocked by MAIN) and CPU/DP/EXMREG/exm\\.halt_out_reg/CE (clocked by CPUCLK). Large setup violations at the end of those stages might be difficult to fix during the post-placement implementation flow and could be the result of non-optimal XDC constraints or non-optimal design architecture
Related violations: <none>

TIMING-16#614 Warning
Large setup violation  
There is a large setup violation of -2.020 ns between RAM/addr_reg[5]/C (clocked by MAIN) and CPU/DP/EXMREG/exm\\.rdat2_out_reg[22]/CE (clocked by CPUCLK). Large setup violations at the end of those stages might be difficult to fix during the post-placement implementation flow and could be the result of non-optimal XDC constraints or non-optimal design architecture
Related violations: <none>

TIMING-16#615 Warning
Large setup violation  
There is a large setup violation of -2.021 ns between RAM/addr_reg[5]/C (clocked by MAIN) and CPU/DP/EXMREG/exm\\.alu_out_out_reg[22]/CE (clocked by CPUCLK). Large setup violations at the end of those stages might be difficult to fix during the post-placement implementation flow and could be the result of non-optimal XDC constraints or non-optimal design architecture
Related violations: <none>

TIMING-16#616 Warning
Large setup violation  
There is a large setup violation of -2.021 ns between RAM/addr_reg[5]/C (clocked by MAIN) and CPU/DP/EXMREG/exm\\.alu_out_out_reg[25]/CE (clocked by CPUCLK). Large setup violations at the end of those stages might be difficult to fix during the post-placement implementation flow and could be the result of non-optimal XDC constraints or non-optimal design architecture
Related violations: <none>

TIMING-16#617 Warning
Large setup violation  
There is a large setup violation of -2.021 ns between RAM/addr_reg[5]/C (clocked by MAIN) and CPU/DP/EXMREG/exm\\.alu_out_out_reg[28]/CE (clocked by CPUCLK). Large setup violations at the end of those stages might be difficult to fix during the post-placement implementation flow and could be the result of non-optimal XDC constraints or non-optimal design architecture
Related violations: <none>

TIMING-16#618 Warning
Large setup violation  
There is a large setup violation of -2.055 ns between RAM/addr_reg[5]/C (clocked by MAIN) and CPU/DP/EXMREG/exm\\.rdat2_out_reg[25]/CE (clocked by CPUCLK). Large setup violations at the end of those stages might be difficult to fix during the post-placement implementation flow and could be the result of non-optimal XDC constraints or non-optimal design architecture
Related violations: <none>

TIMING-16#619 Warning
Large setup violation  
There is a large setup violation of -2.055 ns between RAM/addr_reg[5]/C (clocked by MAIN) and CPU/DP/EXMREG/exm\\.rdat2_out_reg[26]/CE (clocked by CPUCLK). Large setup violations at the end of those stages might be difficult to fix during the post-placement implementation flow and could be the result of non-optimal XDC constraints or non-optimal design architecture
Related violations: <none>

TIMING-16#620 Warning
Large setup violation  
There is a large setup violation of -2.059 ns between CPU/DP/MWBREG/mwb\\.rd_out_reg[3]/C (clocked by CPUCLK) and CPU/DP/REGF/register_reg[13][19]/CE (clocked by CPUCLK). Large setup violations at the end of those stages might be difficult to fix during the post-placement implementation flow and could be the result of non-optimal XDC constraints or non-optimal design architecture
Related violations: <none>

TIMING-16#621 Warning
Large setup violation  
There is a large setup violation of -2.109 ns between RAM/addr_reg[5]/C (clocked by MAIN) and CPU/DP/EXMREG/exm\\.dmemREN_reg_replica_1/D (clocked by CPUCLK). Large setup violations at the end of those stages might be difficult to fix during the post-placement implementation flow and could be the result of non-optimal XDC constraints or non-optimal design architecture
Related violations: <none>

TIMING-16#622 Warning
Large setup violation  
There is a large setup violation of -2.202 ns between RAM/addr_reg[5]/C (clocked by MAIN) and CPU/DP/EXMREG/exm\\.dmemWEN_reg_replica/D (clocked by CPUCLK). Large setup violations at the end of those stages might be difficult to fix during the post-placement implementation flow and could be the result of non-optimal XDC constraints or non-optimal design architecture
Related violations: <none>

TIMING-16#623 Warning
Large setup violation  
There is a large setup violation of -2.307 ns between CPU/DP/MWBREG/mwb\\.pc_out_reg[6]/C (clocked by CPUCLK) and CPU/DP/PC/pcif\\.PC_reg[10]/D (clocked by CPUCLK). Large setup violations at the end of those stages might be difficult to fix during the post-placement implementation flow and could be the result of non-optimal XDC constraints or non-optimal design architecture
Related violations: <none>

TIMING-16#624 Warning
Large setup violation  
There is a large setup violation of -2.312 ns between CPU/DP/MWBREG/mwb\\.pc_out_reg[6]/C (clocked by CPUCLK) and CPU/DP/PC/pcif\\.PC_reg[8]/D (clocked by CPUCLK). Large setup violations at the end of those stages might be difficult to fix during the post-placement implementation flow and could be the result of non-optimal XDC constraints or non-optimal design architecture
Related violations: <none>

TIMING-16#625 Warning
Large setup violation  
There is a large setup violation of -2.316 ns between CPU/DP/MWBREG/mwb\\.pc_out_reg[6]/C (clocked by CPUCLK) and CPU/DP/FDFREG/fdf\\.inst_out_reg[8]/D (clocked by CPUCLK). Large setup violations at the end of those stages might be difficult to fix during the post-placement implementation flow and could be the result of non-optimal XDC constraints or non-optimal design architecture
Related violations: <none>

TIMING-16#626 Warning
Large setup violation  
There is a large setup violation of -2.321 ns between CPU/DP/MWBREG/mwb\\.pc_out_reg[6]/C (clocked by CPUCLK) and CPU/DP/FDFREG/fdf\\.inst_out_reg[30]/D (clocked by CPUCLK). Large setup violations at the end of those stages might be difficult to fix during the post-placement implementation flow and could be the result of non-optimal XDC constraints or non-optimal design architecture
Related violations: <none>

TIMING-16#627 Warning
Large setup violation  
There is a large setup violation of -2.360 ns between CPU/DP/MWBREG/mwb\\.pc_out_reg[6]/C (clocked by CPUCLK) and CPU/DP/FDFREG/fdf\\.inst_out_reg[29]/D (clocked by CPUCLK). Large setup violations at the end of those stages might be difficult to fix during the post-placement implementation flow and could be the result of non-optimal XDC constraints or non-optimal design architecture
Related violations: <none>

TIMING-16#628 Warning
Large setup violation  
There is a large setup violation of -2.362 ns between CPU/DP/MWBREG/mwb\\.pc_out_reg[6]/C (clocked by CPUCLK) and CPU/DP/FDFREG/fdf\\.inst_out_reg[31]/D (clocked by CPUCLK). Large setup violations at the end of those stages might be difficult to fix during the post-placement implementation flow and could be the result of non-optimal XDC constraints or non-optimal design architecture
Related violations: <none>

TIMING-16#629 Warning
Large setup violation  
There is a large setup violation of -2.379 ns between CPU/DP/MWBREG/mwb\\.pc_out_reg[6]/C (clocked by CPUCLK) and CPU/DP/FDFREG/fdf\\.inst_out_reg[27]/D (clocked by CPUCLK). Large setup violations at the end of those stages might be difficult to fix during the post-placement implementation flow and could be the result of non-optimal XDC constraints or non-optimal design architecture
Related violations: <none>

TIMING-16#630 Warning
Large setup violation  
There is a large setup violation of -2.384 ns between CPU/DP/MWBREG/mwb\\.pc_out_reg[6]/C (clocked by CPUCLK) and CPU/DP/FDFREG/fdf\\.pc_out_reg[26]/D (clocked by CPUCLK). Large setup violations at the end of those stages might be difficult to fix during the post-placement implementation flow and could be the result of non-optimal XDC constraints or non-optimal design architecture
Related violations: <none>

TIMING-16#631 Warning
Large setup violation  
There is a large setup violation of -2.391 ns between CPU/DP/MWBREG/mwb\\.pc_out_reg[6]/C (clocked by CPUCLK) and CPU/DP/FDFREG/fdf\\.pc_out_reg[30]/D (clocked by CPUCLK). Large setup violations at the end of those stages might be difficult to fix during the post-placement implementation flow and could be the result of non-optimal XDC constraints or non-optimal design architecture
Related violations: <none>

TIMING-16#632 Warning
Large setup violation  
There is a large setup violation of -2.395 ns between CPU/DP/EXMREG/exm\\.RegWEN_out_reg/C (clocked by CPUCLK) and CPU/DP/DXREG/dx\\.imm_out_reg[5]/D (clocked by CPUCLK). Large setup violations at the end of those stages might be difficult to fix during the post-placement implementation flow and could be the result of non-optimal XDC constraints or non-optimal design architecture
Related violations: <none>

TIMING-16#633 Warning
Large setup violation  
There is a large setup violation of -2.400 ns between CPU/DP/MWBREG/mwb\\.pc_out_reg[6]/C (clocked by CPUCLK) and CPU/DP/FDFREG/fdf\\.pc_out_reg[16]/D (clocked by CPUCLK). Large setup violations at the end of those stages might be difficult to fix during the post-placement implementation flow and could be the result of non-optimal XDC constraints or non-optimal design architecture
Related violations: <none>

TIMING-16#634 Warning
Large setup violation  
There is a large setup violation of -2.400 ns between CPU/DP/MWBREG/mwb\\.pc_out_reg[6]/C (clocked by CPUCLK) and CPU/DP/FDFREG/fdf\\.pc_out_reg[24]/D (clocked by CPUCLK). Large setup violations at the end of those stages might be difficult to fix during the post-placement implementation flow and could be the result of non-optimal XDC constraints or non-optimal design architecture
Related violations: <none>

TIMING-16#635 Warning
Large setup violation  
There is a large setup violation of -2.402 ns between CPU/DP/MWBREG/mwb\\.pc_out_reg[6]/C (clocked by CPUCLK) and CPU/DP/FDFREG/fdf\\.inst_out_reg[12]/D (clocked by CPUCLK). Large setup violations at the end of those stages might be difficult to fix during the post-placement implementation flow and could be the result of non-optimal XDC constraints or non-optimal design architecture
Related violations: <none>

TIMING-16#636 Warning
Large setup violation  
There is a large setup violation of -2.405 ns between CPU/DP/MWBREG/mwb\\.pc_out_reg[6]/C (clocked by CPUCLK) and CPU/DP/FDFREG/fdf\\.pc_out_reg[13]/D (clocked by CPUCLK). Large setup violations at the end of those stages might be difficult to fix during the post-placement implementation flow and could be the result of non-optimal XDC constraints or non-optimal design architecture
Related violations: <none>

TIMING-16#637 Warning
Large setup violation  
There is a large setup violation of -2.437 ns between CPU/DP/EXMREG/exm\\.RegWEN_out_reg/C (clocked by CPUCLK) and CPU/DP/PC/pcif\\.PC_reg[3]/D (clocked by CPUCLK). Large setup violations at the end of those stages might be difficult to fix during the post-placement implementation flow and could be the result of non-optimal XDC constraints or non-optimal design architecture
Related violations: <none>

TIMING-16#638 Warning
Large setup violation  
There is a large setup violation of -2.437 ns between CPU/DP/MWBREG/mwb\\.pc_out_reg[6]/C (clocked by CPUCLK) and CPU/DP/FDFREG/fdf\\.pc_out_reg[20]/D (clocked by CPUCLK). Large setup violations at the end of those stages might be difficult to fix during the post-placement implementation flow and could be the result of non-optimal XDC constraints or non-optimal design architecture
Related violations: <none>

TIMING-16#639 Warning
Large setup violation  
There is a large setup violation of -2.441 ns between CPU/DP/MWBREG/mwb\\.pc_out_reg[6]/C (clocked by CPUCLK) and CPU/DP/FDFREG/fdf\\.pc_out_reg[27]/D (clocked by CPUCLK). Large setup violations at the end of those stages might be difficult to fix during the post-placement implementation flow and could be the result of non-optimal XDC constraints or non-optimal design architecture
Related violations: <none>

TIMING-16#640 Warning
Large setup violation  
There is a large setup violation of -2.444 ns between CPU/DP/MWBREG/mwb\\.pc_out_reg[6]/C (clocked by CPUCLK) and CPU/DP/FDFREG/fdf\\.pc_out_reg[21]/D (clocked by CPUCLK). Large setup violations at the end of those stages might be difficult to fix during the post-placement implementation flow and could be the result of non-optimal XDC constraints or non-optimal design architecture
Related violations: <none>

TIMING-16#641 Warning
Large setup violation  
There is a large setup violation of -2.447 ns between CPU/DP/MWBREG/mwb\\.pc_out_reg[6]/C (clocked by CPUCLK) and CPU/DP/FDFREG/fdf\\.pc_out_reg[18]/D (clocked by CPUCLK). Large setup violations at the end of those stages might be difficult to fix during the post-placement implementation flow and could be the result of non-optimal XDC constraints or non-optimal design architecture
Related violations: <none>

TIMING-16#642 Warning
Large setup violation  
There is a large setup violation of -2.448 ns between CPU/DP/MWBREG/mwb\\.pc_out_reg[6]/C (clocked by CPUCLK) and CPU/DP/FDFREG/fdf\\.pc_out_reg[4]/D (clocked by CPUCLK). Large setup violations at the end of those stages might be difficult to fix during the post-placement implementation flow and could be the result of non-optimal XDC constraints or non-optimal design architecture
Related violations: <none>

TIMING-16#643 Warning
Large setup violation  
There is a large setup violation of -2.454 ns between CPU/DP/MWBREG/mwb\\.pc_out_reg[6]/C (clocked by CPUCLK) and CPU/DP/FDFREG/fdf\\.pc_out_reg[3]/D (clocked by CPUCLK). Large setup violations at the end of those stages might be difficult to fix during the post-placement implementation flow and could be the result of non-optimal XDC constraints or non-optimal design architecture
Related violations: <none>

TIMING-16#644 Warning
Large setup violation  
There is a large setup violation of -2.456 ns between CPU/DP/EXMREG/exm\\.RegWEN_out_reg/C (clocked by CPUCLK) and CPU/DP/DXREG/dx\\.rdat2_out_reg[3]/D (clocked by CPUCLK). Large setup violations at the end of those stages might be difficult to fix during the post-placement implementation flow and could be the result of non-optimal XDC constraints or non-optimal design architecture
Related violations: <none>

TIMING-16#645 Warning
Large setup violation  
There is a large setup violation of -2.456 ns between CPU/DP/MWBREG/mwb\\.pc_out_reg[6]/C (clocked by CPUCLK) and CPU/DP/FDFREG/fdf\\.pc_out_reg[5]/D (clocked by CPUCLK). Large setup violations at the end of those stages might be difficult to fix during the post-placement implementation flow and could be the result of non-optimal XDC constraints or non-optimal design architecture
Related violations: <none>

TIMING-16#646 Warning
Large setup violation  
There is a large setup violation of -2.457 ns between CPU/DP/MWBREG/mwb\\.pc_out_reg[6]/C (clocked by CPUCLK) and CPU/DP/FDFREG/fdf\\.pc_out_reg[31]/D (clocked by CPUCLK). Large setup violations at the end of those stages might be difficult to fix during the post-placement implementation flow and could be the result of non-optimal XDC constraints or non-optimal design architecture
Related violations: <none>

TIMING-16#647 Warning
Large setup violation  
There is a large setup violation of -2.460 ns between CPU/DP/EXMREG/exm\\.RegWEN_out_reg/C (clocked by CPUCLK) and CPU/DP/DXREG/dx\\.rdat2_out_reg[4]/D (clocked by CPUCLK). Large setup violations at the end of those stages might be difficult to fix during the post-placement implementation flow and could be the result of non-optimal XDC constraints or non-optimal design architecture
Related violations: <none>

TIMING-16#648 Warning
Large setup violation  
There is a large setup violation of -2.461 ns between CPU/DP/EXMREG/exm\\.RegWEN_out_reg/C (clocked by CPUCLK) and CPU/DP/DXREG/dx\\.rdat1_out_reg[8]/D (clocked by CPUCLK). Large setup violations at the end of those stages might be difficult to fix during the post-placement implementation flow and could be the result of non-optimal XDC constraints or non-optimal design architecture
Related violations: <none>

TIMING-16#649 Warning
Large setup violation  
There is a large setup violation of -2.461 ns between CPU/DP/MWBREG/mwb\\.pc_out_reg[6]/C (clocked by CPUCLK) and CPU/DP/FDFREG/fdf\\.inst_out_reg[4]/D (clocked by CPUCLK). Large setup violations at the end of those stages might be difficult to fix during the post-placement implementation flow and could be the result of non-optimal XDC constraints or non-optimal design architecture
Related violations: <none>

TIMING-16#650 Warning
Large setup violation  
There is a large setup violation of -2.465 ns between CPU/DP/EXMREG/exm\\.RegWEN_out_reg/C (clocked by CPUCLK) and CPU/DP/DXREG/dx\\.rdat1_out_reg[0]/D (clocked by CPUCLK). Large setup violations at the end of those stages might be difficult to fix during the post-placement implementation flow and could be the result of non-optimal XDC constraints or non-optimal design architecture
Related violations: <none>

TIMING-16#651 Warning
Large setup violation  
There is a large setup violation of -2.465 ns between CPU/DP/EXMREG/exm\\.RegWEN_out_reg/C (clocked by CPUCLK) and CPU/DP/DXREG/dx\\.rdat2_out_reg[30]/D (clocked by CPUCLK). Large setup violations at the end of those stages might be difficult to fix during the post-placement implementation flow and could be the result of non-optimal XDC constraints or non-optimal design architecture
Related violations: <none>

TIMING-16#652 Warning
Large setup violation  
There is a large setup violation of -2.466 ns between CPU/DP/MWBREG/mwb\\.pc_out_reg[6]/C (clocked by CPUCLK) and CPU/DP/FDFREG/fdf\\.pc_out_reg[1]/D (clocked by CPUCLK). Large setup violations at the end of those stages might be difficult to fix during the post-placement implementation flow and could be the result of non-optimal XDC constraints or non-optimal design architecture
Related violations: <none>

TIMING-16#653 Warning
Large setup violation  
There is a large setup violation of -2.467 ns between CPU/DP/EXMREG/exm\\.RegWEN_out_reg/C (clocked by CPUCLK) and CPU/DP/DXREG/dx\\.rdat2_out_reg[11]/D (clocked by CPUCLK). Large setup violations at the end of those stages might be difficult to fix during the post-placement implementation flow and could be the result of non-optimal XDC constraints or non-optimal design architecture
Related violations: <none>

TIMING-16#654 Warning
Large setup violation  
There is a large setup violation of -2.467 ns between CPU/DP/MWBREG/mwb\\.pc_out_reg[6]/C (clocked by CPUCLK) and CPU/DP/FDFREG/fdf\\.inst_out_reg[23]/D (clocked by CPUCLK). Large setup violations at the end of those stages might be difficult to fix during the post-placement implementation flow and could be the result of non-optimal XDC constraints or non-optimal design architecture
Related violations: <none>

TIMING-16#655 Warning
Large setup violation  
There is a large setup violation of -2.471 ns between CPU/DP/MWBREG/mwb\\.pc_out_reg[6]/C (clocked by CPUCLK) and CPU/DP/FDFREG/fdf\\.pc_out_reg[15]/D (clocked by CPUCLK). Large setup violations at the end of those stages might be difficult to fix during the post-placement implementation flow and could be the result of non-optimal XDC constraints or non-optimal design architecture
Related violations: <none>

TIMING-16#656 Warning
Large setup violation  
There is a large setup violation of -2.472 ns between CPU/DP/MWBREG/mwb\\.pc_out_reg[6]/C (clocked by CPUCLK) and CPU/DP/FDFREG/fdf\\.inst_out_reg[13]/D (clocked by CPUCLK). Large setup violations at the end of those stages might be difficult to fix during the post-placement implementation flow and could be the result of non-optimal XDC constraints or non-optimal design architecture
Related violations: <none>

TIMING-16#657 Warning
Large setup violation  
There is a large setup violation of -2.492 ns between CPU/DP/MWBREG/mwb\\.pc_out_reg[6]/C (clocked by CPUCLK) and CPU/DP/FDFREG/fdf\\.pc_out_reg[19]/D (clocked by CPUCLK). Large setup violations at the end of those stages might be difficult to fix during the post-placement implementation flow and could be the result of non-optimal XDC constraints or non-optimal design architecture
Related violations: <none>

TIMING-16#658 Warning
Large setup violation  
There is a large setup violation of -2.508 ns between CPU/DP/MWBREG/mwb\\.pc_out_reg[6]/C (clocked by CPUCLK) and CPU/DP/FDFREG/fdf\\.pc_out_reg[25]/D (clocked by CPUCLK). Large setup violations at the end of those stages might be difficult to fix during the post-placement implementation flow and could be the result of non-optimal XDC constraints or non-optimal design architecture
Related violations: <none>

TIMING-16#659 Warning
Large setup violation  
There is a large setup violation of -2.513 ns between CPU/DP/MWBREG/mwb\\.pc_out_reg[6]/C (clocked by CPUCLK) and CPU/DP/FDFREG/fdf\\.pc_out_reg[22]/D (clocked by CPUCLK). Large setup violations at the end of those stages might be difficult to fix during the post-placement implementation flow and could be the result of non-optimal XDC constraints or non-optimal design architecture
Related violations: <none>

TIMING-16#660 Warning
Large setup violation  
There is a large setup violation of -2.520 ns between CPU/DP/MWBREG/mwb\\.pc_out_reg[6]/C (clocked by CPUCLK) and CPU/DP/FDFREG/fdf\\.inst_out_reg[16]/D (clocked by CPUCLK). Large setup violations at the end of those stages might be difficult to fix during the post-placement implementation flow and could be the result of non-optimal XDC constraints or non-optimal design architecture
Related violations: <none>

TIMING-16#661 Warning
Large setup violation  
There is a large setup violation of -2.530 ns between CPU/DP/MWBREG/mwb\\.pc_out_reg[6]/C (clocked by CPUCLK) and CPU/DP/FDFREG/fdf\\.pc_out_reg[11]/D (clocked by CPUCLK). Large setup violations at the end of those stages might be difficult to fix during the post-placement implementation flow and could be the result of non-optimal XDC constraints or non-optimal design architecture
Related violations: <none>

TIMING-16#662 Warning
Large setup violation  
There is a large setup violation of -2.535 ns between CPU/DP/MWBREG/mwb\\.pc_out_reg[6]/C (clocked by CPUCLK) and CPU/DP/FDFREG/fdf\\.pc_out_reg[10]/D (clocked by CPUCLK). Large setup violations at the end of those stages might be difficult to fix during the post-placement implementation flow and could be the result of non-optimal XDC constraints or non-optimal design architecture
Related violations: <none>

TIMING-16#663 Warning
Large setup violation  
There is a large setup violation of -2.538 ns between CPU/DP/MWBREG/mwb\\.pc_out_reg[6]/C (clocked by CPUCLK) and CPU/DP/FDFREG/fdf\\.inst_out_reg[22]/D (clocked by CPUCLK). Large setup violations at the end of those stages might be difficult to fix during the post-placement implementation flow and could be the result of non-optimal XDC constraints or non-optimal design architecture
Related violations: <none>

TIMING-16#664 Warning
Large setup violation  
There is a large setup violation of -2.547 ns between CPU/DP/EXMREG/exm\\.RegWEN_out_reg/C (clocked by CPUCLK) and CPU/DP/FDFREG/fdf\\.inst_out_reg[21]_rep__0/CE (clocked by CPUCLK). Large setup violations at the end of those stages might be difficult to fix during the post-placement implementation flow and could be the result of non-optimal XDC constraints or non-optimal design architecture
Related violations: <none>

TIMING-16#665 Warning
Large setup violation  
There is a large setup violation of -2.547 ns between CPU/DP/EXMREG/exm\\.RegWEN_out_reg/C (clocked by CPUCLK) and CPU/DP/FDFREG/fdf\\.inst_out_reg[27]/CE (clocked by CPUCLK). Large setup violations at the end of those stages might be difficult to fix during the post-placement implementation flow and could be the result of non-optimal XDC constraints or non-optimal design architecture
Related violations: <none>

TIMING-16#666 Warning
Large setup violation  
There is a large setup violation of -2.547 ns between CPU/DP/EXMREG/exm\\.RegWEN_out_reg/C (clocked by CPUCLK) and CPU/DP/FDFREG/fdf\\.inst_out_reg[29]/CE (clocked by CPUCLK). Large setup violations at the end of those stages might be difficult to fix during the post-placement implementation flow and could be the result of non-optimal XDC constraints or non-optimal design architecture
Related violations: <none>

TIMING-16#667 Warning
Large setup violation  
There is a large setup violation of -2.547 ns between CPU/DP/EXMREG/exm\\.RegWEN_out_reg/C (clocked by CPUCLK) and CPU/DP/FDFREG/fdf\\.inst_out_reg[31]/CE (clocked by CPUCLK). Large setup violations at the end of those stages might be difficult to fix during the post-placement implementation flow and could be the result of non-optimal XDC constraints or non-optimal design architecture
Related violations: <none>

TIMING-16#668 Warning
Large setup violation  
There is a large setup violation of -2.547 ns between CPU/DP/EXMREG/exm\\.RegWEN_out_reg/C (clocked by CPUCLK) and CPU/DP/FDFREG/fdf\\.pc_out_reg[0]/CE (clocked by CPUCLK). Large setup violations at the end of those stages might be difficult to fix during the post-placement implementation flow and could be the result of non-optimal XDC constraints or non-optimal design architecture
Related violations: <none>

TIMING-16#669 Warning
Large setup violation  
There is a large setup violation of -2.547 ns between CPU/DP/EXMREG/exm\\.RegWEN_out_reg/C (clocked by CPUCLK) and CPU/DP/FDFREG/fdf\\.pc_out_reg[26]/CE (clocked by CPUCLK). Large setup violations at the end of those stages might be difficult to fix during the post-placement implementation flow and could be the result of non-optimal XDC constraints or non-optimal design architecture
Related violations: <none>

TIMING-16#670 Warning
Large setup violation  
There is a large setup violation of -2.547 ns between CPU/DP/EXMREG/exm\\.RegWEN_out_reg/C (clocked by CPUCLK) and CPU/DP/FDFREG/fdf\\.pc_out_reg[28]/CE (clocked by CPUCLK). Large setup violations at the end of those stages might be difficult to fix during the post-placement implementation flow and could be the result of non-optimal XDC constraints or non-optimal design architecture
Related violations: <none>

TIMING-16#671 Warning
Large setup violation  
There is a large setup violation of -2.547 ns between CPU/DP/EXMREG/exm\\.RegWEN_out_reg/C (clocked by CPUCLK) and CPU/DP/FDFREG/fdf\\.pc_out_reg[29]/CE (clocked by CPUCLK). Large setup violations at the end of those stages might be difficult to fix during the post-placement implementation flow and could be the result of non-optimal XDC constraints or non-optimal design architecture
Related violations: <none>

TIMING-16#672 Warning
Large setup violation  
There is a large setup violation of -2.557 ns between CPU/DP/EXMREG/exm\\.RegWEN_out_reg/C (clocked by CPUCLK) and CPU/DP/DXREG/dx\\.pc_out_reg[0]/D (clocked by CPUCLK). Large setup violations at the end of those stages might be difficult to fix during the post-placement implementation flow and could be the result of non-optimal XDC constraints or non-optimal design architecture
Related violations: <none>

TIMING-16#673 Warning
Large setup violation  
There is a large setup violation of -2.567 ns between CPU/DP/MWBREG/mwb\\.pc_out_reg[6]/C (clocked by CPUCLK) and CPU/DP/FDFREG/fdf\\.inst_out_reg[21]_rep__0/D (clocked by CPUCLK). Large setup violations at the end of those stages might be difficult to fix during the post-placement implementation flow and could be the result of non-optimal XDC constraints or non-optimal design architecture
Related violations: <none>

TIMING-16#674 Warning
Large setup violation  
There is a large setup violation of -2.570 ns between CPU/DP/MWBREG/mwb\\.pc_out_reg[6]/C (clocked by CPUCLK) and CPU/DP/FDFREG/fdf\\.pc_out_reg[7]/D (clocked by CPUCLK). Large setup violations at the end of those stages might be difficult to fix during the post-placement implementation flow and could be the result of non-optimal XDC constraints or non-optimal design architecture
Related violations: <none>

TIMING-16#675 Warning
Large setup violation  
There is a large setup violation of -2.574 ns between CPU/DP/MWBREG/mwb\\.pc_out_reg[6]/C (clocked by CPUCLK) and CPU/DP/FDFREG/fdf\\.inst_out_reg[5]/D (clocked by CPUCLK). Large setup violations at the end of those stages might be difficult to fix during the post-placement implementation flow and could be the result of non-optimal XDC constraints or non-optimal design architecture
Related violations: <none>

TIMING-16#676 Warning
Large setup violation  
There is a large setup violation of -2.574 ns between CPU/DP/MWBREG/mwb\\.pc_out_reg[6]/C (clocked by CPUCLK) and CPU/DP/FDFREG/fdf\\.inst_out_reg[7]/D (clocked by CPUCLK). Large setup violations at the end of those stages might be difficult to fix during the post-placement implementation flow and could be the result of non-optimal XDC constraints or non-optimal design architecture
Related violations: <none>

TIMING-16#677 Warning
Large setup violation  
There is a large setup violation of -2.579 ns between CPU/DP/MWBREG/mwb\\.pc_out_reg[6]/C (clocked by CPUCLK) and CPU/DP/FDFREG/fdf\\.inst_out_reg[6]/D (clocked by CPUCLK). Large setup violations at the end of those stages might be difficult to fix during the post-placement implementation flow and could be the result of non-optimal XDC constraints or non-optimal design architecture
Related violations: <none>

TIMING-16#678 Warning
Large setup violation  
There is a large setup violation of -2.579 ns between CPU/DP/MWBREG/mwb\\.pc_out_reg[6]/C (clocked by CPUCLK) and CPU/DP/FDFREG/fdf\\.inst_out_reg[9]/D (clocked by CPUCLK). Large setup violations at the end of those stages might be difficult to fix during the post-placement implementation flow and could be the result of non-optimal XDC constraints or non-optimal design architecture
Related violations: <none>

TIMING-16#679 Warning
Large setup violation  
There is a large setup violation of -2.581 ns between CPU/DP/EXMREG/exm\\.RegWEN_out_reg/C (clocked by CPUCLK) and CPU/DP/DXREG/dx\\.dWEN_out_reg/D (clocked by CPUCLK). Large setup violations at the end of those stages might be difficult to fix during the post-placement implementation flow and could be the result of non-optimal XDC constraints or non-optimal design architecture
Related violations: <none>

TIMING-16#680 Warning
Large setup violation  
There is a large setup violation of -2.584 ns between CPU/DP/MWBREG/mwb\\.pc_out_reg[6]/C (clocked by CPUCLK) and CPU/DP/FDFREG/fdf\\.inst_out_reg[11]/D (clocked by CPUCLK). Large setup violations at the end of those stages might be difficult to fix during the post-placement implementation flow and could be the result of non-optimal XDC constraints or non-optimal design architecture
Related violations: <none>

TIMING-16#681 Warning
Large setup violation  
There is a large setup violation of -2.585 ns between CPU/DP/MWBREG/mwb\\.pc_out_reg[6]/C (clocked by CPUCLK) and CPU/DP/FDFREG/fdf\\.inst_out_reg[28]/D (clocked by CPUCLK). Large setup violations at the end of those stages might be difficult to fix during the post-placement implementation flow and could be the result of non-optimal XDC constraints or non-optimal design architecture
Related violations: <none>

TIMING-16#682 Warning
Large setup violation  
There is a large setup violation of -2.587 ns between CPU/DP/EXMREG/exm\\.RegWEN_out_reg/C (clocked by CPUCLK) and CPU/DP/DXREG/dx\\.rdat2_out_reg[27]/D (clocked by CPUCLK). Large setup violations at the end of those stages might be difficult to fix during the post-placement implementation flow and could be the result of non-optimal XDC constraints or non-optimal design architecture
Related violations: <none>

TIMING-16#683 Warning
Large setup violation  
There is a large setup violation of -2.587 ns between CPU/DP/EXMREG/exm\\.RegWEN_out_reg/C (clocked by CPUCLK) and CPU/DP/FDFREG/fdf\\.pc_out_reg[22]/CE (clocked by CPUCLK). Large setup violations at the end of those stages might be difficult to fix during the post-placement implementation flow and could be the result of non-optimal XDC constraints or non-optimal design architecture
Related violations: <none>

TIMING-16#684 Warning
Large setup violation  
There is a large setup violation of -2.587 ns between CPU/DP/EXMREG/exm\\.RegWEN_out_reg/C (clocked by CPUCLK) and CPU/DP/FDFREG/fdf\\.pc_out_reg[25]/CE (clocked by CPUCLK). Large setup violations at the end of those stages might be difficult to fix during the post-placement implementation flow and could be the result of non-optimal XDC constraints or non-optimal design architecture
Related violations: <none>

TIMING-16#685 Warning
Large setup violation  
There is a large setup violation of -2.587 ns between CPU/DP/EXMREG/exm\\.RegWEN_out_reg/C (clocked by CPUCLK) and CPU/DP/FDFREG/fdf\\.pc_out_reg[30]/CE (clocked by CPUCLK). Large setup violations at the end of those stages might be difficult to fix during the post-placement implementation flow and could be the result of non-optimal XDC constraints or non-optimal design architecture
Related violations: <none>

TIMING-16#686 Warning
Large setup violation  
There is a large setup violation of -2.587 ns between CPU/DP/MWBREG/mwb\\.pc_out_reg[6]/C (clocked by CPUCLK) and CPU/DP/FDFREG/fdf\\.inst_out_reg[17]/D (clocked by CPUCLK). Large setup violations at the end of those stages might be difficult to fix during the post-placement implementation flow and could be the result of non-optimal XDC constraints or non-optimal design architecture
Related violations: <none>

TIMING-16#687 Warning
Large setup violation  
There is a large setup violation of -2.590 ns between CPU/DP/MWBREG/mwb\\.pc_out_reg[6]/C (clocked by CPUCLK) and CPU/DP/FDFREG/fdf\\.inst_out_reg[25]/D (clocked by CPUCLK). Large setup violations at the end of those stages might be difficult to fix during the post-placement implementation flow and could be the result of non-optimal XDC constraints or non-optimal design architecture
Related violations: <none>

TIMING-16#688 Warning
Large setup violation  
There is a large setup violation of -2.591 ns between CPU/DP/EXMREG/exm\\.RegWEN_out_reg/C (clocked by CPUCLK) and CPU/DP/DXREG/dx\\.imm_out_reg[2]/D (clocked by CPUCLK). Large setup violations at the end of those stages might be difficult to fix during the post-placement implementation flow and could be the result of non-optimal XDC constraints or non-optimal design architecture
Related violations: <none>

TIMING-16#689 Warning
Large setup violation  
There is a large setup violation of -2.596 ns between CPU/DP/MWBREG/mwb\\.pc_out_reg[6]/C (clocked by CPUCLK) and CPU/DP/FDFREG/fdf\\.pc_out_reg[9]/D (clocked by CPUCLK). Large setup violations at the end of those stages might be difficult to fix during the post-placement implementation flow and could be the result of non-optimal XDC constraints or non-optimal design architecture
Related violations: <none>

TIMING-16#690 Warning
Large setup violation  
There is a large setup violation of -2.613 ns between CPU/DP/MWBREG/mwb\\.pc_out_reg[6]/C (clocked by CPUCLK) and CPU/DP/FDFREG/fdf\\.pc_out_reg[8]/D (clocked by CPUCLK). Large setup violations at the end of those stages might be difficult to fix during the post-placement implementation flow and could be the result of non-optimal XDC constraints or non-optimal design architecture
Related violations: <none>

TIMING-16#691 Warning
Large setup violation  
There is a large setup violation of -2.614 ns between CPU/DP/MWBREG/mwb\\.pc_out_reg[6]/C (clocked by CPUCLK) and CPU/DP/FDFREG/fdf\\.pc_out_reg[14]/D (clocked by CPUCLK). Large setup violations at the end of those stages might be difficult to fix during the post-placement implementation flow and could be the result of non-optimal XDC constraints or non-optimal design architecture
Related violations: <none>

TIMING-16#692 Warning
Large setup violation  
There is a large setup violation of -2.618 ns between CPU/DP/MWBREG/mwb\\.pc_out_reg[6]/C (clocked by CPUCLK) and CPU/DP/FDFREG/fdf\\.pc_out_reg[17]/D (clocked by CPUCLK). Large setup violations at the end of those stages might be difficult to fix during the post-placement implementation flow and could be the result of non-optimal XDC constraints or non-optimal design architecture
Related violations: <none>

TIMING-16#693 Warning
Large setup violation  
There is a large setup violation of -2.619 ns between CPU/DP/MWBREG/mwb\\.pc_out_reg[6]/C (clocked by CPUCLK) and CPU/DP/FDFREG/fdf\\.inst_out_reg[0]/D (clocked by CPUCLK). Large setup violations at the end of those stages might be difficult to fix during the post-placement implementation flow and could be the result of non-optimal XDC constraints or non-optimal design architecture
Related violations: <none>

TIMING-16#694 Warning
Large setup violation  
There is a large setup violation of -2.619 ns between CPU/DP/MWBREG/mwb\\.pc_out_reg[6]/C (clocked by CPUCLK) and CPU/DP/FDFREG/fdf\\.pc_out_reg[28]/D (clocked by CPUCLK). Large setup violations at the end of those stages might be difficult to fix during the post-placement implementation flow and could be the result of non-optimal XDC constraints or non-optimal design architecture
Related violations: <none>

TIMING-16#695 Warning
Large setup violation  
There is a large setup violation of -2.622 ns between CPU/DP/MWBREG/mwb\\.pc_out_reg[6]/C (clocked by CPUCLK) and CPU/DP/FDFREG/fdf\\.inst_out_reg[3]/D (clocked by CPUCLK). Large setup violations at the end of those stages might be difficult to fix during the post-placement implementation flow and could be the result of non-optimal XDC constraints or non-optimal design architecture
Related violations: <none>

TIMING-16#696 Warning
Large setup violation  
There is a large setup violation of -2.623 ns between CPU/DP/EXMREG/exm\\.RegWEN_out_reg/C (clocked by CPUCLK) and CPU/DP/PC/pcif\\.PC_reg[21]/D (clocked by CPUCLK). Large setup violations at the end of those stages might be difficult to fix during the post-placement implementation flow and could be the result of non-optimal XDC constraints or non-optimal design architecture
Related violations: <none>

TIMING-16#697 Warning
Large setup violation  
There is a large setup violation of -2.634 ns between CPU/DP/MWBREG/mwb\\.pc_out_reg[6]/C (clocked by CPUCLK) and CPU/DP/FDFREG/fdf\\.pc_out_reg[0]/D (clocked by CPUCLK). Large setup violations at the end of those stages might be difficult to fix during the post-placement implementation flow and could be the result of non-optimal XDC constraints or non-optimal design architecture
Related violations: <none>

TIMING-16#698 Warning
Large setup violation  
There is a large setup violation of -2.639 ns between CPU/DP/MWBREG/mwb\\.pc_out_reg[6]/C (clocked by CPUCLK) and CPU/DP/FDFREG/fdf\\.inst_out_reg[14]/D (clocked by CPUCLK). Large setup violations at the end of those stages might be difficult to fix during the post-placement implementation flow and could be the result of non-optimal XDC constraints or non-optimal design architecture
Related violations: <none>

TIMING-16#699 Warning
Large setup violation  
There is a large setup violation of -2.639 ns between CPU/DP/MWBREG/mwb\\.pc_out_reg[6]/C (clocked by CPUCLK) and CPU/DP/FDFREG/fdf\\.inst_out_reg[2]/D (clocked by CPUCLK). Large setup violations at the end of those stages might be difficult to fix during the post-placement implementation flow and could be the result of non-optimal XDC constraints or non-optimal design architecture
Related violations: <none>

TIMING-16#700 Warning
Large setup violation  
There is a large setup violation of -2.641 ns between CPU/DP/EXMREG/exm\\.RegWEN_out_reg/C (clocked by CPUCLK) and CPU/DP/DXREG/dx\\.rs2_out_reg[4]/D (clocked by CPUCLK). Large setup violations at the end of those stages might be difficult to fix during the post-placement implementation flow and could be the result of non-optimal XDC constraints or non-optimal design architecture
Related violations: <none>

TIMING-16#701 Warning
Large setup violation  
There is a large setup violation of -2.652 ns between CPU/DP/MWBREG/mwb\\.pc_out_reg[6]/C (clocked by CPUCLK) and CPU/DP/FDFREG/fdf\\.pc_out_reg[29]/D (clocked by CPUCLK). Large setup violations at the end of those stages might be difficult to fix during the post-placement implementation flow and could be the result of non-optimal XDC constraints or non-optimal design architecture
Related violations: <none>

TIMING-16#702 Warning
Large setup violation  
There is a large setup violation of -2.657 ns between CPU/DP/MWBREG/mwb\\.pc_out_reg[6]/C (clocked by CPUCLK) and CPU/DP/FDFREG/fdf\\.pc_out_reg[6]/D (clocked by CPUCLK). Large setup violations at the end of those stages might be difficult to fix during the post-placement implementation flow and could be the result of non-optimal XDC constraints or non-optimal design architecture
Related violations: <none>

TIMING-16#703 Warning
Large setup violation  
There is a large setup violation of -2.660 ns between CPU/DP/EXMREG/exm\\.RegWEN_out_reg/C (clocked by CPUCLK) and CPU/DP/DXREG/dx\\.rdat2_out_reg[13]/D (clocked by CPUCLK). Large setup violations at the end of those stages might be difficult to fix during the post-placement implementation flow and could be the result of non-optimal XDC constraints or non-optimal design architecture
Related violations: <none>

TIMING-16#704 Warning
Large setup violation  
There is a large setup violation of -2.662 ns between CPU/DP/MWBREG/mwb\\.pc_out_reg[6]/C (clocked by CPUCLK) and CPU/DP/FDFREG/fdf\\.pc_out_reg[23]/D (clocked by CPUCLK). Large setup violations at the end of those stages might be difficult to fix during the post-placement implementation flow and could be the result of non-optimal XDC constraints or non-optimal design architecture
Related violations: <none>

TIMING-16#705 Warning
Large setup violation  
There is a large setup violation of -2.672 ns between CPU/DP/EXMREG/exm\\.RegWEN_out_reg/C (clocked by CPUCLK) and CPU/DP/PC/pcif\\.PC_reg[19]/D (clocked by CPUCLK). Large setup violations at the end of those stages might be difficult to fix during the post-placement implementation flow and could be the result of non-optimal XDC constraints or non-optimal design architecture
Related violations: <none>

TIMING-16#706 Warning
Large setup violation  
There is a large setup violation of -2.674 ns between CPU/DP/MWBREG/mwb\\.pc_out_reg[6]/C (clocked by CPUCLK) and CPU/DP/FDFREG/fdf\\.pc_out_reg[2]/D (clocked by CPUCLK). Large setup violations at the end of those stages might be difficult to fix during the post-placement implementation flow and could be the result of non-optimal XDC constraints or non-optimal design architecture
Related violations: <none>

TIMING-16#707 Warning
Large setup violation  
There is a large setup violation of -2.677 ns between CPU/DP/EXMREG/exm\\.RegWEN_out_reg/C (clocked by CPUCLK) and CPU/DP/PC/pcif\\.PC_reg[4]/D (clocked by CPUCLK). Large setup violations at the end of those stages might be difficult to fix during the post-placement implementation flow and could be the result of non-optimal XDC constraints or non-optimal design architecture
Related violations: <none>

TIMING-16#708 Warning
Large setup violation  
There is a large setup violation of -2.679 ns between CPU/DP/MWBREG/mwb\\.pc_out_reg[6]/C (clocked by CPUCLK) and CPU/DP/FDFREG/fdf\\.pc_out_reg[12]/D (clocked by CPUCLK). Large setup violations at the end of those stages might be difficult to fix during the post-placement implementation flow and could be the result of non-optimal XDC constraints or non-optimal design architecture
Related violations: <none>

TIMING-16#709 Warning
Large setup violation  
There is a large setup violation of -2.680 ns between CPU/DP/EXMREG/exm\\.RegWEN_out_reg/C (clocked by CPUCLK) and CPU/DP/PC/pcif\\.PC_reg[30]/D (clocked by CPUCLK). Large setup violations at the end of those stages might be difficult to fix during the post-placement implementation flow and could be the result of non-optimal XDC constraints or non-optimal design architecture
Related violations: <none>

TIMING-16#710 Warning
Large setup violation  
There is a large setup violation of -2.683 ns between CPU/DP/EXMREG/exm\\.RegWEN_out_reg/C (clocked by CPUCLK) and CPU/DP/PC/pcif\\.PC_reg[17]/D (clocked by CPUCLK). Large setup violations at the end of those stages might be difficult to fix during the post-placement implementation flow and could be the result of non-optimal XDC constraints or non-optimal design architecture
Related violations: <none>

TIMING-16#711 Warning
Large setup violation  
There is a large setup violation of -2.686 ns between RAM/addr_reg[5]/C (clocked by MAIN) and CPU/DP/FDFREG/fdf\\.inst_out_reg[20]_rep/D (clocked by CPUCLK). Large setup violations at the end of those stages might be difficult to fix during the post-placement implementation flow and could be the result of non-optimal XDC constraints or non-optimal design architecture
Related violations: <none>

TIMING-16#712 Warning
Large setup violation  
There is a large setup violation of -2.691 ns between CPU/DP/MWBREG/mwb\\.pc_out_reg[6]/C (clocked by CPUCLK) and CPU/DP/FDFREG/fdf\\.inst_out_reg[1]/D (clocked by CPUCLK). Large setup violations at the end of those stages might be difficult to fix during the post-placement implementation flow and could be the result of non-optimal XDC constraints or non-optimal design architecture
Related violations: <none>

TIMING-16#713 Warning
Large setup violation  
There is a large setup violation of -2.707 ns between CPU/DP/EXMREG/exm\\.RegWEN_out_reg/C (clocked by CPUCLK) and CPU/DP/PC/pcif\\.PC_reg[1]/D (clocked by CPUCLK). Large setup violations at the end of those stages might be difficult to fix during the post-placement implementation flow and could be the result of non-optimal XDC constraints or non-optimal design architecture
Related violations: <none>

TIMING-16#714 Warning
Large setup violation  
There is a large setup violation of -2.715 ns between CPU/DP/MWBREG/mwb\\.pc_out_reg[6]/C (clocked by CPUCLK) and CPU/DP/FDFREG/fdf\\.inst_out_reg[21]_rep/D (clocked by CPUCLK). Large setup violations at the end of those stages might be difficult to fix during the post-placement implementation flow and could be the result of non-optimal XDC constraints or non-optimal design architecture
Related violations: <none>

TIMING-16#715 Warning
Large setup violation  
There is a large setup violation of -2.716 ns between CPU/DP/MWBREG/mwb\\.pc_out_reg[6]/C (clocked by CPUCLK) and CPU/DP/FDFREG/fdf\\.inst_out_reg[16]_rep/D (clocked by CPUCLK). Large setup violations at the end of those stages might be difficult to fix during the post-placement implementation flow and could be the result of non-optimal XDC constraints or non-optimal design architecture
Related violations: <none>

TIMING-16#716 Warning
Large setup violation  
There is a large setup violation of -2.717 ns between CPU/DP/EXMREG/exm\\.RegWEN_out_reg/C (clocked by CPUCLK) and CPU/DP/FDFREG/fdf\\.pc_out_reg[10]/CE (clocked by CPUCLK). Large setup violations at the end of those stages might be difficult to fix during the post-placement implementation flow and could be the result of non-optimal XDC constraints or non-optimal design architecture
Related violations: <none>

TIMING-16#717 Warning
Large setup violation  
There is a large setup violation of -2.717 ns between CPU/DP/EXMREG/exm\\.RegWEN_out_reg/C (clocked by CPUCLK) and CPU/DP/FDFREG/fdf\\.pc_out_reg[11]/CE (clocked by CPUCLK). Large setup violations at the end of those stages might be difficult to fix during the post-placement implementation flow and could be the result of non-optimal XDC constraints or non-optimal design architecture
Related violations: <none>

TIMING-16#718 Warning
Large setup violation  
There is a large setup violation of -2.717 ns between CPU/DP/EXMREG/exm\\.RegWEN_out_reg/C (clocked by CPUCLK) and CPU/DP/FDFREG/fdf\\.pc_out_reg[18]/CE (clocked by CPUCLK). Large setup violations at the end of those stages might be difficult to fix during the post-placement implementation flow and could be the result of non-optimal XDC constraints or non-optimal design architecture
Related violations: <none>

TIMING-16#719 Warning
Large setup violation  
There is a large setup violation of -2.717 ns between CPU/DP/EXMREG/exm\\.RegWEN_out_reg/C (clocked by CPUCLK) and CPU/DP/FDFREG/fdf\\.pc_out_reg[19]/CE (clocked by CPUCLK). Large setup violations at the end of those stages might be difficult to fix during the post-placement implementation flow and could be the result of non-optimal XDC constraints or non-optimal design architecture
Related violations: <none>

TIMING-16#720 Warning
Large setup violation  
There is a large setup violation of -2.717 ns between CPU/DP/EXMREG/exm\\.RegWEN_out_reg/C (clocked by CPUCLK) and CPU/DP/FDFREG/fdf\\.pc_out_reg[20]/CE (clocked by CPUCLK). Large setup violations at the end of those stages might be difficult to fix during the post-placement implementation flow and could be the result of non-optimal XDC constraints or non-optimal design architecture
Related violations: <none>

TIMING-16#721 Warning
Large setup violation  
There is a large setup violation of -2.717 ns between CPU/DP/EXMREG/exm\\.RegWEN_out_reg/C (clocked by CPUCLK) and CPU/DP/FDFREG/fdf\\.pc_out_reg[27]/CE (clocked by CPUCLK). Large setup violations at the end of those stages might be difficult to fix during the post-placement implementation flow and could be the result of non-optimal XDC constraints or non-optimal design architecture
Related violations: <none>

TIMING-16#722 Warning
Large setup violation  
There is a large setup violation of -2.718 ns between CPU/DP/EXMREG/exm\\.RegWEN_out_reg/C (clocked by CPUCLK) and CPU/DP/PC/pcif\\.PC_reg[24]/D (clocked by CPUCLK). Large setup violations at the end of those stages might be difficult to fix during the post-placement implementation flow and could be the result of non-optimal XDC constraints or non-optimal design architecture
Related violations: <none>

TIMING-16#723 Warning
Large setup violation  
There is a large setup violation of -2.719 ns between CPU/DP/EXMREG/exm\\.RegWEN_out_reg/C (clocked by CPUCLK) and CPU/DP/DXREG/dx\\.rdat2_out_reg[9]/D (clocked by CPUCLK). Large setup violations at the end of those stages might be difficult to fix during the post-placement implementation flow and could be the result of non-optimal XDC constraints or non-optimal design architecture
Related violations: <none>

TIMING-16#724 Warning
Large setup violation  
There is a large setup violation of -2.721 ns between CPU/DP/MWBREG/mwb\\.pc_out_reg[6]/C (clocked by CPUCLK) and CPU/DP/FDFREG/fdf\\.inst_out_reg[15]_rep/D (clocked by CPUCLK). Large setup violations at the end of those stages might be difficult to fix during the post-placement implementation flow and could be the result of non-optimal XDC constraints or non-optimal design architecture
Related violations: <none>

TIMING-16#725 Warning
Large setup violation  
There is a large setup violation of -2.725 ns between CPU/DP/EXMREG/exm\\.RegWEN_out_reg/C (clocked by CPUCLK) and CPU/DP/PC/pcif\\.PC_reg[31]/D (clocked by CPUCLK). Large setup violations at the end of those stages might be difficult to fix during the post-placement implementation flow and could be the result of non-optimal XDC constraints or non-optimal design architecture
Related violations: <none>

TIMING-16#726 Warning
Large setup violation  
There is a large setup violation of -2.727 ns between CPU/DP/EXMREG/exm\\.RegWEN_out_reg/C (clocked by CPUCLK) and CPU/DP/DXREG/dx\\.imm_out_reg[18]/D (clocked by CPUCLK). Large setup violations at the end of those stages might be difficult to fix during the post-placement implementation flow and could be the result of non-optimal XDC constraints or non-optimal design architecture
Related violations: <none>

TIMING-16#727 Warning
Large setup violation  
There is a large setup violation of -2.738 ns between CPU/DP/EXMREG/exm\\.RegWEN_out_reg/C (clocked by CPUCLK) and CPU/DP/DXREG/dx\\.rdat2_out_reg[23]/D (clocked by CPUCLK). Large setup violations at the end of those stages might be difficult to fix during the post-placement implementation flow and could be the result of non-optimal XDC constraints or non-optimal design architecture
Related violations: <none>

TIMING-16#728 Warning
Large setup violation  
There is a large setup violation of -2.740 ns between CPU/DP/EXMREG/exm\\.RegWEN_out_reg/C (clocked by CPUCLK) and CPU/DP/DXREG/dx\\.imm_out_reg[6]/D (clocked by CPUCLK). Large setup violations at the end of those stages might be difficult to fix during the post-placement implementation flow and could be the result of non-optimal XDC constraints or non-optimal design architecture
Related violations: <none>

TIMING-16#729 Warning
Large setup violation  
There is a large setup violation of -2.742 ns between CPU/DP/EXMREG/exm\\.RegWEN_out_reg/C (clocked by CPUCLK) and CPU/DP/DXREG/dx\\.inst_out_reg[6]/D (clocked by CPUCLK). Large setup violations at the end of those stages might be difficult to fix during the post-placement implementation flow and could be the result of non-optimal XDC constraints or non-optimal design architecture
Related violations: <none>

TIMING-16#730 Warning
Large setup violation  
There is a large setup violation of -2.747 ns between CPU/DP/EXMREG/exm\\.RegWEN_out_reg/C (clocked by CPUCLK) and CPU/DP/FDFREG/fdf\\.inst_out_reg[12]/CE (clocked by CPUCLK). Large setup violations at the end of those stages might be difficult to fix during the post-placement implementation flow and could be the result of non-optimal XDC constraints or non-optimal design architecture
Related violations: <none>

TIMING-16#731 Warning
Large setup violation  
There is a large setup violation of -2.747 ns between CPU/DP/EXMREG/exm\\.RegWEN_out_reg/C (clocked by CPUCLK) and CPU/DP/FDFREG/fdf\\.pc_out_reg[13]/CE (clocked by CPUCLK). Large setup violations at the end of those stages might be difficult to fix during the post-placement implementation flow and could be the result of non-optimal XDC constraints or non-optimal design architecture
Related violations: <none>

TIMING-16#732 Warning
Large setup violation  
There is a large setup violation of -2.747 ns between CPU/DP/EXMREG/exm\\.RegWEN_out_reg/C (clocked by CPUCLK) and CPU/DP/FDFREG/fdf\\.pc_out_reg[16]/CE (clocked by CPUCLK). Large setup violations at the end of those stages might be difficult to fix during the post-placement implementation flow and could be the result of non-optimal XDC constraints or non-optimal design architecture
Related violations: <none>

TIMING-16#733 Warning
Large setup violation  
There is a large setup violation of -2.747 ns between CPU/DP/EXMREG/exm\\.RegWEN_out_reg/C (clocked by CPUCLK) and CPU/DP/FDFREG/fdf\\.pc_out_reg[24]/CE (clocked by CPUCLK). Large setup violations at the end of those stages might be difficult to fix during the post-placement implementation flow and could be the result of non-optimal XDC constraints or non-optimal design architecture
Related violations: <none>

TIMING-16#734 Warning
Large setup violation  
There is a large setup violation of -2.748 ns between CPU/DP/EXMREG/exm\\.RegWEN_out_reg/C (clocked by CPUCLK) and CPU/DP/DXREG/dx\\.rdat2_out_reg[2]/D (clocked by CPUCLK). Large setup violations at the end of those stages might be difficult to fix during the post-placement implementation flow and could be the result of non-optimal XDC constraints or non-optimal design architecture
Related violations: <none>

TIMING-16#735 Warning
Large setup violation  
There is a large setup violation of -2.750 ns between CPU/DP/EXMREG/exm\\.RegWEN_out_reg/C (clocked by CPUCLK) and CPU/DP/PC/pcif\\.PC_reg[25]/D (clocked by CPUCLK). Large setup violations at the end of those stages might be difficult to fix during the post-placement implementation flow and could be the result of non-optimal XDC constraints or non-optimal design architecture
Related violations: <none>

TIMING-16#736 Warning
Large setup violation  
There is a large setup violation of -2.753 ns between CPU/DP/EXMREG/exm\\.RegWEN_out_reg/C (clocked by CPUCLK) and CPU/DP/DXREG/dx\\.imm_out_reg[4]/D (clocked by CPUCLK). Large setup violations at the end of those stages might be difficult to fix during the post-placement implementation flow and could be the result of non-optimal XDC constraints or non-optimal design architecture
Related violations: <none>

TIMING-16#737 Warning
Large setup violation  
There is a large setup violation of -2.758 ns between CPU/DP/EXMREG/exm\\.RegWEN_out_reg/C (clocked by CPUCLK) and CPU/DP/DXREG/dx\\.imm_out_reg[11]/D (clocked by CPUCLK). Large setup violations at the end of those stages might be difficult to fix during the post-placement implementation flow and could be the result of non-optimal XDC constraints or non-optimal design architecture
Related violations: <none>

TIMING-16#738 Warning
Large setup violation  
There is a large setup violation of -2.772 ns between CPU/DP/EXMREG/exm\\.RegWEN_out_reg/C (clocked by CPUCLK) and CPU/DP/PC/pcif\\.PC_reg[14]/D (clocked by CPUCLK). Large setup violations at the end of those stages might be difficult to fix during the post-placement implementation flow and could be the result of non-optimal XDC constraints or non-optimal design architecture
Related violations: <none>

TIMING-16#739 Warning
Large setup violation  
There is a large setup violation of -2.776 ns between CPU/DP/EXMREG/exm\\.RegWEN_out_reg/C (clocked by CPUCLK) and CPU/DP/PC/pcif\\.PC_reg[16]/D (clocked by CPUCLK). Large setup violations at the end of those stages might be difficult to fix during the post-placement implementation flow and could be the result of non-optimal XDC constraints or non-optimal design architecture
Related violations: <none>

TIMING-16#740 Warning
Large setup violation  
There is a large setup violation of -2.778 ns between CPU/DP/EXMREG/exm\\.RegWEN_out_reg/C (clocked by CPUCLK) and CPU/DP/PC/pcif\\.PC_reg[22]/D (clocked by CPUCLK). Large setup violations at the end of those stages might be difficult to fix during the post-placement implementation flow and could be the result of non-optimal XDC constraints or non-optimal design architecture
Related violations: <none>

TIMING-16#741 Warning
Large setup violation  
There is a large setup violation of -2.779 ns between CPU/DP/EXMREG/exm\\.RegWEN_out_reg/C (clocked by CPUCLK) and CPU/DP/DXREG/dx\\.rdat1_out_reg[12]/D (clocked by CPUCLK). Large setup violations at the end of those stages might be difficult to fix during the post-placement implementation flow and could be the result of non-optimal XDC constraints or non-optimal design architecture
Related violations: <none>

TIMING-16#742 Warning
Large setup violation  
There is a large setup violation of -2.780 ns between CPU/DP/EXMREG/exm\\.RegWEN_out_reg/C (clocked by CPUCLK) and CPU/DP/PC/pcif\\.PC_reg[18]/D (clocked by CPUCLK). Large setup violations at the end of those stages might be difficult to fix during the post-placement implementation flow and could be the result of non-optimal XDC constraints or non-optimal design architecture
Related violations: <none>

TIMING-16#743 Warning
Large setup violation  
There is a large setup violation of -2.783 ns between CPU/DP/EXMREG/exm\\.RegWEN_out_reg/C (clocked by CPUCLK) and CPU/DP/DXREG/dx\\.rdat1_out_reg[13]/D (clocked by CPUCLK). Large setup violations at the end of those stages might be difficult to fix during the post-placement implementation flow and could be the result of non-optimal XDC constraints or non-optimal design architecture
Related violations: <none>

TIMING-16#744 Warning
Large setup violation  
There is a large setup violation of -2.794 ns between CPU/DP/EXMREG/exm\\.RegWEN_out_reg/C (clocked by CPUCLK) and CPU/DP/PC/pcif\\.PC_reg[13]/D (clocked by CPUCLK). Large setup violations at the end of those stages might be difficult to fix during the post-placement implementation flow and could be the result of non-optimal XDC constraints or non-optimal design architecture
Related violations: <none>

TIMING-16#745 Warning
Large setup violation  
There is a large setup violation of -2.796 ns between CPU/DP/EXMREG/exm\\.RegWEN_out_reg/C (clocked by CPUCLK) and CPU/DP/PC/pcif\\.PC_reg[20]/D (clocked by CPUCLK). Large setup violations at the end of those stages might be difficult to fix during the post-placement implementation flow and could be the result of non-optimal XDC constraints or non-optimal design architecture
Related violations: <none>

TIMING-16#746 Warning
Large setup violation  
There is a large setup violation of -2.796 ns between CPU/DP/MWBREG/mwb\\.pc_out_reg[6]/C (clocked by CPUCLK) and CPU/DP/FDFREG/fdf\\.inst_out_reg[19]/D (clocked by CPUCLK). Large setup violations at the end of those stages might be difficult to fix during the post-placement implementation flow and could be the result of non-optimal XDC constraints or non-optimal design architecture
Related violations: <none>

TIMING-16#747 Warning
Large setup violation  
There is a large setup violation of -2.803 ns between CPU/DP/EXMREG/exm\\.RegWEN_out_reg/C (clocked by CPUCLK) and CPU/DP/DXREG/dx\\.rs1_out_reg[4]/D (clocked by CPUCLK). Large setup violations at the end of those stages might be difficult to fix during the post-placement implementation flow and could be the result of non-optimal XDC constraints or non-optimal design architecture
Related violations: <none>

TIMING-16#748 Warning
Large setup violation  
There is a large setup violation of -2.816 ns between CPU/DP/MWBREG/mwb\\.pc_out_reg[6]/C (clocked by CPUCLK) and CPU/DP/FDFREG/fdf\\.inst_out_reg[18]/D (clocked by CPUCLK). Large setup violations at the end of those stages might be difficult to fix during the post-placement implementation flow and could be the result of non-optimal XDC constraints or non-optimal design architecture
Related violations: <none>

TIMING-16#749 Warning
Large setup violation  
There is a large setup violation of -2.820 ns between CPU/DP/EXMREG/exm\\.RegWEN_out_reg/C (clocked by CPUCLK) and CPU/DP/DXREG/dx\\.rs1_out_reg[0]/D (clocked by CPUCLK). Large setup violations at the end of those stages might be difficult to fix during the post-placement implementation flow and could be the result of non-optimal XDC constraints or non-optimal design architecture
Related violations: <none>

TIMING-16#750 Warning
Large setup violation  
There is a large setup violation of -2.820 ns between CPU/DP/EXMREG/exm\\.RegWEN_out_reg/C (clocked by CPUCLK) and CPU/DP/FDFREG/fdf\\.inst_out_reg[20]/CE (clocked by CPUCLK). Large setup violations at the end of those stages might be difficult to fix during the post-placement implementation flow and could be the result of non-optimal XDC constraints or non-optimal design architecture
Related violations: <none>

TIMING-16#751 Warning
Large setup violation  
There is a large setup violation of -2.820 ns between CPU/DP/EXMREG/exm\\.RegWEN_out_reg/C (clocked by CPUCLK) and CPU/DP/FDFREG/fdf\\.inst_out_reg[21]_rep/CE (clocked by CPUCLK). Large setup violations at the end of those stages might be difficult to fix during the post-placement implementation flow and could be the result of non-optimal XDC constraints or non-optimal design architecture
Related violations: <none>

TIMING-16#752 Warning
Large setup violation  
There is a large setup violation of -2.820 ns between CPU/DP/EXMREG/exm\\.RegWEN_out_reg/C (clocked by CPUCLK) and CPU/DP/FDFREG/fdf\\.inst_out_reg[22]/CE (clocked by CPUCLK). Large setup violations at the end of those stages might be difficult to fix during the post-placement implementation flow and could be the result of non-optimal XDC constraints or non-optimal design architecture
Related violations: <none>

TIMING-16#753 Warning
Large setup violation  
There is a large setup violation of -2.821 ns between CPU/DP/EXMREG/exm\\.RegWEN_out_reg/C (clocked by CPUCLK) and CPU/DP/PC/pcif\\.PC_reg[29]/D (clocked by CPUCLK). Large setup violations at the end of those stages might be difficult to fix during the post-placement implementation flow and could be the result of non-optimal XDC constraints or non-optimal design architecture
Related violations: <none>

TIMING-16#754 Warning
Large setup violation  
There is a large setup violation of -2.822 ns between CPU/DP/EXMREG/exm\\.RegWEN_out_reg/C (clocked by CPUCLK) and CPU/DP/FDFREG/fdf\\.inst_out_reg[15]/CE (clocked by CPUCLK). Large setup violations at the end of those stages might be difficult to fix during the post-placement implementation flow and could be the result of non-optimal XDC constraints or non-optimal design architecture
Related violations: <none>

TIMING-16#755 Warning
Large setup violation  
There is a large setup violation of -2.822 ns between CPU/DP/EXMREG/exm\\.RegWEN_out_reg/C (clocked by CPUCLK) and CPU/DP/FDFREG/fdf\\.inst_out_reg[16]/CE (clocked by CPUCLK). Large setup violations at the end of those stages might be difficult to fix during the post-placement implementation flow and could be the result of non-optimal XDC constraints or non-optimal design architecture
Related violations: <none>

TIMING-16#756 Warning
Large setup violation  
There is a large setup violation of -2.823 ns between CPU/DP/EXMREG/exm\\.RegWEN_out_reg/C (clocked by CPUCLK) and CPU/DP/DXREG/dx\\.ALUSrc2_out_reg/D (clocked by CPUCLK). Large setup violations at the end of those stages might be difficult to fix during the post-placement implementation flow and could be the result of non-optimal XDC constraints or non-optimal design architecture
Related violations: <none>

TIMING-16#757 Warning
Large setup violation  
There is a large setup violation of -2.823 ns between CPU/DP/EXMREG/exm\\.RegWEN_out_reg/C (clocked by CPUCLK) and CPU/DP/PC/pcif\\.PC_reg[6]/D (clocked by CPUCLK). Large setup violations at the end of those stages might be difficult to fix during the post-placement implementation flow and could be the result of non-optimal XDC constraints or non-optimal design architecture
Related violations: <none>

TIMING-16#758 Warning
Large setup violation  
There is a large setup violation of -2.826 ns between CPU/DP/EXMREG/exm\\.RegWEN_out_reg/C (clocked by CPUCLK) and CPU/DP/PC/pcif\\.PC_reg[7]/D (clocked by CPUCLK). Large setup violations at the end of those stages might be difficult to fix during the post-placement implementation flow and could be the result of non-optimal XDC constraints or non-optimal design architecture
Related violations: <none>

TIMING-16#759 Warning
Large setup violation  
There is a large setup violation of -2.827 ns between CPU/DP/EXMREG/exm\\.RegWEN_out_reg/C (clocked by CPUCLK) and CPU/DP/PC/pcif\\.PC_reg[9]/D (clocked by CPUCLK). Large setup violations at the end of those stages might be difficult to fix during the post-placement implementation flow and could be the result of non-optimal XDC constraints or non-optimal design architecture
Related violations: <none>

TIMING-16#760 Warning
Large setup violation  
There is a large setup violation of -2.831 ns between CPU/DP/MWBREG/mwb\\.pc_out_reg[6]/C (clocked by CPUCLK) and CPU/DP/FDFREG/fdf\\.inst_out_reg[20]/D (clocked by CPUCLK). Large setup violations at the end of those stages might be difficult to fix during the post-placement implementation flow and could be the result of non-optimal XDC constraints or non-optimal design architecture
Related violations: <none>

TIMING-16#761 Warning
Large setup violation  
There is a large setup violation of -2.835 ns between CPU/DP/EXMREG/exm\\.RegWEN_out_reg/C (clocked by CPUCLK) and CPU/DP/FDFREG/fdf\\.inst_out_reg[14]/CE (clocked by CPUCLK). Large setup violations at the end of those stages might be difficult to fix during the post-placement implementation flow and could be the result of non-optimal XDC constraints or non-optimal design architecture
Related violations: <none>

TIMING-16#762 Warning
Large setup violation  
There is a large setup violation of -2.835 ns between CPU/DP/EXMREG/exm\\.RegWEN_out_reg/C (clocked by CPUCLK) and CPU/DP/FDFREG/fdf\\.inst_out_reg[17]/CE (clocked by CPUCLK). Large setup violations at the end of those stages might be difficult to fix during the post-placement implementation flow and could be the result of non-optimal XDC constraints or non-optimal design architecture
Related violations: <none>

TIMING-16#763 Warning
Large setup violation  
There is a large setup violation of -2.835 ns between CPU/DP/EXMREG/exm\\.RegWEN_out_reg/C (clocked by CPUCLK) and CPU/DP/FDFREG/fdf\\.inst_out_reg[3]/CE (clocked by CPUCLK). Large setup violations at the end of those stages might be difficult to fix during the post-placement implementation flow and could be the result of non-optimal XDC constraints or non-optimal design architecture
Related violations: <none>

TIMING-16#764 Warning
Large setup violation  
There is a large setup violation of -2.835 ns between CPU/DP/EXMREG/exm\\.RegWEN_out_reg/C (clocked by CPUCLK) and CPU/DP/FDFREG/fdf\\.inst_out_reg[5]/CE (clocked by CPUCLK). Large setup violations at the end of those stages might be difficult to fix during the post-placement implementation flow and could be the result of non-optimal XDC constraints or non-optimal design architecture
Related violations: <none>

TIMING-16#765 Warning
Large setup violation  
There is a large setup violation of -2.836 ns between CPU/DP/EXMREG/exm\\.RegWEN_out_reg/C (clocked by CPUCLK) and CPU/DP/PC/pcif\\.PC_reg[27]/D (clocked by CPUCLK). Large setup violations at the end of those stages might be difficult to fix during the post-placement implementation flow and could be the result of non-optimal XDC constraints or non-optimal design architecture
Related violations: <none>

TIMING-16#766 Warning
Large setup violation  
There is a large setup violation of -2.837 ns between CPU/DP/EXMREG/exm\\.RegWEN_out_reg/C (clocked by CPUCLK) and CPU/DP/DXREG/dx\\.pc_out_reg[12]/D (clocked by CPUCLK). Large setup violations at the end of those stages might be difficult to fix during the post-placement implementation flow and could be the result of non-optimal XDC constraints or non-optimal design architecture
Related violations: <none>

TIMING-16#767 Warning
Large setup violation  
There is a large setup violation of -2.837 ns between CPU/DP/EXMREG/exm\\.dmemWEN_reg_replica_8/C (clocked by CPUCLK) and RAM/count_reg[1]/D (clocked by MAIN). Large setup violations at the end of those stages might be difficult to fix during the post-placement implementation flow and could be the result of non-optimal XDC constraints or non-optimal design architecture
Related violations: <none>

TIMING-16#768 Warning
Large setup violation  
There is a large setup violation of -2.841 ns between CPU/DP/EXMREG/exm\\.RegWEN_out_reg/C (clocked by CPUCLK) and CPU/DP/PC/pcif\\.PC_reg[23]/D (clocked by CPUCLK). Large setup violations at the end of those stages might be difficult to fix during the post-placement implementation flow and could be the result of non-optimal XDC constraints or non-optimal design architecture
Related violations: <none>

TIMING-16#769 Warning
Large setup violation  
There is a large setup violation of -2.842 ns between CPU/DP/EXMREG/exm\\.RegWEN_out_reg/C (clocked by CPUCLK) and CPU/DP/PC/pcif\\.PC_reg[0]/D (clocked by CPUCLK). Large setup violations at the end of those stages might be difficult to fix during the post-placement implementation flow and could be the result of non-optimal XDC constraints or non-optimal design architecture
Related violations: <none>

TIMING-16#770 Warning
Large setup violation  
There is a large setup violation of -2.844 ns between CPU/DP/EXMREG/exm\\.RegWEN_out_reg/C (clocked by CPUCLK) and CPU/DP/PC/pcif\\.PC_reg[15]/D (clocked by CPUCLK). Large setup violations at the end of those stages might be difficult to fix during the post-placement implementation flow and could be the result of non-optimal XDC constraints or non-optimal design architecture
Related violations: <none>

TIMING-16#771 Warning
Large setup violation  
There is a large setup violation of -2.845 ns between CPU/DP/EXMREG/exm\\.RegWEN_out_reg/C (clocked by CPUCLK) and CPU/DP/DXREG/dx\\.pc_out_reg[11]/D (clocked by CPUCLK). Large setup violations at the end of those stages might be difficult to fix during the post-placement implementation flow and could be the result of non-optimal XDC constraints or non-optimal design architecture
Related violations: <none>

TIMING-16#772 Warning
Large setup violation  
There is a large setup violation of -2.849 ns between CPU/DP/EXMREG/exm\\.RegWEN_out_reg/C (clocked by CPUCLK) and CPU/DP/PC/pcif\\.PC_reg[12]/D (clocked by CPUCLK). Large setup violations at the end of those stages might be difficult to fix during the post-placement implementation flow and could be the result of non-optimal XDC constraints or non-optimal design architecture
Related violations: <none>

TIMING-16#773 Warning
Large setup violation  
There is a large setup violation of -2.866 ns between CPU/DP/EXMREG/exm\\.RegWEN_out_reg/C (clocked by CPUCLK) and CPU/DP/FDFREG/fdf\\.inst_out_reg[10]/CE (clocked by CPUCLK). Large setup violations at the end of those stages might be difficult to fix during the post-placement implementation flow and could be the result of non-optimal XDC constraints or non-optimal design architecture
Related violations: <none>

TIMING-16#774 Warning
Large setup violation  
There is a large setup violation of -2.866 ns between CPU/DP/EXMREG/exm\\.RegWEN_out_reg/C (clocked by CPUCLK) and CPU/DP/FDFREG/fdf\\.inst_out_reg[26]/CE (clocked by CPUCLK). Large setup violations at the end of those stages might be difficult to fix during the post-placement implementation flow and could be the result of non-optimal XDC constraints or non-optimal design architecture
Related violations: <none>

TIMING-16#775 Warning
Large setup violation  
There is a large setup violation of -2.875 ns between CPU/DP/MWBREG/mwb\\.pc_out_reg[6]/C (clocked by CPUCLK) and CPU/DP/FDFREG/fdf\\.inst_out_reg[21]/D (clocked by CPUCLK). Large setup violations at the end of those stages might be difficult to fix during the post-placement implementation flow and could be the result of non-optimal XDC constraints or non-optimal design architecture
Related violations: <none>

TIMING-16#776 Warning
Large setup violation  
There is a large setup violation of -2.878 ns between CPU/DP/EXMREG/exm\\.RegWEN_out_reg/C (clocked by CPUCLK) and CPU/DP/FDFREG/fdf\\.pc_out_reg[12]/CE (clocked by CPUCLK). Large setup violations at the end of those stages might be difficult to fix during the post-placement implementation flow and could be the result of non-optimal XDC constraints or non-optimal design architecture
Related violations: <none>

TIMING-16#777 Warning
Large setup violation  
There is a large setup violation of -2.878 ns between CPU/DP/EXMREG/exm\\.RegWEN_out_reg/C (clocked by CPUCLK) and CPU/DP/FDFREG/fdf\\.pc_out_reg[15]/CE (clocked by CPUCLK). Large setup violations at the end of those stages might be difficult to fix during the post-placement implementation flow and could be the result of non-optimal XDC constraints or non-optimal design architecture
Related violations: <none>

TIMING-16#778 Warning
Large setup violation  
There is a large setup violation of -2.878 ns between CPU/DP/EXMREG/exm\\.RegWEN_out_reg/C (clocked by CPUCLK) and CPU/DP/FDFREG/fdf\\.pc_out_reg[1]/CE (clocked by CPUCLK). Large setup violations at the end of those stages might be difficult to fix during the post-placement implementation flow and could be the result of non-optimal XDC constraints or non-optimal design architecture
Related violations: <none>

TIMING-16#779 Warning
Large setup violation  
There is a large setup violation of -2.878 ns between CPU/DP/EXMREG/exm\\.RegWEN_out_reg/C (clocked by CPUCLK) and CPU/DP/FDFREG/fdf\\.pc_out_reg[21]/CE (clocked by CPUCLK). Large setup violations at the end of those stages might be difficult to fix during the post-placement implementation flow and could be the result of non-optimal XDC constraints or non-optimal design architecture
Related violations: <none>

TIMING-16#780 Warning
Large setup violation  
There is a large setup violation of -2.878 ns between CPU/DP/EXMREG/exm\\.RegWEN_out_reg/C (clocked by CPUCLK) and CPU/DP/FDFREG/fdf\\.pc_out_reg[2]/CE (clocked by CPUCLK). Large setup violations at the end of those stages might be difficult to fix during the post-placement implementation flow and could be the result of non-optimal XDC constraints or non-optimal design architecture
Related violations: <none>

TIMING-16#781 Warning
Large setup violation  
There is a large setup violation of -2.878 ns between CPU/DP/EXMREG/exm\\.RegWEN_out_reg/C (clocked by CPUCLK) and CPU/DP/FDFREG/fdf\\.pc_out_reg[3]/CE (clocked by CPUCLK). Large setup violations at the end of those stages might be difficult to fix during the post-placement implementation flow and could be the result of non-optimal XDC constraints or non-optimal design architecture
Related violations: <none>

TIMING-16#782 Warning
Large setup violation  
There is a large setup violation of -2.878 ns between CPU/DP/EXMREG/exm\\.RegWEN_out_reg/C (clocked by CPUCLK) and CPU/DP/FDFREG/fdf\\.pc_out_reg[4]/CE (clocked by CPUCLK). Large setup violations at the end of those stages might be difficult to fix during the post-placement implementation flow and could be the result of non-optimal XDC constraints or non-optimal design architecture
Related violations: <none>

TIMING-16#783 Warning
Large setup violation  
There is a large setup violation of -2.878 ns between CPU/DP/EXMREG/exm\\.RegWEN_out_reg/C (clocked by CPUCLK) and CPU/DP/FDFREG/fdf\\.pc_out_reg[5]/CE (clocked by CPUCLK). Large setup violations at the end of those stages might be difficult to fix during the post-placement implementation flow and could be the result of non-optimal XDC constraints or non-optimal design architecture
Related violations: <none>

TIMING-16#784 Warning
Large setup violation  
There is a large setup violation of -2.881 ns between CPU/DP/EXMREG/exm\\.RegWEN_out_reg/C (clocked by CPUCLK) and CPU/DP/DXREG/dx\\.imm_out_reg[13]/D (clocked by CPUCLK). Large setup violations at the end of those stages might be difficult to fix during the post-placement implementation flow and could be the result of non-optimal XDC constraints or non-optimal design architecture
Related violations: <none>

TIMING-16#785 Warning
Large setup violation  
There is a large setup violation of -2.888 ns between CPU/DP/EXMREG/exm\\.RegWEN_out_reg/C (clocked by CPUCLK) and CPU/DP/DXREG/dx\\.imm_out_reg[20]/D (clocked by CPUCLK). Large setup violations at the end of those stages might be difficult to fix during the post-placement implementation flow and could be the result of non-optimal XDC constraints or non-optimal design architecture
Related violations: <none>

TIMING-16#786 Warning
Large setup violation  
There is a large setup violation of -2.889 ns between CPU/DP/EXMREG/exm\\.dmemWEN_reg_replica_8/C (clocked by CPUCLK) and RAM/count_reg[0]/D (clocked by MAIN). Large setup violations at the end of those stages might be difficult to fix during the post-placement implementation flow and could be the result of non-optimal XDC constraints or non-optimal design architecture
Related violations: <none>

TIMING-16#787 Warning
Large setup violation  
There is a large setup violation of -2.890 ns between CPU/DP/EXMREG/exm\\.RegWEN_out_reg/C (clocked by CPUCLK) and CPU/DP/DXREG/dx\\.aluop_out_reg[3]/D (clocked by CPUCLK). Large setup violations at the end of those stages might be difficult to fix during the post-placement implementation flow and could be the result of non-optimal XDC constraints or non-optimal design architecture
Related violations: <none>

TIMING-16#788 Warning
Large setup violation  
There is a large setup violation of -2.902 ns between CPU/DP/EXMREG/exm\\.RegWEN_out_reg/C (clocked by CPUCLK) and CPU/DP/FDFREG/fdf\\.inst_out_reg[30]/CE (clocked by CPUCLK). Large setup violations at the end of those stages might be difficult to fix during the post-placement implementation flow and could be the result of non-optimal XDC constraints or non-optimal design architecture
Related violations: <none>

TIMING-16#789 Warning
Large setup violation  
There is a large setup violation of -2.902 ns between CPU/DP/EXMREG/exm\\.RegWEN_out_reg/C (clocked by CPUCLK) and CPU/DP/FDFREG/fdf\\.inst_out_reg[8]/CE (clocked by CPUCLK). Large setup violations at the end of those stages might be difficult to fix during the post-placement implementation flow and could be the result of non-optimal XDC constraints or non-optimal design architecture
Related violations: <none>

TIMING-16#790 Warning
Large setup violation  
There is a large setup violation of -2.909 ns between CPU/DP/EXMREG/exm\\.RegWEN_out_reg/C (clocked by CPUCLK) and CPU/DP/FDFREG/fdf\\.inst_out_reg[1]/CE (clocked by CPUCLK). Large setup violations at the end of those stages might be difficult to fix during the post-placement implementation flow and could be the result of non-optimal XDC constraints or non-optimal design architecture
Related violations: <none>

TIMING-16#791 Warning
Large setup violation  
There is a large setup violation of -2.909 ns between CPU/DP/EXMREG/exm\\.RegWEN_out_reg/C (clocked by CPUCLK) and CPU/DP/FDFREG/fdf\\.inst_out_reg[2]/CE (clocked by CPUCLK). Large setup violations at the end of those stages might be difficult to fix during the post-placement implementation flow and could be the result of non-optimal XDC constraints or non-optimal design architecture
Related violations: <none>

TIMING-16#792 Warning
Large setup violation  
There is a large setup violation of -2.927 ns between CPU/DP/EXMREG/exm\\.RegWEN_out_reg/C (clocked by CPUCLK) and CPU/DP/PC/pcif\\.PC_reg[2]/D (clocked by CPUCLK). Large setup violations at the end of those stages might be difficult to fix during the post-placement implementation flow and could be the result of non-optimal XDC constraints or non-optimal design architecture
Related violations: <none>

TIMING-16#793 Warning
Large setup violation  
There is a large setup violation of -2.927 ns between CPU/DP/MWBREG/mwb\\.pc_out_reg[6]/C (clocked by CPUCLK) and CPU/DP/FDFREG/fdf\\.inst_out_reg[24]/D (clocked by CPUCLK). Large setup violations at the end of those stages might be difficult to fix during the post-placement implementation flow and could be the result of non-optimal XDC constraints or non-optimal design architecture
Related violations: <none>

TIMING-16#794 Warning
Large setup violation  
There is a large setup violation of -2.933 ns between CPU/DP/EXMREG/exm\\.RegWEN_out_reg/C (clocked by CPUCLK) and CPU/DP/PC/pcif\\.PC_reg[11]/D (clocked by CPUCLK). Large setup violations at the end of those stages might be difficult to fix during the post-placement implementation flow and could be the result of non-optimal XDC constraints or non-optimal design architecture
Related violations: <none>

TIMING-16#795 Warning
Large setup violation  
There is a large setup violation of -2.951 ns between CPU/DP/EXMREG/exm\\.RegWEN_out_reg/C (clocked by CPUCLK) and CPU/DP/PC/pcif\\.PC_reg[5]/D (clocked by CPUCLK). Large setup violations at the end of those stages might be difficult to fix during the post-placement implementation flow and could be the result of non-optimal XDC constraints or non-optimal design architecture
Related violations: <none>

TIMING-16#796 Warning
Large setup violation  
There is a large setup violation of -2.957 ns between CPU/DP/EXMREG/exm\\.RegWEN_out_reg/C (clocked by CPUCLK) and CPU/DP/FDFREG/fdf\\.inst_out_reg[25]/CE (clocked by CPUCLK). Large setup violations at the end of those stages might be difficult to fix during the post-placement implementation flow and could be the result of non-optimal XDC constraints or non-optimal design architecture
Related violations: <none>

TIMING-16#797 Warning
Large setup violation  
There is a large setup violation of -2.957 ns between CPU/DP/EXMREG/exm\\.RegWEN_out_reg/C (clocked by CPUCLK) and CPU/DP/FDFREG/fdf\\.inst_out_reg[28]/CE (clocked by CPUCLK). Large setup violations at the end of those stages might be difficult to fix during the post-placement implementation flow and could be the result of non-optimal XDC constraints or non-optimal design architecture
Related violations: <none>

TIMING-16#798 Warning
Large setup violation  
There is a large setup violation of -2.958 ns between CPU/DP/EXMREG/exm\\.RegWEN_out_reg/C (clocked by CPUCLK) and CPU/DP/FDFREG/fdf\\.inst_out_reg[20]_rep/CE (clocked by CPUCLK). Large setup violations at the end of those stages might be difficult to fix during the post-placement implementation flow and could be the result of non-optimal XDC constraints or non-optimal design architecture
Related violations: <none>

TIMING-16#799 Warning
Large setup violation  
There is a large setup violation of -2.982 ns between CPU/DP/EXMREG/exm\\.RegWEN_out_reg/C (clocked by CPUCLK) and CPU/DP/FDFREG/fdf\\.inst_out_reg[11]/CE (clocked by CPUCLK). Large setup violations at the end of those stages might be difficult to fix during the post-placement implementation flow and could be the result of non-optimal XDC constraints or non-optimal design architecture
Related violations: <none>

TIMING-16#800 Warning
Large setup violation  
There is a large setup violation of -2.982 ns between CPU/DP/EXMREG/exm\\.RegWEN_out_reg/C (clocked by CPUCLK) and CPU/DP/FDFREG/fdf\\.inst_out_reg[6]/CE (clocked by CPUCLK). Large setup violations at the end of those stages might be difficult to fix during the post-placement implementation flow and could be the result of non-optimal XDC constraints or non-optimal design architecture
Related violations: <none>

TIMING-16#801 Warning
Large setup violation  
There is a large setup violation of -2.982 ns between CPU/DP/EXMREG/exm\\.RegWEN_out_reg/C (clocked by CPUCLK) and CPU/DP/FDFREG/fdf\\.inst_out_reg[7]/CE (clocked by CPUCLK). Large setup violations at the end of those stages might be difficult to fix during the post-placement implementation flow and could be the result of non-optimal XDC constraints or non-optimal design architecture
Related violations: <none>

TIMING-16#802 Warning
Large setup violation  
There is a large setup violation of -2.982 ns between CPU/DP/EXMREG/exm\\.RegWEN_out_reg/C (clocked by CPUCLK) and CPU/DP/FDFREG/fdf\\.inst_out_reg[9]/CE (clocked by CPUCLK). Large setup violations at the end of those stages might be difficult to fix during the post-placement implementation flow and could be the result of non-optimal XDC constraints or non-optimal design architecture
Related violations: <none>

TIMING-16#803 Warning
Large setup violation  
There is a large setup violation of -2.982 ns between CPU/DP/EXMREG/exm\\.RegWEN_out_reg/C (clocked by CPUCLK) and CPU/DP/FDFREG/fdf\\.pc_out_reg[23]/CE (clocked by CPUCLK). Large setup violations at the end of those stages might be difficult to fix during the post-placement implementation flow and could be the result of non-optimal XDC constraints or non-optimal design architecture
Related violations: <none>

TIMING-16#804 Warning
Large setup violation  
There is a large setup violation of -2.982 ns between CPU/DP/EXMREG/exm\\.RegWEN_out_reg/C (clocked by CPUCLK) and CPU/DP/FDFREG/fdf\\.pc_out_reg[6]/CE (clocked by CPUCLK). Large setup violations at the end of those stages might be difficult to fix during the post-placement implementation flow and could be the result of non-optimal XDC constraints or non-optimal design architecture
Related violations: <none>

TIMING-16#805 Warning
Large setup violation  
There is a large setup violation of -2.982 ns between CPU/DP/EXMREG/exm\\.RegWEN_out_reg/C (clocked by CPUCLK) and CPU/DP/FDFREG/fdf\\.pc_out_reg[7]/CE (clocked by CPUCLK). Large setup violations at the end of those stages might be difficult to fix during the post-placement implementation flow and could be the result of non-optimal XDC constraints or non-optimal design architecture
Related violations: <none>

TIMING-16#806 Warning
Large setup violation  
There is a large setup violation of -2.989 ns between CPU/DP/EXMREG/exm\\.RegWEN_out_reg/C (clocked by CPUCLK) and CPU/DP/DXREG/dx\\.imm_out_reg[28]/D (clocked by CPUCLK). Large setup violations at the end of those stages might be difficult to fix during the post-placement implementation flow and could be the result of non-optimal XDC constraints or non-optimal design architecture
Related violations: <none>

TIMING-16#807 Warning
Large setup violation  
There is a large setup violation of -2.994 ns between CPU/DP/EXMREG/exm\\.RegWEN_out_reg/C (clocked by CPUCLK) and CPU/DP/DXREG/dx\\.aluop_out_reg[2]/D (clocked by CPUCLK). Large setup violations at the end of those stages might be difficult to fix during the post-placement implementation flow and could be the result of non-optimal XDC constraints or non-optimal design architecture
Related violations: <none>

TIMING-16#808 Warning
Large setup violation  
There is a large setup violation of -3.003 ns between CPU/DP/EXMREG/exm\\.RegWEN_out_reg/C (clocked by CPUCLK) and CPU/DP/FDFREG/fdf\\.inst_out_reg[15]_rep/CE (clocked by CPUCLK). Large setup violations at the end of those stages might be difficult to fix during the post-placement implementation flow and could be the result of non-optimal XDC constraints or non-optimal design architecture
Related violations: <none>

TIMING-16#809 Warning
Large setup violation  
There is a large setup violation of -3.003 ns between CPU/DP/EXMREG/exm\\.RegWEN_out_reg/C (clocked by CPUCLK) and CPU/DP/FDFREG/fdf\\.inst_out_reg[16]_rep/CE (clocked by CPUCLK). Large setup violations at the end of those stages might be difficult to fix during the post-placement implementation flow and could be the result of non-optimal XDC constraints or non-optimal design architecture
Related violations: <none>

TIMING-16#810 Warning
Large setup violation  
There is a large setup violation of -3.012 ns between CPU/DP/EXMREG/exm\\.RegWEN_out_reg/C (clocked by CPUCLK) and CPU/DP/FDFREG/fdf\\.inst_out_reg[18]/CE (clocked by CPUCLK). Large setup violations at the end of those stages might be difficult to fix during the post-placement implementation flow and could be the result of non-optimal XDC constraints or non-optimal design architecture
Related violations: <none>

TIMING-16#811 Warning
Large setup violation  
There is a large setup violation of -3.012 ns between CPU/DP/EXMREG/exm\\.RegWEN_out_reg/C (clocked by CPUCLK) and CPU/DP/FDFREG/fdf\\.inst_out_reg[19]/CE (clocked by CPUCLK). Large setup violations at the end of those stages might be difficult to fix during the post-placement implementation flow and could be the result of non-optimal XDC constraints or non-optimal design architecture
Related violations: <none>

TIMING-16#812 Warning
Large setup violation  
There is a large setup violation of -3.017 ns between CPU/DP/EXMREG/exm\\.RegWEN_out_reg/C (clocked by CPUCLK) and CPU/DP/FDFREG/fdf\\.inst_out_reg[0]/CE (clocked by CPUCLK). Large setup violations at the end of those stages might be difficult to fix during the post-placement implementation flow and could be the result of non-optimal XDC constraints or non-optimal design architecture
Related violations: <none>

TIMING-16#813 Warning
Large setup violation  
There is a large setup violation of -3.017 ns between CPU/DP/EXMREG/exm\\.RegWEN_out_reg/C (clocked by CPUCLK) and CPU/DP/FDFREG/fdf\\.inst_out_reg[4]/CE (clocked by CPUCLK). Large setup violations at the end of those stages might be difficult to fix during the post-placement implementation flow and could be the result of non-optimal XDC constraints or non-optimal design architecture
Related violations: <none>

TIMING-16#814 Warning
Large setup violation  
There is a large setup violation of -3.017 ns between CPU/DP/EXMREG/exm\\.RegWEN_out_reg/C (clocked by CPUCLK) and CPU/DP/FDFREG/fdf\\.pc_out_reg[14]/CE (clocked by CPUCLK). Large setup violations at the end of those stages might be difficult to fix during the post-placement implementation flow and could be the result of non-optimal XDC constraints or non-optimal design architecture
Related violations: <none>

TIMING-16#815 Warning
Large setup violation  
There is a large setup violation of -3.017 ns between CPU/DP/EXMREG/exm\\.RegWEN_out_reg/C (clocked by CPUCLK) and CPU/DP/FDFREG/fdf\\.pc_out_reg[31]/CE (clocked by CPUCLK). Large setup violations at the end of those stages might be difficult to fix during the post-placement implementation flow and could be the result of non-optimal XDC constraints or non-optimal design architecture
Related violations: <none>

TIMING-16#816 Warning
Large setup violation  
There is a large setup violation of -3.018 ns between CPU/DP/EXMREG/exm\\.RegWEN_out_reg/C (clocked by CPUCLK) and CPU/DP/FDFREG/fdf\\.pc_out_reg[17]/CE (clocked by CPUCLK). Large setup violations at the end of those stages might be difficult to fix during the post-placement implementation flow and could be the result of non-optimal XDC constraints or non-optimal design architecture
Related violations: <none>

TIMING-16#817 Warning
Large setup violation  
There is a large setup violation of -3.018 ns between CPU/DP/EXMREG/exm\\.RegWEN_out_reg/C (clocked by CPUCLK) and CPU/DP/FDFREG/fdf\\.pc_out_reg[8]/CE (clocked by CPUCLK). Large setup violations at the end of those stages might be difficult to fix during the post-placement implementation flow and could be the result of non-optimal XDC constraints or non-optimal design architecture
Related violations: <none>

TIMING-16#818 Warning
Large setup violation  
There is a large setup violation of -3.018 ns between CPU/DP/EXMREG/exm\\.RegWEN_out_reg/C (clocked by CPUCLK) and CPU/DP/FDFREG/fdf\\.pc_out_reg[9]/CE (clocked by CPUCLK). Large setup violations at the end of those stages might be difficult to fix during the post-placement implementation flow and could be the result of non-optimal XDC constraints or non-optimal design architecture
Related violations: <none>

TIMING-16#819 Warning
Large setup violation  
There is a large setup violation of -3.037 ns between CPU/DP/EXMREG/exm\\.RegWEN_out_reg/C (clocked by CPUCLK) and CPU/DP/DXREG/dx\\.imm_out_reg[9]/D (clocked by CPUCLK). Large setup violations at the end of those stages might be difficult to fix during the post-placement implementation flow and could be the result of non-optimal XDC constraints or non-optimal design architecture
Related violations: <none>

TIMING-16#820 Warning
Large setup violation  
There is a large setup violation of -3.040 ns between CPU/DP/EXMREG/exm\\.RegWEN_out_reg/C (clocked by CPUCLK) and CPU/DP/PC/pcif\\.PC_reg[28]/D (clocked by CPUCLK). Large setup violations at the end of those stages might be difficult to fix during the post-placement implementation flow and could be the result of non-optimal XDC constraints or non-optimal design architecture
Related violations: <none>

TIMING-16#821 Warning
Large setup violation  
There is a large setup violation of -3.042 ns between CPU/DP/EXMREG/exm\\.RegWEN_out_reg/C (clocked by CPUCLK) and CPU/DP/DXREG/dx\\.imm_out_reg[7]/D (clocked by CPUCLK). Large setup violations at the end of those stages might be difficult to fix during the post-placement implementation flow and could be the result of non-optimal XDC constraints or non-optimal design architecture
Related violations: <none>

TIMING-16#822 Warning
Large setup violation  
There is a large setup violation of -3.047 ns between CPU/DP/EXMREG/exm\\.RegWEN_out_reg/C (clocked by CPUCLK) and CPU/DP/FDFREG/fdf\\.inst_out_reg[21]/CE (clocked by CPUCLK). Large setup violations at the end of those stages might be difficult to fix during the post-placement implementation flow and could be the result of non-optimal XDC constraints or non-optimal design architecture
Related violations: <none>

TIMING-16#823 Warning
Large setup violation  
There is a large setup violation of -3.047 ns between CPU/DP/EXMREG/exm\\.RegWEN_out_reg/C (clocked by CPUCLK) and CPU/DP/FDFREG/fdf\\.inst_out_reg[24]/CE (clocked by CPUCLK). Large setup violations at the end of those stages might be difficult to fix during the post-placement implementation flow and could be the result of non-optimal XDC constraints or non-optimal design architecture
Related violations: <none>

TIMING-16#824 Warning
Large setup violation  
There is a large setup violation of -3.077 ns between CPU/DP/EXMREG/exm\\.RegWEN_out_reg/C (clocked by CPUCLK) and CPU/DP/PC/pcif\\.PC_reg[26]/D (clocked by CPUCLK). Large setup violations at the end of those stages might be difficult to fix during the post-placement implementation flow and could be the result of non-optimal XDC constraints or non-optimal design architecture
Related violations: <none>

TIMING-16#825 Warning
Large setup violation  
There is a large setup violation of -3.101 ns between CPU/DP/EXMREG/exm\\.dmemWEN_reg_replica_8/C (clocked by CPUCLK) and RAM/addr_reg[10]/CE (clocked by MAIN). Large setup violations at the end of those stages might be difficult to fix during the post-placement implementation flow and could be the result of non-optimal XDC constraints or non-optimal design architecture
Related violations: <none>

TIMING-16#826 Warning
Large setup violation  
There is a large setup violation of -3.101 ns between CPU/DP/EXMREG/exm\\.dmemWEN_reg_replica_8/C (clocked by CPUCLK) and RAM/addr_reg[11]/CE (clocked by MAIN). Large setup violations at the end of those stages might be difficult to fix during the post-placement implementation flow and could be the result of non-optimal XDC constraints or non-optimal design architecture
Related violations: <none>

TIMING-16#827 Warning
Large setup violation  
There is a large setup violation of -3.101 ns between CPU/DP/EXMREG/exm\\.dmemWEN_reg_replica_8/C (clocked by CPUCLK) and RAM/addr_reg[12]/CE (clocked by MAIN). Large setup violations at the end of those stages might be difficult to fix during the post-placement implementation flow and could be the result of non-optimal XDC constraints or non-optimal design architecture
Related violations: <none>

TIMING-16#828 Warning
Large setup violation  
There is a large setup violation of -3.101 ns between CPU/DP/EXMREG/exm\\.dmemWEN_reg_replica_8/C (clocked by CPUCLK) and RAM/addr_reg[14]/CE (clocked by MAIN). Large setup violations at the end of those stages might be difficult to fix during the post-placement implementation flow and could be the result of non-optimal XDC constraints or non-optimal design architecture
Related violations: <none>

TIMING-16#829 Warning
Large setup violation  
There is a large setup violation of -3.102 ns between CPU/DP/EXMREG/exm\\.RegWEN_out_reg/C (clocked by CPUCLK) and CPU/DP/DXREG/dx\\.rdat2_out_reg[14]/D (clocked by CPUCLK). Large setup violations at the end of those stages might be difficult to fix during the post-placement implementation flow and could be the result of non-optimal XDC constraints or non-optimal design architecture
Related violations: <none>

TIMING-16#830 Warning
Large setup violation  
There is a large setup violation of -3.102 ns between CPU/DP/EXMREG/exm\\.RegWEN_out_reg/C (clocked by CPUCLK) and CPU/DP/FDFREG/fdf\\.inst_out_reg[13]/CE (clocked by CPUCLK). Large setup violations at the end of those stages might be difficult to fix during the post-placement implementation flow and could be the result of non-optimal XDC constraints or non-optimal design architecture
Related violations: <none>

TIMING-16#831 Warning
Large setup violation  
There is a large setup violation of -3.102 ns between CPU/DP/EXMREG/exm\\.RegWEN_out_reg/C (clocked by CPUCLK) and CPU/DP/FDFREG/fdf\\.inst_out_reg[23]/CE (clocked by CPUCLK). Large setup violations at the end of those stages might be difficult to fix during the post-placement implementation flow and could be the result of non-optimal XDC constraints or non-optimal design architecture
Related violations: <none>

TIMING-16#832 Warning
Large setup violation  
There is a large setup violation of -3.118 ns between CPU/DP/EXMREG/exm\\.RegWEN_out_reg/C (clocked by CPUCLK) and CPU/DP/DXREG/dx\\.rdat1_out_reg[26]/D (clocked by CPUCLK). Large setup violations at the end of those stages might be difficult to fix during the post-placement implementation flow and could be the result of non-optimal XDC constraints or non-optimal design architecture
Related violations: <none>

TIMING-16#833 Warning
Large setup violation  
There is a large setup violation of -3.118 ns between CPU/DP/EXMREG/exm\\.RegWEN_out_reg/C (clocked by CPUCLK) and CPU/DP/DXREG/dx\\.rdat1_out_reg[27]/D (clocked by CPUCLK). Large setup violations at the end of those stages might be difficult to fix during the post-placement implementation flow and could be the result of non-optimal XDC constraints or non-optimal design architecture
Related violations: <none>

TIMING-16#834 Warning
Large setup violation  
There is a large setup violation of -3.120 ns between CPU/DP/EXMREG/exm\\.RegWEN_out_reg/C (clocked by CPUCLK) and CPU/DP/DXREG/dx\\.rdat1_out_reg[28]/D (clocked by CPUCLK). Large setup violations at the end of those stages might be difficult to fix during the post-placement implementation flow and could be the result of non-optimal XDC constraints or non-optimal design architecture
Related violations: <none>

TIMING-16#835 Warning
Large setup violation  
There is a large setup violation of -3.124 ns between CPU/DP/EXMREG/exm\\.dmemWEN_reg_replica_8/C (clocked by CPUCLK) and RAM/addr_reg[1]/CE (clocked by MAIN). Large setup violations at the end of those stages might be difficult to fix during the post-placement implementation flow and could be the result of non-optimal XDC constraints or non-optimal design architecture
Related violations: <none>

TIMING-16#836 Warning
Large setup violation  
There is a large setup violation of -3.124 ns between CPU/DP/EXMREG/exm\\.dmemWEN_reg_replica_8/C (clocked by CPUCLK) and RAM/addr_reg[7]/CE (clocked by MAIN). Large setup violations at the end of those stages might be difficult to fix during the post-placement implementation flow and could be the result of non-optimal XDC constraints or non-optimal design architecture
Related violations: <none>

TIMING-16#837 Warning
Large setup violation  
There is a large setup violation of -3.130 ns between CPU/DP/EXMREG/exm\\.RegWEN_out_reg/C (clocked by CPUCLK) and CPU/DP/DXREG/dx\\.pc_out_reg[20]/D (clocked by CPUCLK). Large setup violations at the end of those stages might be difficult to fix during the post-placement implementation flow and could be the result of non-optimal XDC constraints or non-optimal design architecture
Related violations: <none>

TIMING-16#838 Warning
Large setup violation  
There is a large setup violation of -3.132 ns between CPU/DP/EXMREG/exm\\.RegWEN_out_reg/C (clocked by CPUCLK) and CPU/DP/DXREG/dx\\.pc_out_reg[1]/D (clocked by CPUCLK). Large setup violations at the end of those stages might be difficult to fix during the post-placement implementation flow and could be the result of non-optimal XDC constraints or non-optimal design architecture
Related violations: <none>

TIMING-16#839 Warning
Large setup violation  
There is a large setup violation of -3.132 ns between CPU/DP/EXMREG/exm\\.dmemWEN_reg_replica_8/C (clocked by CPUCLK) and RAM/addr_reg[17]/CE (clocked by MAIN). Large setup violations at the end of those stages might be difficult to fix during the post-placement implementation flow and could be the result of non-optimal XDC constraints or non-optimal design architecture
Related violations: <none>

TIMING-16#840 Warning
Large setup violation  
There is a large setup violation of -3.132 ns between CPU/DP/EXMREG/exm\\.dmemWEN_reg_replica_8/C (clocked by CPUCLK) and RAM/addr_reg[21]/CE (clocked by MAIN). Large setup violations at the end of those stages might be difficult to fix during the post-placement implementation flow and could be the result of non-optimal XDC constraints or non-optimal design architecture
Related violations: <none>

TIMING-16#841 Warning
Large setup violation  
There is a large setup violation of -3.132 ns between CPU/DP/EXMREG/exm\\.dmemWEN_reg_replica_8/C (clocked by CPUCLK) and RAM/addr_reg[5]/CE (clocked by MAIN). Large setup violations at the end of those stages might be difficult to fix during the post-placement implementation flow and could be the result of non-optimal XDC constraints or non-optimal design architecture
Related violations: <none>

TIMING-16#842 Warning
Large setup violation  
There is a large setup violation of -3.134 ns between CPU/DP/EXMREG/exm\\.RegWEN_out_reg/C (clocked by CPUCLK) and CPU/DP/DXREG/dx\\.rdat2_out_reg[1]/D (clocked by CPUCLK). Large setup violations at the end of those stages might be difficult to fix during the post-placement implementation flow and could be the result of non-optimal XDC constraints or non-optimal design architecture
Related violations: <none>

TIMING-16#843 Warning
Large setup violation  
There is a large setup violation of -3.136 ns between CPU/DP/EXMREG/exm\\.RegWEN_out_reg/C (clocked by CPUCLK) and CPU/DP/DXREG/dx\\.rd_out_reg[2]/D (clocked by CPUCLK). Large setup violations at the end of those stages might be difficult to fix during the post-placement implementation flow and could be the result of non-optimal XDC constraints or non-optimal design architecture
Related violations: <none>

TIMING-16#844 Warning
Large setup violation  
There is a large setup violation of -3.139 ns between CPU/DP/EXMREG/exm\\.dmemWEN_reg_replica_8/C (clocked by CPUCLK) and RAM/addr_reg[29]/CE (clocked by MAIN). Large setup violations at the end of those stages might be difficult to fix during the post-placement implementation flow and could be the result of non-optimal XDC constraints or non-optimal design architecture
Related violations: <none>

TIMING-16#845 Warning
Large setup violation  
There is a large setup violation of -3.170 ns between CPU/DP/EXMREG/exm\\.RegWEN_out_reg/C (clocked by CPUCLK) and CPU/DP/DXREG/dx\\.pc_out_reg[19]/D (clocked by CPUCLK). Large setup violations at the end of those stages might be difficult to fix during the post-placement implementation flow and could be the result of non-optimal XDC constraints or non-optimal design architecture
Related violations: <none>

TIMING-16#846 Warning
Large setup violation  
There is a large setup violation of -3.171 ns between CPU/DP/EXMREG/exm\\.RegWEN_out_reg/C (clocked by CPUCLK) and CPU/DP/DXREG/dx\\.rs1_out_reg[2]/D (clocked by CPUCLK). Large setup violations at the end of those stages might be difficult to fix during the post-placement implementation flow and could be the result of non-optimal XDC constraints or non-optimal design architecture
Related violations: <none>

TIMING-16#847 Warning
Large setup violation  
There is a large setup violation of -3.175 ns between CPU/DP/EXMREG/exm\\.RegWEN_out_reg/C (clocked by CPUCLK) and CPU/DP/DXREG/dx\\.pc_out_reg[17]/D (clocked by CPUCLK). Large setup violations at the end of those stages might be difficult to fix during the post-placement implementation flow and could be the result of non-optimal XDC constraints or non-optimal design architecture
Related violations: <none>

TIMING-16#848 Warning
Large setup violation  
There is a large setup violation of -3.176 ns between CPU/DP/EXMREG/exm\\.RegWEN_out_reg/C (clocked by CPUCLK) and CPU/DP/DXREG/dx\\.rs1_out_reg[1]/D (clocked by CPUCLK). Large setup violations at the end of those stages might be difficult to fix during the post-placement implementation flow and could be the result of non-optimal XDC constraints or non-optimal design architecture
Related violations: <none>

TIMING-16#849 Warning
Large setup violation  
There is a large setup violation of -3.179 ns between CPU/DP/EXMREG/exm\\.dmemWEN_reg_replica_8/C (clocked by CPUCLK) and RAM/en_reg[0]/CE (clocked by MAIN). Large setup violations at the end of those stages might be difficult to fix during the post-placement implementation flow and could be the result of non-optimal XDC constraints or non-optimal design architecture
Related violations: <none>

TIMING-16#850 Warning
Large setup violation  
There is a large setup violation of -3.184 ns between CPU/DP/EXMREG/exm\\.RegWEN_out_reg/C (clocked by CPUCLK) and CPU/DP/DXREG/dx\\.pc_out_reg[18]/D (clocked by CPUCLK). Large setup violations at the end of those stages might be difficult to fix during the post-placement implementation flow and could be the result of non-optimal XDC constraints or non-optimal design architecture
Related violations: <none>

TIMING-16#851 Warning
Large setup violation  
There is a large setup violation of -3.188 ns between CPU/DP/EXMREG/exm\\.RegWEN_out_reg/C (clocked by CPUCLK) and CPU/DP/DXREG/dx\\.pc_out_reg[3]/D (clocked by CPUCLK). Large setup violations at the end of those stages might be difficult to fix during the post-placement implementation flow and could be the result of non-optimal XDC constraints or non-optimal design architecture
Related violations: <none>

TIMING-16#852 Warning
Large setup violation  
There is a large setup violation of -3.190 ns between CPU/DP/EXMREG/exm\\.RegWEN_out_reg/C (clocked by CPUCLK) and CPU/DP/DXREG/dx\\.rdat1_out_reg[7]/D (clocked by CPUCLK). Large setup violations at the end of those stages might be difficult to fix during the post-placement implementation flow and could be the result of non-optimal XDC constraints or non-optimal design architecture
Related violations: <none>

TIMING-16#853 Warning
Large setup violation  
There is a large setup violation of -3.196 ns between CPU/DP/EXMREG/exm\\.dmemWEN_reg_replica_8/C (clocked by CPUCLK) and RAM/addr_reg[24]/CE (clocked by MAIN). Large setup violations at the end of those stages might be difficult to fix during the post-placement implementation flow and could be the result of non-optimal XDC constraints or non-optimal design architecture
Related violations: <none>

TIMING-16#854 Warning
Large setup violation  
There is a large setup violation of -3.196 ns between CPU/DP/EXMREG/exm\\.dmemWEN_reg_replica_8/C (clocked by CPUCLK) and RAM/addr_reg[25]/CE (clocked by MAIN). Large setup violations at the end of those stages might be difficult to fix during the post-placement implementation flow and could be the result of non-optimal XDC constraints or non-optimal design architecture
Related violations: <none>

TIMING-16#855 Warning
Large setup violation  
There is a large setup violation of -3.196 ns between CPU/DP/EXMREG/exm\\.dmemWEN_reg_replica_8/C (clocked by CPUCLK) and RAM/addr_reg[26]/CE (clocked by MAIN). Large setup violations at the end of those stages might be difficult to fix during the post-placement implementation flow and could be the result of non-optimal XDC constraints or non-optimal design architecture
Related violations: <none>

TIMING-16#856 Warning
Large setup violation  
There is a large setup violation of -3.196 ns between CPU/DP/EXMREG/exm\\.dmemWEN_reg_replica_8/C (clocked by CPUCLK) and RAM/addr_reg[27]/CE (clocked by MAIN). Large setup violations at the end of those stages might be difficult to fix during the post-placement implementation flow and could be the result of non-optimal XDC constraints or non-optimal design architecture
Related violations: <none>

TIMING-16#857 Warning
Large setup violation  
There is a large setup violation of -3.196 ns between CPU/DP/EXMREG/exm\\.dmemWEN_reg_replica_8/C (clocked by CPUCLK) and RAM/addr_reg[28]/CE (clocked by MAIN). Large setup violations at the end of those stages might be difficult to fix during the post-placement implementation flow and could be the result of non-optimal XDC constraints or non-optimal design architecture
Related violations: <none>

TIMING-16#858 Warning
Large setup violation  
There is a large setup violation of -3.196 ns between CPU/DP/EXMREG/exm\\.dmemWEN_reg_replica_8/C (clocked by CPUCLK) and RAM/addr_reg[30]/CE (clocked by MAIN). Large setup violations at the end of those stages might be difficult to fix during the post-placement implementation flow and could be the result of non-optimal XDC constraints or non-optimal design architecture
Related violations: <none>

TIMING-16#859 Warning
Large setup violation  
There is a large setup violation of -3.196 ns between CPU/DP/EXMREG/exm\\.dmemWEN_reg_replica_8/C (clocked by CPUCLK) and RAM/addr_reg[31]/CE (clocked by MAIN). Large setup violations at the end of those stages might be difficult to fix during the post-placement implementation flow and could be the result of non-optimal XDC constraints or non-optimal design architecture
Related violations: <none>

TIMING-16#860 Warning
Large setup violation  
There is a large setup violation of -3.198 ns between CPU/DP/EXMREG/exm\\.RegWEN_out_reg/C (clocked by CPUCLK) and CPU/DP/DXREG/dx\\.rdat1_out_reg[18]/D (clocked by CPUCLK). Large setup violations at the end of those stages might be difficult to fix during the post-placement implementation flow and could be the result of non-optimal XDC constraints or non-optimal design architecture
Related violations: <none>

TIMING-16#861 Warning
Large setup violation  
There is a large setup violation of -3.199 ns between CPU/DP/EXMREG/exm\\.RegWEN_out_reg/C (clocked by CPUCLK) and CPU/DP/DXREG/dx\\.jumpPCsrc_out_reg[1]/D (clocked by CPUCLK). Large setup violations at the end of those stages might be difficult to fix during the post-placement implementation flow and could be the result of non-optimal XDC constraints or non-optimal design architecture
Related violations: <none>

TIMING-16#862 Warning
Large setup violation  
There is a large setup violation of -3.204 ns between CPU/DP/EXMREG/exm\\.RegWEN_out_reg/C (clocked by CPUCLK) and CPU/DP/DXREG/dx\\.imm_out_reg[1]/D (clocked by CPUCLK). Large setup violations at the end of those stages might be difficult to fix during the post-placement implementation flow and could be the result of non-optimal XDC constraints or non-optimal design architecture
Related violations: <none>

TIMING-16#863 Warning
Large setup violation  
There is a large setup violation of -3.206 ns between CPU/DP/EXMREG/exm\\.RegWEN_out_reg/C (clocked by CPUCLK) and CPU/DP/DXREG/dx\\.MemtoReg_out_reg[0]/D (clocked by CPUCLK). Large setup violations at the end of those stages might be difficult to fix during the post-placement implementation flow and could be the result of non-optimal XDC constraints or non-optimal design architecture
Related violations: <none>

TIMING-16#864 Warning
Large setup violation  
There is a large setup violation of -3.211 ns between CPU/DP/EXMREG/exm\\.RegWEN_out_reg/C (clocked by CPUCLK) and CPU/DP/DXREG/dx\\.ALUSrc1_out_reg/D (clocked by CPUCLK). Large setup violations at the end of those stages might be difficult to fix during the post-placement implementation flow and could be the result of non-optimal XDC constraints or non-optimal design architecture
Related violations: <none>

TIMING-16#865 Warning
Large setup violation  
There is a large setup violation of -3.215 ns between CPU/DP/EXMREG/exm\\.RegWEN_out_reg/C (clocked by CPUCLK) and CPU/DP/DXREG/dx\\.imm_out_reg[17]/D (clocked by CPUCLK). Large setup violations at the end of those stages might be difficult to fix during the post-placement implementation flow and could be the result of non-optimal XDC constraints or non-optimal design architecture
Related violations: <none>

TIMING-16#866 Warning
Large setup violation  
There is a large setup violation of -3.222 ns between CPU/DP/EXMREG/exm\\.RegWEN_out_reg/C (clocked by CPUCLK) and CPU/DP/DXREG/dx\\.imm_out_reg[16]/D (clocked by CPUCLK). Large setup violations at the end of those stages might be difficult to fix during the post-placement implementation flow and could be the result of non-optimal XDC constraints or non-optimal design architecture
Related violations: <none>

TIMING-16#867 Warning
Large setup violation  
There is a large setup violation of -3.228 ns between CPU/DP/EXMREG/exm\\.RegWEN_out_reg/C (clocked by CPUCLK) and CPU/DP/DXREG/dx\\.pc_out_reg[28]/D (clocked by CPUCLK). Large setup violations at the end of those stages might be difficult to fix during the post-placement implementation flow and could be the result of non-optimal XDC constraints or non-optimal design architecture
Related violations: <none>

TIMING-16#868 Warning
Large setup violation  
There is a large setup violation of -3.230 ns between CPU/DP/EXMREG/exm\\.RegWEN_out_reg/C (clocked by CPUCLK) and CPU/DP/DXREG/dx\\.rd_out_reg[3]/D (clocked by CPUCLK). Large setup violations at the end of those stages might be difficult to fix during the post-placement implementation flow and could be the result of non-optimal XDC constraints or non-optimal design architecture
Related violations: <none>

TIMING-16#869 Warning
Large setup violation  
There is a large setup violation of -3.230 ns between CPU/DP/EXMREG/exm\\.RegWEN_out_reg/C (clocked by CPUCLK) and CPU/DP/DXREG/dx\\.rd_out_reg[4]/D (clocked by CPUCLK). Large setup violations at the end of those stages might be difficult to fix during the post-placement implementation flow and could be the result of non-optimal XDC constraints or non-optimal design architecture
Related violations: <none>

TIMING-16#870 Warning
Large setup violation  
There is a large setup violation of -3.235 ns between CPU/DP/EXMREG/exm\\.RegWEN_out_reg/C (clocked by CPUCLK) and CPU/DP/DXREG/dx\\.pc_out_reg[13]/D (clocked by CPUCLK). Large setup violations at the end of those stages might be difficult to fix during the post-placement implementation flow and could be the result of non-optimal XDC constraints or non-optimal design architecture
Related violations: <none>

TIMING-16#871 Warning
Large setup violation  
There is a large setup violation of -3.250 ns between CPU/DP/EXMREG/exm\\.RegWEN_out_reg/C (clocked by CPUCLK) and CPU/DP/DXREG/dx\\.rdat2_out_reg[20]/D (clocked by CPUCLK). Large setup violations at the end of those stages might be difficult to fix during the post-placement implementation flow and could be the result of non-optimal XDC constraints or non-optimal design architecture
Related violations: <none>

TIMING-16#872 Warning
Large setup violation  
There is a large setup violation of -3.257 ns between CPU/DP/EXMREG/exm\\.RegWEN_out_reg/C (clocked by CPUCLK) and CPU/DP/DXREG/dx\\.imm_out_reg[26]/D (clocked by CPUCLK). Large setup violations at the end of those stages might be difficult to fix during the post-placement implementation flow and could be the result of non-optimal XDC constraints or non-optimal design architecture
Related violations: <none>

TIMING-16#873 Warning
Large setup violation  
There is a large setup violation of -3.258 ns between CPU/DP/EXMREG/exm\\.RegWEN_out_reg/C (clocked by CPUCLK) and CPU/DP/DXREG/dx\\.imm_out_reg[27]/D (clocked by CPUCLK). Large setup violations at the end of those stages might be difficult to fix during the post-placement implementation flow and could be the result of non-optimal XDC constraints or non-optimal design architecture
Related violations: <none>

TIMING-16#874 Warning
Large setup violation  
There is a large setup violation of -3.260 ns between CPU/DP/EXMREG/exm\\.RegWEN_out_reg/C (clocked by CPUCLK) and CPU/DP/DXREG/dx\\.rd_out_reg[1]/D (clocked by CPUCLK). Large setup violations at the end of those stages might be difficult to fix during the post-placement implementation flow and could be the result of non-optimal XDC constraints or non-optimal design architecture
Related violations: <none>

TIMING-16#875 Warning
Large setup violation  
There is a large setup violation of -3.261 ns between CPU/DP/EXMREG/exm\\.RegWEN_out_reg/C (clocked by CPUCLK) and CPU/DP/DXREG/dx\\.pc_out_reg[30]/D (clocked by CPUCLK). Large setup violations at the end of those stages might be difficult to fix during the post-placement implementation flow and could be the result of non-optimal XDC constraints or non-optimal design architecture
Related violations: <none>

TIMING-16#876 Warning
Large setup violation  
There is a large setup violation of -3.261 ns between CPU/DP/EXMREG/exm\\.RegWEN_out_reg/C (clocked by CPUCLK) and CPU/DP/DXREG/dx\\.rs1_out_reg[3]/D (clocked by CPUCLK). Large setup violations at the end of those stages might be difficult to fix during the post-placement implementation flow and could be the result of non-optimal XDC constraints or non-optimal design architecture
Related violations: <none>

TIMING-16#877 Warning
Large setup violation  
There is a large setup violation of -3.264 ns between CPU/DP/EXMREG/exm\\.RegWEN_out_reg/C (clocked by CPUCLK) and CPU/DP/DXREG/dx\\.imm_out_reg[25]/D (clocked by CPUCLK). Large setup violations at the end of those stages might be difficult to fix during the post-placement implementation flow and could be the result of non-optimal XDC constraints or non-optimal design architecture
Related violations: <none>

TIMING-16#878 Warning
Large setup violation  
There is a large setup violation of -3.265 ns between CPU/DP/EXMREG/exm\\.RegWEN_out_reg/C (clocked by CPUCLK) and CPU/DP/DXREG/dx\\.halt_out_reg/D (clocked by CPUCLK). Large setup violations at the end of those stages might be difficult to fix during the post-placement implementation flow and could be the result of non-optimal XDC constraints or non-optimal design architecture
Related violations: <none>

TIMING-16#879 Warning
Large setup violation  
There is a large setup violation of -3.265 ns between CPU/DP/EXMREG/exm\\.RegWEN_out_reg/C (clocked by CPUCLK) and CPU/DP/DXREG/dx\\.pc_out_reg[5]/D (clocked by CPUCLK). Large setup violations at the end of those stages might be difficult to fix during the post-placement implementation flow and could be the result of non-optimal XDC constraints or non-optimal design architecture
Related violations: <none>

TIMING-16#880 Warning
Large setup violation  
There is a large setup violation of -3.266 ns between CPU/DP/EXMREG/exm\\.RegWEN_out_reg/C (clocked by CPUCLK) and CPU/DP/DXREG/dx\\.aluop_out_reg[0]/D (clocked by CPUCLK). Large setup violations at the end of those stages might be difficult to fix during the post-placement implementation flow and could be the result of non-optimal XDC constraints or non-optimal design architecture
Related violations: <none>

TIMING-16#881 Warning
Large setup violation  
There is a large setup violation of -3.266 ns between CPU/DP/EXMREG/exm\\.RegWEN_out_reg/C (clocked by CPUCLK) and CPU/DP/DXREG/dx\\.pc_out_reg[29]/D (clocked by CPUCLK). Large setup violations at the end of those stages might be difficult to fix during the post-placement implementation flow and could be the result of non-optimal XDC constraints or non-optimal design architecture
Related violations: <none>

TIMING-16#882 Warning
Large setup violation  
There is a large setup violation of -3.266 ns between CPU/DP/EXMREG/exm\\.RegWEN_out_reg/C (clocked by CPUCLK) and CPU/DP/DXREG/dx\\.rdat1_out_reg[9]/D (clocked by CPUCLK). Large setup violations at the end of those stages might be difficult to fix during the post-placement implementation flow and could be the result of non-optimal XDC constraints or non-optimal design architecture
Related violations: <none>

TIMING-16#883 Warning
Large setup violation  
There is a large setup violation of -3.266 ns between CPU/DP/EXMREG/exm\\.RegWEN_out_reg/C (clocked by CPUCLK) and CPU/DP/DXREG/dx\\.rdat2_out_reg[15]/D (clocked by CPUCLK). Large setup violations at the end of those stages might be difficult to fix during the post-placement implementation flow and could be the result of non-optimal XDC constraints or non-optimal design architecture
Related violations: <none>

TIMING-16#884 Warning
Large setup violation  
There is a large setup violation of -3.270 ns between CPU/DP/EXMREG/exm\\.RegWEN_out_reg/C (clocked by CPUCLK) and CPU/DP/DXREG/dx\\.imm_out_reg[10]/D (clocked by CPUCLK). Large setup violations at the end of those stages might be difficult to fix during the post-placement implementation flow and could be the result of non-optimal XDC constraints or non-optimal design architecture
Related violations: <none>

TIMING-16#885 Warning
Large setup violation  
There is a large setup violation of -3.272 ns between CPU/DP/EXMREG/exm\\.RegWEN_out_reg/C (clocked by CPUCLK) and CPU/DP/DXREG/dx\\.branchPCSrc_out_reg[0]/D (clocked by CPUCLK). Large setup violations at the end of those stages might be difficult to fix during the post-placement implementation flow and could be the result of non-optimal XDC constraints or non-optimal design architecture
Related violations: <none>

TIMING-16#886 Warning
Large setup violation  
There is a large setup violation of -3.274 ns between CPU/DP/EXMREG/exm\\.RegWEN_out_reg/C (clocked by CPUCLK) and CPU/DP/DXREG/dx\\.rdat1_out_reg[2]/D (clocked by CPUCLK). Large setup violations at the end of those stages might be difficult to fix during the post-placement implementation flow and could be the result of non-optimal XDC constraints or non-optimal design architecture
Related violations: <none>

TIMING-16#887 Warning
Large setup violation  
There is a large setup violation of -3.274 ns between CPU/DP/EXMREG/exm\\.RegWEN_out_reg/C (clocked by CPUCLK) and CPU/DP/DXREG/dx\\.rdat1_out_reg[3]/D (clocked by CPUCLK). Large setup violations at the end of those stages might be difficult to fix during the post-placement implementation flow and could be the result of non-optimal XDC constraints or non-optimal design architecture
Related violations: <none>

TIMING-16#888 Warning
Large setup violation  
There is a large setup violation of -3.275 ns between CPU/DP/EXMREG/exm\\.RegWEN_out_reg/C (clocked by CPUCLK) and CPU/DP/DXREG/dx\\.rdat2_out_reg[16]/D (clocked by CPUCLK). Large setup violations at the end of those stages might be difficult to fix during the post-placement implementation flow and could be the result of non-optimal XDC constraints or non-optimal design architecture
Related violations: <none>

TIMING-16#889 Warning
Large setup violation  
There is a large setup violation of -3.276 ns between CPU/DP/EXMREG/exm\\.RegWEN_out_reg/C (clocked by CPUCLK) and CPU/DP/DXREG/dx\\.pc_out_reg[2]/D (clocked by CPUCLK). Large setup violations at the end of those stages might be difficult to fix during the post-placement implementation flow and could be the result of non-optimal XDC constraints or non-optimal design architecture
Related violations: <none>

TIMING-16#890 Warning
Large setup violation  
There is a large setup violation of -3.276 ns between CPU/DP/EXMREG/exm\\.RegWEN_out_reg/C (clocked by CPUCLK) and CPU/DP/DXREG/dx\\.rdat2_out_reg[10]/D (clocked by CPUCLK). Large setup violations at the end of those stages might be difficult to fix during the post-placement implementation flow and could be the result of non-optimal XDC constraints or non-optimal design architecture
Related violations: <none>

TIMING-16#891 Warning
Large setup violation  
There is a large setup violation of -3.276 ns between CPU/DP/EXMREG/exm\\.RegWEN_out_reg/C (clocked by CPUCLK) and CPU/DP/DXREG/dx\\.rdat2_out_reg[12]/D (clocked by CPUCLK). Large setup violations at the end of those stages might be difficult to fix during the post-placement implementation flow and could be the result of non-optimal XDC constraints or non-optimal design architecture
Related violations: <none>

TIMING-16#892 Warning
Large setup violation  
There is a large setup violation of -3.279 ns between CPU/DP/EXMREG/exm\\.RegWEN_out_reg/C (clocked by CPUCLK) and CPU/DP/DXREG/dx\\.imm_out_reg[24]/D (clocked by CPUCLK). Large setup violations at the end of those stages might be difficult to fix during the post-placement implementation flow and could be the result of non-optimal XDC constraints or non-optimal design architecture
Related violations: <none>

TIMING-16#893 Warning
Large setup violation  
There is a large setup violation of -3.279 ns between CPU/DP/EXMREG/exm\\.RegWEN_out_reg/C (clocked by CPUCLK) and CPU/DP/DXREG/dx\\.imm_out_reg[29]/D (clocked by CPUCLK). Large setup violations at the end of those stages might be difficult to fix during the post-placement implementation flow and could be the result of non-optimal XDC constraints or non-optimal design architecture
Related violations: <none>

TIMING-16#894 Warning
Large setup violation  
There is a large setup violation of -3.280 ns between CPU/DP/EXMREG/exm\\.RegWEN_out_reg/C (clocked by CPUCLK) and CPU/DP/DXREG/dx\\.pc_out_reg[6]/D (clocked by CPUCLK). Large setup violations at the end of those stages might be difficult to fix during the post-placement implementation flow and could be the result of non-optimal XDC constraints or non-optimal design architecture
Related violations: <none>

TIMING-16#895 Warning
Large setup violation  
There is a large setup violation of -3.281 ns between CPU/DP/EXMREG/exm\\.RegWEN_out_reg/C (clocked by CPUCLK) and CPU/DP/DXREG/dx\\.rdat1_out_reg[15]/D (clocked by CPUCLK). Large setup violations at the end of those stages might be difficult to fix during the post-placement implementation flow and could be the result of non-optimal XDC constraints or non-optimal design architecture
Related violations: <none>

TIMING-16#896 Warning
Large setup violation  
There is a large setup violation of -3.282 ns between CPU/DP/EXMREG/exm\\.dmemWEN_reg_replica_8/C (clocked by CPUCLK) and RAM/addr_reg[13]/CE (clocked by MAIN). Large setup violations at the end of those stages might be difficult to fix during the post-placement implementation flow and could be the result of non-optimal XDC constraints or non-optimal design architecture
Related violations: <none>

TIMING-16#897 Warning
Large setup violation  
There is a large setup violation of -3.282 ns between CPU/DP/EXMREG/exm\\.dmemWEN_reg_replica_8/C (clocked by CPUCLK) and RAM/addr_reg[15]/CE (clocked by MAIN). Large setup violations at the end of those stages might be difficult to fix during the post-placement implementation flow and could be the result of non-optimal XDC constraints or non-optimal design architecture
Related violations: <none>

TIMING-16#898 Warning
Large setup violation  
There is a large setup violation of -3.282 ns between CPU/DP/EXMREG/exm\\.dmemWEN_reg_replica_8/C (clocked by CPUCLK) and RAM/addr_reg[19]/CE (clocked by MAIN). Large setup violations at the end of those stages might be difficult to fix during the post-placement implementation flow and could be the result of non-optimal XDC constraints or non-optimal design architecture
Related violations: <none>

TIMING-16#899 Warning
Large setup violation  
There is a large setup violation of -3.282 ns between CPU/DP/EXMREG/exm\\.dmemWEN_reg_replica_8/C (clocked by CPUCLK) and RAM/addr_reg[23]/CE (clocked by MAIN). Large setup violations at the end of those stages might be difficult to fix during the post-placement implementation flow and could be the result of non-optimal XDC constraints or non-optimal design architecture
Related violations: <none>

TIMING-16#900 Warning
Large setup violation  
There is a large setup violation of -3.283 ns between CPU/DP/EXMREG/exm\\.RegWEN_out_reg/C (clocked by CPUCLK) and CPU/DP/DXREG/dx\\.jumpPCsrc_out_reg[0]/D (clocked by CPUCLK). Large setup violations at the end of those stages might be difficult to fix during the post-placement implementation flow and could be the result of non-optimal XDC constraints or non-optimal design architecture
Related violations: <none>

TIMING-16#901 Warning
Large setup violation  
There is a large setup violation of -3.286 ns between CPU/DP/EXMREG/exm\\.RegWEN_out_reg/C (clocked by CPUCLK) and CPU/DP/DXREG/dx\\.rdat1_out_reg[10]/D (clocked by CPUCLK). Large setup violations at the end of those stages might be difficult to fix during the post-placement implementation flow and could be the result of non-optimal XDC constraints or non-optimal design architecture
Related violations: <none>

TIMING-16#902 Warning
Large setup violation  
There is a large setup violation of -3.286 ns between CPU/DP/EXMREG/exm\\.RegWEN_out_reg/C (clocked by CPUCLK) and CPU/DP/DXREG/dx\\.rdat1_out_reg[14]/D (clocked by CPUCLK). Large setup violations at the end of those stages might be difficult to fix during the post-placement implementation flow and could be the result of non-optimal XDC constraints or non-optimal design architecture
Related violations: <none>

TIMING-16#903 Warning
Large setup violation  
There is a large setup violation of -3.286 ns between CPU/DP/EXMREG/exm\\.RegWEN_out_reg/C (clocked by CPUCLK) and CPU/DP/DXREG/dx\\.rdat1_out_reg[4]/D (clocked by CPUCLK). Large setup violations at the end of those stages might be difficult to fix during the post-placement implementation flow and could be the result of non-optimal XDC constraints or non-optimal design architecture
Related violations: <none>

TIMING-16#904 Warning
Large setup violation  
There is a large setup violation of -3.288 ns between CPU/DP/EXMREG/exm\\.RegWEN_out_reg/C (clocked by CPUCLK) and CPU/DP/DXREG/dx\\.imm_out_reg[8]/D (clocked by CPUCLK). Large setup violations at the end of those stages might be difficult to fix during the post-placement implementation flow and could be the result of non-optimal XDC constraints or non-optimal design architecture
Related violations: <none>

TIMING-16#905 Warning
Large setup violation  
There is a large setup violation of -3.288 ns between CPU/DP/EXMREG/exm\\.RegWEN_out_reg/C (clocked by CPUCLK) and CPU/DP/DXREG/dx\\.rdat1_out_reg[5]/D (clocked by CPUCLK). Large setup violations at the end of those stages might be difficult to fix during the post-placement implementation flow and could be the result of non-optimal XDC constraints or non-optimal design architecture
Related violations: <none>

TIMING-16#906 Warning
Large setup violation  
There is a large setup violation of -3.291 ns between CPU/DP/EXMREG/exm\\.RegWEN_out_reg/C (clocked by CPUCLK) and CPU/DP/DXREG/dx\\.rs2_out_reg[2]/D (clocked by CPUCLK). Large setup violations at the end of those stages might be difficult to fix during the post-placement implementation flow and could be the result of non-optimal XDC constraints or non-optimal design architecture
Related violations: <none>

TIMING-16#907 Warning
Large setup violation  
There is a large setup violation of -3.292 ns between CPU/DP/EXMREG/exm\\.RegWEN_out_reg/C (clocked by CPUCLK) and CPU/DP/DXREG/dx\\.rdat1_out_reg[6]/D (clocked by CPUCLK). Large setup violations at the end of those stages might be difficult to fix during the post-placement implementation flow and could be the result of non-optimal XDC constraints or non-optimal design architecture
Related violations: <none>

TIMING-16#908 Warning
Large setup violation  
There is a large setup violation of -3.298 ns between CPU/DP/EXMREG/exm\\.dmemWEN_reg_replica_8/C (clocked by CPUCLK) and RAM/addr_reg[22]/CE (clocked by MAIN). Large setup violations at the end of those stages might be difficult to fix during the post-placement implementation flow and could be the result of non-optimal XDC constraints or non-optimal design architecture
Related violations: <none>

TIMING-16#909 Warning
Large setup violation  
There is a large setup violation of -3.298 ns between CPU/DP/EXMREG/exm\\.dmemWEN_reg_replica_8/C (clocked by CPUCLK) and RAM/addr_reg[2]/CE (clocked by MAIN). Large setup violations at the end of those stages might be difficult to fix during the post-placement implementation flow and could be the result of non-optimal XDC constraints or non-optimal design architecture
Related violations: <none>

TIMING-16#910 Warning
Large setup violation  
There is a large setup violation of -3.298 ns between CPU/DP/EXMREG/exm\\.dmemWEN_reg_replica_8/C (clocked by CPUCLK) and RAM/addr_reg[3]/CE (clocked by MAIN). Large setup violations at the end of those stages might be difficult to fix during the post-placement implementation flow and could be the result of non-optimal XDC constraints or non-optimal design architecture
Related violations: <none>

TIMING-16#911 Warning
Large setup violation  
There is a large setup violation of -3.298 ns between CPU/DP/EXMREG/exm\\.dmemWEN_reg_replica_8/C (clocked by CPUCLK) and RAM/addr_reg[4]/CE (clocked by MAIN). Large setup violations at the end of those stages might be difficult to fix during the post-placement implementation flow and could be the result of non-optimal XDC constraints or non-optimal design architecture
Related violations: <none>

TIMING-16#912 Warning
Large setup violation  
There is a large setup violation of -3.298 ns between CPU/DP/EXMREG/exm\\.dmemWEN_reg_replica_8/C (clocked by CPUCLK) and RAM/addr_reg[6]/CE (clocked by MAIN). Large setup violations at the end of those stages might be difficult to fix during the post-placement implementation flow and could be the result of non-optimal XDC constraints or non-optimal design architecture
Related violations: <none>

TIMING-16#913 Warning
Large setup violation  
There is a large setup violation of -3.298 ns between CPU/DP/EXMREG/exm\\.dmemWEN_reg_replica_8/C (clocked by CPUCLK) and RAM/addr_reg[8]/CE (clocked by MAIN). Large setup violations at the end of those stages might be difficult to fix during the post-placement implementation flow and could be the result of non-optimal XDC constraints or non-optimal design architecture
Related violations: <none>

TIMING-16#914 Warning
Large setup violation  
There is a large setup violation of -3.298 ns between CPU/DP/EXMREG/exm\\.dmemWEN_reg_replica_8/C (clocked by CPUCLK) and RAM/addr_reg[9]/CE (clocked by MAIN). Large setup violations at the end of those stages might be difficult to fix during the post-placement implementation flow and could be the result of non-optimal XDC constraints or non-optimal design architecture
Related violations: <none>

TIMING-16#915 Warning
Large setup violation  
There is a large setup violation of -3.301 ns between CPU/DP/EXMREG/exm\\.dmemWEN_reg_replica_8/C (clocked by CPUCLK) and RAM/en_reg[1]/CE (clocked by MAIN). Large setup violations at the end of those stages might be difficult to fix during the post-placement implementation flow and could be the result of non-optimal XDC constraints or non-optimal design architecture
Related violations: <none>

TIMING-16#916 Warning
Large setup violation  
There is a large setup violation of -3.302 ns between CPU/DP/EXMREG/exm\\.RegWEN_out_reg/C (clocked by CPUCLK) and CPU/DP/DXREG/dx\\.pc_out_reg[23]/D (clocked by CPUCLK). Large setup violations at the end of those stages might be difficult to fix during the post-placement implementation flow and could be the result of non-optimal XDC constraints or non-optimal design architecture
Related violations: <none>

TIMING-16#917 Warning
Large setup violation  
There is a large setup violation of -3.306 ns between CPU/DP/EXMREG/exm\\.RegWEN_out_reg/C (clocked by CPUCLK) and CPU/DP/DXREG/dx\\.pc_out_reg[24]/D (clocked by CPUCLK). Large setup violations at the end of those stages might be difficult to fix during the post-placement implementation flow and could be the result of non-optimal XDC constraints or non-optimal design architecture
Related violations: <none>

TIMING-16#918 Warning
Large setup violation  
There is a large setup violation of -3.338 ns between CPU/DP/EXMREG/exm\\.RegWEN_out_reg/C (clocked by CPUCLK) and CPU/DP/DXREG/dx\\.rs2_out_reg[0]/D (clocked by CPUCLK). Large setup violations at the end of those stages might be difficult to fix during the post-placement implementation flow and could be the result of non-optimal XDC constraints or non-optimal design architecture
Related violations: <none>

TIMING-16#919 Warning
Large setup violation  
There is a large setup violation of -3.338 ns between CPU/DP/EXMREG/exm\\.dmemWEN_reg_replica_8/C (clocked by CPUCLK) and RAM/addr_reg[0]/CE (clocked by MAIN). Large setup violations at the end of those stages might be difficult to fix during the post-placement implementation flow and could be the result of non-optimal XDC constraints or non-optimal design architecture
Related violations: <none>

TIMING-16#920 Warning
Large setup violation  
There is a large setup violation of -3.338 ns between CPU/DP/EXMREG/exm\\.dmemWEN_reg_replica_8/C (clocked by CPUCLK) and RAM/addr_reg[16]/CE (clocked by MAIN). Large setup violations at the end of those stages might be difficult to fix during the post-placement implementation flow and could be the result of non-optimal XDC constraints or non-optimal design architecture
Related violations: <none>

TIMING-16#921 Warning
Large setup violation  
There is a large setup violation of -3.338 ns between CPU/DP/EXMREG/exm\\.dmemWEN_reg_replica_8/C (clocked by CPUCLK) and RAM/addr_reg[18]/CE (clocked by MAIN). Large setup violations at the end of those stages might be difficult to fix during the post-placement implementation flow and could be the result of non-optimal XDC constraints or non-optimal design architecture
Related violations: <none>

TIMING-16#922 Warning
Large setup violation  
There is a large setup violation of -3.338 ns between CPU/DP/EXMREG/exm\\.dmemWEN_reg_replica_8/C (clocked by CPUCLK) and RAM/addr_reg[20]/CE (clocked by MAIN). Large setup violations at the end of those stages might be difficult to fix during the post-placement implementation flow and could be the result of non-optimal XDC constraints or non-optimal design architecture
Related violations: <none>

TIMING-16#923 Warning
Large setup violation  
There is a large setup violation of -3.340 ns between CPU/DP/EXMREG/exm\\.RegWEN_out_reg/C (clocked by CPUCLK) and CPU/DP/DXREG/dx\\.rdat1_out_reg[31]/D (clocked by CPUCLK). Large setup violations at the end of those stages might be difficult to fix during the post-placement implementation flow and could be the result of non-optimal XDC constraints or non-optimal design architecture
Related violations: <none>

TIMING-16#924 Warning
Large setup violation  
There is a large setup violation of -3.344 ns between CPU/DP/EXMREG/exm\\.RegWEN_out_reg/C (clocked by CPUCLK) and CPU/DP/DXREG/dx\\.rdat1_out_reg[22]/D (clocked by CPUCLK). Large setup violations at the end of those stages might be difficult to fix during the post-placement implementation flow and could be the result of non-optimal XDC constraints or non-optimal design architecture
Related violations: <none>

TIMING-16#925 Warning
Large setup violation  
There is a large setup violation of -3.347 ns between CPU/DP/EXMREG/exm\\.RegWEN_out_reg/C (clocked by CPUCLK) and CPU/DP/DXREG/dx\\.RegWEN_out_reg/D (clocked by CPUCLK). Large setup violations at the end of those stages might be difficult to fix during the post-placement implementation flow and could be the result of non-optimal XDC constraints or non-optimal design architecture
Related violations: <none>

TIMING-16#926 Warning
Large setup violation  
There is a large setup violation of -3.349 ns between CPU/DP/EXMREG/exm\\.RegWEN_out_reg/C (clocked by CPUCLK) and CPU/DP/DXREG/dx\\.rs2_out_reg[1]/D (clocked by CPUCLK). Large setup violations at the end of those stages might be difficult to fix during the post-placement implementation flow and could be the result of non-optimal XDC constraints or non-optimal design architecture
Related violations: <none>

TIMING-16#927 Warning
Large setup violation  
There is a large setup violation of -3.350 ns between CPU/DP/EXMREG/exm\\.RegWEN_out_reg/C (clocked by CPUCLK) and CPU/DP/DXREG/dx\\.imm_out_reg[30]/D (clocked by CPUCLK). Large setup violations at the end of those stages might be difficult to fix during the post-placement implementation flow and could be the result of non-optimal XDC constraints or non-optimal design architecture
Related violations: <none>

TIMING-16#928 Warning
Large setup violation  
There is a large setup violation of -3.363 ns between CPU/DP/EXMREG/exm\\.RegWEN_out_reg/C (clocked by CPUCLK) and CPU/DP/DXREG/dx\\.branchPCSrc_out_reg[1]/D (clocked by CPUCLK). Large setup violations at the end of those stages might be difficult to fix during the post-placement implementation flow and could be the result of non-optimal XDC constraints or non-optimal design architecture
Related violations: <none>

TIMING-16#929 Warning
Large setup violation  
There is a large setup violation of -3.363 ns between CPU/DP/EXMREG/exm\\.RegWEN_out_reg/C (clocked by CPUCLK) and CPU/DP/DXREG/dx\\.rdat1_out_reg[23]/D (clocked by CPUCLK). Large setup violations at the end of those stages might be difficult to fix during the post-placement implementation flow and could be the result of non-optimal XDC constraints or non-optimal design architecture
Related violations: <none>

TIMING-16#930 Warning
Large setup violation  
There is a large setup violation of -3.364 ns between CPU/DP/MWBREG/mwb\\.pc_out_reg[6]/C (clocked by CPUCLK) and CPU/DP/FDFREG/fdf\\.inst_out_reg[26]/D (clocked by CPUCLK). Large setup violations at the end of those stages might be difficult to fix during the post-placement implementation flow and could be the result of non-optimal XDC constraints or non-optimal design architecture
Related violations: <none>

TIMING-16#931 Warning
Large setup violation  
There is a large setup violation of -3.369 ns between CPU/DP/EXMREG/exm\\.RegWEN_out_reg/C (clocked by CPUCLK) and CPU/DP/DXREG/dx\\.rdat1_out_reg[21]/D (clocked by CPUCLK). Large setup violations at the end of those stages might be difficult to fix during the post-placement implementation flow and could be the result of non-optimal XDC constraints or non-optimal design architecture
Related violations: <none>

TIMING-16#932 Warning
Large setup violation  
There is a large setup violation of -3.373 ns between CPU/DP/EXMREG/exm\\.RegWEN_out_reg/C (clocked by CPUCLK) and CPU/DP/DXREG/dx\\.rdat1_out_reg[24]/D (clocked by CPUCLK). Large setup violations at the end of those stages might be difficult to fix during the post-placement implementation flow and could be the result of non-optimal XDC constraints or non-optimal design architecture
Related violations: <none>

TIMING-16#933 Warning
Large setup violation  
There is a large setup violation of -3.375 ns between CPU/DP/EXMREG/exm\\.RegWEN_out_reg/C (clocked by CPUCLK) and CPU/DP/DXREG/dx\\.rdat1_out_reg[11]/D (clocked by CPUCLK). Large setup violations at the end of those stages might be difficult to fix during the post-placement implementation flow and could be the result of non-optimal XDC constraints or non-optimal design architecture
Related violations: <none>

TIMING-16#934 Warning
Large setup violation  
There is a large setup violation of -3.380 ns between CPU/DP/EXMREG/exm\\.RegWEN_out_reg/C (clocked by CPUCLK) and CPU/DP/DXREG/dx\\.MemtoReg_out_reg[1]/D (clocked by CPUCLK). Large setup violations at the end of those stages might be difficult to fix during the post-placement implementation flow and could be the result of non-optimal XDC constraints or non-optimal design architecture
Related violations: <none>

TIMING-16#935 Warning
Large setup violation  
There is a large setup violation of -3.384 ns between CPU/DP/EXMREG/exm\\.RegWEN_out_reg/C (clocked by CPUCLK) and CPU/DP/DXREG/dx\\.rdat2_out_reg[31]/D (clocked by CPUCLK). Large setup violations at the end of those stages might be difficult to fix during the post-placement implementation flow and could be the result of non-optimal XDC constraints or non-optimal design architecture
Related violations: <none>

TIMING-16#936 Warning
Large setup violation  
There is a large setup violation of -3.389 ns between CPU/DP/EXMREG/exm\\.RegWEN_out_reg/C (clocked by CPUCLK) and CPU/DP/DXREG/dx\\.rs2_out_reg[3]/D (clocked by CPUCLK). Large setup violations at the end of those stages might be difficult to fix during the post-placement implementation flow and could be the result of non-optimal XDC constraints or non-optimal design architecture
Related violations: <none>

TIMING-16#937 Warning
Large setup violation  
There is a large setup violation of -3.391 ns between CPU/DP/EXMREG/exm\\.RegWEN_out_reg/C (clocked by CPUCLK) and CPU/DP/DXREG/dx\\.rdat1_out_reg[17]/D (clocked by CPUCLK). Large setup violations at the end of those stages might be difficult to fix during the post-placement implementation flow and could be the result of non-optimal XDC constraints or non-optimal design architecture
Related violations: <none>

TIMING-16#938 Warning
Large setup violation  
There is a large setup violation of -3.392 ns between CPU/DP/MWBREG/mwb\\.pc_out_reg[6]/C (clocked by CPUCLK) and CPU/DP/FDFREG/fdf\\.inst_out_reg[10]/D (clocked by CPUCLK). Large setup violations at the end of those stages might be difficult to fix during the post-placement implementation flow and could be the result of non-optimal XDC constraints or non-optimal design architecture
Related violations: <none>

TIMING-16#939 Warning
Large setup violation  
There is a large setup violation of -3.393 ns between CPU/DP/EXMREG/exm\\.RegWEN_out_reg/C (clocked by CPUCLK) and CPU/DP/DXREG/dx\\.imm_out_reg[22]/D (clocked by CPUCLK). Large setup violations at the end of those stages might be difficult to fix during the post-placement implementation flow and could be the result of non-optimal XDC constraints or non-optimal design architecture
Related violations: <none>

TIMING-16#940 Warning
Large setup violation  
There is a large setup violation of -3.393 ns between CPU/DP/EXMREG/exm\\.RegWEN_out_reg/C (clocked by CPUCLK) and CPU/DP/DXREG/dx\\.rdat1_out_reg[16]/D (clocked by CPUCLK). Large setup violations at the end of those stages might be difficult to fix during the post-placement implementation flow and could be the result of non-optimal XDC constraints or non-optimal design architecture
Related violations: <none>

TIMING-16#941 Warning
Large setup violation  
There is a large setup violation of -3.394 ns between CPU/DP/EXMREG/exm\\.RegWEN_out_reg/C (clocked by CPUCLK) and CPU/DP/DXREG/dx\\.pc_out_reg[31]/D (clocked by CPUCLK). Large setup violations at the end of those stages might be difficult to fix during the post-placement implementation flow and could be the result of non-optimal XDC constraints or non-optimal design architecture
Related violations: <none>

TIMING-16#942 Warning
Large setup violation  
There is a large setup violation of -3.395 ns between CPU/DP/EXMREG/exm\\.RegWEN_out_reg/C (clocked by CPUCLK) and CPU/DP/DXREG/dx\\.imm_out_reg[23]/D (clocked by CPUCLK). Large setup violations at the end of those stages might be difficult to fix during the post-placement implementation flow and could be the result of non-optimal XDC constraints or non-optimal design architecture
Related violations: <none>

TIMING-16#943 Warning
Large setup violation  
There is a large setup violation of -3.395 ns between CPU/DP/EXMREG/exm\\.RegWEN_out_reg/C (clocked by CPUCLK) and CPU/DP/DXREG/dx\\.rdat2_out_reg[17]/D (clocked by CPUCLK). Large setup violations at the end of those stages might be difficult to fix during the post-placement implementation flow and could be the result of non-optimal XDC constraints or non-optimal design architecture
Related violations: <none>

TIMING-16#944 Warning
Large setup violation  
There is a large setup violation of -3.401 ns between CPU/DP/EXMREG/exm\\.RegWEN_out_reg/C (clocked by CPUCLK) and CPU/DP/DXREG/dx\\.inst_out_reg[3]/D (clocked by CPUCLK). Large setup violations at the end of those stages might be difficult to fix during the post-placement implementation flow and could be the result of non-optimal XDC constraints or non-optimal design architecture
Related violations: <none>

TIMING-16#945 Warning
Large setup violation  
There is a large setup violation of -3.401 ns between CPU/DP/EXMREG/exm\\.RegWEN_out_reg/C (clocked by CPUCLK) and CPU/DP/DXREG/dx\\.pc_out_reg[27]/D (clocked by CPUCLK). Large setup violations at the end of those stages might be difficult to fix during the post-placement implementation flow and could be the result of non-optimal XDC constraints or non-optimal design architecture
Related violations: <none>

TIMING-16#946 Warning
Large setup violation  
There is a large setup violation of -3.401 ns between CPU/DP/EXMREG/exm\\.RegWEN_out_reg/C (clocked by CPUCLK) and CPU/DP/DXREG/dx\\.rd_out_reg[0]/D (clocked by CPUCLK). Large setup violations at the end of those stages might be difficult to fix during the post-placement implementation flow and could be the result of non-optimal XDC constraints or non-optimal design architecture
Related violations: <none>

TIMING-16#947 Warning
Large setup violation  
There is a large setup violation of -3.402 ns between CPU/DP/EXMREG/exm\\.RegWEN_out_reg/C (clocked by CPUCLK) and CPU/DP/DXREG/dx\\.rdat2_out_reg[25]/D (clocked by CPUCLK). Large setup violations at the end of those stages might be difficult to fix during the post-placement implementation flow and could be the result of non-optimal XDC constraints or non-optimal design architecture
Related violations: <none>

TIMING-16#948 Warning
Large setup violation  
There is a large setup violation of -3.403 ns between CPU/DP/EXMREG/exm\\.RegWEN_out_reg/C (clocked by CPUCLK) and CPU/DP/DXREG/dx\\.rdat1_out_reg[19]/D (clocked by CPUCLK). Large setup violations at the end of those stages might be difficult to fix during the post-placement implementation flow and could be the result of non-optimal XDC constraints or non-optimal design architecture
Related violations: <none>

TIMING-16#949 Warning
Large setup violation  
There is a large setup violation of -3.404 ns between CPU/DP/EXMREG/exm\\.RegWEN_out_reg/C (clocked by CPUCLK) and CPU/DP/DXREG/dx\\.rdat1_out_reg[1]/D (clocked by CPUCLK). Large setup violations at the end of those stages might be difficult to fix during the post-placement implementation flow and could be the result of non-optimal XDC constraints or non-optimal design architecture
Related violations: <none>

TIMING-16#950 Warning
Large setup violation  
There is a large setup violation of -3.404 ns between CPU/DP/EXMREG/exm\\.RegWEN_out_reg/C (clocked by CPUCLK) and CPU/DP/DXREG/dx\\.rdat2_out_reg[21]/D (clocked by CPUCLK). Large setup violations at the end of those stages might be difficult to fix during the post-placement implementation flow and could be the result of non-optimal XDC constraints or non-optimal design architecture
Related violations: <none>

TIMING-16#951 Warning
Large setup violation  
There is a large setup violation of -3.406 ns between CPU/DP/EXMREG/exm\\.RegWEN_out_reg/C (clocked by CPUCLK) and CPU/DP/DXREG/dx\\.inst_out_reg[1]/D (clocked by CPUCLK). Large setup violations at the end of those stages might be difficult to fix during the post-placement implementation flow and could be the result of non-optimal XDC constraints or non-optimal design architecture
Related violations: <none>

TIMING-16#952 Warning
Large setup violation  
There is a large setup violation of -3.406 ns between CPU/DP/EXMREG/exm\\.RegWEN_out_reg/C (clocked by CPUCLK) and CPU/DP/DXREG/dx\\.pc_out_reg[4]/D (clocked by CPUCLK). Large setup violations at the end of those stages might be difficult to fix during the post-placement implementation flow and could be the result of non-optimal XDC constraints or non-optimal design architecture
Related violations: <none>

TIMING-16#953 Warning
Large setup violation  
There is a large setup violation of -3.407 ns between CPU/DP/EXMREG/exm\\.RegWEN_out_reg/C (clocked by CPUCLK) and CPU/DP/DXREG/dx\\.rdat1_out_reg[25]/D (clocked by CPUCLK). Large setup violations at the end of those stages might be difficult to fix during the post-placement implementation flow and could be the result of non-optimal XDC constraints or non-optimal design architecture
Related violations: <none>

TIMING-16#954 Warning
Large setup violation  
There is a large setup violation of -3.408 ns between CPU/DP/EXMREG/exm\\.RegWEN_out_reg/C (clocked by CPUCLK) and CPU/DP/DXREG/dx\\.imm_out_reg[15]/D (clocked by CPUCLK). Large setup violations at the end of those stages might be difficult to fix during the post-placement implementation flow and could be the result of non-optimal XDC constraints or non-optimal design architecture
Related violations: <none>

TIMING-16#955 Warning
Large setup violation  
There is a large setup violation of -3.409 ns between CPU/DP/EXMREG/exm\\.RegWEN_out_reg/C (clocked by CPUCLK) and CPU/DP/DXREG/dx\\.imm_out_reg[31]/D (clocked by CPUCLK). Large setup violations at the end of those stages might be difficult to fix during the post-placement implementation flow and could be the result of non-optimal XDC constraints or non-optimal design architecture
Related violations: <none>

TIMING-16#956 Warning
Large setup violation  
There is a large setup violation of -3.409 ns between CPU/DP/EXMREG/exm\\.RegWEN_out_reg/C (clocked by CPUCLK) and CPU/DP/DXREG/dx\\.rdat2_out_reg[26]/D (clocked by CPUCLK). Large setup violations at the end of those stages might be difficult to fix during the post-placement implementation flow and could be the result of non-optimal XDC constraints or non-optimal design architecture
Related violations: <none>

TIMING-16#957 Warning
Large setup violation  
There is a large setup violation of -3.410 ns between CPU/DP/EXMREG/exm\\.RegWEN_out_reg/C (clocked by CPUCLK) and CPU/DP/DXREG/dx\\.inst_out_reg[2]/D (clocked by CPUCLK). Large setup violations at the end of those stages might be difficult to fix during the post-placement implementation flow and could be the result of non-optimal XDC constraints or non-optimal design architecture
Related violations: <none>

TIMING-16#958 Warning
Large setup violation  
There is a large setup violation of -3.411 ns between CPU/DP/EXMREG/exm\\.RegWEN_out_reg/C (clocked by CPUCLK) and CPU/DP/DXREG/dx\\.inst_out_reg[4]/D (clocked by CPUCLK). Large setup violations at the end of those stages might be difficult to fix during the post-placement implementation flow and could be the result of non-optimal XDC constraints or non-optimal design architecture
Related violations: <none>

TIMING-16#959 Warning
Large setup violation  
There is a large setup violation of -3.414 ns between CPU/DP/EXMREG/exm\\.RegWEN_out_reg/C (clocked by CPUCLK) and CPU/DP/DXREG/dx\\.rdat1_out_reg[20]/D (clocked by CPUCLK). Large setup violations at the end of those stages might be difficult to fix during the post-placement implementation flow and could be the result of non-optimal XDC constraints or non-optimal design architecture
Related violations: <none>

TIMING-16#960 Warning
Large setup violation  
There is a large setup violation of -3.416 ns between CPU/DP/EXMREG/exm\\.RegWEN_out_reg/C (clocked by CPUCLK) and CPU/DP/DXREG/dx\\.aluop_out_reg[1]/D (clocked by CPUCLK). Large setup violations at the end of those stages might be difficult to fix during the post-placement implementation flow and could be the result of non-optimal XDC constraints or non-optimal design architecture
Related violations: <none>

TIMING-16#961 Warning
Large setup violation  
There is a large setup violation of -3.417 ns between CPU/DP/EXMREG/exm\\.RegWEN_out_reg/C (clocked by CPUCLK) and CPU/DP/DXREG/dx\\.imm_out_reg[21]/D (clocked by CPUCLK). Large setup violations at the end of those stages might be difficult to fix during the post-placement implementation flow and could be the result of non-optimal XDC constraints or non-optimal design architecture
Related violations: <none>

TIMING-16#962 Warning
Large setup violation  
There is a large setup violation of -3.421 ns between CPU/DP/EXMREG/exm\\.RegWEN_out_reg/C (clocked by CPUCLK) and CPU/DP/DXREG/dx\\.rdat1_out_reg[30]/D (clocked by CPUCLK). Large setup violations at the end of those stages might be difficult to fix during the post-placement implementation flow and could be the result of non-optimal XDC constraints or non-optimal design architecture
Related violations: <none>

TIMING-16#963 Warning
Large setup violation  
There is a large setup violation of -3.422 ns between CPU/DP/EXMREG/exm\\.RegWEN_out_reg/C (clocked by CPUCLK) and CPU/DP/DXREG/dx\\.imm_out_reg[0]/D (clocked by CPUCLK). Large setup violations at the end of those stages might be difficult to fix during the post-placement implementation flow and could be the result of non-optimal XDC constraints or non-optimal design architecture
Related violations: <none>

TIMING-16#964 Warning
Large setup violation  
There is a large setup violation of -3.426 ns between CPU/DP/EXMREG/exm\\.RegWEN_out_reg/C (clocked by CPUCLK) and CPU/DP/DXREG/dx\\.rdat1_out_reg[29]/D (clocked by CPUCLK). Large setup violations at the end of those stages might be difficult to fix during the post-placement implementation flow and could be the result of non-optimal XDC constraints or non-optimal design architecture
Related violations: <none>

TIMING-16#965 Warning
Large setup violation  
There is a large setup violation of -3.429 ns between CPU/DP/EXMREG/exm\\.RegWEN_out_reg/C (clocked by CPUCLK) and CPU/DP/DXREG/dx\\.imm_out_reg[14]/D (clocked by CPUCLK). Large setup violations at the end of those stages might be difficult to fix during the post-placement implementation flow and could be the result of non-optimal XDC constraints or non-optimal design architecture
Related violations: <none>

TIMING-16#966 Warning
Large setup violation  
There is a large setup violation of -3.431 ns between CPU/DP/EXMREG/exm\\.RegWEN_out_reg/C (clocked by CPUCLK) and CPU/DP/DXREG/dx\\.pc_out_reg[15]/D (clocked by CPUCLK). Large setup violations at the end of those stages might be difficult to fix during the post-placement implementation flow and could be the result of non-optimal XDC constraints or non-optimal design architecture
Related violations: <none>

TIMING-16#967 Warning
Large setup violation  
There is a large setup violation of -3.431 ns between CPU/DP/EXMREG/exm\\.RegWEN_out_reg/C (clocked by CPUCLK) and CPU/DP/DXREG/dx\\.rdat2_out_reg[7]/D (clocked by CPUCLK). Large setup violations at the end of those stages might be difficult to fix during the post-placement implementation flow and could be the result of non-optimal XDC constraints or non-optimal design architecture
Related violations: <none>

TIMING-16#968 Warning
Large setup violation  
There is a large setup violation of -3.434 ns between CPU/DP/EXMREG/exm\\.RegWEN_out_reg/C (clocked by CPUCLK) and CPU/DP/DXREG/dx\\.imm_out_reg[12]/D (clocked by CPUCLK). Large setup violations at the end of those stages might be difficult to fix during the post-placement implementation flow and could be the result of non-optimal XDC constraints or non-optimal design architecture
Related violations: <none>

TIMING-16#969 Warning
Large setup violation  
There is a large setup violation of -3.434 ns between CPU/DP/EXMREG/exm\\.RegWEN_out_reg/C (clocked by CPUCLK) and CPU/DP/DXREG/dx\\.rdat2_out_reg[0]/D (clocked by CPUCLK). Large setup violations at the end of those stages might be difficult to fix during the post-placement implementation flow and could be the result of non-optimal XDC constraints or non-optimal design architecture
Related violations: <none>

TIMING-16#970 Warning
Large setup violation  
There is a large setup violation of -3.435 ns between CPU/DP/EXMREG/exm\\.RegWEN_out_reg/C (clocked by CPUCLK) and CPU/DP/DXREG/dx\\.pc_out_reg[16]/D (clocked by CPUCLK). Large setup violations at the end of those stages might be difficult to fix during the post-placement implementation flow and could be the result of non-optimal XDC constraints or non-optimal design architecture
Related violations: <none>

TIMING-16#971 Warning
Large setup violation  
There is a large setup violation of -3.435 ns between CPU/DP/EXMREG/exm\\.RegWEN_out_reg/C (clocked by CPUCLK) and CPU/DP/DXREG/dx\\.rdat2_out_reg[8]/D (clocked by CPUCLK). Large setup violations at the end of those stages might be difficult to fix during the post-placement implementation flow and could be the result of non-optimal XDC constraints or non-optimal design architecture
Related violations: <none>

TIMING-16#972 Warning
Large setup violation  
There is a large setup violation of -3.438 ns between CPU/DP/EXMREG/exm\\.RegWEN_out_reg/C (clocked by CPUCLK) and CPU/DP/DXREG/dx\\.rdat2_out_reg[24]/D (clocked by CPUCLK). Large setup violations at the end of those stages might be difficult to fix during the post-placement implementation flow and could be the result of non-optimal XDC constraints or non-optimal design architecture
Related violations: <none>

TIMING-16#973 Warning
Large setup violation  
There is a large setup violation of -3.447 ns between CPU/DP/EXMREG/exm\\.RegWEN_out_reg/C (clocked by CPUCLK) and CPU/DP/DXREG/dx\\.rdat2_out_reg[6]/D (clocked by CPUCLK). Large setup violations at the end of those stages might be difficult to fix during the post-placement implementation flow and could be the result of non-optimal XDC constraints or non-optimal design architecture
Related violations: <none>

TIMING-16#974 Warning
Large setup violation  
There is a large setup violation of -3.452 ns between CPU/DP/EXMREG/exm\\.RegWEN_out_reg/C (clocked by CPUCLK) and CPU/DP/DXREG/dx\\.rdat2_out_reg[5]/D (clocked by CPUCLK). Large setup violations at the end of those stages might be difficult to fix during the post-placement implementation flow and could be the result of non-optimal XDC constraints or non-optimal design architecture
Related violations: <none>

TIMING-16#975 Warning
Large setup violation  
There is a large setup violation of -3.453 ns between CPU/DP/EXMREG/exm\\.RegWEN_out_reg/C (clocked by CPUCLK) and CPU/DP/DXREG/dx\\.pc_out_reg[22]/D (clocked by CPUCLK). Large setup violations at the end of those stages might be difficult to fix during the post-placement implementation flow and could be the result of non-optimal XDC constraints or non-optimal design architecture
Related violations: <none>

TIMING-16#976 Warning
Large setup violation  
There is a large setup violation of -3.456 ns between CPU/DP/EXMREG/exm\\.RegWEN_out_reg/C (clocked by CPUCLK) and CPU/DP/DXREG/dx\\.rdat2_out_reg[22]/D (clocked by CPUCLK). Large setup violations at the end of those stages might be difficult to fix during the post-placement implementation flow and could be the result of non-optimal XDC constraints or non-optimal design architecture
Related violations: <none>

TIMING-16#977 Warning
Large setup violation  
There is a large setup violation of -3.458 ns between CPU/DP/EXMREG/exm\\.RegWEN_out_reg/C (clocked by CPUCLK) and CPU/DP/DXREG/dx\\.pc_out_reg[21]/D (clocked by CPUCLK). Large setup violations at the end of those stages might be difficult to fix during the post-placement implementation flow and could be the result of non-optimal XDC constraints or non-optimal design architecture
Related violations: <none>

TIMING-16#978 Warning
Large setup violation  
There is a large setup violation of -3.462 ns between CPU/DP/EXMREG/exm\\.RegWEN_out_reg/C (clocked by CPUCLK) and CPU/DP/DXREG/dx\\.pc_out_reg[14]/D (clocked by CPUCLK). Large setup violations at the end of those stages might be difficult to fix during the post-placement implementation flow and could be the result of non-optimal XDC constraints or non-optimal design architecture
Related violations: <none>

TIMING-16#979 Warning
Large setup violation  
There is a large setup violation of -3.467 ns between CPU/DP/EXMREG/exm\\.RegWEN_out_reg/C (clocked by CPUCLK) and CPU/DP/DXREG/dx\\.inst_out_reg[5]/D (clocked by CPUCLK). Large setup violations at the end of those stages might be difficult to fix during the post-placement implementation flow and could be the result of non-optimal XDC constraints or non-optimal design architecture
Related violations: <none>

TIMING-16#980 Warning
Large setup violation  
There is a large setup violation of -3.471 ns between CPU/DP/EXMREG/exm\\.RegWEN_out_reg/C (clocked by CPUCLK) and CPU/DP/DXREG/dx\\.pc_out_reg[9]/D (clocked by CPUCLK). Large setup violations at the end of those stages might be difficult to fix during the post-placement implementation flow and could be the result of non-optimal XDC constraints or non-optimal design architecture
Related violations: <none>

TIMING-16#981 Warning
Large setup violation  
There is a large setup violation of -3.473 ns between CPU/DP/EXMREG/exm\\.RegWEN_out_reg/C (clocked by CPUCLK) and CPU/DP/DXREG/dx\\.dREN_out_reg/D (clocked by CPUCLK). Large setup violations at the end of those stages might be difficult to fix during the post-placement implementation flow and could be the result of non-optimal XDC constraints or non-optimal design architecture
Related violations: <none>

TIMING-16#982 Warning
Large setup violation  
There is a large setup violation of -3.480 ns between CPU/DP/EXMREG/exm\\.RegWEN_out_reg/C (clocked by CPUCLK) and CPU/DP/DXREG/dx\\.inst_out_reg[0]/D (clocked by CPUCLK). Large setup violations at the end of those stages might be difficult to fix during the post-placement implementation flow and could be the result of non-optimal XDC constraints or non-optimal design architecture
Related violations: <none>

TIMING-16#983 Warning
Large setup violation  
There is a large setup violation of -3.485 ns between CPU/DP/EXMREG/exm\\.RegWEN_out_reg/C (clocked by CPUCLK) and CPU/DP/DXREG/dx\\.rdat2_out_reg[18]/D (clocked by CPUCLK). Large setup violations at the end of those stages might be difficult to fix during the post-placement implementation flow and could be the result of non-optimal XDC constraints or non-optimal design architecture
Related violations: <none>

TIMING-16#984 Warning
Large setup violation  
There is a large setup violation of -3.495 ns between CPU/DP/EXMREG/exm\\.RegWEN_out_reg/C (clocked by CPUCLK) and CPU/DP/DXREG/dx\\.pc_out_reg[8]/D (clocked by CPUCLK). Large setup violations at the end of those stages might be difficult to fix during the post-placement implementation flow and could be the result of non-optimal XDC constraints or non-optimal design architecture
Related violations: <none>

TIMING-16#985 Warning
Large setup violation  
There is a large setup violation of -3.496 ns between CPU/DP/EXMREG/exm\\.RegWEN_out_reg/C (clocked by CPUCLK) and CPU/DP/DXREG/dx\\.pc_out_reg[10]/D (clocked by CPUCLK). Large setup violations at the end of those stages might be difficult to fix during the post-placement implementation flow and could be the result of non-optimal XDC constraints or non-optimal design architecture
Related violations: <none>

TIMING-16#986 Warning
Large setup violation  
There is a large setup violation of -3.500 ns between CPU/DP/EXMREG/exm\\.RegWEN_out_reg/C (clocked by CPUCLK) and CPU/DP/DXREG/dx\\.pc_out_reg[7]/D (clocked by CPUCLK). Large setup violations at the end of those stages might be difficult to fix during the post-placement implementation flow and could be the result of non-optimal XDC constraints or non-optimal design architecture
Related violations: <none>

TIMING-16#987 Warning
Large setup violation  
There is a large setup violation of -3.525 ns between CPU/DP/EXMREG/exm\\.RegWEN_out_reg/C (clocked by CPUCLK) and CPU/DP/DXREG/dx\\.rdat2_out_reg[29]/D (clocked by CPUCLK). Large setup violations at the end of those stages might be difficult to fix during the post-placement implementation flow and could be the result of non-optimal XDC constraints or non-optimal design architecture
Related violations: <none>

TIMING-16#988 Warning
Large setup violation  
There is a large setup violation of -3.531 ns between CPU/DP/EXMREG/exm\\.RegWEN_out_reg/C (clocked by CPUCLK) and CPU/DP/DXREG/dx\\.rdat2_out_reg[28]/D (clocked by CPUCLK). Large setup violations at the end of those stages might be difficult to fix during the post-placement implementation flow and could be the result of non-optimal XDC constraints or non-optimal design architecture
Related violations: <none>

TIMING-16#989 Warning
Large setup violation  
There is a large setup violation of -3.533 ns between CPU/DP/EXMREG/exm\\.RegWEN_out_reg/C (clocked by CPUCLK) and CPU/DP/DXREG/dx\\.imm_out_reg[3]/D (clocked by CPUCLK). Large setup violations at the end of those stages might be difficult to fix during the post-placement implementation flow and could be the result of non-optimal XDC constraints or non-optimal design architecture
Related violations: <none>

TIMING-16#990 Warning
Large setup violation  
There is a large setup violation of -3.534 ns between CPU/DP/EXMREG/exm\\.RegWEN_out_reg/C (clocked by CPUCLK) and CPU/DP/DXREG/dx\\.pc_out_reg[25]/D (clocked by CPUCLK). Large setup violations at the end of those stages might be difficult to fix during the post-placement implementation flow and could be the result of non-optimal XDC constraints or non-optimal design architecture
Related violations: <none>

TIMING-16#991 Warning
Large setup violation  
There is a large setup violation of -3.540 ns between CPU/DP/EXMREG/exm\\.RegWEN_out_reg/C (clocked by CPUCLK) and CPU/DP/DXREG/dx\\.imm_out_reg[19]/D (clocked by CPUCLK). Large setup violations at the end of those stages might be difficult to fix during the post-placement implementation flow and could be the result of non-optimal XDC constraints or non-optimal design architecture
Related violations: <none>

TIMING-16#992 Warning
Large setup violation  
There is a large setup violation of -3.551 ns between CPU/DP/EXMREG/exm\\.RegWEN_out_reg/C (clocked by CPUCLK) and CPU/DP/DXREG/dx\\.rdat2_out_reg[19]/D (clocked by CPUCLK). Large setup violations at the end of those stages might be difficult to fix during the post-placement implementation flow and could be the result of non-optimal XDC constraints or non-optimal design architecture
Related violations: <none>

TIMING-16#993 Warning
Large setup violation  
There is a large setup violation of -3.594 ns between CPU/DP/EXMREG/exm\\.RegWEN_out_reg/C (clocked by CPUCLK) and CPU/DP/DXREG/dx\\.pc_out_reg[26]/D (clocked by CPUCLK). Large setup violations at the end of those stages might be difficult to fix during the post-placement implementation flow and could be the result of non-optimal XDC constraints or non-optimal design architecture
Related violations: <none>

TIMING-16#994 Warning
Large setup violation  
There is a large setup violation of -3.632 ns between CPU/DP/EXMREG/exm\\.dmemWEN_reg_replica_8/C (clocked by CPUCLK) and RAM/mem_reg_10/WEA[0] (clocked by MAIN). Large setup violations at the end of those stages might be difficult to fix during the post-placement implementation flow and could be the result of non-optimal XDC constraints or non-optimal design architecture
Related violations: <none>

TIMING-16#995 Warning
Large setup violation  
There is a large setup violation of -3.771 ns between CPU/DP/EXMREG/exm\\.dmemWEN_reg_replica_8/C (clocked by CPUCLK) and RAM/mem_reg_1/WEA[0] (clocked by MAIN). Large setup violations at the end of those stages might be difficult to fix during the post-placement implementation flow and could be the result of non-optimal XDC constraints or non-optimal design architecture
Related violations: <none>

TIMING-16#996 Warning
Large setup violation  
There is a large setup violation of -3.785 ns between CPU/DP/EXMREG/exm\\.dmemWEN_reg_replica_8/C (clocked by CPUCLK) and RAM/mem_reg_13/WEA[0] (clocked by MAIN). Large setup violations at the end of those stages might be difficult to fix during the post-placement implementation flow and could be the result of non-optimal XDC constraints or non-optimal design architecture
Related violations: <none>

TIMING-16#997 Warning
Large setup violation  
There is a large setup violation of -3.787 ns between CPU/DP/EXMREG/exm\\.RegWEN_out_reg/C (clocked by CPUCLK) and CPU/DP/FDFREG/fdf\\.inst_out_reg[15]/D (clocked by CPUCLK). Large setup violations at the end of those stages might be difficult to fix during the post-placement implementation flow and could be the result of non-optimal XDC constraints or non-optimal design architecture
Related violations: <none>

TIMING-16#998 Warning
Large setup violation  
There is a large setup violation of -3.809 ns between CPU/DP/EXMREG/exm\\.dmemWEN_reg_replica_8/C (clocked by CPUCLK) and RAM/mem_reg_11/WEA[0] (clocked by MAIN). Large setup violations at the end of those stages might be difficult to fix during the post-placement implementation flow and could be the result of non-optimal XDC constraints or non-optimal design architecture
Related violations: <none>

TIMING-16#999 Warning
Large setup violation  
There is a large setup violation of -3.830 ns between CPU/DP/EXMREG/exm\\.dmemWEN_reg_replica_8/C (clocked by CPUCLK) and RAM/mem_reg_0/WEA[0] (clocked by MAIN). Large setup violations at the end of those stages might be difficult to fix during the post-placement implementation flow and could be the result of non-optimal XDC constraints or non-optimal design architecture
Related violations: <none>

TIMING-16#1000 Warning
Large setup violation  
There is a large setup violation of -3.912 ns between CPU/DP/EXMREG/exm\\.dmemWEN_reg_replica_8/C (clocked by CPUCLK) and RAM/mem_reg_12/WEA[0] (clocked by MAIN). Large setup violations at the end of those stages might be difficult to fix during the post-placement implementation flow and could be the result of non-optimal XDC constraints or non-optimal design architecture
Related violations: <none>

TIMING-18#1 Warning
Missing input or output delay  
An input delay is missing on dbg_addr[0] relative to the rising and/or falling clock edge(s) of MAIN.
Related violations: <none>

TIMING-18#2 Warning
Missing input or output delay  
An input delay is missing on dbg_addr[10] relative to the rising and/or falling clock edge(s) of MAIN.
Related violations: <none>

TIMING-18#3 Warning
Missing input or output delay  
An input delay is missing on dbg_addr[11] relative to the rising and/or falling clock edge(s) of MAIN.
Related violations: <none>

TIMING-18#4 Warning
Missing input or output delay  
An input delay is missing on dbg_addr[12] relative to the rising and/or falling clock edge(s) of MAIN.
Related violations: <none>

TIMING-18#5 Warning
Missing input or output delay  
An input delay is missing on dbg_addr[13] relative to the rising and/or falling clock edge(s) of MAIN.
Related violations: <none>

TIMING-18#6 Warning
Missing input or output delay  
An input delay is missing on dbg_addr[1] relative to the rising and/or falling clock edge(s) of MAIN.
Related violations: <none>

TIMING-18#7 Warning
Missing input or output delay  
An input delay is missing on dbg_addr[2] relative to the rising and/or falling clock edge(s) of MAIN.
Related violations: <none>

TIMING-18#8 Warning
Missing input or output delay  
An input delay is missing on dbg_addr[3] relative to the rising and/or falling clock edge(s) of MAIN.
Related violations: <none>

TIMING-18#9 Warning
Missing input or output delay  
An input delay is missing on dbg_addr[4] relative to the rising and/or falling clock edge(s) of MAIN.
Related violations: <none>

TIMING-18#10 Warning
Missing input or output delay  
An input delay is missing on dbg_addr[5] relative to the rising and/or falling clock edge(s) of MAIN.
Related violations: <none>

TIMING-18#11 Warning
Missing input or output delay  
An input delay is missing on dbg_addr[6] relative to the rising and/or falling clock edge(s) of MAIN.
Related violations: <none>

TIMING-18#12 Warning
Missing input or output delay  
An input delay is missing on dbg_addr[7] relative to the rising and/or falling clock edge(s) of MAIN.
Related violations: <none>

TIMING-18#13 Warning
Missing input or output delay  
An input delay is missing on dbg_addr[8] relative to the rising and/or falling clock edge(s) of MAIN.
Related violations: <none>

TIMING-18#14 Warning
Missing input or output delay  
An input delay is missing on dbg_addr[9] relative to the rising and/or falling clock edge(s) of MAIN.
Related violations: <none>

TIMING-18#15 Warning
Missing input or output delay  
An input delay is missing on nRST relative to the rising and/or falling clock edge(s) of MAIN.
Related violations: <none>

TIMING-18#16 Warning
Missing input or output delay  
An input delay is missing on syif\\.REN relative to the rising and/or falling clock edge(s) of MAIN.
Related violations: <none>

TIMING-18#17 Warning
Missing input or output delay  
An input delay is missing on syif\\.WEN relative to the rising and/or falling clock edge(s) of MAIN.
Related violations: <none>

TIMING-18#18 Warning
Missing input or output delay  
An input delay is missing on syif\\.addr[0] relative to the rising and/or falling clock edge(s) of MAIN.
Related violations: <none>

TIMING-18#19 Warning
Missing input or output delay  
An input delay is missing on syif\\.addr[10] relative to the rising and/or falling clock edge(s) of MAIN.
Related violations: <none>

TIMING-18#20 Warning
Missing input or output delay  
An input delay is missing on syif\\.addr[11] relative to the rising and/or falling clock edge(s) of MAIN.
Related violations: <none>

TIMING-18#21 Warning
Missing input or output delay  
An input delay is missing on syif\\.addr[12] relative to the rising and/or falling clock edge(s) of MAIN.
Related violations: <none>

TIMING-18#22 Warning
Missing input or output delay  
An input delay is missing on syif\\.addr[13] relative to the rising and/or falling clock edge(s) of MAIN.
Related violations: <none>

TIMING-18#23 Warning
Missing input or output delay  
An input delay is missing on syif\\.addr[14] relative to the rising and/or falling clock edge(s) of MAIN.
Related violations: <none>

TIMING-18#24 Warning
Missing input or output delay  
An input delay is missing on syif\\.addr[15] relative to the rising and/or falling clock edge(s) of MAIN.
Related violations: <none>

TIMING-18#25 Warning
Missing input or output delay  
An input delay is missing on syif\\.addr[16] relative to the rising and/or falling clock edge(s) of MAIN.
Related violations: <none>

TIMING-18#26 Warning
Missing input or output delay  
An input delay is missing on syif\\.addr[17] relative to the rising and/or falling clock edge(s) of MAIN.
Related violations: <none>

TIMING-18#27 Warning
Missing input or output delay  
An input delay is missing on syif\\.addr[18] relative to the rising and/or falling clock edge(s) of MAIN.
Related violations: <none>

TIMING-18#28 Warning
Missing input or output delay  
An input delay is missing on syif\\.addr[19] relative to the rising and/or falling clock edge(s) of MAIN.
Related violations: <none>

TIMING-18#29 Warning
Missing input or output delay  
An input delay is missing on syif\\.addr[1] relative to the rising and/or falling clock edge(s) of MAIN.
Related violations: <none>

TIMING-18#30 Warning
Missing input or output delay  
An input delay is missing on syif\\.addr[20] relative to the rising and/or falling clock edge(s) of MAIN.
Related violations: <none>

TIMING-18#31 Warning
Missing input or output delay  
An input delay is missing on syif\\.addr[21] relative to the rising and/or falling clock edge(s) of MAIN.
Related violations: <none>

TIMING-18#32 Warning
Missing input or output delay  
An input delay is missing on syif\\.addr[22] relative to the rising and/or falling clock edge(s) of MAIN.
Related violations: <none>

TIMING-18#33 Warning
Missing input or output delay  
An input delay is missing on syif\\.addr[23] relative to the rising and/or falling clock edge(s) of MAIN.
Related violations: <none>

TIMING-18#34 Warning
Missing input or output delay  
An input delay is missing on syif\\.addr[24] relative to the rising and/or falling clock edge(s) of MAIN.
Related violations: <none>

TIMING-18#35 Warning
Missing input or output delay  
An input delay is missing on syif\\.addr[25] relative to the rising and/or falling clock edge(s) of MAIN.
Related violations: <none>

TIMING-18#36 Warning
Missing input or output delay  
An input delay is missing on syif\\.addr[26] relative to the rising and/or falling clock edge(s) of MAIN.
Related violations: <none>

TIMING-18#37 Warning
Missing input or output delay  
An input delay is missing on syif\\.addr[27] relative to the rising and/or falling clock edge(s) of MAIN.
Related violations: <none>

TIMING-18#38 Warning
Missing input or output delay  
An input delay is missing on syif\\.addr[28] relative to the rising and/or falling clock edge(s) of MAIN.
Related violations: <none>

TIMING-18#39 Warning
Missing input or output delay  
An input delay is missing on syif\\.addr[29] relative to the rising and/or falling clock edge(s) of MAIN.
Related violations: <none>

TIMING-18#40 Warning
Missing input or output delay  
An input delay is missing on syif\\.addr[2] relative to the rising and/or falling clock edge(s) of MAIN.
Related violations: <none>

TIMING-18#41 Warning
Missing input or output delay  
An input delay is missing on syif\\.addr[30] relative to the rising and/or falling clock edge(s) of MAIN.
Related violations: <none>

TIMING-18#42 Warning
Missing input or output delay  
An input delay is missing on syif\\.addr[31] relative to the rising and/or falling clock edge(s) of MAIN.
Related violations: <none>

TIMING-18#43 Warning
Missing input or output delay  
An input delay is missing on syif\\.addr[3] relative to the rising and/or falling clock edge(s) of MAIN.
Related violations: <none>

TIMING-18#44 Warning
Missing input or output delay  
An input delay is missing on syif\\.addr[4] relative to the rising and/or falling clock edge(s) of MAIN.
Related violations: <none>

TIMING-18#45 Warning
Missing input or output delay  
An input delay is missing on syif\\.addr[5] relative to the rising and/or falling clock edge(s) of MAIN.
Related violations: <none>

TIMING-18#46 Warning
Missing input or output delay  
An input delay is missing on syif\\.addr[6] relative to the rising and/or falling clock edge(s) of MAIN.
Related violations: <none>

TIMING-18#47 Warning
Missing input or output delay  
An input delay is missing on syif\\.addr[7] relative to the rising and/or falling clock edge(s) of MAIN.
Related violations: <none>

TIMING-18#48 Warning
Missing input or output delay  
An input delay is missing on syif\\.addr[8] relative to the rising and/or falling clock edge(s) of MAIN.
Related violations: <none>

TIMING-18#49 Warning
Missing input or output delay  
An input delay is missing on syif\\.addr[9] relative to the rising and/or falling clock edge(s) of MAIN.
Related violations: <none>

TIMING-18#50 Warning
Missing input or output delay  
An input delay is missing on syif\\.store[0] relative to the rising and/or falling clock edge(s) of MAIN.
Related violations: <none>

TIMING-18#51 Warning
Missing input or output delay  
An input delay is missing on syif\\.store[10] relative to the rising and/or falling clock edge(s) of MAIN.
Related violations: <none>

TIMING-18#52 Warning
Missing input or output delay  
An input delay is missing on syif\\.store[11] relative to the rising and/or falling clock edge(s) of MAIN.
Related violations: <none>

TIMING-18#53 Warning
Missing input or output delay  
An input delay is missing on syif\\.store[12] relative to the rising and/or falling clock edge(s) of MAIN.
Related violations: <none>

TIMING-18#54 Warning
Missing input or output delay  
An input delay is missing on syif\\.store[13] relative to the rising and/or falling clock edge(s) of MAIN.
Related violations: <none>

TIMING-18#55 Warning
Missing input or output delay  
An input delay is missing on syif\\.store[14] relative to the rising and/or falling clock edge(s) of MAIN.
Related violations: <none>

TIMING-18#56 Warning
Missing input or output delay  
An input delay is missing on syif\\.store[15] relative to the rising and/or falling clock edge(s) of MAIN.
Related violations: <none>

TIMING-18#57 Warning
Missing input or output delay  
An input delay is missing on syif\\.store[16] relative to the rising and/or falling clock edge(s) of MAIN.
Related violations: <none>

TIMING-18#58 Warning
Missing input or output delay  
An input delay is missing on syif\\.store[17] relative to the rising and/or falling clock edge(s) of MAIN.
Related violations: <none>

TIMING-18#59 Warning
Missing input or output delay  
An input delay is missing on syif\\.store[18] relative to the rising and/or falling clock edge(s) of MAIN.
Related violations: <none>

TIMING-18#60 Warning
Missing input or output delay  
An input delay is missing on syif\\.store[19] relative to the rising and/or falling clock edge(s) of MAIN.
Related violations: <none>

TIMING-18#61 Warning
Missing input or output delay  
An input delay is missing on syif\\.store[1] relative to the rising and/or falling clock edge(s) of MAIN.
Related violations: <none>

TIMING-18#62 Warning
Missing input or output delay  
An input delay is missing on syif\\.store[20] relative to the rising and/or falling clock edge(s) of MAIN.
Related violations: <none>

TIMING-18#63 Warning
Missing input or output delay  
An input delay is missing on syif\\.store[21] relative to the rising and/or falling clock edge(s) of MAIN.
Related violations: <none>

TIMING-18#64 Warning
Missing input or output delay  
An input delay is missing on syif\\.store[22] relative to the rising and/or falling clock edge(s) of MAIN.
Related violations: <none>

TIMING-18#65 Warning
Missing input or output delay  
An input delay is missing on syif\\.store[23] relative to the rising and/or falling clock edge(s) of MAIN.
Related violations: <none>

TIMING-18#66 Warning
Missing input or output delay  
An input delay is missing on syif\\.store[24] relative to the rising and/or falling clock edge(s) of MAIN.
Related violations: <none>

TIMING-18#67 Warning
Missing input or output delay  
An input delay is missing on syif\\.store[25] relative to the rising and/or falling clock edge(s) of MAIN.
Related violations: <none>

TIMING-18#68 Warning
Missing input or output delay  
An input delay is missing on syif\\.store[26] relative to the rising and/or falling clock edge(s) of MAIN.
Related violations: <none>

TIMING-18#69 Warning
Missing input or output delay  
An input delay is missing on syif\\.store[27] relative to the rising and/or falling clock edge(s) of MAIN.
Related violations: <none>

TIMING-18#70 Warning
Missing input or output delay  
An input delay is missing on syif\\.store[28] relative to the rising and/or falling clock edge(s) of MAIN.
Related violations: <none>

TIMING-18#71 Warning
Missing input or output delay  
An input delay is missing on syif\\.store[29] relative to the rising and/or falling clock edge(s) of MAIN.
Related violations: <none>

TIMING-18#72 Warning
Missing input or output delay  
An input delay is missing on syif\\.store[2] relative to the rising and/or falling clock edge(s) of MAIN.
Related violations: <none>

TIMING-18#73 Warning
Missing input or output delay  
An input delay is missing on syif\\.store[30] relative to the rising and/or falling clock edge(s) of MAIN.
Related violations: <none>

TIMING-18#74 Warning
Missing input or output delay  
An input delay is missing on syif\\.store[31] relative to the rising and/or falling clock edge(s) of MAIN.
Related violations: <none>

TIMING-18#75 Warning
Missing input or output delay  
An input delay is missing on syif\\.store[3] relative to the rising and/or falling clock edge(s) of MAIN.
Related violations: <none>

TIMING-18#76 Warning
Missing input or output delay  
An input delay is missing on syif\\.store[4] relative to the rising and/or falling clock edge(s) of MAIN.
Related violations: <none>

TIMING-18#77 Warning
Missing input or output delay  
An input delay is missing on syif\\.store[5] relative to the rising and/or falling clock edge(s) of MAIN.
Related violations: <none>

TIMING-18#78 Warning
Missing input or output delay  
An input delay is missing on syif\\.store[6] relative to the rising and/or falling clock edge(s) of MAIN.
Related violations: <none>

TIMING-18#79 Warning
Missing input or output delay  
An input delay is missing on syif\\.store[7] relative to the rising and/or falling clock edge(s) of MAIN.
Related violations: <none>

TIMING-18#80 Warning
Missing input or output delay  
An input delay is missing on syif\\.store[8] relative to the rising and/or falling clock edge(s) of MAIN.
Related violations: <none>

TIMING-18#81 Warning
Missing input or output delay  
An input delay is missing on syif\\.store[9] relative to the rising and/or falling clock edge(s) of MAIN.
Related violations: <none>

TIMING-18#82 Warning
Missing input or output delay  
An input delay is missing on syif\\.tbCTRL relative to the rising and/or falling clock edge(s) of MAIN.
Related violations: <none>

TIMING-18#83 Warning
Missing input or output delay  
An output delay is missing on dbg_data_out[0] relative to the rising and/or falling clock edge(s) of MAIN.
Related violations: <none>

TIMING-18#84 Warning
Missing input or output delay  
An output delay is missing on dbg_data_out[10] relative to the rising and/or falling clock edge(s) of MAIN.
Related violations: <none>

TIMING-18#85 Warning
Missing input or output delay  
An output delay is missing on dbg_data_out[11] relative to the rising and/or falling clock edge(s) of MAIN.
Related violations: <none>

TIMING-18#86 Warning
Missing input or output delay  
An output delay is missing on dbg_data_out[12] relative to the rising and/or falling clock edge(s) of MAIN.
Related violations: <none>

TIMING-18#87 Warning
Missing input or output delay  
An output delay is missing on dbg_data_out[13] relative to the rising and/or falling clock edge(s) of MAIN.
Related violations: <none>

TIMING-18#88 Warning
Missing input or output delay  
An output delay is missing on dbg_data_out[14] relative to the rising and/or falling clock edge(s) of MAIN.
Related violations: <none>

TIMING-18#89 Warning
Missing input or output delay  
An output delay is missing on dbg_data_out[15] relative to the rising and/or falling clock edge(s) of MAIN.
Related violations: <none>

TIMING-18#90 Warning
Missing input or output delay  
An output delay is missing on dbg_data_out[16] relative to the rising and/or falling clock edge(s) of MAIN.
Related violations: <none>

TIMING-18#91 Warning
Missing input or output delay  
An output delay is missing on dbg_data_out[17] relative to the rising and/or falling clock edge(s) of MAIN.
Related violations: <none>

TIMING-18#92 Warning
Missing input or output delay  
An output delay is missing on dbg_data_out[18] relative to the rising and/or falling clock edge(s) of MAIN.
Related violations: <none>

TIMING-18#93 Warning
Missing input or output delay  
An output delay is missing on dbg_data_out[19] relative to the rising and/or falling clock edge(s) of MAIN.
Related violations: <none>

TIMING-18#94 Warning
Missing input or output delay  
An output delay is missing on dbg_data_out[1] relative to the rising and/or falling clock edge(s) of MAIN.
Related violations: <none>

TIMING-18#95 Warning
Missing input or output delay  
An output delay is missing on dbg_data_out[20] relative to the rising and/or falling clock edge(s) of MAIN.
Related violations: <none>

TIMING-18#96 Warning
Missing input or output delay  
An output delay is missing on dbg_data_out[21] relative to the rising and/or falling clock edge(s) of MAIN.
Related violations: <none>

TIMING-18#97 Warning
Missing input or output delay  
An output delay is missing on dbg_data_out[22] relative to the rising and/or falling clock edge(s) of MAIN.
Related violations: <none>

TIMING-18#98 Warning
Missing input or output delay  
An output delay is missing on dbg_data_out[23] relative to the rising and/or falling clock edge(s) of MAIN.
Related violations: <none>

TIMING-18#99 Warning
Missing input or output delay  
An output delay is missing on dbg_data_out[24] relative to the rising and/or falling clock edge(s) of MAIN.
Related violations: <none>

TIMING-18#100 Warning
Missing input or output delay  
An output delay is missing on dbg_data_out[25] relative to the rising and/or falling clock edge(s) of MAIN.
Related violations: <none>

TIMING-18#101 Warning
Missing input or output delay  
An output delay is missing on dbg_data_out[26] relative to the rising and/or falling clock edge(s) of MAIN.
Related violations: <none>

TIMING-18#102 Warning
Missing input or output delay  
An output delay is missing on dbg_data_out[27] relative to the rising and/or falling clock edge(s) of MAIN.
Related violations: <none>

TIMING-18#103 Warning
Missing input or output delay  
An output delay is missing on dbg_data_out[28] relative to the rising and/or falling clock edge(s) of MAIN.
Related violations: <none>

TIMING-18#104 Warning
Missing input or output delay  
An output delay is missing on dbg_data_out[29] relative to the rising and/or falling clock edge(s) of MAIN.
Related violations: <none>

TIMING-18#105 Warning
Missing input or output delay  
An output delay is missing on dbg_data_out[2] relative to the rising and/or falling clock edge(s) of MAIN.
Related violations: <none>

TIMING-18#106 Warning
Missing input or output delay  
An output delay is missing on dbg_data_out[30] relative to the rising and/or falling clock edge(s) of MAIN.
Related violations: <none>

TIMING-18#107 Warning
Missing input or output delay  
An output delay is missing on dbg_data_out[31] relative to the rising and/or falling clock edge(s) of MAIN.
Related violations: <none>

TIMING-18#108 Warning
Missing input or output delay  
An output delay is missing on dbg_data_out[3] relative to the rising and/or falling clock edge(s) of MAIN.
Related violations: <none>

TIMING-18#109 Warning
Missing input or output delay  
An output delay is missing on dbg_data_out[4] relative to the rising and/or falling clock edge(s) of MAIN.
Related violations: <none>

TIMING-18#110 Warning
Missing input or output delay  
An output delay is missing on dbg_data_out[5] relative to the rising and/or falling clock edge(s) of MAIN.
Related violations: <none>

TIMING-18#111 Warning
Missing input or output delay  
An output delay is missing on dbg_data_out[6] relative to the rising and/or falling clock edge(s) of MAIN.
Related violations: <none>

TIMING-18#112 Warning
Missing input or output delay  
An output delay is missing on dbg_data_out[7] relative to the rising and/or falling clock edge(s) of MAIN.
Related violations: <none>

TIMING-18#113 Warning
Missing input or output delay  
An output delay is missing on dbg_data_out[8] relative to the rising and/or falling clock edge(s) of MAIN.
Related violations: <none>

TIMING-18#114 Warning
Missing input or output delay  
An output delay is missing on dbg_data_out[9] relative to the rising and/or falling clock edge(s) of MAIN.
Related violations: <none>

TIMING-18#115 Warning
Missing input or output delay  
An output delay is missing on syif\\.load[0] relative to the rising and/or falling clock edge(s) of MAIN.
Related violations: <none>

TIMING-18#116 Warning
Missing input or output delay  
An output delay is missing on syif\\.load[10] relative to the rising and/or falling clock edge(s) of MAIN.
Related violations: <none>

TIMING-18#117 Warning
Missing input or output delay  
An output delay is missing on syif\\.load[11] relative to the rising and/or falling clock edge(s) of MAIN.
Related violations: <none>

TIMING-18#118 Warning
Missing input or output delay  
An output delay is missing on syif\\.load[12] relative to the rising and/or falling clock edge(s) of MAIN.
Related violations: <none>

TIMING-18#119 Warning
Missing input or output delay  
An output delay is missing on syif\\.load[13] relative to the rising and/or falling clock edge(s) of MAIN.
Related violations: <none>

TIMING-18#120 Warning
Missing input or output delay  
An output delay is missing on syif\\.load[14] relative to the rising and/or falling clock edge(s) of MAIN.
Related violations: <none>

TIMING-18#121 Warning
Missing input or output delay  
An output delay is missing on syif\\.load[15] relative to the rising and/or falling clock edge(s) of MAIN.
Related violations: <none>

TIMING-18#122 Warning
Missing input or output delay  
An output delay is missing on syif\\.load[16] relative to the rising and/or falling clock edge(s) of MAIN.
Related violations: <none>

TIMING-18#123 Warning
Missing input or output delay  
An output delay is missing on syif\\.load[17] relative to the rising and/or falling clock edge(s) of MAIN.
Related violations: <none>

TIMING-18#124 Warning
Missing input or output delay  
An output delay is missing on syif\\.load[18] relative to the rising and/or falling clock edge(s) of MAIN.
Related violations: <none>

TIMING-18#125 Warning
Missing input or output delay  
An output delay is missing on syif\\.load[19] relative to the rising and/or falling clock edge(s) of MAIN.
Related violations: <none>

TIMING-18#126 Warning
Missing input or output delay  
An output delay is missing on syif\\.load[1] relative to the rising and/or falling clock edge(s) of MAIN.
Related violations: <none>

TIMING-18#127 Warning
Missing input or output delay  
An output delay is missing on syif\\.load[20] relative to the rising and/or falling clock edge(s) of MAIN.
Related violations: <none>

TIMING-18#128 Warning
Missing input or output delay  
An output delay is missing on syif\\.load[21] relative to the rising and/or falling clock edge(s) of MAIN.
Related violations: <none>

TIMING-18#129 Warning
Missing input or output delay  
An output delay is missing on syif\\.load[22] relative to the rising and/or falling clock edge(s) of MAIN.
Related violations: <none>

TIMING-18#130 Warning
Missing input or output delay  
An output delay is missing on syif\\.load[23] relative to the rising and/or falling clock edge(s) of MAIN.
Related violations: <none>

TIMING-18#131 Warning
Missing input or output delay  
An output delay is missing on syif\\.load[24] relative to the rising and/or falling clock edge(s) of MAIN.
Related violations: <none>

TIMING-18#132 Warning
Missing input or output delay  
An output delay is missing on syif\\.load[25] relative to the rising and/or falling clock edge(s) of MAIN.
Related violations: <none>

TIMING-18#133 Warning
Missing input or output delay  
An output delay is missing on syif\\.load[26] relative to the rising and/or falling clock edge(s) of MAIN.
Related violations: <none>

TIMING-18#134 Warning
Missing input or output delay  
An output delay is missing on syif\\.load[27] relative to the rising and/or falling clock edge(s) of MAIN.
Related violations: <none>

TIMING-18#135 Warning
Missing input or output delay  
An output delay is missing on syif\\.load[28] relative to the rising and/or falling clock edge(s) of MAIN.
Related violations: <none>

TIMING-18#136 Warning
Missing input or output delay  
An output delay is missing on syif\\.load[29] relative to the rising and/or falling clock edge(s) of MAIN.
Related violations: <none>

TIMING-18#137 Warning
Missing input or output delay  
An output delay is missing on syif\\.load[2] relative to the rising and/or falling clock edge(s) of MAIN.
Related violations: <none>

TIMING-18#138 Warning
Missing input or output delay  
An output delay is missing on syif\\.load[30] relative to the rising and/or falling clock edge(s) of MAIN.
Related violations: <none>

TIMING-18#139 Warning
Missing input or output delay  
An output delay is missing on syif\\.load[31] relative to the rising and/or falling clock edge(s) of MAIN.
Related violations: <none>

TIMING-18#140 Warning
Missing input or output delay  
An output delay is missing on syif\\.load[3] relative to the rising and/or falling clock edge(s) of MAIN.
Related violations: <none>

TIMING-18#141 Warning
Missing input or output delay  
An output delay is missing on syif\\.load[4] relative to the rising and/or falling clock edge(s) of MAIN.
Related violations: <none>

TIMING-18#142 Warning
Missing input or output delay  
An output delay is missing on syif\\.load[5] relative to the rising and/or falling clock edge(s) of MAIN.
Related violations: <none>

TIMING-18#143 Warning
Missing input or output delay  
An output delay is missing on syif\\.load[6] relative to the rising and/or falling clock edge(s) of MAIN.
Related violations: <none>

TIMING-18#144 Warning
Missing input or output delay  
An output delay is missing on syif\\.load[7] relative to the rising and/or falling clock edge(s) of MAIN.
Related violations: <none>

TIMING-18#145 Warning
Missing input or output delay  
An output delay is missing on syif\\.load[8] relative to the rising and/or falling clock edge(s) of MAIN.
Related violations: <none>

TIMING-18#146 Warning
Missing input or output delay  
An output delay is missing on syif\\.load[9] relative to the rising and/or falling clock edge(s) of MAIN.
Related violations: <none>


