#-----------------------------------------------------------
# Vivado v2023.2 (64-bit)
# SW Build 4029153 on Fri Oct 13 20:13:54 MDT 2023
# IP Build 4028589 on Sat Oct 14 00:45:43 MDT 2023
# SharedData Build 4025554 on Tue Oct 10 17:18:54 MDT 2023
# Start of session at: Thu Oct  9 18:20:46 2025
# Process ID: 216478
# Current directory: /home/ecegridfs/a/437mg063/ece437/processors
# Command line: vivado -mode batch -source /home/ecegrid/a/ece437l/tools/vivado_extra/bitstream_project_gen.tcl -log build/bitstream_project_gen.log -journal build/bitstream_project_gen.jou -tclargs system_fpga 8 timing 5.000
# Log file: /home/ecegridfs/a/437mg063/ece437/processors/build/bitstream_project_gen.log
# Journal file: /home/ecegridfs/a/437mg063/ece437/processors/build/bitstream_project_gen.jou
# Running On: cparch13.ecn.purdue.edu, OS: Linux, CPU Frequency: 3400.000 MHz, CPU Physical cores: 4, Host memory: 16363 MB
#-----------------------------------------------------------
source /home/ecegrid/a/ece437l/tools/vivado_extra/bitstream_project_gen.tcl
# set output_dir ./build
# if {[llength $argv] < 2} {
#     puts "Usage: vivado -mode batch -source bitstream_project_gen.tcl -tclargs <design_top> <num_cpus> [timing] [clock_period_ns]"
#     exit 1
# }
# set design_top [lindex $argv 0]
# set num_cpus   [lindex $argv 1]
# set do_timing 0
# if {[llength $argv] > 2 && [lindex $argv 2] eq "timing"} {
#     set do_timing 1
# }
# set clock_period ""
# if {[llength $argv] > 3} {
#     set clock_period [lindex $argv 3]
# }
# set proj_name $design_top
# set proj_path "$output_dir/$proj_name.xpr"
# if {[file exists $proj_path]} {
#     puts "INFO: Opening existing project: $proj_path"
#     open_project $proj_path
# } else {
#     puts "INFO: Creating new project: $proj_path"
#     create_project $proj_name $output_dir -part xc7s50csga324-1 -force
# 
#     
#     # get filelist
#     set filelist_path "build/design.f"
#     puts "INFO: Parsing filelist at '$filelist_path'..."
# 
#     if {![file exists $filelist_path]} {
#         puts "ERROR: Filelist not found at '$filelist_path'. Please ensure it has been generated. Exiting."
#         exit 1
#     }
# 
#     set src_files [list]
#     set base_dir [file dirname ./]
# 
#     # Read the file and process each line for source files
#     set f_handle [open $filelist_path r]
#     set f_content [read $f_handle]
#     close $f_handle
# 
#     foreach line [split $f_content "\n"] {
#         set line [string trim $line]
# 
#         if {$line == "" || [string match "#*" $line]} {
#             continue
#         }
#         
#         # Add any line that is not a comment to the source list
#         set full_path [file join $base_dir $line]
#         lappend src_files $full_path
#     }
# 
#     if {[llength $src_files] > 0} {
#         add_files -fileset sources_1 -norecurse $src_files
#         puts "INFO: Added [llength $src_files] source files from filelist."
#     }
# 
#     # Set the include directory directly as requested
#     set_property include_dirs "./include" [get_filesets sources_1]
#     puts "INFO: Set global include directory to './include'."
# 
#     # top
#     if {($design_top in {"system_fpga" "system"})} {
#         set mem_input "meminit.mem"
#         if {![file exists $mem_input]} {
#              puts "ERROR: $mem_input not found."
#              exit 1
#         }
#         add_files $mem_input
#     }
#     
#     if {$design_top != "system"} {
#         add_files -fileset constrs_1 /home/ecegrid/a/ece437l/tools/vivado_extra/urbana.xdc
#     }
# 
#     # IP
#     if {$design_top == "system_fpga"} {
#         puts "INFO: Creating and configuring VIO IP for memory debug..."
#         create_ip -name vio -vendor xilinx.com -library ip -module_name mem_debug_vio
#     
#         set_property -dict [list \
#             CONFIG.C_NUM_PROBE_IN {1} \
#             CONFIG.C_PROBE_IN0_WIDTH {32} \
#             CONFIG.C_NUM_PROBE_OUT {1} \
#             CONFIG.C_PROBE_OUT0_WIDTH {14} \
#         ] [get_ips mem_debug_vio]
#     
#         puts "INFO: Generating IP target files..."
#         generate_target all [get_ips mem_debug_vio]
#     
#         puts "INFO: Launching out-of-context synthesis for the VIO IP..."
#         create_ip_run [get_ips mem_debug_vio]
#         launch_runs [get_runs mem_debug_vio_synth_1] -j 32
#         wait_on_run [get_runs mem_debug_vio_synth_1]
#     
#         puts "INFO: VIO IP created and synthesized successfully."
#     }
# 
#     # optional timing additions
#     if {$do_timing} {
#         set target_period 10.0
#         if { $clock_period ne "" } {
#             set target_period $clock_period
#         }
#         puts "INFO: The value of clock_period is: '$clock_period'"
#         
#         set half_period [expr {$target_period / 2.0}]
#     
#         set generated_xdc_path "$output_dir/generated_clock.xdc"
#         puts "INFO: Generating clock constraint file: $generated_xdc_path with period ${target_period}ns."
#         set f [open $generated_xdc_path "w"]
# 
#         # clock business
#         set clk_port_name "CLK"
#         if {[string match "*_fpga" $design_top]} {
#             set clk_port_name "CLK_100MHZ"
#         }
#         puts $f "create_clock -period $target_period -name MAIN -waveform {0.000 $half_period} \[get_ports $clk_port_name\]"
#         
#         if {$design_top == "system_fpga"} {
#             puts $f "create_generated_clock -name CPUCLK -source \[get_ports CLK_100MHZ\] -divide_by 2 \[get_nets SYS/CPUCLK\]"
#             puts $f "\n# VIO debug path is not performance-critical, ignore it for timing analysis."
#             puts $f "set_false_path -through \[get_nets {dbg_addr[*]}\]"
#             puts $f "set_false_path -through \[get_nets {dbg_data_out[*]}\]"
#         } elseif {$design_top == "system"} {
#             puts $f "create_generated_clock -name CPUCLK -source \[get_ports CLK\] -divide_by 2 \[get_nets CPUCLK\]"
#         }
#     
#         close $f
#         add_files -fileset constrs_1 $generated_xdc_path
#     }
# 
#     # Set properties
#     set_property top $design_top [current_fileset]
#     set_property verilog_define "USE_VIVADO" [current_fileset]
# }
INFO: Creating new project: ./build/system_fpga.xpr
create_project: Time (s): cpu = 00:00:05 ; elapsed = 00:00:06 . Memory (MB): peak = 1569.051 ; gain = 57.867 ; free physical = 6279 ; free virtual = 18820
INFO: Parsing filelist at 'build/design.f'...
INFO: Added 18 source files from filelist.
INFO: Set global include directory to './include'.
INFO: Creating and configuring VIO IP for memory debug...
INFO: [IP_Flow 19-234] Refreshing IP repositories
INFO: [IP_Flow 19-1704] No user IP repositories specified
INFO: [IP_Flow 19-2313] Loaded Vivado IP repository '/package/eda/xilinx/Vivado/2023.2/data/ip'.
INFO: Generating IP target files...
INFO: [IP_Flow 19-1686] Generating 'Instantiation Template' target for IP 'mem_debug_vio'...
INFO: [IP_Flow 19-1686] Generating 'Synthesis' target for IP 'mem_debug_vio'...
INFO: [IP_Flow 19-1686] Generating 'Simulation' target for IP 'mem_debug_vio'...
INFO: [IP_Flow 19-1686] Generating 'Change Log' target for IP 'mem_debug_vio'...
INFO: Launching out-of-context synthesis for the VIO IP...
INFO: [IP_Flow 19-6924] IPCACHE: Running cache check for IP inst: mem_debug_vio
[Thu Oct  9 18:21:03 2025] Launched mem_debug_vio_synth_1...
Run output will be captured here: /home/ecegridfs/a/437mg063/ece437/processors/build/system_fpga.runs/mem_debug_vio_synth_1/runme.log
[Thu Oct  9 18:21:03 2025] Waiting for mem_debug_vio_synth_1 to finish...

*** Running vivado
    with args -log mem_debug_vio.vds -m64 -product Vivado -mode batch -messageDb vivado.pb -notrace -source mem_debug_vio.tcl


****** Vivado v2023.2 (64-bit)
  **** SW Build 4029153 on Fri Oct 13 20:13:54 MDT 2023
  **** IP Build 4028589 on Sat Oct 14 00:45:43 MDT 2023
  **** SharedData Build 4025554 on Tue Oct 10 17:18:54 MDT 2023
    ** Copyright 1986-2022 Xilinx, Inc. All Rights Reserved.
    ** Copyright 2022-2023 Advanced Micro Devices, Inc. All Rights Reserved.

source mem_debug_vio.tcl -notrace
create_project: Time (s): cpu = 00:00:05 ; elapsed = 00:00:06 . Memory (MB): peak = 1568.977 ; gain = 54.867 ; free physical = 5785 ; free virtual = 18314
INFO: [IP_Flow 19-6924] IPCACHE: Running cache check for IP inst: mem_debug_vio
Command: synth_design -top mem_debug_vio -part xc7s50csga324-1 -incremental_mode off -mode out_of_context
Starting synth_design
Attempting to get a license for feature 'Synthesis' and/or device 'xc7s50'
INFO: [Common 17-349] Got license for feature 'Synthesis' and/or device 'xc7s50'
INFO: [Device 21-403] Loading part xc7s50csga324-1
INFO: [Synth 8-7079] Multithreading enabled for synth_design using a maximum of 4 processes.
INFO: [Synth 8-7078] Launching helper process for spawning children vivado processes
INFO: [Synth 8-7075] Helper process launched with PID 217768
---------------------------------------------------------------------------------
Starting RTL Elaboration : Time (s): cpu = 00:00:03 ; elapsed = 00:00:04 . Memory (MB): peak = 2316.648 ; gain = 402.746 ; free physical = 4730 ; free virtual = 17259
---------------------------------------------------------------------------------
INFO: [Synth 8-6157] synthesizing module 'mem_debug_vio' [/home/ecegridfs/a/437mg063/ece437/processors/build/system_fpga.gen/sources_1/ip/mem_debug_vio/synth/mem_debug_vio.v:49]
INFO: [Synth 8-6155] done synthesizing module 'mem_debug_vio' (0#1) [/home/ecegridfs/a/437mg063/ece437/processors/build/system_fpga.gen/sources_1/ip/mem_debug_vio/synth/mem_debug_vio.v:49]
WARNING: [Synth 8-3848] Net sl_iport0 in module/entity mem_debug_vio does not have driver. [/home/ecegridfs/a/437mg063/ece437/processors/build/system_fpga.gen/sources_1/ip/mem_debug_vio/synth/mem_debug_vio.v:72]
WARNING: [Synth 8-7129] Port Bus_rst in module vio_v3_0_24_probe_out_one is either unconnected or has no load
WARNING: [Synth 8-7129] Port Read in module vio_v3_0_24_probe_out_one is either unconnected or has no load
WARNING: [Synth 8-7129] Port Bus_Data_in[15] in module vio_v3_0_24_probe_out_one is either unconnected or has no load
WARNING: [Synth 8-7129] Port Bus_Data_in[14] in module vio_v3_0_24_probe_out_one is either unconnected or has no load
WARNING: [Synth 8-7129] Port Internal_cnt_rst in module vio_v3_0_24_probe_out_one is either unconnected or has no load
WARNING: [Synth 8-7129] Port probe_in1[0] in module vio_v3_0_24_vio is either unconnected or has no load
WARNING: [Synth 8-7129] Port probe_in2[0] in module vio_v3_0_24_vio is either unconnected or has no load
WARNING: [Synth 8-7129] Port probe_in3[0] in module vio_v3_0_24_vio is either unconnected or has no load
WARNING: [Synth 8-7129] Port probe_in4[0] in module vio_v3_0_24_vio is either unconnected or has no load
WARNING: [Synth 8-7129] Port probe_in5[0] in module vio_v3_0_24_vio is either unconnected or has no load
WARNING: [Synth 8-7129] Port probe_in6[0] in module vio_v3_0_24_vio is either unconnected or has no load
WARNING: [Synth 8-7129] Port probe_in7[0] in module vio_v3_0_24_vio is either unconnected or has no load
WARNING: [Synth 8-7129] Port probe_in8[0] in module vio_v3_0_24_vio is either unconnected or has no load
WARNING: [Synth 8-7129] Port probe_in9[0] in module vio_v3_0_24_vio is either unconnected or has no load
WARNING: [Synth 8-7129] Port probe_in10[0] in module vio_v3_0_24_vio is either unconnected or has no load
WARNING: [Synth 8-7129] Port probe_in11[0] in module vio_v3_0_24_vio is either unconnected or has no load
WARNING: [Synth 8-7129] Port probe_in12[0] in module vio_v3_0_24_vio is either unconnected or has no load
WARNING: [Synth 8-7129] Port probe_in13[0] in module vio_v3_0_24_vio is either unconnected or has no load
WARNING: [Synth 8-7129] Port probe_in14[0] in module vio_v3_0_24_vio is either unconnected or has no load
WARNING: [Synth 8-7129] Port probe_in15[0] in module vio_v3_0_24_vio is either unconnected or has no load
WARNING: [Synth 8-7129] Port probe_in16[0] in module vio_v3_0_24_vio is either unconnected or has no load
WARNING: [Synth 8-7129] Port probe_in17[0] in module vio_v3_0_24_vio is either unconnected or has no load
WARNING: [Synth 8-7129] Port probe_in18[0] in module vio_v3_0_24_vio is either unconnected or has no load
WARNING: [Synth 8-7129] Port probe_in19[0] in module vio_v3_0_24_vio is either unconnected or has no load
WARNING: [Synth 8-7129] Port probe_in20[0] in module vio_v3_0_24_vio is either unconnected or has no load
WARNING: [Synth 8-7129] Port probe_in21[0] in module vio_v3_0_24_vio is either unconnected or has no load
WARNING: [Synth 8-7129] Port probe_in22[0] in module vio_v3_0_24_vio is either unconnected or has no load
WARNING: [Synth 8-7129] Port probe_in23[0] in module vio_v3_0_24_vio is either unconnected or has no load
WARNING: [Synth 8-7129] Port probe_in24[0] in module vio_v3_0_24_vio is either unconnected or has no load
WARNING: [Synth 8-7129] Port probe_in25[0] in module vio_v3_0_24_vio is either unconnected or has no load
WARNING: [Synth 8-7129] Port probe_in26[0] in module vio_v3_0_24_vio is either unconnected or has no load
WARNING: [Synth 8-7129] Port probe_in27[0] in module vio_v3_0_24_vio is either unconnected or has no load
WARNING: [Synth 8-7129] Port probe_in28[0] in module vio_v3_0_24_vio is either unconnected or has no load
WARNING: [Synth 8-7129] Port probe_in29[0] in module vio_v3_0_24_vio is either unconnected or has no load
WARNING: [Synth 8-7129] Port probe_in30[0] in module vio_v3_0_24_vio is either unconnected or has no load
WARNING: [Synth 8-7129] Port probe_in31[0] in module vio_v3_0_24_vio is either unconnected or has no load
WARNING: [Synth 8-7129] Port probe_in32[0] in module vio_v3_0_24_vio is either unconnected or has no load
WARNING: [Synth 8-7129] Port probe_in33[0] in module vio_v3_0_24_vio is either unconnected or has no load
WARNING: [Synth 8-7129] Port probe_in34[0] in module vio_v3_0_24_vio is either unconnected or has no load
WARNING: [Synth 8-7129] Port probe_in35[0] in module vio_v3_0_24_vio is either unconnected or has no load
WARNING: [Synth 8-7129] Port probe_in36[0] in module vio_v3_0_24_vio is either unconnected or has no load
WARNING: [Synth 8-7129] Port probe_in37[0] in module vio_v3_0_24_vio is either unconnected or has no load
WARNING: [Synth 8-7129] Port probe_in38[0] in module vio_v3_0_24_vio is either unconnected or has no load
WARNING: [Synth 8-7129] Port probe_in39[0] in module vio_v3_0_24_vio is either unconnected or has no load
WARNING: [Synth 8-7129] Port probe_in40[0] in module vio_v3_0_24_vio is either unconnected or has no load
WARNING: [Synth 8-7129] Port probe_in41[0] in module vio_v3_0_24_vio is either unconnected or has no load
WARNING: [Synth 8-7129] Port probe_in42[0] in module vio_v3_0_24_vio is either unconnected or has no load
WARNING: [Synth 8-7129] Port probe_in43[0] in module vio_v3_0_24_vio is either unconnected or has no load
WARNING: [Synth 8-7129] Port probe_in44[0] in module vio_v3_0_24_vio is either unconnected or has no load
WARNING: [Synth 8-7129] Port probe_in45[0] in module vio_v3_0_24_vio is either unconnected or has no load
WARNING: [Synth 8-7129] Port probe_in46[0] in module vio_v3_0_24_vio is either unconnected or has no load
WARNING: [Synth 8-7129] Port probe_in47[0] in module vio_v3_0_24_vio is either unconnected or has no load
WARNING: [Synth 8-7129] Port probe_in48[0] in module vio_v3_0_24_vio is either unconnected or has no load
WARNING: [Synth 8-7129] Port probe_in49[0] in module vio_v3_0_24_vio is either unconnected or has no load
WARNING: [Synth 8-7129] Port probe_in50[0] in module vio_v3_0_24_vio is either unconnected or has no load
WARNING: [Synth 8-7129] Port probe_in51[0] in module vio_v3_0_24_vio is either unconnected or has no load
WARNING: [Synth 8-7129] Port probe_in52[0] in module vio_v3_0_24_vio is either unconnected or has no load
WARNING: [Synth 8-7129] Port probe_in53[0] in module vio_v3_0_24_vio is either unconnected or has no load
WARNING: [Synth 8-7129] Port probe_in54[0] in module vio_v3_0_24_vio is either unconnected or has no load
WARNING: [Synth 8-7129] Port probe_in55[0] in module vio_v3_0_24_vio is either unconnected or has no load
WARNING: [Synth 8-7129] Port probe_in56[0] in module vio_v3_0_24_vio is either unconnected or has no load
WARNING: [Synth 8-7129] Port probe_in57[0] in module vio_v3_0_24_vio is either unconnected or has no load
WARNING: [Synth 8-7129] Port probe_in58[0] in module vio_v3_0_24_vio is either unconnected or has no load
WARNING: [Synth 8-7129] Port probe_in59[0] in module vio_v3_0_24_vio is either unconnected or has no load
WARNING: [Synth 8-7129] Port probe_in60[0] in module vio_v3_0_24_vio is either unconnected or has no load
WARNING: [Synth 8-7129] Port probe_in61[0] in module vio_v3_0_24_vio is either unconnected or has no load
WARNING: [Synth 8-7129] Port probe_in62[0] in module vio_v3_0_24_vio is either unconnected or has no load
WARNING: [Synth 8-7129] Port probe_in63[0] in module vio_v3_0_24_vio is either unconnected or has no load
WARNING: [Synth 8-7129] Port probe_in64[0] in module vio_v3_0_24_vio is either unconnected or has no load
WARNING: [Synth 8-7129] Port probe_in65[0] in module vio_v3_0_24_vio is either unconnected or has no load
WARNING: [Synth 8-7129] Port probe_in66[0] in module vio_v3_0_24_vio is either unconnected or has no load
WARNING: [Synth 8-7129] Port probe_in67[0] in module vio_v3_0_24_vio is either unconnected or has no load
WARNING: [Synth 8-7129] Port probe_in68[0] in module vio_v3_0_24_vio is either unconnected or has no load
WARNING: [Synth 8-7129] Port probe_in69[0] in module vio_v3_0_24_vio is either unconnected or has no load
WARNING: [Synth 8-7129] Port probe_in70[0] in module vio_v3_0_24_vio is either unconnected or has no load
WARNING: [Synth 8-7129] Port probe_in71[0] in module vio_v3_0_24_vio is either unconnected or has no load
WARNING: [Synth 8-7129] Port probe_in72[0] in module vio_v3_0_24_vio is either unconnected or has no load
WARNING: [Synth 8-7129] Port probe_in73[0] in module vio_v3_0_24_vio is either unconnected or has no load
WARNING: [Synth 8-7129] Port probe_in74[0] in module vio_v3_0_24_vio is either unconnected or has no load
WARNING: [Synth 8-7129] Port probe_in75[0] in module vio_v3_0_24_vio is either unconnected or has no load
WARNING: [Synth 8-7129] Port probe_in76[0] in module vio_v3_0_24_vio is either unconnected or has no load
WARNING: [Synth 8-7129] Port probe_in77[0] in module vio_v3_0_24_vio is either unconnected or has no load
WARNING: [Synth 8-7129] Port probe_in78[0] in module vio_v3_0_24_vio is either unconnected or has no load
WARNING: [Synth 8-7129] Port probe_in79[0] in module vio_v3_0_24_vio is either unconnected or has no load
WARNING: [Synth 8-7129] Port probe_in80[0] in module vio_v3_0_24_vio is either unconnected or has no load
WARNING: [Synth 8-7129] Port probe_in81[0] in module vio_v3_0_24_vio is either unconnected or has no load
WARNING: [Synth 8-7129] Port probe_in82[0] in module vio_v3_0_24_vio is either unconnected or has no load
WARNING: [Synth 8-7129] Port probe_in83[0] in module vio_v3_0_24_vio is either unconnected or has no load
WARNING: [Synth 8-7129] Port probe_in84[0] in module vio_v3_0_24_vio is either unconnected or has no load
WARNING: [Synth 8-7129] Port probe_in85[0] in module vio_v3_0_24_vio is either unconnected or has no load
WARNING: [Synth 8-7129] Port probe_in86[0] in module vio_v3_0_24_vio is either unconnected or has no load
WARNING: [Synth 8-7129] Port probe_in87[0] in module vio_v3_0_24_vio is either unconnected or has no load
WARNING: [Synth 8-7129] Port probe_in88[0] in module vio_v3_0_24_vio is either unconnected or has no load
WARNING: [Synth 8-7129] Port probe_in89[0] in module vio_v3_0_24_vio is either unconnected or has no load
WARNING: [Synth 8-7129] Port probe_in90[0] in module vio_v3_0_24_vio is either unconnected or has no load
WARNING: [Synth 8-7129] Port probe_in91[0] in module vio_v3_0_24_vio is either unconnected or has no load
WARNING: [Synth 8-7129] Port probe_in92[0] in module vio_v3_0_24_vio is either unconnected or has no load
WARNING: [Synth 8-7129] Port probe_in93[0] in module vio_v3_0_24_vio is either unconnected or has no load
WARNING: [Synth 8-7129] Port probe_in94[0] in module vio_v3_0_24_vio is either unconnected or has no load
WARNING: [Synth 8-7129] Port probe_in95[0] in module vio_v3_0_24_vio is either unconnected or has no load
INFO: [Common 17-14] Message 'Synth 8-7129' appears 100 times and further instances of the messages will be disabled. Use the Tcl command set_msg_config to change the current settings.
---------------------------------------------------------------------------------
Finished RTL Elaboration : Time (s): cpu = 00:00:05 ; elapsed = 00:00:06 . Memory (MB): peak = 2409.586 ; gain = 495.684 ; free physical = 4628 ; free virtual = 17158
---------------------------------------------------------------------------------
---------------------------------------------------------------------------------
Start Handling Custom Attributes
---------------------------------------------------------------------------------
---------------------------------------------------------------------------------
Finished Handling Custom Attributes : Time (s): cpu = 00:00:05 ; elapsed = 00:00:06 . Memory (MB): peak = 2427.398 ; gain = 513.496 ; free physical = 4620 ; free virtual = 17150
---------------------------------------------------------------------------------
---------------------------------------------------------------------------------
Finished RTL Optimization Phase 1 : Time (s): cpu = 00:00:05 ; elapsed = 00:00:06 . Memory (MB): peak = 2427.398 ; gain = 513.496 ; free physical = 4620 ; free virtual = 17150
---------------------------------------------------------------------------------
Netlist sorting complete. Time (s): cpu = 00:00:00.01 ; elapsed = 00:00:00.01 . Memory (MB): peak = 2427.398 ; gain = 0.000 ; free physical = 4619 ; free virtual = 17149
INFO: [Project 1-570] Preparing netlist for logic optimization

Processing XDC Constraints
Initializing timing engine
Parsing XDC File [/home/ecegridfs/a/437mg063/ece437/processors/build/system_fpga.gen/sources_1/ip/mem_debug_vio/mem_debug_vio_ooc.xdc]
Finished Parsing XDC File [/home/ecegridfs/a/437mg063/ece437/processors/build/system_fpga.gen/sources_1/ip/mem_debug_vio/mem_debug_vio_ooc.xdc]
Parsing XDC File [/home/ecegridfs/a/437mg063/ece437/processors/build/system_fpga.gen/sources_1/ip/mem_debug_vio/mem_debug_vio.xdc]
Finished Parsing XDC File [/home/ecegridfs/a/437mg063/ece437/processors/build/system_fpga.gen/sources_1/ip/mem_debug_vio/mem_debug_vio.xdc]
INFO: [Project 1-236] Implementation specific constraints were found while reading constraint file [/home/ecegridfs/a/437mg063/ece437/processors/build/system_fpga.gen/sources_1/ip/mem_debug_vio/mem_debug_vio.xdc]. These constraints will be ignored for synthesis but will be used in implementation. Impacted constraints are listed in the file [.Xil/mem_debug_vio_propImpl.xdc].
Resolution: To avoid this warning, move constraints listed in [.Xil/mem_debug_vio_propImpl.xdc] to another XDC file and exclude this new file from synthesis with the used_in_synthesis property (File Properties dialog in GUI) and re-run elaboration/synthesis.
Completed Processing XDC Constraints

Netlist sorting complete. Time (s): cpu = 00:00:00 ; elapsed = 00:00:00 . Memory (MB): peak = 2564.180 ; gain = 0.000 ; free physical = 4543 ; free virtual = 17073
INFO: [Project 1-111] Unisim Transformation Summary:
No Unisim elements were transformed.

Constraint Validation Runtime : Time (s): cpu = 00:00:00.02 ; elapsed = 00:00:00.03 . Memory (MB): peak = 2564.215 ; gain = 0.000 ; free physical = 4543 ; free virtual = 17073
INFO: [Designutils 20-5008] Incremental synthesis strategy off
---------------------------------------------------------------------------------
Finished Constraint Validation : Time (s): cpu = 00:00:10 ; elapsed = 00:00:12 . Memory (MB): peak = 2564.215 ; gain = 650.312 ; free physical = 4541 ; free virtual = 17071
---------------------------------------------------------------------------------
---------------------------------------------------------------------------------
Start Loading Part and Timing Information
---------------------------------------------------------------------------------
Loading part: xc7s50csga324-1
---------------------------------------------------------------------------------
Finished Loading Part and Timing Information : Time (s): cpu = 00:00:10 ; elapsed = 00:00:12 . Memory (MB): peak = 2564.215 ; gain = 650.312 ; free physical = 4541 ; free virtual = 17071
---------------------------------------------------------------------------------
---------------------------------------------------------------------------------
Start Applying 'set_property' XDC Constraints
---------------------------------------------------------------------------------
---------------------------------------------------------------------------------
Finished applying 'set_property' XDC Constraints : Time (s): cpu = 00:00:10 ; elapsed = 00:00:12 . Memory (MB): peak = 2564.215 ; gain = 650.312 ; free physical = 4541 ; free virtual = 17071
---------------------------------------------------------------------------------
---------------------------------------------------------------------------------
Finished RTL Optimization Phase 2 : Time (s): cpu = 00:00:11 ; elapsed = 00:00:12 . Memory (MB): peak = 2564.215 ; gain = 650.312 ; free physical = 4535 ; free virtual = 17066
---------------------------------------------------------------------------------
---------------------------------------------------------------------------------
Start RTL Component Statistics 
---------------------------------------------------------------------------------
Detailed RTL Component Info : 
+---Adders : 
	   2 Input    4 Bit       Adders := 1     
+---Registers : 
	              128 Bit    Registers := 1     
	               32 Bit    Registers := 5     
	               16 Bit    Registers := 8     
	               14 Bit    Registers := 1     
	                7 Bit    Registers := 1     
	                5 Bit    Registers := 1     
	                4 Bit    Registers := 1     
	                3 Bit    Registers := 2     
	                1 Bit    Registers := 15    
+---Muxes : 
	   2 Input   16 Bit        Muxes := 2     
	   2 Input    1 Bit        Muxes := 7     
---------------------------------------------------------------------------------
Finished RTL Component Statistics 
---------------------------------------------------------------------------------
---------------------------------------------------------------------------------
Start Part Resource Summary
---------------------------------------------------------------------------------
Part Resources:
DSPs: 120 (col length:60)
BRAMs: 150 (col length: RAMB18 60 RAMB36 30)
---------------------------------------------------------------------------------
Finished Part Resource Summary
---------------------------------------------------------------------------------
---------------------------------------------------------------------------------
Start Cross Boundary and Area Optimization
---------------------------------------------------------------------------------
WARNING: [Synth 8-7080] Parallel synthesis criteria is not met
---------------------------------------------------------------------------------
Finished Cross Boundary and Area Optimization : Time (s): cpu = 00:00:12 ; elapsed = 00:00:14 . Memory (MB): peak = 2564.215 ; gain = 650.312 ; free physical = 4536 ; free virtual = 17067
---------------------------------------------------------------------------------
---------------------------------------------------------------------------------
Start Applying XDC Timing Constraints
---------------------------------------------------------------------------------
---------------------------------------------------------------------------------
Finished Applying XDC Timing Constraints : Time (s): cpu = 00:00:16 ; elapsed = 00:00:17 . Memory (MB): peak = 2564.215 ; gain = 650.312 ; free physical = 4535 ; free virtual = 17066
---------------------------------------------------------------------------------
---------------------------------------------------------------------------------
Start Timing Optimization
---------------------------------------------------------------------------------
---------------------------------------------------------------------------------
Finished Timing Optimization : Time (s): cpu = 00:00:16 ; elapsed = 00:00:17 . Memory (MB): peak = 2564.215 ; gain = 650.312 ; free physical = 4535 ; free virtual = 17066
---------------------------------------------------------------------------------
---------------------------------------------------------------------------------
Start Technology Mapping
---------------------------------------------------------------------------------
---------------------------------------------------------------------------------
Finished Technology Mapping : Time (s): cpu = 00:00:16 ; elapsed = 00:00:17 . Memory (MB): peak = 2564.215 ; gain = 650.312 ; free physical = 4535 ; free virtual = 17066
---------------------------------------------------------------------------------
---------------------------------------------------------------------------------
Start IO Insertion
---------------------------------------------------------------------------------
---------------------------------------------------------------------------------
Start Flattening Before IO Insertion
---------------------------------------------------------------------------------
---------------------------------------------------------------------------------
Finished Flattening Before IO Insertion
---------------------------------------------------------------------------------
---------------------------------------------------------------------------------
Start Final Netlist Cleanup
---------------------------------------------------------------------------------
---------------------------------------------------------------------------------
Finished Final Netlist Cleanup
---------------------------------------------------------------------------------
WARNING: [Synth 8-3295] tying undriven pin inst:sl_iport0[36] to constant 0
WARNING: [Synth 8-3295] tying undriven pin inst:sl_iport0[35] to constant 0
WARNING: [Synth 8-3295] tying undriven pin inst:sl_iport0[34] to constant 0
WARNING: [Synth 8-3295] tying undriven pin inst:sl_iport0[33] to constant 0
WARNING: [Synth 8-3295] tying undriven pin inst:sl_iport0[32] to constant 0
WARNING: [Synth 8-3295] tying undriven pin inst:sl_iport0[31] to constant 0
WARNING: [Synth 8-3295] tying undriven pin inst:sl_iport0[30] to constant 0
WARNING: [Synth 8-3295] tying undriven pin inst:sl_iport0[29] to constant 0
WARNING: [Synth 8-3295] tying undriven pin inst:sl_iport0[28] to constant 0
WARNING: [Synth 8-3295] tying undriven pin inst:sl_iport0[27] to constant 0
WARNING: [Synth 8-3295] tying undriven pin inst:sl_iport0[26] to constant 0
WARNING: [Synth 8-3295] tying undriven pin inst:sl_iport0[25] to constant 0
WARNING: [Synth 8-3295] tying undriven pin inst:sl_iport0[24] to constant 0
WARNING: [Synth 8-3295] tying undriven pin inst:sl_iport0[23] to constant 0
WARNING: [Synth 8-3295] tying undriven pin inst:sl_iport0[22] to constant 0
WARNING: [Synth 8-3295] tying undriven pin inst:sl_iport0[21] to constant 0
WARNING: [Synth 8-3295] tying undriven pin inst:sl_iport0[20] to constant 0
WARNING: [Synth 8-3295] tying undriven pin inst:sl_iport0[19] to constant 0
WARNING: [Synth 8-3295] tying undriven pin inst:sl_iport0[18] to constant 0
WARNING: [Synth 8-3295] tying undriven pin inst:sl_iport0[17] to constant 0
WARNING: [Synth 8-3295] tying undriven pin inst:sl_iport0[16] to constant 0
WARNING: [Synth 8-3295] tying undriven pin inst:sl_iport0[15] to constant 0
WARNING: [Synth 8-3295] tying undriven pin inst:sl_iport0[14] to constant 0
WARNING: [Synth 8-3295] tying undriven pin inst:sl_iport0[13] to constant 0
WARNING: [Synth 8-3295] tying undriven pin inst:sl_iport0[12] to constant 0
WARNING: [Synth 8-3295] tying undriven pin inst:sl_iport0[11] to constant 0
WARNING: [Synth 8-3295] tying undriven pin inst:sl_iport0[10] to constant 0
WARNING: [Synth 8-3295] tying undriven pin inst:sl_iport0[9] to constant 0
WARNING: [Synth 8-3295] tying undriven pin inst:sl_iport0[8] to constant 0
WARNING: [Synth 8-3295] tying undriven pin inst:sl_iport0[7] to constant 0
WARNING: [Synth 8-3295] tying undriven pin inst:sl_iport0[6] to constant 0
WARNING: [Synth 8-3295] tying undriven pin inst:sl_iport0[5] to constant 0
WARNING: [Synth 8-3295] tying undriven pin inst:sl_iport0[4] to constant 0
WARNING: [Synth 8-3295] tying undriven pin inst:sl_iport0[3] to constant 0
WARNING: [Synth 8-3295] tying undriven pin inst:sl_iport0[2] to constant 0
WARNING: [Synth 8-3295] tying undriven pin inst:sl_iport0[1] to constant 0
WARNING: [Synth 8-3295] tying undriven pin inst:sl_iport0[0] to constant 0
---------------------------------------------------------------------------------
Finished IO Insertion : Time (s): cpu = 00:00:19 ; elapsed = 00:00:21 . Memory (MB): peak = 2564.215 ; gain = 650.312 ; free physical = 4537 ; free virtual = 17068
---------------------------------------------------------------------------------
---------------------------------------------------------------------------------
Start Renaming Generated Instances
---------------------------------------------------------------------------------
---------------------------------------------------------------------------------
Finished Renaming Generated Instances : Time (s): cpu = 00:00:19 ; elapsed = 00:00:21 . Memory (MB): peak = 2564.215 ; gain = 650.312 ; free physical = 4537 ; free virtual = 17068
---------------------------------------------------------------------------------
---------------------------------------------------------------------------------
Start Rebuilding User Hierarchy
---------------------------------------------------------------------------------
---------------------------------------------------------------------------------
Finished Rebuilding User Hierarchy : Time (s): cpu = 00:00:19 ; elapsed = 00:00:21 . Memory (MB): peak = 2564.215 ; gain = 650.312 ; free physical = 4537 ; free virtual = 17068
---------------------------------------------------------------------------------
---------------------------------------------------------------------------------
Start Renaming Generated Ports
---------------------------------------------------------------------------------
---------------------------------------------------------------------------------
Finished Renaming Generated Ports : Time (s): cpu = 00:00:19 ; elapsed = 00:00:21 . Memory (MB): peak = 2564.215 ; gain = 650.312 ; free physical = 4537 ; free virtual = 17068
---------------------------------------------------------------------------------
---------------------------------------------------------------------------------
Start Handling Custom Attributes
---------------------------------------------------------------------------------
---------------------------------------------------------------------------------
Finished Handling Custom Attributes : Time (s): cpu = 00:00:19 ; elapsed = 00:00:21 . Memory (MB): peak = 2564.215 ; gain = 650.312 ; free physical = 4537 ; free virtual = 17068
---------------------------------------------------------------------------------
---------------------------------------------------------------------------------
Start Renaming Generated Nets
---------------------------------------------------------------------------------
---------------------------------------------------------------------------------
Finished Renaming Generated Nets : Time (s): cpu = 00:00:19 ; elapsed = 00:00:21 . Memory (MB): peak = 2564.215 ; gain = 650.312 ; free physical = 4537 ; free virtual = 17068
---------------------------------------------------------------------------------
---------------------------------------------------------------------------------
Start Writing Synthesis Report
---------------------------------------------------------------------------------

Report BlackBoxes: 
+-+--------------+----------+
| |BlackBox name |Instances |
+-+--------------+----------+
+-+--------------+----------+

Report Cell Usage: 
+------+-----+------+
|      |Cell |Count |
+------+-----+------+
|1     |LUT1 |     2|
|2     |LUT2 |     5|
|3     |LUT3 |    23|
|4     |LUT4 |    69|
|5     |LUT5 |    31|
|6     |LUT6 |    94|
|7     |FDRE |   453|
+------+-----+------+
---------------------------------------------------------------------------------
Finished Writing Synthesis Report : Time (s): cpu = 00:00:19 ; elapsed = 00:00:21 . Memory (MB): peak = 2564.215 ; gain = 650.312 ; free physical = 4537 ; free virtual = 17068
---------------------------------------------------------------------------------
Synthesis finished with 0 errors, 0 critical warnings and 293 warnings.
Synthesis Optimization Runtime : Time (s): cpu = 00:00:18 ; elapsed = 00:00:19 . Memory (MB): peak = 2564.215 ; gain = 513.496 ; free physical = 4537 ; free virtual = 17068
Synthesis Optimization Complete : Time (s): cpu = 00:00:19 ; elapsed = 00:00:21 . Memory (MB): peak = 2564.215 ; gain = 650.312 ; free physical = 4536 ; free virtual = 17067
INFO: [Project 1-571] Translating synthesized netlist
Netlist sorting complete. Time (s): cpu = 00:00:00.01 ; elapsed = 00:00:00.01 . Memory (MB): peak = 2564.215 ; gain = 0.000 ; free physical = 4815 ; free virtual = 17346
INFO: [Project 1-570] Preparing netlist for logic optimization
INFO: [Opt 31-138] Pushed 0 inverter(s) to 0 load pin(s).
Netlist sorting complete. Time (s): cpu = 00:00:00 ; elapsed = 00:00:00 . Memory (MB): peak = 2564.215 ; gain = 0.000 ; free physical = 4814 ; free virtual = 17345
INFO: [Project 1-111] Unisim Transformation Summary:
No Unisim elements were transformed.

Synth Design complete | Checksum: b1aebb81
INFO: [Common 17-83] Releasing license: Synthesis
18 Infos, 139 Warnings, 0 Critical Warnings and 0 Errors encountered.
synth_design completed successfully
synth_design: Time (s): cpu = 00:00:25 ; elapsed = 00:00:26 . Memory (MB): peak = 2564.215 ; gain = 974.457 ; free physical = 4814 ; free virtual = 17345
INFO: [Common 17-2834] synth_design peak Physical Memory [PSS] (MB): overall = 1959.688; main = 1632.109; forked = 375.523
INFO: [Common 17-2834] synth_design peak Virtual Memory [VSS] (MB): overall = 4146.809; main = 2564.184; forked = 1614.641
Write ShapeDB Complete: Time (s): cpu = 00:00:00 ; elapsed = 00:00:00 . Memory (MB): peak = 2588.191 ; gain = 0.000 ; free physical = 4813 ; free virtual = 17344
INFO: [Common 17-1381] The checkpoint '/home/ecegridfs/a/437mg063/ece437/processors/build/system_fpga.runs/mem_debug_vio_synth_1/mem_debug_vio.dcp' has been generated.
INFO: [Coretcl 2-1648] Added synthesis output to IP cache for IP mem_debug_vio, cache-ID = 83452f2297ab0d5a
INFO: [Coretcl 2-1174] Renamed 6 cell refs.
Write ShapeDB Complete: Time (s): cpu = 00:00:00.01 ; elapsed = 00:00:00 . Memory (MB): peak = 2588.191 ; gain = 0.000 ; free physical = 4807 ; free virtual = 17339
INFO: [Common 17-1381] The checkpoint '/home/ecegridfs/a/437mg063/ece437/processors/build/system_fpga.runs/mem_debug_vio_synth_1/mem_debug_vio.dcp' has been generated.
INFO: [runtcl-4] Executing : report_utilization -file mem_debug_vio_utilization_synth.rpt -pb mem_debug_vio_utilization_synth.pb
INFO: [Common 17-206] Exiting Vivado at Thu Oct  9 18:21:46 2025...
[Thu Oct  9 18:21:56 2025] mem_debug_vio_synth_1 finished
wait_on_runs: Time (s): cpu = 00:00:38 ; elapsed = 00:00:53 . Memory (MB): peak = 1665.457 ; gain = 0.000 ; free physical = 6287 ; free virtual = 18820
INFO: VIO IP created and synthesized successfully.
INFO: The value of clock_period is: '5.000'
INFO: Generating clock constraint file: ./build/generated_clock.xdc with period 5.000ns.
# if {$num_cpus > 8} {
#   set max_threads 8
# } else {
#   set max_threads $num_cpus
# }
# set_param general.maxThreads $max_threads
# set_property STEPS.SYNTH_DESIGN.ARGS.DIRECTIVE "RuntimeOptimized" [get_runs synth_1]
# reset_run synth_1
# launch_runs synth_1 -j 32
WARNING: [Vivado 12-7122] Auto Incremental Compile:: No reference checkpoint was found in run synth_1. Auto-incremental flow will not be run, the standard flow will be run instead.
[Thu Oct  9 18:21:58 2025] Launched synth_1...
Run output will be captured here: /home/ecegridfs/a/437mg063/ece437/processors/build/system_fpga.runs/synth_1/runme.log
# wait_on_run synth_1
[Thu Oct  9 18:21:58 2025] Waiting for synth_1 to finish...

*** Running vivado
    with args -log system_fpga.vds -m64 -product Vivado -mode batch -messageDb vivado.pb -notrace -source system_fpga.tcl


****** Vivado v2023.2 (64-bit)
  **** SW Build 4029153 on Fri Oct 13 20:13:54 MDT 2023
  **** IP Build 4028589 on Sat Oct 14 00:45:43 MDT 2023
  **** SharedData Build 4025554 on Tue Oct 10 17:18:54 MDT 2023
    ** Copyright 1986-2022 Xilinx, Inc. All Rights Reserved.
    ** Copyright 2022-2023 Advanced Micro Devices, Inc. All Rights Reserved.

source system_fpga.tcl -notrace
create_project: Time (s): cpu = 00:00:06 ; elapsed = 00:00:07 . Memory (MB): peak = 1569.160 ; gain = 71.867 ; free physical = 5829 ; free virtual = 18372
Command: synth_design -top system_fpga -part xc7s50csga324-1 -directive RuntimeOptimized
Starting synth_design
Attempting to get a license for feature 'Synthesis' and/or device 'xc7s50'
INFO: [Common 17-349] Got license for feature 'Synthesis' and/or device 'xc7s50'
INFO: [Device 21-403] Loading part xc7s50csga324-1
INFO: [Synth 8-7079] Multithreading enabled for synth_design using a maximum of 4 processes.
INFO: [Synth 8-7078] Launching helper process for spawning children vivado processes
INFO: [Synth 8-7075] Helper process launched with PID 220887
---------------------------------------------------------------------------------
Starting RTL Elaboration : Time (s): cpu = 00:00:03 ; elapsed = 00:00:04 . Memory (MB): peak = 2324.832 ; gain = 411.684 ; free physical = 4764 ; free virtual = 17308
---------------------------------------------------------------------------------
WARNING: [Synth 8-11067] parameter 'WORD_W' declared inside package 'cpu_types_pkg' shall be treated as localparam [/home/ecegridfs/a/437mg063/ece437/processors/include/cpu_types_pkg.vh:22]
WARNING: [Synth 8-11067] parameter 'WBYTES' declared inside package 'cpu_types_pkg' shall be treated as localparam [/home/ecegridfs/a/437mg063/ece437/processors/include/cpu_types_pkg.vh:23]
WARNING: [Synth 8-11067] parameter 'OP_W' declared inside package 'cpu_types_pkg' shall be treated as localparam [/home/ecegridfs/a/437mg063/ece437/processors/include/cpu_types_pkg.vh:26]
WARNING: [Synth 8-11067] parameter 'REG_W' declared inside package 'cpu_types_pkg' shall be treated as localparam [/home/ecegridfs/a/437mg063/ece437/processors/include/cpu_types_pkg.vh:28]
WARNING: [Synth 8-11067] parameter 'FUNC7_W' declared inside package 'cpu_types_pkg' shall be treated as localparam [/home/ecegridfs/a/437mg063/ece437/processors/include/cpu_types_pkg.vh:29]
WARNING: [Synth 8-11067] parameter 'FUNC3_W' declared inside package 'cpu_types_pkg' shall be treated as localparam [/home/ecegridfs/a/437mg063/ece437/processors/include/cpu_types_pkg.vh:30]
WARNING: [Synth 8-11067] parameter 'IMM_W_I' declared inside package 'cpu_types_pkg' shall be treated as localparam [/home/ecegridfs/a/437mg063/ece437/processors/include/cpu_types_pkg.vh:31]
WARNING: [Synth 8-11067] parameter 'IMM_W_U_J' declared inside package 'cpu_types_pkg' shall be treated as localparam [/home/ecegridfs/a/437mg063/ece437/processors/include/cpu_types_pkg.vh:32]
WARNING: [Synth 8-11067] parameter 'AOP_W' declared inside package 'cpu_types_pkg' shall be treated as localparam [/home/ecegridfs/a/437mg063/ece437/processors/include/cpu_types_pkg.vh:35]
WARNING: [Synth 8-11067] parameter 'ITAG_W' declared inside package 'cpu_types_pkg' shall be treated as localparam [/home/ecegridfs/a/437mg063/ece437/processors/include/cpu_types_pkg.vh:38]
WARNING: [Synth 8-11067] parameter 'IIDX_W' declared inside package 'cpu_types_pkg' shall be treated as localparam [/home/ecegridfs/a/437mg063/ece437/processors/include/cpu_types_pkg.vh:39]
WARNING: [Synth 8-11067] parameter 'IBLK_W' declared inside package 'cpu_types_pkg' shall be treated as localparam [/home/ecegridfs/a/437mg063/ece437/processors/include/cpu_types_pkg.vh:40]
WARNING: [Synth 8-11067] parameter 'IBYT_W' declared inside package 'cpu_types_pkg' shall be treated as localparam [/home/ecegridfs/a/437mg063/ece437/processors/include/cpu_types_pkg.vh:41]
WARNING: [Synth 8-11067] parameter 'DTAG_W' declared inside package 'cpu_types_pkg' shall be treated as localparam [/home/ecegridfs/a/437mg063/ece437/processors/include/cpu_types_pkg.vh:44]
WARNING: [Synth 8-11067] parameter 'DIDX_W' declared inside package 'cpu_types_pkg' shall be treated as localparam [/home/ecegridfs/a/437mg063/ece437/processors/include/cpu_types_pkg.vh:45]
WARNING: [Synth 8-11067] parameter 'DBLK_W' declared inside package 'cpu_types_pkg' shall be treated as localparam [/home/ecegridfs/a/437mg063/ece437/processors/include/cpu_types_pkg.vh:46]
WARNING: [Synth 8-11067] parameter 'DBYT_W' declared inside package 'cpu_types_pkg' shall be treated as localparam [/home/ecegridfs/a/437mg063/ece437/processors/include/cpu_types_pkg.vh:47]
WARNING: [Synth 8-11067] parameter 'DWAY_ASS' declared inside package 'cpu_types_pkg' shall be treated as localparam [/home/ecegridfs/a/437mg063/ece437/processors/include/cpu_types_pkg.vh:48]
INFO: [Synth 8-6157] synthesizing module 'system_fpga' [/home/ecegridfs/a/437mg063/ece437/processors/source/system_fpga.sv:31]
INFO: [Synth 8-6157] synthesizing module 'system_if' [/home/ecegridfs/a/437mg063/ece437/processors/include/system_if.vh:13]
INFO: [Synth 8-6155] done synthesizing module 'system_if' (0#1) [/home/ecegridfs/a/437mg063/ece437/processors/include/system_if.vh:13]
INFO: [Synth 8-6157] synthesizing module 'system' [/home/ecegridfs/a/437mg063/ece437/processors/source/system.sv:17]
INFO: [Synth 8-6157] synthesizing module 'cpu_ram_if' [/home/ecegridfs/a/437mg063/ece437/processors/include/cpu_ram_if.vh:14]
INFO: [Synth 8-6155] done synthesizing module 'cpu_ram_if' (0#1) [/home/ecegridfs/a/437mg063/ece437/processors/include/cpu_ram_if.vh:14]
INFO: [Synth 8-6157] synthesizing module 'pipeline' [/home/ecegridfs/a/437mg063/ece437/processors/source/pipeline.sv:10]
	Parameter PC0 bound to: 0 - type: integer 
INFO: [Synth 8-6157] synthesizing module 'datapath_cache_if' [/home/ecegridfs/a/437mg063/ece437/processors/include/datapath_cache_if.vh:13]
INFO: [Synth 8-6155] done synthesizing module 'datapath_cache_if' (0#1) [/home/ecegridfs/a/437mg063/ece437/processors/include/datapath_cache_if.vh:13]
INFO: [Synth 8-6157] synthesizing module 'caches_if' [/home/ecegridfs/a/437mg063/ece437/processors/include/caches_if.vh:18]
INFO: [Synth 8-6155] done synthesizing module 'caches_if' (0#1) [/home/ecegridfs/a/437mg063/ece437/processors/include/caches_if.vh:18]
INFO: [Synth 8-6157] synthesizing module 'caches_if' [/home/ecegridfs/a/437mg063/ece437/processors/include/caches_if.vh:18]
INFO: [Synth 8-6155] done synthesizing module 'caches_if' (0#1) [/home/ecegridfs/a/437mg063/ece437/processors/include/caches_if.vh:18]
INFO: [Synth 8-6157] synthesizing module 'cache_control_if' [/home/ecegridfs/a/437mg063/ece437/processors/include/cache_control_if.vh:25]
	Parameter CPUS bound to: 1 - type: integer 
WARNING: [Synth 8-330] inout connections inferred for interface port 'caches_if' with no modport [/home/ecegridfs/a/437mg063/ece437/processors/source/pipeline.sv:24]
WARNING: [Synth 8-330] inout connections inferred for interface port 'caches_if' with no modport [/home/ecegridfs/a/437mg063/ece437/processors/source/pipeline.sv:24]
INFO: [Synth 8-6155] done synthesizing module 'cache_control_if' (0#1) [/home/ecegridfs/a/437mg063/ece437/processors/include/cache_control_if.vh:25]
INFO: [Synth 8-6157] synthesizing module 'datapath' [/home/ecegridfs/a/437mg063/ece437/processors/source/datapath.sv:27]
	Parameter PC_INIT bound to: 0 - type: integer 
INFO: [Synth 8-6157] synthesizing module 'control_unit_if' [/home/ecegridfs/a/437mg063/ece437/processors/include/control_unit_if.vh:7]
INFO: [Synth 8-6155] done synthesizing module 'control_unit_if' (0#1) [/home/ecegridfs/a/437mg063/ece437/processors/include/control_unit_if.vh:7]
INFO: [Synth 8-6157] synthesizing module 'request_unit_if' [/home/ecegridfs/a/437mg063/ece437/processors/include/request_unit_if.vh:7]
INFO: [Synth 8-6155] done synthesizing module 'request_unit_if' (0#1) [/home/ecegridfs/a/437mg063/ece437/processors/include/request_unit_if.vh:7]
INFO: [Synth 8-6157] synthesizing module 'register_file_if' [/home/ecegridfs/a/437mg063/ece437/processors/include/register_file_if.vh:13]
INFO: [Synth 8-6155] done synthesizing module 'register_file_if' (0#1) [/home/ecegridfs/a/437mg063/ece437/processors/include/register_file_if.vh:13]
INFO: [Synth 8-6157] synthesizing module 'alu_if' [/home/ecegridfs/a/437mg063/ece437/processors/include/alu_if.vh:7]
INFO: [Synth 8-6155] done synthesizing module 'alu_if' (0#1) [/home/ecegridfs/a/437mg063/ece437/processors/include/alu_if.vh:7]
INFO: [Synth 8-6157] synthesizing module 'pc_if' [/home/ecegridfs/a/437mg063/ece437/processors/include/pc_if.vh:7]
INFO: [Synth 8-6155] done synthesizing module 'pc_if' (0#1) [/home/ecegridfs/a/437mg063/ece437/processors/include/pc_if.vh:7]
INFO: [Synth 8-6157] synthesizing module 'if_id_if' [/home/ecegridfs/a/437mg063/ece437/processors/include/if_id_if.vh:7]
INFO: [Synth 8-6155] done synthesizing module 'if_id_if' (0#1) [/home/ecegridfs/a/437mg063/ece437/processors/include/if_id_if.vh:7]
INFO: [Synth 8-6157] synthesizing module 'id_ex_if' [/home/ecegridfs/a/437mg063/ece437/processors/include/id_ex_if.vh:7]
INFO: [Synth 8-6155] done synthesizing module 'id_ex_if' (0#1) [/home/ecegridfs/a/437mg063/ece437/processors/include/id_ex_if.vh:7]
INFO: [Synth 8-6157] synthesizing module 'ex_mem_if' [/home/ecegridfs/a/437mg063/ece437/processors/include/ex_mem_if.vh:7]
INFO: [Synth 8-6155] done synthesizing module 'ex_mem_if' (0#1) [/home/ecegridfs/a/437mg063/ece437/processors/include/ex_mem_if.vh:7]
INFO: [Synth 8-6157] synthesizing module 'mem_wb_if' [/home/ecegridfs/a/437mg063/ece437/processors/include/mem_wb_if.vh:7]
INFO: [Synth 8-6155] done synthesizing module 'mem_wb_if' (0#1) [/home/ecegridfs/a/437mg063/ece437/processors/include/mem_wb_if.vh:7]
INFO: [Synth 8-6157] synthesizing module 'hazard_unit_if' [/home/ecegridfs/a/437mg063/ece437/processors/include/hazard_unit_if.vh:7]
INFO: [Synth 8-6155] done synthesizing module 'hazard_unit_if' (0#1) [/home/ecegridfs/a/437mg063/ece437/processors/include/hazard_unit_if.vh:7]
INFO: [Synth 8-6157] synthesizing module 'forwarding_unit_if' [/home/ecegridfs/a/437mg063/ece437/processors/include/forwarding_unit_if.vh:7]
INFO: [Synth 8-6155] done synthesizing module 'forwarding_unit_if' (0#1) [/home/ecegridfs/a/437mg063/ece437/processors/include/forwarding_unit_if.vh:7]
INFO: [Synth 8-6157] synthesizing module 'forwarding_unit' [/home/ecegridfs/a/437mg063/ece437/processors/source/forwarding_unit.sv:5]
INFO: [Synth 8-6155] done synthesizing module 'forwarding_unit' (0#1) [/home/ecegridfs/a/437mg063/ece437/processors/source/forwarding_unit.sv:5]
INFO: [Synth 8-6157] synthesizing module 'hazard_unit' [/home/ecegridfs/a/437mg063/ece437/processors/source/hazard_unit.sv:18]
INFO: [Synth 8-6155] done synthesizing module 'hazard_unit' (0#1) [/home/ecegridfs/a/437mg063/ece437/processors/source/hazard_unit.sv:18]
INFO: [Synth 8-6157] synthesizing module 'control_unit' [/home/ecegridfs/a/437mg063/ece437/processors/source/control_unit.sv:5]
INFO: [Synth 8-155] case statement is not full and has no default [/home/ecegridfs/a/437mg063/ece437/processors/source/control_unit.sv:44]
INFO: [Synth 8-155] case statement is not full and has no default [/home/ecegridfs/a/437mg063/ece437/processors/source/control_unit.sv:106]
INFO: [Synth 8-155] case statement is not full and has no default [/home/ecegridfs/a/437mg063/ece437/processors/source/control_unit.sv:40]
INFO: [Synth 8-6155] done synthesizing module 'control_unit' (0#1) [/home/ecegridfs/a/437mg063/ece437/processors/source/control_unit.sv:5]
INFO: [Synth 8-6157] synthesizing module 'request_unit' [/home/ecegridfs/a/437mg063/ece437/processors/source/request_unit.sv:4]
INFO: [Synth 8-6155] done synthesizing module 'request_unit' (0#1) [/home/ecegridfs/a/437mg063/ece437/processors/source/request_unit.sv:4]
INFO: [Synth 8-6157] synthesizing module 'register_file' [/home/ecegridfs/a/437mg063/ece437/processors/source/register_file.sv:4]
INFO: [Synth 8-6155] done synthesizing module 'register_file' (0#1) [/home/ecegridfs/a/437mg063/ece437/processors/source/register_file.sv:4]
INFO: [Synth 8-6157] synthesizing module 'alu' [/home/ecegridfs/a/437mg063/ece437/processors/source/alu.sv:4]
INFO: [Synth 8-6155] done synthesizing module 'alu' (0#1) [/home/ecegridfs/a/437mg063/ece437/processors/source/alu.sv:4]
INFO: [Synth 8-6157] synthesizing module 'pc' [/home/ecegridfs/a/437mg063/ece437/processors/source/pc.sv:4]
INFO: [Synth 8-6155] done synthesizing module 'pc' (0#1) [/home/ecegridfs/a/437mg063/ece437/processors/source/pc.sv:4]
INFO: [Synth 8-6157] synthesizing module 'if_id' [/home/ecegridfs/a/437mg063/ece437/processors/source/if_id.sv:8]
INFO: [Synth 8-6155] done synthesizing module 'if_id' (0#1) [/home/ecegridfs/a/437mg063/ece437/processors/source/if_id.sv:8]
INFO: [Synth 8-6157] synthesizing module 'id_ex' [/home/ecegridfs/a/437mg063/ece437/processors/source/id_ex.sv:4]
INFO: [Synth 8-6155] done synthesizing module 'id_ex' (0#1) [/home/ecegridfs/a/437mg063/ece437/processors/source/id_ex.sv:4]
INFO: [Synth 8-6157] synthesizing module 'ex_mem' [/home/ecegridfs/a/437mg063/ece437/processors/source/ex_mem.sv:4]
INFO: [Synth 8-6155] done synthesizing module 'ex_mem' (0#1) [/home/ecegridfs/a/437mg063/ece437/processors/source/ex_mem.sv:4]
INFO: [Synth 8-6157] synthesizing module 'mem_wb' [/home/ecegridfs/a/437mg063/ece437/processors/source/mem_wb.sv:4]
INFO: [Synth 8-6155] done synthesizing module 'mem_wb' (0#1) [/home/ecegridfs/a/437mg063/ece437/processors/source/mem_wb.sv:4]
INFO: [Synth 8-155] case statement is not full and has no default [/home/ecegridfs/a/437mg063/ece437/processors/source/datapath.sv:121]
INFO: [Synth 8-155] case statement is not full and has no default [/home/ecegridfs/a/437mg063/ece437/processors/source/datapath.sv:130]
INFO: [Synth 8-6155] done synthesizing module 'datapath' (0#1) [/home/ecegridfs/a/437mg063/ece437/processors/source/datapath.sv:27]
INFO: [Synth 8-6157] synthesizing module 'caches' [/home/ecegridfs/a/437mg063/ece437/processors/source/caches.sv:9]
WARNING: [Synth 8-330] inout connections inferred for interface port 'caches_if' with no modport [/home/ecegridfs/a/437mg063/ece437/processors/source/pipeline.sv:29]
INFO: [Synth 8-6155] done synthesizing module 'caches' (0#1) [/home/ecegridfs/a/437mg063/ece437/processors/source/caches.sv:9]
INFO: [Synth 8-6157] synthesizing module 'memory_control' [/home/ecegridfs/a/437mg063/ece437/processors/source/memory_control.sv:16]
INFO: [Synth 8-6155] done synthesizing module 'memory_control' (0#1) [/home/ecegridfs/a/437mg063/ece437/processors/source/memory_control.sv:16]
INFO: [Synth 8-6155] done synthesizing module 'pipeline' (0#1) [/home/ecegridfs/a/437mg063/ece437/processors/source/pipeline.sv:10]
INFO: [Synth 8-6157] synthesizing module 'ram' [/home/ecegridfs/a/437mg063/ece437/processors/source/ram.sv:15]
INFO: [Synth 8-3876] $readmem data file 'meminit.mem' is read successfully [/home/ecegridfs/a/437mg063/ece437/processors/source/ram.sv:61]
INFO: [Synth 8-6155] done synthesizing module 'ram' (0#1) [/home/ecegridfs/a/437mg063/ece437/processors/source/ram.sv:15]
INFO: [Synth 8-6155] done synthesizing module 'system' (0#1) [/home/ecegridfs/a/437mg063/ece437/processors/source/system.sv:17]
INFO: [Synth 8-6157] synthesizing module 'mem_debug_vio' [/home/ecegridfs/a/437mg063/ece437/processors/build/system_fpga.runs/synth_1/.Xil/Vivado-220354-cparch13.ecn.purdue.edu/realtime/mem_debug_vio_stub.v:6]
INFO: [Synth 8-6155] done synthesizing module 'mem_debug_vio' (0#1) [/home/ecegridfs/a/437mg063/ece437/processors/build/system_fpga.runs/synth_1/.Xil/Vivado-220354-cparch13.ecn.purdue.edu/realtime/mem_debug_vio_stub.v:6]
INFO: [Synth 8-6157] synthesizing module 'system_fpga_clock_div' [/home/ecegridfs/a/437mg063/ece437/processors/source/system_fpga.sv:16]
	Parameter DIV bound to: 50000 - type: integer 
INFO: [Synth 8-6155] done synthesizing module 'system_fpga_clock_div' (0#1) [/home/ecegridfs/a/437mg063/ece437/processors/source/system_fpga.sv:16]
INFO: [Synth 8-294] found qualifier unique on case statement: implementing as parallel_case [/home/ecegridfs/a/437mg063/ece437/processors/source/system_fpga.sv:47]
INFO: [Synth 8-6155] done synthesizing module 'system_fpga' (0#1) [/home/ecegridfs/a/437mg063/ece437/processors/source/system_fpga.sv:31]
WARNING: [Synth 8-7137] Register exm\.dmemaddr_reg in module ex_mem has both Set and reset with same priority. This may cause simulation mismatches. Consider rewriting code  [/home/ecegridfs/a/437mg063/ece437/processors/source/ex_mem.sv:38]
WARNING: [Synth 8-3848] Net exm\.branchPCand_out in module/entity ex_mem does not have driver. [/home/ecegridfs/a/437mg063/ece437/processors/source/ex_mem.sv:6]
WARNING: [Synth 8-3848] Net exm\.branchPCadder_out in module/entity ex_mem does not have driver. [/home/ecegridfs/a/437mg063/ece437/processors/source/ex_mem.sv:6]
WARNING: [Synth 8-3848] Net exm\.jumpPCsrc_out in module/entity ex_mem does not have driver. [/home/ecegridfs/a/437mg063/ece437/processors/source/ex_mem.sv:6]
WARNING: [Synth 8-3848] Net exm\.jumpPCadder_out in module/entity ex_mem does not have driver. [/home/ecegridfs/a/437mg063/ece437/processors/source/ex_mem.sv:6]
WARNING: [Synth 8-3848] Net dpif\.datomic in module/entity datapath does not have driver. [/home/ecegridfs/a/437mg063/ece437/processors/source/datapath.sv:29]
WARNING: [Synth 8-3848] Net exm\.stall in module/entity datapath does not have driver. [/home/ecegridfs/a/437mg063/ece437/processors/include/ex_mem_if.vh:13]
WARNING: [Synth 8-3848] Net exm\.branchPCand_in in module/entity datapath does not have driver. [/home/ecegridfs/a/437mg063/ece437/processors/include/ex_mem_if.vh:13]
WARNING: [Synth 8-3848] Net exm\.branchPCadder_in in module/entity datapath does not have driver. [/home/ecegridfs/a/437mg063/ece437/processors/include/ex_mem_if.vh:13]
WARNING: [Synth 8-3848] Net exm\.jumpPCsrc_in in module/entity datapath does not have driver. [/home/ecegridfs/a/437mg063/ece437/processors/include/ex_mem_if.vh:13]
WARNING: [Synth 8-3848] Net exm\.jumpPCadder_in in module/entity datapath does not have driver. [/home/ecegridfs/a/437mg063/ece437/processors/include/ex_mem_if.vh:13]
WARNING: [Synth 8-3848] Net dx\.dhit in module/entity datapath does not have driver. [/home/ecegridfs/a/437mg063/ece437/processors/include/id_ex_if.vh:14]
WARNING: [Synth 8-3848] Net ruif\.dWEN in module/entity datapath does not have driver. [/home/ecegridfs/a/437mg063/ece437/processors/include/request_unit_if.vh:11]
WARNING: [Synth 8-3848] Net ruif\.dREN in module/entity datapath does not have driver. [/home/ecegridfs/a/437mg063/ece437/processors/include/request_unit_if.vh:11]
WARNING: [Synth 8-3848] Net ruif\.dhit in module/entity datapath does not have driver. [/home/ecegridfs/a/437mg063/ece437/processors/include/request_unit_if.vh:11]
WARNING: [Synth 8-3848] Net ruif\.ihit in module/entity datapath does not have driver. [/home/ecegridfs/a/437mg063/ece437/processors/include/request_unit_if.vh:11]
WARNING: [Synth 8-3848] Net ccif\.ccwait in module/entity memory_control does not have driver. [/home/ecegridfs/a/437mg063/ece437/processors/source/memory_control.sv:18]
WARNING: [Synth 8-3848] Net ccif\.ccinv in module/entity memory_control does not have driver. [/home/ecegridfs/a/437mg063/ece437/processors/source/memory_control.sv:18]
WARNING: [Synth 8-3848] Net ccif\.ccsnoopaddr[0] in module/entity memory_control does not have driver. [/home/ecegridfs/a/437mg063/ece437/processors/source/memory_control.sv:18]
WARNING: [Synth 8-3848] Net cif0\.ccwrite in module/entity pipeline does not have driver. [/home/ecegridfs/a/437mg063/ece437/processors/include/caches_if.vh:36]
WARNING: [Synth 8-3848] Net cif0\.cctrans in module/entity pipeline does not have driver. [/home/ecegridfs/a/437mg063/ece437/processors/include/caches_if.vh:36]
WARNING: [Synth 8-3848] Net cif1\.iwait in module/entity pipeline does not have driver. [/home/ecegridfs/a/437mg063/ece437/processors/include/caches_if.vh:24]
WARNING: [Synth 8-3848] Net cif1\.dwait in module/entity pipeline does not have driver. [/home/ecegridfs/a/437mg063/ece437/processors/include/caches_if.vh:24]
WARNING: [Synth 8-3848] Net cif1\.iREN in module/entity pipeline does not have driver. [/home/ecegridfs/a/437mg063/ece437/processors/include/caches_if.vh:24]
WARNING: [Synth 8-3848] Net cif1\.dREN in module/entity pipeline does not have driver. [/home/ecegridfs/a/437mg063/ece437/processors/include/caches_if.vh:24]
WARNING: [Synth 8-3848] Net cif1\.dWEN in module/entity pipeline does not have driver. [/home/ecegridfs/a/437mg063/ece437/processors/include/caches_if.vh:24]
WARNING: [Synth 8-3848] Net cif1\.iload in module/entity pipeline does not have driver. [/home/ecegridfs/a/437mg063/ece437/processors/include/caches_if.vh:25]
WARNING: [Synth 8-3848] Net cif1\.dload in module/entity pipeline does not have driver. [/home/ecegridfs/a/437mg063/ece437/processors/include/caches_if.vh:25]
WARNING: [Synth 8-3848] Net cif1\.dstore in module/entity pipeline does not have driver. [/home/ecegridfs/a/437mg063/ece437/processors/include/caches_if.vh:25]
WARNING: [Synth 8-3848] Net cif1\.iaddr in module/entity pipeline does not have driver. [/home/ecegridfs/a/437mg063/ece437/processors/include/caches_if.vh:26]
WARNING: [Synth 8-3848] Net cif1\.daddr in module/entity pipeline does not have driver. [/home/ecegridfs/a/437mg063/ece437/processors/include/caches_if.vh:26]
WARNING: [Synth 8-3848] Net cif1\.ccwait in module/entity pipeline does not have driver. [/home/ecegridfs/a/437mg063/ece437/processors/include/caches_if.vh:35]
WARNING: [Synth 8-3848] Net cif1\.ccinv in module/entity pipeline does not have driver. [/home/ecegridfs/a/437mg063/ece437/processors/include/caches_if.vh:35]
WARNING: [Synth 8-3848] Net cif1\.ccwrite in module/entity pipeline does not have driver. [/home/ecegridfs/a/437mg063/ece437/processors/include/caches_if.vh:36]
WARNING: [Synth 8-3848] Net cif1\.cctrans in module/entity pipeline does not have driver. [/home/ecegridfs/a/437mg063/ece437/processors/include/caches_if.vh:36]
WARNING: [Synth 8-3848] Net cif1\.ccsnoopaddr in module/entity pipeline does not have driver. [/home/ecegridfs/a/437mg063/ece437/processors/include/caches_if.vh:37]
INFO: [Synth 8-6071] Mark debug on the nets applies keep_hierarchy on instance 'vio_inst'. This will prevent further optimization [/home/ecegridfs/a/437mg063/ece437/processors/source/system_fpga.sv:99]
INFO: [Synth 8-6071] Mark debug on the nets applies keep_hierarchy on instance 'SYS'. This will prevent further optimization [/home/ecegridfs/a/437mg063/ece437/processors/source/system_fpga.sv:98]
WARNING: [Synth 8-7129] Port ramif\.memREN in module ram is either unconnected or has no load
WARNING: [Synth 8-7129] Port ramif\.memWEN in module ram is either unconnected or has no load
WARNING: [Synth 8-7129] Port ramif\.memaddr[31] in module ram is either unconnected or has no load
WARNING: [Synth 8-7129] Port ramif\.memaddr[30] in module ram is either unconnected or has no load
WARNING: [Synth 8-7129] Port ramif\.memaddr[29] in module ram is either unconnected or has no load
WARNING: [Synth 8-7129] Port ramif\.memaddr[28] in module ram is either unconnected or has no load
WARNING: [Synth 8-7129] Port ramif\.memaddr[27] in module ram is either unconnected or has no load
WARNING: [Synth 8-7129] Port ramif\.memaddr[26] in module ram is either unconnected or has no load
WARNING: [Synth 8-7129] Port ramif\.memaddr[25] in module ram is either unconnected or has no load
WARNING: [Synth 8-7129] Port ramif\.memaddr[24] in module ram is either unconnected or has no load
WARNING: [Synth 8-7129] Port ramif\.memaddr[23] in module ram is either unconnected or has no load
WARNING: [Synth 8-7129] Port ramif\.memaddr[22] in module ram is either unconnected or has no load
WARNING: [Synth 8-7129] Port ramif\.memaddr[21] in module ram is either unconnected or has no load
WARNING: [Synth 8-7129] Port ramif\.memaddr[20] in module ram is either unconnected or has no load
WARNING: [Synth 8-7129] Port ramif\.memaddr[19] in module ram is either unconnected or has no load
WARNING: [Synth 8-7129] Port ramif\.memaddr[18] in module ram is either unconnected or has no load
WARNING: [Synth 8-7129] Port ramif\.memaddr[17] in module ram is either unconnected or has no load
WARNING: [Synth 8-7129] Port ramif\.memaddr[16] in module ram is either unconnected or has no load
WARNING: [Synth 8-7129] Port ramif\.memaddr[15] in module ram is either unconnected or has no load
WARNING: [Synth 8-7129] Port ramif\.memaddr[14] in module ram is either unconnected or has no load
WARNING: [Synth 8-7129] Port ramif\.memaddr[13] in module ram is either unconnected or has no load
WARNING: [Synth 8-7129] Port ramif\.memaddr[12] in module ram is either unconnected or has no load
WARNING: [Synth 8-7129] Port ramif\.memaddr[11] in module ram is either unconnected or has no load
WARNING: [Synth 8-7129] Port ramif\.memaddr[10] in module ram is either unconnected or has no load
WARNING: [Synth 8-7129] Port ramif\.memaddr[9] in module ram is either unconnected or has no load
WARNING: [Synth 8-7129] Port ramif\.memaddr[8] in module ram is either unconnected or has no load
WARNING: [Synth 8-7129] Port ramif\.memaddr[7] in module ram is either unconnected or has no load
WARNING: [Synth 8-7129] Port ramif\.memaddr[6] in module ram is either unconnected or has no load
WARNING: [Synth 8-7129] Port ramif\.memaddr[5] in module ram is either unconnected or has no load
WARNING: [Synth 8-7129] Port ramif\.memaddr[4] in module ram is either unconnected or has no load
WARNING: [Synth 8-7129] Port ramif\.memaddr[3] in module ram is either unconnected or has no load
WARNING: [Synth 8-7129] Port ramif\.memaddr[2] in module ram is either unconnected or has no load
WARNING: [Synth 8-7129] Port ramif\.memaddr[1] in module ram is either unconnected or has no load
WARNING: [Synth 8-7129] Port ramif\.memaddr[0] in module ram is either unconnected or has no load
WARNING: [Synth 8-7129] Port ramif\.memstore[31] in module ram is either unconnected or has no load
WARNING: [Synth 8-7129] Port ramif\.memstore[30] in module ram is either unconnected or has no load
WARNING: [Synth 8-7129] Port ramif\.memstore[29] in module ram is either unconnected or has no load
WARNING: [Synth 8-7129] Port ramif\.memstore[28] in module ram is either unconnected or has no load
WARNING: [Synth 8-7129] Port ramif\.memstore[27] in module ram is either unconnected or has no load
WARNING: [Synth 8-7129] Port ramif\.memstore[26] in module ram is either unconnected or has no load
WARNING: [Synth 8-7129] Port ramif\.memstore[25] in module ram is either unconnected or has no load
WARNING: [Synth 8-7129] Port ramif\.memstore[24] in module ram is either unconnected or has no load
WARNING: [Synth 8-7129] Port ramif\.memstore[23] in module ram is either unconnected or has no load
WARNING: [Synth 8-7129] Port ramif\.memstore[22] in module ram is either unconnected or has no load
WARNING: [Synth 8-7129] Port ramif\.memstore[21] in module ram is either unconnected or has no load
WARNING: [Synth 8-7129] Port ramif\.memstore[20] in module ram is either unconnected or has no load
WARNING: [Synth 8-7129] Port ramif\.memstore[19] in module ram is either unconnected or has no load
WARNING: [Synth 8-7129] Port ramif\.memstore[18] in module ram is either unconnected or has no load
WARNING: [Synth 8-7129] Port ramif\.memstore[17] in module ram is either unconnected or has no load
WARNING: [Synth 8-7129] Port ramif\.memstore[16] in module ram is either unconnected or has no load
WARNING: [Synth 8-7129] Port ramif\.memstore[15] in module ram is either unconnected or has no load
WARNING: [Synth 8-7129] Port ramif\.memstore[14] in module ram is either unconnected or has no load
WARNING: [Synth 8-7129] Port ramif\.memstore[13] in module ram is either unconnected or has no load
WARNING: [Synth 8-7129] Port ramif\.memstore[12] in module ram is either unconnected or has no load
WARNING: [Synth 8-7129] Port ramif\.memstore[11] in module ram is either unconnected or has no load
WARNING: [Synth 8-7129] Port ramif\.memstore[10] in module ram is either unconnected or has no load
WARNING: [Synth 8-7129] Port ramif\.memstore[9] in module ram is either unconnected or has no load
WARNING: [Synth 8-7129] Port ramif\.memstore[8] in module ram is either unconnected or has no load
WARNING: [Synth 8-7129] Port ramif\.memstore[7] in module ram is either unconnected or has no load
WARNING: [Synth 8-7129] Port ramif\.memstore[6] in module ram is either unconnected or has no load
WARNING: [Synth 8-7129] Port ramif\.memstore[5] in module ram is either unconnected or has no load
WARNING: [Synth 8-7129] Port ramif\.memstore[4] in module ram is either unconnected or has no load
WARNING: [Synth 8-7129] Port ramif\.memstore[3] in module ram is either unconnected or has no load
WARNING: [Synth 8-7129] Port ramif\.memstore[2] in module ram is either unconnected or has no load
WARNING: [Synth 8-7129] Port ramif\.memstore[1] in module ram is either unconnected or has no load
WARNING: [Synth 8-7129] Port ramif\.memstore[0] in module ram is either unconnected or has no load
WARNING: [Synth 8-7129] Port halt in module ram is either unconnected or has no load
WARNING: [Synth 8-7129] Port ccif\.ccwait[0] in module memory_control is either unconnected or has no load
WARNING: [Synth 8-7129] Port ccif\.ccinv[0] in module memory_control is either unconnected or has no load
WARNING: [Synth 8-7129] Port ccif\.ccsnoopaddr[0][31] in module memory_control is either unconnected or has no load
WARNING: [Synth 8-7129] Port ccif\.ccsnoopaddr[0][30] in module memory_control is either unconnected or has no load
WARNING: [Synth 8-7129] Port ccif\.ccsnoopaddr[0][29] in module memory_control is either unconnected or has no load
WARNING: [Synth 8-7129] Port ccif\.ccsnoopaddr[0][28] in module memory_control is either unconnected or has no load
WARNING: [Synth 8-7129] Port ccif\.ccsnoopaddr[0][27] in module memory_control is either unconnected or has no load
WARNING: [Synth 8-7129] Port ccif\.ccsnoopaddr[0][26] in module memory_control is either unconnected or has no load
WARNING: [Synth 8-7129] Port ccif\.ccsnoopaddr[0][25] in module memory_control is either unconnected or has no load
WARNING: [Synth 8-7129] Port ccif\.ccsnoopaddr[0][24] in module memory_control is either unconnected or has no load
WARNING: [Synth 8-7129] Port ccif\.ccsnoopaddr[0][23] in module memory_control is either unconnected or has no load
WARNING: [Synth 8-7129] Port ccif\.ccsnoopaddr[0][22] in module memory_control is either unconnected or has no load
WARNING: [Synth 8-7129] Port ccif\.ccsnoopaddr[0][21] in module memory_control is either unconnected or has no load
WARNING: [Synth 8-7129] Port ccif\.ccsnoopaddr[0][20] in module memory_control is either unconnected or has no load
WARNING: [Synth 8-7129] Port ccif\.ccsnoopaddr[0][19] in module memory_control is either unconnected or has no load
WARNING: [Synth 8-7129] Port ccif\.ccsnoopaddr[0][18] in module memory_control is either unconnected or has no load
WARNING: [Synth 8-7129] Port ccif\.ccsnoopaddr[0][17] in module memory_control is either unconnected or has no load
WARNING: [Synth 8-7129] Port ccif\.ccsnoopaddr[0][16] in module memory_control is either unconnected or has no load
WARNING: [Synth 8-7129] Port ccif\.ccsnoopaddr[0][15] in module memory_control is either unconnected or has no load
WARNING: [Synth 8-7129] Port ccif\.ccsnoopaddr[0][14] in module memory_control is either unconnected or has no load
WARNING: [Synth 8-7129] Port ccif\.ccsnoopaddr[0][13] in module memory_control is either unconnected or has no load
WARNING: [Synth 8-7129] Port ccif\.ccsnoopaddr[0][12] in module memory_control is either unconnected or has no load
WARNING: [Synth 8-7129] Port ccif\.ccsnoopaddr[0][11] in module memory_control is either unconnected or has no load
WARNING: [Synth 8-7129] Port ccif\.ccsnoopaddr[0][10] in module memory_control is either unconnected or has no load
WARNING: [Synth 8-7129] Port ccif\.ccsnoopaddr[0][9] in module memory_control is either unconnected or has no load
WARNING: [Synth 8-7129] Port ccif\.ccsnoopaddr[0][8] in module memory_control is either unconnected or has no load
WARNING: [Synth 8-7129] Port ccif\.ccsnoopaddr[0][7] in module memory_control is either unconnected or has no load
WARNING: [Synth 8-7129] Port ccif\.ccsnoopaddr[0][6] in module memory_control is either unconnected or has no load
WARNING: [Synth 8-7129] Port ccif\.ccsnoopaddr[0][5] in module memory_control is either unconnected or has no load
WARNING: [Synth 8-7129] Port ccif\.ccsnoopaddr[0][4] in module memory_control is either unconnected or has no load
WARNING: [Synth 8-7129] Port ccif\.ccsnoopaddr[0][3] in module memory_control is either unconnected or has no load
WARNING: [Synth 8-7129] Port ccif\.ccsnoopaddr[0][2] in module memory_control is either unconnected or has no load
WARNING: [Synth 8-7129] Port ccif\.ccsnoopaddr[0][1] in module memory_control is either unconnected or has no load
INFO: [Common 17-14] Message 'Synth 8-7129' appears 100 times and further instances of the messages will be disabled. Use the Tcl command set_msg_config to change the current settings.
---------------------------------------------------------------------------------
Finished RTL Elaboration : Time (s): cpu = 00:00:05 ; elapsed = 00:00:06 . Memory (MB): peak = 2411.770 ; gain = 498.621 ; free physical = 4665 ; free virtual = 17210
---------------------------------------------------------------------------------
---------------------------------------------------------------------------------
Start Handling Custom Attributes
---------------------------------------------------------------------------------
---------------------------------------------------------------------------------
Finished Handling Custom Attributes : Time (s): cpu = 00:00:05 ; elapsed = 00:00:06 . Memory (MB): peak = 2429.582 ; gain = 516.434 ; free physical = 4657 ; free virtual = 17202
---------------------------------------------------------------------------------
---------------------------------------------------------------------------------
Finished RTL Optimization Phase 1 : Time (s): cpu = 00:00:05 ; elapsed = 00:00:06 . Memory (MB): peak = 2429.582 ; gain = 516.434 ; free physical = 4657 ; free virtual = 17202
---------------------------------------------------------------------------------
Netlist sorting complete. Time (s): cpu = 00:00:00.03 ; elapsed = 00:00:00.03 . Memory (MB): peak = 2429.582 ; gain = 0.000 ; free physical = 4656 ; free virtual = 17201
INFO: [Project 1-570] Preparing netlist for logic optimization

Processing XDC Constraints
Initializing timing engine
Parsing XDC File [/home/ecegridfs/a/437mg063/ece437/processors/build/system_fpga.gen/sources_1/ip/mem_debug_vio/mem_debug_vio/mem_debug_vio_in_context.xdc] for cell 'vio_inst'
Finished Parsing XDC File [/home/ecegridfs/a/437mg063/ece437/processors/build/system_fpga.gen/sources_1/ip/mem_debug_vio/mem_debug_vio/mem_debug_vio_in_context.xdc] for cell 'vio_inst'
Parsing XDC File [/home/ecegrid/a/ece437l/tools/vivado_extra/urbana.xdc]
WARNING: [Vivado 12-507] No nets matched 'BTN_IBUF[3]'. [/home/ecegrid/a/ece437l/tools/vivado_extra/urbana.xdc:82]
Finished Parsing XDC File [/home/ecegrid/a/ece437l/tools/vivado_extra/urbana.xdc]
WARNING: [Project 1-498] One or more constraints failed evaluation while reading constraint file [/home/ecegrid/a/ece437l/tools/vivado_extra/urbana.xdc] and the design contains unresolved black boxes. These constraints will be read post-synthesis (as long as their source constraint file is marked as used_in_implementation) and should be applied correctly then. You should review the constraints listed in the file [.Xil/system_fpga_propImpl.xdc] and check the run log file to verify that these constraints were correctly applied.
INFO: [Project 1-236] Implementation specific constraints were found while reading constraint file [/home/ecegrid/a/ece437l/tools/vivado_extra/urbana.xdc]. These constraints will be ignored for synthesis but will be used in implementation. Impacted constraints are listed in the file [.Xil/system_fpga_propImpl.xdc].
Resolution: To avoid this warning, move constraints listed in [.Xil/system_fpga_propImpl.xdc] to another XDC file and exclude this new file from synthesis with the used_in_synthesis property (File Properties dialog in GUI) and re-run elaboration/synthesis.
Parsing XDC File [/home/ecegridfs/a/437mg063/ece437/processors/build/generated_clock.xdc]
Finished Parsing XDC File [/home/ecegridfs/a/437mg063/ece437/processors/build/generated_clock.xdc]
Completed Processing XDC Constraints

Netlist sorting complete. Time (s): cpu = 00:00:00 ; elapsed = 00:00:00 . Memory (MB): peak = 2573.395 ; gain = 0.000 ; free physical = 4565 ; free virtual = 17110
INFO: [Project 1-111] Unisim Transformation Summary:
No Unisim elements were transformed.

Constraint Validation Runtime : Time (s): cpu = 00:00:00 ; elapsed = 00:00:00.01 . Memory (MB): peak = 2573.430 ; gain = 0.000 ; free physical = 4563 ; free virtual = 17108
WARNING: [Timing 38-316] Clock period '10.000' specified during out-of-context synthesis of instance 'vio_inst' at clock pin 'clk' is different from the actual clock period '5.000', this can lead to different synthesis results.
---------------------------------------------------------------------------------
Finished Constraint Validation : Time (s): cpu = 00:00:10 ; elapsed = 00:00:12 . Memory (MB): peak = 2573.430 ; gain = 660.281 ; free physical = 4564 ; free virtual = 17109
---------------------------------------------------------------------------------
---------------------------------------------------------------------------------
Start Loading Part and Timing Information
---------------------------------------------------------------------------------
Loading part: xc7s50csga324-1
---------------------------------------------------------------------------------
Finished Loading Part and Timing Information : Time (s): cpu = 00:00:10 ; elapsed = 00:00:12 . Memory (MB): peak = 2573.430 ; gain = 660.281 ; free physical = 4564 ; free virtual = 17109
---------------------------------------------------------------------------------
---------------------------------------------------------------------------------
Start Applying 'set_property' XDC Constraints
---------------------------------------------------------------------------------
Applied set_property KEEP_HIERARCHY = SOFT for vio_inst. (constraint file  auto generated constraint).
---------------------------------------------------------------------------------
Finished applying 'set_property' XDC Constraints : Time (s): cpu = 00:00:10 ; elapsed = 00:00:12 . Memory (MB): peak = 2573.430 ; gain = 660.281 ; free physical = 4564 ; free virtual = 17109
---------------------------------------------------------------------------------
---------------------------------------------------------------------------------
Finished RTL Optimization Phase 2 : Time (s): cpu = 00:00:11 ; elapsed = 00:00:13 . Memory (MB): peak = 2573.430 ; gain = 660.281 ; free physical = 4556 ; free virtual = 17102
---------------------------------------------------------------------------------
---------------------------------------------------------------------------------
Start RTL Component Statistics 
---------------------------------------------------------------------------------
Detailed RTL Component Info : 
+---Adders : 
	   2 Input   32 Bit       Adders := 5     
	   3 Input   32 Bit       Adders := 1     
	   2 Input   21 Bit       Adders := 1     
	   2 Input    4 Bit       Adders := 2     
	   2 Input    2 Bit       Adders := 2     
+---XORs : 
	   2 Input     32 Bit         XORs := 1     
+---Registers : 
	               32 Bit    Registers := 56    
	               21 Bit    Registers := 1     
	                5 Bit    Registers := 5     
	                4 Bit    Registers := 4     
	                2 Bit    Registers := 7     
	                1 Bit    Registers := 20    
+---RAMs : 
	             512K Bit	(16384 X 32 bit)          RAMs := 1     
+---Muxes : 
	  11 Input   32 Bit        Muxes := 1     
	   2 Input   32 Bit        Muxes := 18    
	   4 Input   32 Bit        Muxes := 1     
	   3 Input   32 Bit        Muxes := 3     
	   2 Input    5 Bit        Muxes := 3     
	  11 Input    4 Bit        Muxes := 2     
	   2 Input    4 Bit        Muxes := 2     
	   8 Input    4 Bit        Muxes := 1     
	   7 Input    4 Bit        Muxes := 1     
	  32 Input    4 Bit        Muxes := 2     
	   2 Input    2 Bit        Muxes := 9     
	   7 Input    2 Bit        Muxes := 1     
	  11 Input    2 Bit        Muxes := 3     
	   4 Input    2 Bit        Muxes := 1     
	  11 Input    1 Bit        Muxes := 6     
	   2 Input    1 Bit        Muxes := 41    
---------------------------------------------------------------------------------
Finished RTL Component Statistics 
---------------------------------------------------------------------------------
---------------------------------------------------------------------------------
Start Part Resource Summary
---------------------------------------------------------------------------------
Part Resources:
DSPs: 120 (col length:60)
BRAMs: 150 (col length: RAMB18 60 RAMB36 30)
---------------------------------------------------------------------------------
Finished Part Resource Summary
---------------------------------------------------------------------------------
---------------------------------------------------------------------------------
Start Cross Boundary and Area Optimization
---------------------------------------------------------------------------------
WARNING: [Synth 8-7080] Parallel synthesis criteria is not met
---------------------------------------------------------------------------------
Finished Cross Boundary and Area Optimization : Time (s): cpu = 00:00:20 ; elapsed = 00:00:22 . Memory (MB): peak = 2573.430 ; gain = 660.281 ; free physical = 4552 ; free virtual = 17105
---------------------------------------------------------------------------------
---------------------------------------------------------------------------------
Start ROM, RAM, DSP, Shift Register and Retiming Reporting
---------------------------------------------------------------------------------

Block RAM: Preliminary Mapping Report (see note below)
+------------+-------------+------------------------+---+---+------------------------+---+---+------------------+--------+--------+
|Module Name | RTL Object  | PORT A (Depth x Width) | W | R | PORT B (Depth x Width) | W | R | Ports driving FF | RAMB18 | RAMB36 | 
+------------+-------------+------------------------+---+---+------------------------+---+---+------------------+--------+--------+
|SYS         | RAM/mem_reg | 16 K x 32(READ_FIRST)  | W | R | 16 K x 32(WRITE_FIRST) |   | R | Port A and B     | 0      | 16     | 
+------------+-------------+------------------------+---+---+------------------------+---+---+------------------+--------+--------+

Note: The table above is a preliminary report that shows the Block RAMs at the current stage of the synthesis flow. Some Block RAMs may be reimplemented as non Block RAM primitives later in the synthesis flow. Multiple instantiated Block RAMs are reported only once. 
---------------------------------------------------------------------------------
Finished ROM, RAM, DSP, Shift Register and Retiming Reporting
---------------------------------------------------------------------------------
---------------------------------------------------------------------------------
Start Applying XDC Timing Constraints
---------------------------------------------------------------------------------
---------------------------------------------------------------------------------
Finished Applying XDC Timing Constraints : Time (s): cpu = 00:00:24 ; elapsed = 00:00:25 . Memory (MB): peak = 2573.430 ; gain = 660.281 ; free physical = 4511 ; free virtual = 17064
---------------------------------------------------------------------------------
---------------------------------------------------------------------------------
Start ROM, RAM, DSP, Shift Register and Retiming Reporting
---------------------------------------------------------------------------------

Block RAM: Final Mapping Report
+------------+-------------+------------------------+---+---+------------------------+---+---+------------------+--------+--------+
|Module Name | RTL Object  | PORT A (Depth x Width) | W | R | PORT B (Depth x Width) | W | R | Ports driving FF | RAMB18 | RAMB36 | 
+------------+-------------+------------------------+---+---+------------------------+---+---+------------------+--------+--------+
|SYS         | RAM/mem_reg | 16 K x 32(READ_FIRST)  | W | R | 16 K x 32(WRITE_FIRST) |   | R | Port A and B     | 0      | 16     | 
+------------+-------------+------------------------+---+---+------------------------+---+---+------------------+--------+--------+

---------------------------------------------------------------------------------
Finished ROM, RAM, DSP, Shift Register and Retiming Reporting
---------------------------------------------------------------------------------
---------------------------------------------------------------------------------
Start Technology Mapping
---------------------------------------------------------------------------------
INFO: [Synth 8-7052] The timing for the instance SYS/RAM/mem_reg_0 (implemented as a Block RAM) might be sub-optimal as no optional output register could be merged into the ram block. Providing additional output register may help in improving timing.
INFO: [Synth 8-7052] The timing for the instance SYS/RAM/mem_reg_0 (implemented as a Block RAM) might be sub-optimal as no optional output register could be merged into the ram block. Providing additional output register may help in improving timing.
INFO: [Synth 8-7052] The timing for the instance SYS/RAM/mem_reg_1 (implemented as a Block RAM) might be sub-optimal as no optional output register could be merged into the ram block. Providing additional output register may help in improving timing.
INFO: [Synth 8-7052] The timing for the instance SYS/RAM/mem_reg_1 (implemented as a Block RAM) might be sub-optimal as no optional output register could be merged into the ram block. Providing additional output register may help in improving timing.
INFO: [Synth 8-7052] The timing for the instance SYS/RAM/mem_reg_2 (implemented as a Block RAM) might be sub-optimal as no optional output register could be merged into the ram block. Providing additional output register may help in improving timing.
INFO: [Synth 8-7052] The timing for the instance SYS/RAM/mem_reg_2 (implemented as a Block RAM) might be sub-optimal as no optional output register could be merged into the ram block. Providing additional output register may help in improving timing.
INFO: [Synth 8-7052] The timing for the instance SYS/RAM/mem_reg_3 (implemented as a Block RAM) might be sub-optimal as no optional output register could be merged into the ram block. Providing additional output register may help in improving timing.
INFO: [Synth 8-7052] The timing for the instance SYS/RAM/mem_reg_3 (implemented as a Block RAM) might be sub-optimal as no optional output register could be merged into the ram block. Providing additional output register may help in improving timing.
INFO: [Synth 8-7052] The timing for the instance SYS/RAM/mem_reg_4 (implemented as a Block RAM) might be sub-optimal as no optional output register could be merged into the ram block. Providing additional output register may help in improving timing.
INFO: [Synth 8-7052] The timing for the instance SYS/RAM/mem_reg_4 (implemented as a Block RAM) might be sub-optimal as no optional output register could be merged into the ram block. Providing additional output register may help in improving timing.
INFO: [Synth 8-7052] The timing for the instance SYS/RAM/mem_reg_5 (implemented as a Block RAM) might be sub-optimal as no optional output register could be merged into the ram block. Providing additional output register may help in improving timing.
INFO: [Synth 8-7052] The timing for the instance SYS/RAM/mem_reg_5 (implemented as a Block RAM) might be sub-optimal as no optional output register could be merged into the ram block. Providing additional output register may help in improving timing.
INFO: [Synth 8-7052] The timing for the instance SYS/RAM/mem_reg_6 (implemented as a Block RAM) might be sub-optimal as no optional output register could be merged into the ram block. Providing additional output register may help in improving timing.
INFO: [Synth 8-7052] The timing for the instance SYS/RAM/mem_reg_6 (implemented as a Block RAM) might be sub-optimal as no optional output register could be merged into the ram block. Providing additional output register may help in improving timing.
INFO: [Synth 8-7052] The timing for the instance SYS/RAM/mem_reg_7 (implemented as a Block RAM) might be sub-optimal as no optional output register could be merged into the ram block. Providing additional output register may help in improving timing.
INFO: [Synth 8-7052] The timing for the instance SYS/RAM/mem_reg_7 (implemented as a Block RAM) might be sub-optimal as no optional output register could be merged into the ram block. Providing additional output register may help in improving timing.
INFO: [Synth 8-7052] The timing for the instance SYS/RAM/mem_reg_8 (implemented as a Block RAM) might be sub-optimal as no optional output register could be merged into the ram block. Providing additional output register may help in improving timing.
INFO: [Synth 8-7052] The timing for the instance SYS/RAM/mem_reg_8 (implemented as a Block RAM) might be sub-optimal as no optional output register could be merged into the ram block. Providing additional output register may help in improving timing.
INFO: [Synth 8-7052] The timing for the instance SYS/RAM/mem_reg_9 (implemented as a Block RAM) might be sub-optimal as no optional output register could be merged into the ram block. Providing additional output register may help in improving timing.
INFO: [Synth 8-7052] The timing for the instance SYS/RAM/mem_reg_9 (implemented as a Block RAM) might be sub-optimal as no optional output register could be merged into the ram block. Providing additional output register may help in improving timing.
INFO: [Synth 8-7052] The timing for the instance SYS/RAM/mem_reg_10 (implemented as a Block RAM) might be sub-optimal as no optional output register could be merged into the ram block. Providing additional output register may help in improving timing.
INFO: [Synth 8-7052] The timing for the instance SYS/RAM/mem_reg_10 (implemented as a Block RAM) might be sub-optimal as no optional output register could be merged into the ram block. Providing additional output register may help in improving timing.
INFO: [Synth 8-7052] The timing for the instance SYS/RAM/mem_reg_11 (implemented as a Block RAM) might be sub-optimal as no optional output register could be merged into the ram block. Providing additional output register may help in improving timing.
INFO: [Synth 8-7052] The timing for the instance SYS/RAM/mem_reg_11 (implemented as a Block RAM) might be sub-optimal as no optional output register could be merged into the ram block. Providing additional output register may help in improving timing.
INFO: [Synth 8-7052] The timing for the instance SYS/RAM/mem_reg_12 (implemented as a Block RAM) might be sub-optimal as no optional output register could be merged into the ram block. Providing additional output register may help in improving timing.
INFO: [Synth 8-7052] The timing for the instance SYS/RAM/mem_reg_12 (implemented as a Block RAM) might be sub-optimal as no optional output register could be merged into the ram block. Providing additional output register may help in improving timing.
INFO: [Synth 8-7052] The timing for the instance SYS/RAM/mem_reg_13 (implemented as a Block RAM) might be sub-optimal as no optional output register could be merged into the ram block. Providing additional output register may help in improving timing.
INFO: [Synth 8-7052] The timing for the instance SYS/RAM/mem_reg_13 (implemented as a Block RAM) might be sub-optimal as no optional output register could be merged into the ram block. Providing additional output register may help in improving timing.
INFO: [Synth 8-7052] The timing for the instance SYS/RAM/mem_reg_14 (implemented as a Block RAM) might be sub-optimal as no optional output register could be merged into the ram block. Providing additional output register may help in improving timing.
INFO: [Synth 8-7052] The timing for the instance SYS/RAM/mem_reg_14 (implemented as a Block RAM) might be sub-optimal as no optional output register could be merged into the ram block. Providing additional output register may help in improving timing.
INFO: [Synth 8-7052] The timing for the instance SYS/RAM/mem_reg_15 (implemented as a Block RAM) might be sub-optimal as no optional output register could be merged into the ram block. Providing additional output register may help in improving timing.
INFO: [Synth 8-7052] The timing for the instance SYS/RAM/mem_reg_15 (implemented as a Block RAM) might be sub-optimal as no optional output register could be merged into the ram block. Providing additional output register may help in improving timing.
---------------------------------------------------------------------------------
Finished Technology Mapping : Time (s): cpu = 00:00:25 ; elapsed = 00:00:27 . Memory (MB): peak = 2573.430 ; gain = 660.281 ; free physical = 4509 ; free virtual = 17062
---------------------------------------------------------------------------------
---------------------------------------------------------------------------------
Start IO Insertion
---------------------------------------------------------------------------------
---------------------------------------------------------------------------------
Start Flattening Before IO Insertion
---------------------------------------------------------------------------------
---------------------------------------------------------------------------------
Finished Flattening Before IO Insertion
---------------------------------------------------------------------------------
---------------------------------------------------------------------------------
Start Final Netlist Cleanup
---------------------------------------------------------------------------------
---------------------------------------------------------------------------------
Finished Final Netlist Cleanup
---------------------------------------------------------------------------------
---------------------------------------------------------------------------------
Finished IO Insertion : Time (s): cpu = 00:00:29 ; elapsed = 00:00:31 . Memory (MB): peak = 2573.430 ; gain = 660.281 ; free physical = 4510 ; free virtual = 17063
---------------------------------------------------------------------------------
---------------------------------------------------------------------------------
Start Renaming Generated Instances
---------------------------------------------------------------------------------
---------------------------------------------------------------------------------
Finished Renaming Generated Instances : Time (s): cpu = 00:00:29 ; elapsed = 00:00:31 . Memory (MB): peak = 2573.430 ; gain = 660.281 ; free physical = 4510 ; free virtual = 17063
---------------------------------------------------------------------------------
---------------------------------------------------------------------------------
Start Rebuilding User Hierarchy
---------------------------------------------------------------------------------
---------------------------------------------------------------------------------
Finished Rebuilding User Hierarchy : Time (s): cpu = 00:00:29 ; elapsed = 00:00:31 . Memory (MB): peak = 2573.430 ; gain = 660.281 ; free physical = 4510 ; free virtual = 17063
---------------------------------------------------------------------------------
---------------------------------------------------------------------------------
Start Renaming Generated Ports
---------------------------------------------------------------------------------
---------------------------------------------------------------------------------
Finished Renaming Generated Ports : Time (s): cpu = 00:00:29 ; elapsed = 00:00:31 . Memory (MB): peak = 2573.430 ; gain = 660.281 ; free physical = 4510 ; free virtual = 17063
---------------------------------------------------------------------------------
---------------------------------------------------------------------------------
Start Handling Custom Attributes
---------------------------------------------------------------------------------
---------------------------------------------------------------------------------
Finished Handling Custom Attributes : Time (s): cpu = 00:00:29 ; elapsed = 00:00:31 . Memory (MB): peak = 2573.430 ; gain = 660.281 ; free physical = 4510 ; free virtual = 17063
---------------------------------------------------------------------------------
---------------------------------------------------------------------------------
Start Renaming Generated Nets
---------------------------------------------------------------------------------
---------------------------------------------------------------------------------
Finished Renaming Generated Nets : Time (s): cpu = 00:00:29 ; elapsed = 00:00:31 . Memory (MB): peak = 2573.430 ; gain = 660.281 ; free physical = 4510 ; free virtual = 17063
---------------------------------------------------------------------------------
---------------------------------------------------------------------------------
Start Writing Synthesis Report
---------------------------------------------------------------------------------

Report BlackBoxes: 
+------+--------------+----------+
|      |BlackBox name |Instances |
+------+--------------+----------+
|1     |mem_debug_vio |         1|
+------+--------------+----------+

Report Cell Usage: 
+------+--------------+------+
|      |Cell          |Count |
+------+--------------+------+
|1     |mem_debug_vio |     1|
|2     |BUFG          |     2|
|3     |CARRY4        |    67|
|4     |LUT1          |     9|
|5     |LUT2          |   234|
|6     |LUT3          |   150|
|7     |LUT4          |   132|
|8     |LUT5          |   267|
|9     |LUT6          |  1032|
|10    |MUXF7         |   256|
|11    |MUXF8         |    64|
|12    |RAMB36E1      |    16|
|26    |FDCE          |  1613|
|27    |FDPE          |     2|
|28    |FDRE          |    29|
|29    |IBUF          |    18|
|30    |OBUF          |    41|
+------+--------------+------+
---------------------------------------------------------------------------------
Finished Writing Synthesis Report : Time (s): cpu = 00:00:29 ; elapsed = 00:00:31 . Memory (MB): peak = 2573.430 ; gain = 660.281 ; free physical = 4510 ; free virtual = 17063
---------------------------------------------------------------------------------
Synthesis finished with 0 errors, 0 critical warnings and 1 warnings.
Synthesis Optimization Runtime : Time (s): cpu = 00:00:27 ; elapsed = 00:00:29 . Memory (MB): peak = 2573.430 ; gain = 516.434 ; free physical = 4510 ; free virtual = 17063
Synthesis Optimization Complete : Time (s): cpu = 00:00:29 ; elapsed = 00:00:31 . Memory (MB): peak = 2573.430 ; gain = 660.281 ; free physical = 4510 ; free virtual = 17063
INFO: [Project 1-571] Translating synthesized netlist
Netlist sorting complete. Time (s): cpu = 00:00:00.02 ; elapsed = 00:00:00.02 . Memory (MB): peak = 2573.430 ; gain = 0.000 ; free physical = 4792 ; free virtual = 17346
INFO: [Netlist 29-17] Analyzing 403 Unisim elements for replacement
INFO: [Netlist 29-28] Unisim Transformation completed in 0 CPU seconds
INFO: [Project 1-570] Preparing netlist for logic optimization
INFO: [Opt 31-138] Pushed 0 inverter(s) to 0 load pin(s).
Netlist sorting complete. Time (s): cpu = 00:00:00 ; elapsed = 00:00:00 . Memory (MB): peak = 2573.430 ; gain = 0.000 ; free physical = 4790 ; free virtual = 17343
INFO: [Project 1-111] Unisim Transformation Summary:
No Unisim elements were transformed.

Synth Design complete | Checksum: 2a408186
INFO: [Common 17-83] Releasing license: Synthesis
131 Infos, 161 Warnings, 0 Critical Warnings and 0 Errors encountered.
synth_design completed successfully
synth_design: Time (s): cpu = 00:00:35 ; elapsed = 00:00:36 . Memory (MB): peak = 2573.430 ; gain = 985.457 ; free physical = 4790 ; free virtual = 17343
INFO: [Common 17-2834] synth_design peak Physical Memory [PSS] (MB): overall = 1973.655; main = 1647.221; forked = 375.707
INFO: [Common 17-2834] synth_design peak Virtual Memory [VSS] (MB): overall = 4164.023; main = 2573.398; forked = 1622.641
Write ShapeDB Complete: Time (s): cpu = 00:00:00 ; elapsed = 00:00:00.01 . Memory (MB): peak = 2597.406 ; gain = 0.000 ; free physical = 4790 ; free virtual = 17343
INFO: [Common 17-1381] The checkpoint '/home/ecegridfs/a/437mg063/ece437/processors/build/system_fpga.runs/synth_1/system_fpga.dcp' has been generated.
INFO: [runtcl-4] Executing : report_utilization -file system_fpga_utilization_synth.rpt -pb system_fpga_utilization_synth.pb
INFO: [Common 17-206] Exiting Vivado at Thu Oct  9 18:23:01 2025...
[Thu Oct  9 18:23:11 2025] synth_1 finished
wait_on_runs: Time (s): cpu = 00:00:48 ; elapsed = 00:01:13 . Memory (MB): peak = 1665.477 ; gain = 0.000 ; free physical = 6306 ; free virtual = 18852
# if {$design_top == "system_fpga"} {
#     puts "INFO: Forcing debug hub clock connection..."
#     open_run synth_1 -name synth_1
#     
#     set vio_clk_pin [get_pins -of_objects [get_cells vio_inst] -filter {NAME =~ *clk}]
#     set vio_clk_net [get_nets -of_objects $vio_clk_pin]
#     
#     if { [llength $vio_clk_net] == 1 } {
#         puts "INFO: Found VIO clock net: '$vio_clk_net'. Connecting to debug hub."
#         connect_debug_port dbg_hub/clk $vio_clk_net
#     } else {
#         puts "ERROR: Could not find a unique clock net connected to vio_inst. Halting."
#         exit 1
#     }
# }
INFO: Forcing debug hub clock connection...
Design is defaulting to impl run constrset: constrs_1
Design is defaulting to synth run part: xc7s50csga324-1
INFO: [Device 21-403] Loading part xc7s50csga324-1
INFO: [Project 1-454] Reading design checkpoint '/home/ecegridfs/a/437mg063/ece437/processors/build/system_fpga.gen/sources_1/ip/mem_debug_vio/mem_debug_vio.dcp' for cell 'vio_inst'
Netlist sorting complete. Time (s): cpu = 00:00:00.02 ; elapsed = 00:00:00.02 . Memory (MB): peak = 2021.809 ; gain = 0.000 ; free physical = 5943 ; free virtual = 18488
INFO: [Netlist 29-17] Analyzing 403 Unisim elements for replacement
INFO: [Netlist 29-28] Unisim Transformation completed in 0 CPU seconds
INFO: [Project 1-479] Netlist was created with Vivado 2023.2
INFO: [Project 1-570] Preparing netlist for logic optimization
INFO: [Chipscope 16-324] Core: vio_inst UUID: 10b64158-46a8-5b75-96e0-7529a8f6e526 
Parsing XDC File [/home/ecegridfs/a/437mg063/ece437/processors/build/system_fpga.gen/sources_1/ip/mem_debug_vio/mem_debug_vio.xdc] for cell 'vio_inst'
Finished Parsing XDC File [/home/ecegridfs/a/437mg063/ece437/processors/build/system_fpga.gen/sources_1/ip/mem_debug_vio/mem_debug_vio.xdc] for cell 'vio_inst'
Parsing XDC File [/home/ecegrid/a/ece437l/tools/vivado_extra/urbana.xdc]
Finished Parsing XDC File [/home/ecegrid/a/ece437l/tools/vivado_extra/urbana.xdc]
Parsing XDC File [/home/ecegridfs/a/437mg063/ece437/processors/build/generated_clock.xdc]
Finished Parsing XDC File [/home/ecegridfs/a/437mg063/ece437/processors/build/generated_clock.xdc]
INFO: [Opt 31-138] Pushed 0 inverter(s) to 0 load pin(s).
Netlist sorting complete. Time (s): cpu = 00:00:00 ; elapsed = 00:00:00 . Memory (MB): peak = 2215.422 ; gain = 0.000 ; free physical = 5859 ; free virtual = 18405
INFO: [Project 1-111] Unisim Transformation Summary:
No Unisim elements were transformed.

open_run: Time (s): cpu = 00:00:04 ; elapsed = 00:00:06 . Memory (MB): peak = 2215.457 ; gain = 549.980 ; free physical = 5858 ; free virtual = 18404
INFO: Found VIO clock net: 'CLK_100MHZ_IBUF_BUFG'. Connecting to debug hub.
# if {$num_cpus > 8} {
#   set max_threads 8
# } else {
#   set max_threads $num_cpus
# }
# set_param general.maxThreads $max_threads
# set_property STEPS.PLACE_DESIGN.ARGS.DIRECTIVE "RuntimeOptimized" [get_runs impl_1]
# set_property STEPS.ROUTE_DESIGN.ARGS.DIRECTIVE "RuntimeOptimized" [get_runs impl_1]
# if {[string match "*_fpga" $design_top]} {
#     launch_runs impl_1 -to_step write_bitstream -j 32
# } else {
#     launch_runs impl_1 -to_step route_design -j 32
# }
Write ShapeDB Complete: Time (s): cpu = 00:00:00.01 ; elapsed = 00:00:00.01 . Memory (MB): peak = 2267.250 ; gain = 19.812 ; free physical = 5850 ; free virtual = 18396
Wrote PlaceDB: Time (s): cpu = 00:00:00.01 ; elapsed = 00:00:00 . Memory (MB): peak = 2267.250 ; gain = 8.906 ; free physical = 5850 ; free virtual = 18396
INFO: [Timing 38-480] Writing timing data to binary archive.
Wrote PulsedLatchDB: Time (s): cpu = 00:00:00 ; elapsed = 00:00:00 . Memory (MB): peak = 2267.250 ; gain = 0.000 ; free physical = 5846 ; free virtual = 18392
Writing XDEF routing.
Writing XDEF routing logical nets.
Writing XDEF routing special nets.
Wrote RouteStorage: Time (s): cpu = 00:00:00.06 ; elapsed = 00:00:00.02 . Memory (MB): peak = 2267.250 ; gain = 0.000 ; free physical = 5846 ; free virtual = 18391
Wrote Netlist Cache: Time (s): cpu = 00:00:00 ; elapsed = 00:00:00 . Memory (MB): peak = 2267.250 ; gain = 0.000 ; free physical = 5846 ; free virtual = 18391
Wrote Device Cache: Time (s): cpu = 00:00:00.01 ; elapsed = 00:00:00.01 . Memory (MB): peak = 2267.250 ; gain = 0.000 ; free physical = 5841 ; free virtual = 18387
Write Physdb Complete: Time (s): cpu = 00:00:00.16 ; elapsed = 00:00:00.06 . Memory (MB): peak = 2267.250 ; gain = 19.812 ; free physical = 5840 ; free virtual = 18386
[Thu Oct  9 18:23:18 2025] Launched impl_1...
Run output will be captured here: /home/ecegridfs/a/437mg063/ece437/processors/build/system_fpga.runs/impl_1/runme.log
# wait_on_run impl_1
[Thu Oct  9 18:23:18 2025] Waiting for impl_1 to finish...

*** Running vivado
    with args -log system_fpga.vdi -applog -m64 -product Vivado -messageDb vivado.pb -mode batch -source system_fpga.tcl -notrace


****** Vivado v2023.2 (64-bit)
  **** SW Build 4029153 on Fri Oct 13 20:13:54 MDT 2023
  **** IP Build 4028589 on Sat Oct 14 00:45:43 MDT 2023
  **** SharedData Build 4025554 on Tue Oct 10 17:18:54 MDT 2023
    ** Copyright 1986-2022 Xilinx, Inc. All Rights Reserved.
    ** Copyright 2022-2023 Advanced Micro Devices, Inc. All Rights Reserved.

source system_fpga.tcl -notrace
Command: open_checkpoint /home/ecegridfs/a/437mg063/ece437/processors/build/system_fpga.runs/impl_1/system_fpga.dcp
INFO: [Device 21-403] Loading part xc7s50csga324-1
Netlist sorting complete. Time (s): cpu = 00:00:00.01 ; elapsed = 00:00:00.02 . Memory (MB): peak = 1902.371 ; gain = 0.000 ; free physical = 4982 ; free virtual = 17529
INFO: [Netlist 29-17] Analyzing 403 Unisim elements for replacement
INFO: [Netlist 29-28] Unisim Transformation completed in 0 CPU seconds
INFO: [Project 1-479] Netlist was created with Vivado 2023.2
INFO: [Project 1-570] Preparing netlist for logic optimization
Read ShapeDB Complete: Time (s): cpu = 00:00:00.02 ; elapsed = 00:00:00.02 . Memory (MB): peak = 1974.121 ; gain = 0.000 ; free physical = 4907 ; free virtual = 17454
INFO: [Timing 38-478] Restoring timing data from binary archive.
INFO: [Timing 38-479] Binary timing data restore complete.
INFO: [Project 1-856] Restoring constraints from binary archive.
INFO: [Project 1-853] Binary constraint restore complete.
INFO: [Designutils 20-5722] Start Reading Physical Databases.
Reading placement.
Read Netlist Cache: Time (s): cpu = 00:00:00 ; elapsed = 00:00:00 . Memory (MB): peak = 2349.691 ; gain = 0.000 ; free physical = 4541 ; free virtual = 17088
Reading placer database...
Read Device Cache: Time (s): cpu = 00:00:00 ; elapsed = 00:00:00.01 . Memory (MB): peak = 2349.691 ; gain = 0.000 ; free physical = 4541 ; free virtual = 17088
Read PlaceDB: Time (s): cpu = 00:00:00 ; elapsed = 00:00:00 . Memory (MB): peak = 2349.691 ; gain = 0.000 ; free physical = 4541 ; free virtual = 17088
Read PulsedLatchDB: Time (s): cpu = 00:00:00 ; elapsed = 00:00:00 . Memory (MB): peak = 2349.691 ; gain = 0.000 ; free physical = 4541 ; free virtual = 17088
Reading routing.
Read RouteStorage: Time (s): cpu = 00:00:00 ; elapsed = 00:00:00 . Memory (MB): peak = 2349.691 ; gain = 0.000 ; free physical = 4541 ; free virtual = 17088
Read Physdb Files: Time (s): cpu = 00:00:00.01 ; elapsed = 00:00:00.03 . Memory (MB): peak = 2349.691 ; gain = 0.000 ; free physical = 4541 ; free virtual = 17088
Restored from archive | CPU: 0.050000 secs | Memory: 1.105881 MB |
Finished XDEF File Restore: Time (s): cpu = 00:00:00.05 ; elapsed = 00:00:00.06 . Memory (MB): peak = 2349.691 ; gain = 6.938 ; free physical = 4541 ; free virtual = 17088
Netlist sorting complete. Time (s): cpu = 00:00:00 ; elapsed = 00:00:00 . Memory (MB): peak = 2349.691 ; gain = 0.000 ; free physical = 4541 ; free virtual = 17088
INFO: [Project 1-111] Unisim Transformation Summary:
No Unisim elements were transformed.

INFO: [Project 1-604] Checkpoint was created with Vivado v2023.2 (64-bit) build 4029153
open_checkpoint: Time (s): cpu = 00:00:14 ; elapsed = 00:00:18 . Memory (MB): peak = 2349.727 ; gain = 856.398 ; free physical = 4541 ; free virtual = 17088
Command: opt_design
Attempting to get a license for feature 'Implementation' and/or device 'xc7s50'
INFO: [Common 17-349] Got license for feature 'Implementation' and/or device 'xc7s50'
Running DRC as a precondition to command opt_design

Starting DRC Task
INFO: [DRC 23-27] Running DRC with 8 threads
INFO: [Project 1-461] DRC finished with 0 Errors
INFO: [Project 1-462] Please refer to the DRC report (report_drc) for more information.

Time (s): cpu = 00:00:00.85 ; elapsed = 00:00:00.59 . Memory (MB): peak = 2437.504 ; gain = 84.844 ; free physical = 4517 ; free virtual = 17064

Starting Cache Timing Information Task
INFO: [Timing 38-35] Done setting XDC timing constraints.
Ending Cache Timing Information Task | Checksum: 1cae50081

Time (s): cpu = 00:00:00.21 ; elapsed = 00:00:00.07 . Memory (MB): peak = 2523.316 ; gain = 85.812 ; free physical = 4449 ; free virtual = 16996

Starting Logic Optimization Task

Phase 1 Initialization

Phase 1.1 Core Generation And Design Setup

Phase 1.1.1 Generate And Synthesize Debug Cores
INFO: [Chipscope 16-329] Generating Script for core instance : dbg_hub 
INFO: [IP_Flow 19-234] Refreshing IP repositories
INFO: [IP_Flow 19-1704] No user IP repositories specified
INFO: [IP_Flow 19-2313] Loaded Vivado IP repository '/package/eda/xilinx/Vivado/2023.2/data/ip'.
INFO: [IP_Flow 19-3806] Processing IP xilinx.com:ip:xsdbm:3.0 for cell dbg_hub_CV.
Done building netlist checker database: Time (s): cpu = 00:00:00 ; elapsed = 00:00:00 . Memory (MB): peak = 2852.816 ; gain = 0.000 ; free physical = 4061 ; free virtual = 16642
Netlist sorting complete. Time (s): cpu = 00:00:00.02 ; elapsed = 00:00:00.01 . Memory (MB): peak = 2908.844 ; gain = 0.000 ; free physical = 4044 ; free virtual = 16625
Phase 1.1.1 Generate And Synthesize Debug Cores | Checksum: 15f7869e8

Time (s): cpu = 00:01:00 ; elapsed = 00:01:34 . Memory (MB): peak = 2908.844 ; gain = 86.746 ; free physical = 4044 ; free virtual = 16625
Phase 1.1 Core Generation And Design Setup | Checksum: 15f7869e8

Time (s): cpu = 00:01:00 ; elapsed = 00:01:34 . Memory (MB): peak = 2908.844 ; gain = 86.746 ; free physical = 4044 ; free virtual = 16625

Phase 1.2 Setup Constraints And Sort Netlist
Phase 1.2 Setup Constraints And Sort Netlist | Checksum: 15f7869e8

Time (s): cpu = 00:01:00 ; elapsed = 00:01:34 . Memory (MB): peak = 2908.844 ; gain = 86.746 ; free physical = 4044 ; free virtual = 16625
Phase 1 Initialization | Checksum: 15f7869e8

Time (s): cpu = 00:01:00 ; elapsed = 00:01:34 . Memory (MB): peak = 2908.844 ; gain = 86.746 ; free physical = 4044 ; free virtual = 16625

Phase 2 Timer Update And Timing Data Collection

Phase 2.1 Timer Update
Phase 2.1 Timer Update | Checksum: 15f7869e8

Time (s): cpu = 00:01:01 ; elapsed = 00:01:34 . Memory (MB): peak = 2908.844 ; gain = 86.746 ; free physical = 4044 ; free virtual = 16625

Phase 2.2 Timing Data Collection
Phase 2.2 Timing Data Collection | Checksum: 15f7869e8

Time (s): cpu = 00:01:01 ; elapsed = 00:01:34 . Memory (MB): peak = 2908.844 ; gain = 86.746 ; free physical = 4044 ; free virtual = 16625
Phase 2 Timer Update And Timing Data Collection | Checksum: 15f7869e8

Time (s): cpu = 00:01:01 ; elapsed = 00:01:34 . Memory (MB): peak = 2908.844 ; gain = 86.746 ; free physical = 4044 ; free virtual = 16625

Phase 3 Retarget
INFO: [Opt 31-1566] Pulled 1 inverters resulting in an inversion of 2 pins
INFO: [Opt 31-138] Pushed 0 inverter(s) to 0 load pin(s).
INFO: [Opt 31-49] Retargeted 0 cell(s).
Phase 3 Retarget | Checksum: 15b884ed2

Time (s): cpu = 00:01:01 ; elapsed = 00:01:34 . Memory (MB): peak = 2908.844 ; gain = 86.746 ; free physical = 4044 ; free virtual = 16625
Retarget | Checksum: 15b884ed2
INFO: [Opt 31-389] Phase Retarget created 0 cells and removed 7 cells
INFO: [Opt 31-1021] In phase Retarget, 78 netlist objects are constrained preventing optimization. Please run opt_design with -debug_log to get more detail. 

Phase 4 Constant propagation
INFO: [Opt 31-138] Pushed 0 inverter(s) to 0 load pin(s).
Phase 4 Constant propagation | Checksum: 99311102

Time (s): cpu = 00:01:01 ; elapsed = 00:01:34 . Memory (MB): peak = 2908.844 ; gain = 86.746 ; free physical = 4044 ; free virtual = 16625
Constant propagation | Checksum: 99311102
INFO: [Opt 31-389] Phase Constant propagation created 0 cells and removed 0 cells
INFO: [Opt 31-1021] In phase Constant propagation, 78 netlist objects are constrained preventing optimization. Please run opt_design with -debug_log to get more detail. 

Phase 5 Sweep
Phase 5 Sweep | Checksum: 127c10d10

Time (s): cpu = 00:01:01 ; elapsed = 00:01:34 . Memory (MB): peak = 2908.844 ; gain = 86.746 ; free physical = 4044 ; free virtual = 16625
Sweep | Checksum: 127c10d10
INFO: [Opt 31-389] Phase Sweep created 0 cells and removed 0 cells
INFO: [Opt 31-1021] In phase Sweep, 953 netlist objects are constrained preventing optimization. Please run opt_design with -debug_log to get more detail. 

Phase 6 BUFG optimization
Phase 6 BUFG optimization | Checksum: 127c10d10

Time (s): cpu = 00:01:01 ; elapsed = 00:01:34 . Memory (MB): peak = 2940.859 ; gain = 118.762 ; free physical = 4044 ; free virtual = 16625
BUFG optimization | Checksum: 127c10d10
INFO: [Opt 31-662] Phase BUFG optimization created 0 cells of which 0 are BUFGs and removed 0 cells.

Phase 7 Shift Register Optimization
INFO: [Opt 31-1064] SRL Remap converted 0 SRLs to 0 registers and converted 0 registers of register chains to 0 SRLs
Phase 7 Shift Register Optimization | Checksum: 127c10d10

Time (s): cpu = 00:01:01 ; elapsed = 00:01:34 . Memory (MB): peak = 2940.859 ; gain = 118.762 ; free physical = 4044 ; free virtual = 16625
Shift Register Optimization | Checksum: 127c10d10
INFO: [Opt 31-389] Phase Shift Register Optimization created 0 cells and removed 0 cells

Phase 8 Post Processing Netlist
Phase 8 Post Processing Netlist | Checksum: 127c10d10

Time (s): cpu = 00:01:01 ; elapsed = 00:01:34 . Memory (MB): peak = 2940.859 ; gain = 118.762 ; free physical = 4044 ; free virtual = 16625
Post Processing Netlist | Checksum: 127c10d10
INFO: [Opt 31-389] Phase Post Processing Netlist created 0 cells and removed 0 cells
INFO: [Opt 31-1021] In phase Post Processing Netlist, 86 netlist objects are constrained preventing optimization. Please run opt_design with -debug_log to get more detail. 

Phase 9 Finalization

Phase 9.1 Finalizing Design Cores and Updating Shapes
Phase 9.1 Finalizing Design Cores and Updating Shapes | Checksum: 147464ebc

Time (s): cpu = 00:01:01 ; elapsed = 00:01:34 . Memory (MB): peak = 2940.859 ; gain = 118.762 ; free physical = 4044 ; free virtual = 16625

Phase 9.2 Verifying Netlist Connectivity

Starting Connectivity Check Task

Time (s): cpu = 00:00:00 ; elapsed = 00:00:00 . Memory (MB): peak = 2940.859 ; gain = 0.000 ; free physical = 4044 ; free virtual = 16625
Phase 9.2 Verifying Netlist Connectivity | Checksum: 147464ebc

Time (s): cpu = 00:01:01 ; elapsed = 00:01:34 . Memory (MB): peak = 2940.859 ; gain = 118.762 ; free physical = 4044 ; free virtual = 16625
Phase 9 Finalization | Checksum: 147464ebc

Time (s): cpu = 00:01:01 ; elapsed = 00:01:34 . Memory (MB): peak = 2940.859 ; gain = 118.762 ; free physical = 4044 ; free virtual = 16625
Opt_design Change Summary
=========================


-------------------------------------------------------------------------------------------------------------------------
|  Phase                        |  #Cells created  |  #Cells Removed  |  #Constrained objects preventing optimizations  |
-------------------------------------------------------------------------------------------------------------------------
|  Retarget                     |               0  |               7  |                                             78  |
|  Constant propagation         |               0  |               0  |                                             78  |
|  Sweep                        |               0  |               0  |                                            953  |
|  BUFG optimization            |               0  |               0  |                                              0  |
|  Shift Register Optimization  |               0  |               0  |                                              0  |
|  Post Processing Netlist      |               0  |               0  |                                             86  |
-------------------------------------------------------------------------------------------------------------------------


Ending Logic Optimization Task | Checksum: 147464ebc

Time (s): cpu = 00:01:01 ; elapsed = 00:01:34 . Memory (MB): peak = 2940.859 ; gain = 118.762 ; free physical = 4044 ; free virtual = 16625
INFO: [Constraints 18-11670] Building netlist checker database with flags, 0x8
Done building netlist checker database: Time (s): cpu = 00:00:00 ; elapsed = 00:00:00 . Memory (MB): peak = 2940.859 ; gain = 0.000 ; free physical = 4044 ; free virtual = 16625

Starting Power Optimization Task
INFO: [Pwropt 34-132] Skipping clock gating for clocks with a period < 2.00 ns.
INFO: [Timing 38-35] Done setting XDC timing constraints.
Running Vector-less Activity Propagation...

Finished Running Vector-less Activity Propagation
INFO: [Pwropt 34-9] Applying IDT optimizations ...
INFO: [Pwropt 34-10] Applying ODC optimizations ...


Starting PowerOpt Patch Enables Task
INFO: [Pwropt 34-162] WRITE_MODE attribute of 0 BRAM(s) out of a total of 16 has been updated to save power. Run report_power_opt to get a complete listing of the BRAMs updated.
INFO: [Pwropt 34-201] Structural ODC has moved 0 WE to EN ports
Number of BRAM Ports augmented: 0 newly gated: 0 Total Ports: 32
Ending PowerOpt Patch Enables Task | Checksum: 147464ebc

Time (s): cpu = 00:00:00.07 ; elapsed = 00:00:00.06 . Memory (MB): peak = 3173.781 ; gain = 0.000 ; free physical = 3961 ; free virtual = 16542
Ending Power Optimization Task | Checksum: 147464ebc

Time (s): cpu = 00:00:02 ; elapsed = 00:00:01 . Memory (MB): peak = 3173.781 ; gain = 232.922 ; free physical = 3961 ; free virtual = 16542

Starting Final Cleanup Task
Ending Final Cleanup Task | Checksum: 147464ebc

Time (s): cpu = 00:00:00 ; elapsed = 00:00:00 . Memory (MB): peak = 3173.781 ; gain = 0.000 ; free physical = 3961 ; free virtual = 16542

Starting Netlist Obfuscation Task
Netlist sorting complete. Time (s): cpu = 00:00:00.01 ; elapsed = 00:00:00 . Memory (MB): peak = 3173.781 ; gain = 0.000 ; free physical = 3961 ; free virtual = 16542
Ending Netlist Obfuscation Task | Checksum: 147464ebc

Time (s): cpu = 00:00:00.01 ; elapsed = 00:00:00 . Memory (MB): peak = 3173.781 ; gain = 0.000 ; free physical = 3961 ; free virtual = 16542
INFO: [Common 17-83] Releasing license: Implementation
49 Infos, 0 Warnings, 0 Critical Warnings and 0 Errors encountered.
opt_design completed successfully
opt_design: Time (s): cpu = 00:01:06 ; elapsed = 00:01:38 . Memory (MB): peak = 3173.781 ; gain = 824.055 ; free physical = 3961 ; free virtual = 16542
INFO: [runtcl-4] Executing : report_drc -file system_fpga_drc_opted.rpt -pb system_fpga_drc_opted.pb -rpx system_fpga_drc_opted.rpx
Command: report_drc -file system_fpga_drc_opted.rpt -pb system_fpga_drc_opted.pb -rpx system_fpga_drc_opted.rpx
INFO: [IP_Flow 19-1839] IP Catalog is up to date.
INFO: [DRC 23-27] Running DRC with 8 threads
INFO: [Vivado_Tcl 2-168] The results of DRC are in file /home/ecegridfs/a/437mg063/ece437/processors/build/system_fpga.runs/impl_1/system_fpga_drc_opted.rpt.
report_drc completed successfully
INFO: [Timing 38-480] Writing timing data to binary archive.
Wrote PlaceDB: Time (s): cpu = 00:00:00.01 ; elapsed = 00:00:00 . Memory (MB): peak = 3173.781 ; gain = 0.000 ; free physical = 3945 ; free virtual = 16526
Write ShapeDB Complete: Time (s): cpu = 00:00:00.02 ; elapsed = 00:00:00.01 . Memory (MB): peak = 3173.781 ; gain = 0.000 ; free physical = 3945 ; free virtual = 16527
Wrote PulsedLatchDB: Time (s): cpu = 00:00:00 ; elapsed = 00:00:00 . Memory (MB): peak = 3173.781 ; gain = 0.000 ; free physical = 3944 ; free virtual = 16526
Writing XDEF routing.
Writing XDEF routing logical nets.
Writing XDEF routing special nets.
Wrote RouteStorage: Time (s): cpu = 00:00:00.06 ; elapsed = 00:00:00.01 . Memory (MB): peak = 3173.781 ; gain = 0.000 ; free physical = 3942 ; free virtual = 16524
Wrote Netlist Cache: Time (s): cpu = 00:00:00.01 ; elapsed = 00:00:00 . Memory (MB): peak = 3173.781 ; gain = 0.000 ; free physical = 3941 ; free virtual = 16523
Wrote Device Cache: Time (s): cpu = 00:00:00.01 ; elapsed = 00:00:00 . Memory (MB): peak = 3173.781 ; gain = 0.000 ; free physical = 3940 ; free virtual = 16523
Write Physdb Complete: Time (s): cpu = 00:00:00.16 ; elapsed = 00:00:00.06 . Memory (MB): peak = 3173.781 ; gain = 0.000 ; free physical = 3940 ; free virtual = 16523
INFO: [Common 17-1381] The checkpoint '/home/ecegridfs/a/437mg063/ece437/processors/build/system_fpga.runs/impl_1/system_fpga_opt.dcp' has been generated.
INFO: [Chipscope 16-240] Debug cores have already been implemented
Command: place_design -directive RuntimeOptimized
Attempting to get a license for feature 'Implementation' and/or device 'xc7s50'
INFO: [Common 17-349] Got license for feature 'Implementation' and/or device 'xc7s50'
INFO: [Common 17-83] Releasing license: Implementation
INFO: [DRC 23-27] Running DRC with 8 threads
INFO: [Vivado_Tcl 4-198] DRC finished with 0 Errors
INFO: [Vivado_Tcl 4-199] Please refer to the DRC report (report_drc) for more information.
Running DRC as a precondition to command place_design
INFO: [DRC 23-27] Running DRC with 8 threads
INFO: [Vivado_Tcl 4-198] DRC finished with 0 Errors, 21 Warnings
INFO: [Vivado_Tcl 4-199] Please refer to the DRC report (report_drc) for more information.
INFO: [Place 46-5] The placer was invoked with the 'RuntimeOptimized' directive.
INFO: [Place 30-611] Multithreading enabled for place_design using a maximum of 8 CPUs

Starting Placer Task

Phase 1 Placer Initialization

Phase 1.1 Placer Initialization Netlist Sorting
Netlist sorting complete. Time (s): cpu = 00:00:00 ; elapsed = 00:00:00 . Memory (MB): peak = 3173.781 ; gain = 0.000 ; free physical = 3928 ; free virtual = 16511
Phase 1.1 Placer Initialization Netlist Sorting | Checksum: 8ba990ca

Time (s): cpu = 00:00:00 ; elapsed = 00:00:00 . Memory (MB): peak = 3173.781 ; gain = 0.000 ; free physical = 3928 ; free virtual = 16511
Netlist sorting complete. Time (s): cpu = 00:00:00 ; elapsed = 00:00:00 . Memory (MB): peak = 3173.781 ; gain = 0.000 ; free physical = 3928 ; free virtual = 16511

Phase 1.2 IO Placement/ Clock Placement/ Build Placer Device
INFO: [Timing 38-35] Done setting XDC timing constraints.
Phase 1.2 IO Placement/ Clock Placement/ Build Placer Device | Checksum: e2e24e56

Time (s): cpu = 00:00:00.95 ; elapsed = 00:00:00.33 . Memory (MB): peak = 3173.781 ; gain = 0.000 ; free physical = 3926 ; free virtual = 16509

Phase 1.3 Build Placer Netlist Model
Phase 1.3 Build Placer Netlist Model | Checksum: 146899849

Time (s): cpu = 00:00:03 ; elapsed = 00:00:00.96 . Memory (MB): peak = 3173.781 ; gain = 0.000 ; free physical = 3924 ; free virtual = 16507

Phase 1.4 Constrain Clocks/Macros
Phase 1.4 Constrain Clocks/Macros | Checksum: 146899849

Time (s): cpu = 00:00:03 ; elapsed = 00:00:00.97 . Memory (MB): peak = 3173.781 ; gain = 0.000 ; free physical = 3924 ; free virtual = 16507
Phase 1 Placer Initialization | Checksum: 146899849

Time (s): cpu = 00:00:03 ; elapsed = 00:00:00.97 . Memory (MB): peak = 3173.781 ; gain = 0.000 ; free physical = 3924 ; free virtual = 16507

Phase 2 Global Placement

Phase 2.1 Floorplanning
Phase 2.1 Floorplanning | Checksum: 14b62ff21

Time (s): cpu = 00:00:04 ; elapsed = 00:00:01 . Memory (MB): peak = 3173.781 ; gain = 0.000 ; free physical = 3923 ; free virtual = 16507

Phase 2.2 Update Timing before SLR Path Opt
Phase 2.2 Update Timing before SLR Path Opt | Checksum: f697ea15

Time (s): cpu = 00:00:05 ; elapsed = 00:00:01 . Memory (MB): peak = 3173.781 ; gain = 0.000 ; free physical = 3923 ; free virtual = 16507

Phase 2.3 Post-Processing in Floorplanning
Phase 2.3 Post-Processing in Floorplanning | Checksum: f697ea15

Time (s): cpu = 00:00:05 ; elapsed = 00:00:01 . Memory (MB): peak = 3173.781 ; gain = 0.000 ; free physical = 3923 ; free virtual = 16507

Phase 2.4 Global Placement Core
Phase 2.4 Global Placement Core | Checksum: 72f55782

Time (s): cpu = 00:00:21 ; elapsed = 00:00:05 . Memory (MB): peak = 3173.781 ; gain = 0.000 ; free physical = 3882 ; free virtual = 16466
Phase 2 Global Placement | Checksum: 72f55782

Time (s): cpu = 00:00:21 ; elapsed = 00:00:05 . Memory (MB): peak = 3173.781 ; gain = 0.000 ; free physical = 3882 ; free virtual = 16466

Phase 3 Detail Placement

Phase 3.1 Commit Multi Column Macros
Phase 3.1 Commit Multi Column Macros | Checksum: 8cc462f8

Time (s): cpu = 00:00:22 ; elapsed = 00:00:05 . Memory (MB): peak = 3173.781 ; gain = 0.000 ; free physical = 3882 ; free virtual = 16466

Phase 3.2 Commit Most Macros & LUTRAMs
Phase 3.2 Commit Most Macros & LUTRAMs | Checksum: 1eab71969

Time (s): cpu = 00:00:23 ; elapsed = 00:00:06 . Memory (MB): peak = 3173.781 ; gain = 0.000 ; free physical = 3880 ; free virtual = 16464

Phase 3.3 Area Swap Optimization
Phase 3.3 Area Swap Optimization | Checksum: 168cb2a87

Time (s): cpu = 00:00:23 ; elapsed = 00:00:06 . Memory (MB): peak = 3173.781 ; gain = 0.000 ; free physical = 3880 ; free virtual = 16464

Phase 3.4 Pipeline Register Optimization
Phase 3.4 Pipeline Register Optimization | Checksum: 168cb2a87

Time (s): cpu = 00:00:23 ; elapsed = 00:00:06 . Memory (MB): peak = 3173.781 ; gain = 0.000 ; free physical = 3880 ; free virtual = 16464

Phase 3.5 Fast Optimization
Phase 3.5 Fast Optimization | Checksum: 1cc97df7e

Time (s): cpu = 00:00:27 ; elapsed = 00:00:09 . Memory (MB): peak = 3173.781 ; gain = 0.000 ; free physical = 3882 ; free virtual = 16465

Phase 3.6 Small Shape Detail Placement
Phase 3.6 Small Shape Detail Placement | Checksum: 17210bf75

Time (s): cpu = 00:00:29 ; elapsed = 00:00:10 . Memory (MB): peak = 3173.781 ; gain = 0.000 ; free physical = 3881 ; free virtual = 16465

Phase 3.7 Re-assign LUT pins
Phase 3.7 Re-assign LUT pins | Checksum: d219082e

Time (s): cpu = 00:00:29 ; elapsed = 00:00:10 . Memory (MB): peak = 3173.781 ; gain = 0.000 ; free physical = 3881 ; free virtual = 16465

Phase 3.8 Pipeline Register Optimization
Phase 3.8 Pipeline Register Optimization | Checksum: d219082e

Time (s): cpu = 00:00:29 ; elapsed = 00:00:10 . Memory (MB): peak = 3173.781 ; gain = 0.000 ; free physical = 3881 ; free virtual = 16465

Phase 3.9 Fast Optimization
Phase 3.9 Fast Optimization | Checksum: 97ebcc6f

Time (s): cpu = 00:00:37 ; elapsed = 00:00:16 . Memory (MB): peak = 3173.781 ; gain = 0.000 ; free physical = 3918 ; free virtual = 16501
Phase 3 Detail Placement | Checksum: 97ebcc6f

Time (s): cpu = 00:00:37 ; elapsed = 00:00:16 . Memory (MB): peak = 3173.781 ; gain = 0.000 ; free physical = 3918 ; free virtual = 16501

Phase 4 Post Placement Optimization and Clean-Up

Phase 4.1 Post Commit Optimization
INFO: [Timing 38-35] Done setting XDC timing constraints.

Phase 4.1.1 Post Placement Optimization
Post Placement Optimization Initialization | Checksum: a08c8f8d

Phase 4.1.1.1 BUFG Insertion

Starting Physical Synthesis Task

Phase 1 Physical Synthesis Initialization
INFO: [Physopt 32-721] Multithreading enabled for phys_opt_design using a maximum of 8 CPUs
INFO: [Physopt 32-619] Estimated Timing Summary | WNS=-4.732 | TNS=-1570.835 |
Phase 1 Physical Synthesis Initialization | Checksum: 133220c77

Time (s): cpu = 00:00:00.67 ; elapsed = 00:00:00.23 . Memory (MB): peak = 3173.781 ; gain = 0.000 ; free physical = 3919 ; free virtual = 16502
INFO: [Place 46-33] Processed net nRST, BUFG insertion was skipped due to placement/routing conflicts.
INFO: [Place 46-56] BUFG insertion identified 1 candidate nets. Inserted BUFG: 0, Replicated BUFG Driver: 0, Skipped due to Placement/Routing Conflicts: 1, Skipped due to Timing Degradation: 0, Skipped due to netlist editing failed: 0.
Ending Physical Synthesis Task | Checksum: 133220c77

Time (s): cpu = 00:00:00.87 ; elapsed = 00:00:00.38 . Memory (MB): peak = 3173.781 ; gain = 0.000 ; free physical = 3919 ; free virtual = 16502
Phase 4.1.1.1 BUFG Insertion | Checksum: a08c8f8d

Time (s): cpu = 00:00:41 ; elapsed = 00:00:17 . Memory (MB): peak = 3173.781 ; gain = 0.000 ; free physical = 3919 ; free virtual = 16502

Phase 4.1.1.2 Post Placement Timing Optimization
INFO: [Place 30-746] Post Placement Timing Summary WNS=-4.363. For the most accurate timing information please run report_timing.
Phase 4.1.1.2 Post Placement Timing Optimization | Checksum: cddfb721

Time (s): cpu = 00:00:43 ; elapsed = 00:00:20 . Memory (MB): peak = 3173.781 ; gain = 0.000 ; free physical = 3918 ; free virtual = 16502

Time (s): cpu = 00:00:43 ; elapsed = 00:00:20 . Memory (MB): peak = 3173.781 ; gain = 0.000 ; free physical = 3918 ; free virtual = 16502
Phase 4.1 Post Commit Optimization | Checksum: cddfb721

Time (s): cpu = 00:00:43 ; elapsed = 00:00:20 . Memory (MB): peak = 3173.781 ; gain = 0.000 ; free physical = 3918 ; free virtual = 16502

Phase 4.2 Post Placement Cleanup
Phase 4.2 Post Placement Cleanup | Checksum: cddfb721

Time (s): cpu = 00:00:43 ; elapsed = 00:00:20 . Memory (MB): peak = 3173.781 ; gain = 0.000 ; free physical = 3918 ; free virtual = 16502

Phase 4.3 Placer Reporting

Phase 4.3.1 Print Estimated Congestion
INFO: [Place 30-612] Post-Placement Estimated Congestion 
 ____________________________________________________
|           | Global Congestion | Short Congestion  |
| Direction | Region Size       | Region Size       |
|___________|___________________|___________________|
|      North|                1x1|                4x4|
|___________|___________________|___________________|
|      South|                1x1|                1x1|
|___________|___________________|___________________|
|       East|                1x1|                2x2|
|___________|___________________|___________________|
|       West|                1x1|                1x1|
|___________|___________________|___________________|

Phase 4.3.1 Print Estimated Congestion | Checksum: cddfb721

Time (s): cpu = 00:00:44 ; elapsed = 00:00:20 . Memory (MB): peak = 3173.781 ; gain = 0.000 ; free physical = 3918 ; free virtual = 16502
Phase 4.3 Placer Reporting | Checksum: cddfb721

Time (s): cpu = 00:00:44 ; elapsed = 00:00:20 . Memory (MB): peak = 3173.781 ; gain = 0.000 ; free physical = 3918 ; free virtual = 16502

Phase 4.4 Final Placement Cleanup
Netlist sorting complete. Time (s): cpu = 00:00:00 ; elapsed = 00:00:00 . Memory (MB): peak = 3173.781 ; gain = 0.000 ; free physical = 3918 ; free virtual = 16502

Time (s): cpu = 00:00:44 ; elapsed = 00:00:20 . Memory (MB): peak = 3173.781 ; gain = 0.000 ; free physical = 3918 ; free virtual = 16502
Phase 4 Post Placement Optimization and Clean-Up | Checksum: 11e1b7973

Time (s): cpu = 00:00:44 ; elapsed = 00:00:20 . Memory (MB): peak = 3173.781 ; gain = 0.000 ; free physical = 3918 ; free virtual = 16502
Ending Placer Task | Checksum: 10156ebbe

Time (s): cpu = 00:00:44 ; elapsed = 00:00:20 . Memory (MB): peak = 3173.781 ; gain = 0.000 ; free physical = 3918 ; free virtual = 16502
74 Infos, 0 Warnings, 0 Critical Warnings and 0 Errors encountered.
place_design completed successfully
place_design: Time (s): cpu = 00:00:45 ; elapsed = 00:00:20 . Memory (MB): peak = 3173.781 ; gain = 0.000 ; free physical = 3918 ; free virtual = 16502
INFO: [runtcl-4] Executing : report_io -file system_fpga_io_placed.rpt
report_io: Time (s): cpu = 00:00:00.09 ; elapsed = 00:00:00.12 . Memory (MB): peak = 3173.781 ; gain = 0.000 ; free physical = 3919 ; free virtual = 16503
INFO: [runtcl-4] Executing : report_utilization -file system_fpga_utilization_placed.rpt -pb system_fpga_utilization_placed.pb
INFO: [runtcl-4] Executing : report_control_sets -verbose -file system_fpga_control_sets_placed.rpt
report_control_sets: Time (s): cpu = 00:00:00.04 ; elapsed = 00:00:00.07 . Memory (MB): peak = 3173.781 ; gain = 0.000 ; free physical = 3914 ; free virtual = 16499
INFO: [Timing 38-480] Writing timing data to binary archive.
Write ShapeDB Complete: Time (s): cpu = 00:00:00.02 ; elapsed = 00:00:00.01 . Memory (MB): peak = 3173.781 ; gain = 0.000 ; free physical = 3914 ; free virtual = 16499
Wrote PlaceDB: Time (s): cpu = 00:00:00.68 ; elapsed = 00:00:00.24 . Memory (MB): peak = 3173.781 ; gain = 0.000 ; free physical = 3907 ; free virtual = 16498
Wrote PulsedLatchDB: Time (s): cpu = 00:00:00 ; elapsed = 00:00:00 . Memory (MB): peak = 3173.781 ; gain = 0.000 ; free physical = 3904 ; free virtual = 16494
Writing XDEF routing.
Writing XDEF routing logical nets.
Writing XDEF routing special nets.
Wrote RouteStorage: Time (s): cpu = 00:00:00.02 ; elapsed = 00:00:00.01 . Memory (MB): peak = 3173.781 ; gain = 0.000 ; free physical = 3904 ; free virtual = 16494
Wrote Netlist Cache: Time (s): cpu = 00:00:00 ; elapsed = 00:00:00.01 . Memory (MB): peak = 3173.781 ; gain = 0.000 ; free physical = 3904 ; free virtual = 16495
Wrote Device Cache: Time (s): cpu = 00:00:00 ; elapsed = 00:00:00 . Memory (MB): peak = 3173.781 ; gain = 0.000 ; free physical = 3903 ; free virtual = 16495
Write Physdb Complete: Time (s): cpu = 00:00:00.74 ; elapsed = 00:00:00.34 . Memory (MB): peak = 3173.781 ; gain = 0.000 ; free physical = 3904 ; free virtual = 16495
INFO: [Common 17-1381] The checkpoint '/home/ecegridfs/a/437mg063/ece437/processors/build/system_fpga.runs/impl_1/system_fpga_placed.dcp' has been generated.
Command: phys_opt_design
Attempting to get a license for feature 'Implementation' and/or device 'xc7s50'
INFO: [Common 17-349] Got license for feature 'Implementation' and/or device 'xc7s50'

Starting Initial Update Timing Task

Time (s): cpu = 00:00:02 ; elapsed = 00:00:00.43 . Memory (MB): peak = 3173.781 ; gain = 0.000 ; free physical = 3906 ; free virtual = 16492
INFO: [Vivado_Tcl 4-1435] PhysOpt_Tcl_Interface Runtime Before Starting Physical Synthesis Task | CPU: 2.10s |  WALL: 0.45s
Netlist sorting complete. Time (s): cpu = 00:00:00 ; elapsed = 00:00:00 . Memory (MB): peak = 3173.781 ; gain = 0.000 ; free physical = 3906 ; free virtual = 16492

Starting Physical Synthesis Task

Phase 1 Physical Synthesis Initialization
INFO: [Physopt 32-721] Multithreading enabled for phys_opt_design using a maximum of 8 CPUs
INFO: [Physopt 32-619] Estimated Timing Summary | WNS=-4.363 | TNS=-1557.505 |
Phase 1 Physical Synthesis Initialization | Checksum: 143d2a571

Time (s): cpu = 00:00:01 ; elapsed = 00:00:00.42 . Memory (MB): peak = 3173.781 ; gain = 0.000 ; free physical = 3906 ; free virtual = 16493
INFO: [Physopt 32-619] Estimated Timing Summary | WNS=-4.363 | TNS=-1557.505 |

Phase 2 DSP Register Optimization
INFO: [Physopt 32-456] No candidate cells for DSP register optimization found in the design.
INFO: [Physopt 32-775] End 2 Pass. Optimized 0 net or cell. Created 0 new cell, deleted 0 existing cell and moved 0 existing cell
Phase 2 DSP Register Optimization | Checksum: 143d2a571

Time (s): cpu = 00:00:01 ; elapsed = 00:00:00.46 . Memory (MB): peak = 3173.781 ; gain = 0.000 ; free physical = 3906 ; free virtual = 16493

Phase 3 Critical Path Optimization
INFO: [Physopt 32-619] Estimated Timing Summary | WNS=-4.363 | TNS=-1557.505 |
INFO: [Physopt 32-780] Instance vio_inst/inst/PROBE_IN_INST/probe_in_reg_reg[7] has DONT_TOUCH and is preventing optimization
Resolution: Removing DONT_TOUCH attributes may enable additional optimization
INFO: [Physopt 32-780] Instance vio_inst/inst/PROBE_IN_INST/probe_in_reg_reg[7] has DONT_TOUCH and is preventing optimization
Resolution: Removing DONT_TOUCH attributes may enable additional optimization
INFO: [Physopt 32-702] Processed net SYS/RAM/dbg_data_out[6]. Optimizations did not improve timing on the net.
INFO: [Physopt 32-716] Net SYS/CPUCLK has constraints that cannot be copied, and hence, it cannot be cloned. The constraint blocking the replication is set_ideal_latency @ /home/ecegridfs/a/437mg063/ece437/processors/build/generated_clock.xdc:2
INFO: [Physopt 32-702] Processed net SYS/CPUCLK. Optimizations did not improve timing on the net.
INFO: [Physopt 32-663] Processed net SYS/RAM/en_reg[0]_0.  Re-placed instance SYS/RAM/syif\\.load[31]_INST_0_i_1
INFO: [Physopt 32-735] Processed net SYS/RAM/en_reg[0]_0. Optimization improves timing on the net.
INFO: [Physopt 32-619] Estimated Timing Summary | WNS=-4.353 | TNS=-1557.088 |
INFO: [Physopt 32-81] Processed net SYS/RAM/en_reg[0]_0. Replicated 1 times.
INFO: [Physopt 32-735] Processed net SYS/RAM/en_reg[0]_0. Optimization improves timing on the net.
INFO: [Physopt 32-619] Estimated Timing Summary | WNS=-4.287 | TNS=-1556.712 |
INFO: [Physopt 32-663] Processed net SYS/RAM/en_reg[0]_0_repN.  Re-placed instance SYS/RAM/syif\\.load[31]_INST_0_i_1_replica
INFO: [Physopt 32-735] Processed net SYS/RAM/en_reg[0]_0_repN. Optimization improves timing on the net.
INFO: [Physopt 32-619] Estimated Timing Summary | WNS=-4.285 | TNS=-1557.257 |
INFO: [Physopt 32-710] Processed net SYS/CPU/DP/EXMREG/dpif\\.halt_reg_1[0]. Critical path length was reduced through logic transformation on cell SYS/CPU/DP/EXMREG/mem_reg_3_i_3_comp.
INFO: [Physopt 32-735] Processed net SYS/RAM/en_reg[0]_0_repN. Optimization improves timing on the net.
INFO: [Physopt 32-619] Estimated Timing Summary | WNS=-4.231 | TNS=-1557.045 |
INFO: [Physopt 32-780] Instance vio_inst/inst/PROBE_IN_INST/probe_in_reg_reg[15] has DONT_TOUCH and is preventing optimization
Resolution: Removing DONT_TOUCH attributes may enable additional optimization
INFO: [Physopt 32-780] Instance vio_inst/inst/PROBE_IN_INST/probe_in_reg_reg[15] has DONT_TOUCH and is preventing optimization
Resolution: Removing DONT_TOUCH attributes may enable additional optimization
INFO: [Physopt 32-702] Processed net SYS/RAM/dbg_data_out[14]. Optimizations did not improve timing on the net.
INFO: [Physopt 32-710] Processed net SYS/CPU/DP/EXMREG/dpif\\.halt_reg_5[0]. Critical path length was reduced through logic transformation on cell SYS/CPU/DP/EXMREG/mem_reg_7_i_3_comp.
INFO: [Physopt 32-735] Processed net SYS/RAM/en_reg[0]_0. Optimization improves timing on the net.
INFO: [Physopt 32-619] Estimated Timing Summary | WNS=-4.227 | TNS=-1556.625 |
INFO: [Physopt 32-780] Instance vio_inst/inst/PROBE_IN_INST/probe_in_reg_reg[19] has DONT_TOUCH and is preventing optimization
Resolution: Removing DONT_TOUCH attributes may enable additional optimization
INFO: [Physopt 32-780] Instance vio_inst/inst/PROBE_IN_INST/probe_in_reg_reg[19] has DONT_TOUCH and is preventing optimization
Resolution: Removing DONT_TOUCH attributes may enable additional optimization
INFO: [Physopt 32-702] Processed net SYS/RAM/dbg_data_out[18]. Optimizations did not improve timing on the net.
INFO: [Physopt 32-710] Processed net SYS/CPU/DP/EXMREG/dpif\\.halt_reg_7[0]. Critical path length was reduced through logic transformation on cell SYS/CPU/DP/EXMREG/mem_reg_9_i_3_comp.
INFO: [Physopt 32-735] Processed net SYS/RAM/en_reg[0]_0. Optimization improves timing on the net.
INFO: [Physopt 32-619] Estimated Timing Summary | WNS=-4.204 | TNS=-1556.668 |
INFO: [Physopt 32-780] Instance vio_inst/inst/PROBE_IN_INST/probe_in_reg_reg[13] has DONT_TOUCH and is preventing optimization
Resolution: Removing DONT_TOUCH attributes may enable additional optimization
INFO: [Physopt 32-780] Instance vio_inst/inst/PROBE_IN_INST/probe_in_reg_reg[13] has DONT_TOUCH and is preventing optimization
Resolution: Removing DONT_TOUCH attributes may enable additional optimization
INFO: [Physopt 32-702] Processed net SYS/RAM/dbg_data_out[12]. Optimizations did not improve timing on the net.
INFO: [Physopt 32-710] Processed net SYS/CPU/DP/EXMREG/dpif\\.halt_reg_4[0]. Critical path length was reduced through logic transformation on cell SYS/CPU/DP/EXMREG/mem_reg_6_i_3_comp.
INFO: [Physopt 32-735] Processed net SYS/RAM/en_reg[0]_0. Optimization improves timing on the net.
INFO: [Physopt 32-619] Estimated Timing Summary | WNS=-4.195 | TNS=-1556.338 |
INFO: [Physopt 32-780] Instance vio_inst/inst/PROBE_IN_INST/probe_in_reg_reg[23] has DONT_TOUCH and is preventing optimization
Resolution: Removing DONT_TOUCH attributes may enable additional optimization
INFO: [Physopt 32-780] Instance vio_inst/inst/PROBE_IN_INST/probe_in_reg_reg[23] has DONT_TOUCH and is preventing optimization
Resolution: Removing DONT_TOUCH attributes may enable additional optimization
INFO: [Physopt 32-702] Processed net SYS/RAM/dbg_data_out[22]. Optimizations did not improve timing on the net.
INFO: [Physopt 32-663] Processed net SYS/RAM/en_reg[0]_0_repN.  Re-placed instance SYS/RAM/syif\\.load[31]_INST_0_i_1_replica
INFO: [Physopt 32-735] Processed net SYS/RAM/en_reg[0]_0_repN. Optimization improves timing on the net.
INFO: [Physopt 32-619] Estimated Timing Summary | WNS=-4.190 | TNS=-1556.217 |
INFO: [Physopt 32-710] Processed net SYS/CPU/DP/EXMREG/dpif\\.halt_reg_9[0]. Critical path length was reduced through logic transformation on cell SYS/CPU/DP/EXMREG/mem_reg_11_i_3_comp.
INFO: [Physopt 32-735] Processed net SYS/RAM/en_reg[0]_0_repN. Optimization improves timing on the net.
INFO: [Physopt 32-619] Estimated Timing Summary | WNS=-4.146 | TNS=-1555.869 |
INFO: [Physopt 32-780] Instance vio_inst/inst/PROBE_IN_INST/probe_in_reg_reg[31] has DONT_TOUCH and is preventing optimization
Resolution: Removing DONT_TOUCH attributes may enable additional optimization
INFO: [Physopt 32-780] Instance vio_inst/inst/PROBE_IN_INST/probe_in_reg_reg[31] has DONT_TOUCH and is preventing optimization
Resolution: Removing DONT_TOUCH attributes may enable additional optimization
INFO: [Physopt 32-702] Processed net SYS/RAM/dbg_data_out[30]. Optimizations did not improve timing on the net.
INFO: [Physopt 32-710] Processed net SYS/CPU/DP/EXMREG/wren. Critical path length was reduced through logic transformation on cell SYS/CPU/DP/EXMREG/mem_reg_15_i_17_comp.
INFO: [Physopt 32-735] Processed net SYS/RAM/en_reg[0]_0. Optimization improves timing on the net.
INFO: [Physopt 32-619] Estimated Timing Summary | WNS=-4.137 | TNS=-1555.566 |
INFO: [Physopt 32-780] Instance vio_inst/inst/PROBE_IN_INST/probe_in_reg_reg[1] has DONT_TOUCH and is preventing optimization
Resolution: Removing DONT_TOUCH attributes may enable additional optimization
INFO: [Physopt 32-780] Instance vio_inst/inst/PROBE_IN_INST/probe_in_reg_reg[1] has DONT_TOUCH and is preventing optimization
Resolution: Removing DONT_TOUCH attributes may enable additional optimization
INFO: [Physopt 32-702] Processed net SYS/RAM/dbg_data_out[0]. Optimizations did not improve timing on the net.
INFO: [Physopt 32-710] Processed net SYS/CPU/DP/EXMREG/WEA[0]. Critical path length was reduced through logic transformation on cell SYS/CPU/DP/EXMREG/mem_reg_0_i_3_comp.
INFO: [Physopt 32-735] Processed net SYS/RAM/en_reg[0]_0. Optimization improves timing on the net.
INFO: [Physopt 32-619] Estimated Timing Summary | WNS=-4.117 | TNS=-1555.099 |
INFO: [Physopt 32-780] Instance vio_inst/inst/PROBE_IN_INST/probe_in_reg_reg[9] has DONT_TOUCH and is preventing optimization
Resolution: Removing DONT_TOUCH attributes may enable additional optimization
INFO: [Physopt 32-780] Instance vio_inst/inst/PROBE_IN_INST/probe_in_reg_reg[9] has DONT_TOUCH and is preventing optimization
Resolution: Removing DONT_TOUCH attributes may enable additional optimization
INFO: [Physopt 32-702] Processed net SYS/RAM/dbg_data_out[8]. Optimizations did not improve timing on the net.
INFO: [Physopt 32-710] Processed net SYS/CPU/DP/EXMREG/dpif\\.halt_reg_2[0]. Critical path length was reduced through logic transformation on cell SYS/CPU/DP/EXMREG/mem_reg_4_i_3_comp.
INFO: [Physopt 32-735] Processed net SYS/RAM/en_reg[0]_0. Optimization improves timing on the net.
INFO: [Physopt 32-619] Estimated Timing Summary | WNS=-4.078 | TNS=-1554.776 |
INFO: [Physopt 32-780] Instance vio_inst/inst/PROBE_IN_INST/probe_in_reg_reg[17] has DONT_TOUCH and is preventing optimization
Resolution: Removing DONT_TOUCH attributes may enable additional optimization
INFO: [Physopt 32-780] Instance vio_inst/inst/PROBE_IN_INST/probe_in_reg_reg[17] has DONT_TOUCH and is preventing optimization
Resolution: Removing DONT_TOUCH attributes may enable additional optimization
INFO: [Physopt 32-702] Processed net SYS/RAM/dbg_data_out[16]. Optimizations did not improve timing on the net.
INFO: [Physopt 32-663] Processed net SYS/RAM/en_reg[0]_0_repN.  Re-placed instance SYS/RAM/syif\\.load[31]_INST_0_i_1_replica
INFO: [Physopt 32-735] Processed net SYS/RAM/en_reg[0]_0_repN. Optimization improves timing on the net.
INFO: [Physopt 32-619] Estimated Timing Summary | WNS=-4.076 | TNS=-1554.492 |
INFO: [Physopt 32-780] Instance vio_inst/inst/PROBE_IN_INST/probe_in_reg_reg[5] has DONT_TOUCH and is preventing optimization
Resolution: Removing DONT_TOUCH attributes may enable additional optimization
INFO: [Physopt 32-780] Instance vio_inst/inst/PROBE_IN_INST/probe_in_reg_reg[5] has DONT_TOUCH and is preventing optimization
Resolution: Removing DONT_TOUCH attributes may enable additional optimization
INFO: [Physopt 32-702] Processed net SYS/RAM/dbg_data_out[4]. Optimizations did not improve timing on the net.
INFO: [Physopt 32-710] Processed net SYS/CPU/DP/EXMREG/dpif\\.halt_reg_0[0]. Critical path length was reduced through logic transformation on cell SYS/CPU/DP/EXMREG/mem_reg_2_i_3_comp.
INFO: [Physopt 32-735] Processed net SYS/RAM/en_reg[0]_0. Optimization improves timing on the net.
INFO: [Physopt 32-619] Estimated Timing Summary | WNS=-4.061 | TNS=-1554.034 |
INFO: [Physopt 32-780] Instance vio_inst/inst/PROBE_IN_INST/probe_in_reg_reg[21] has DONT_TOUCH and is preventing optimization
Resolution: Removing DONT_TOUCH attributes may enable additional optimization
INFO: [Physopt 32-780] Instance vio_inst/inst/PROBE_IN_INST/probe_in_reg_reg[21] has DONT_TOUCH and is preventing optimization
Resolution: Removing DONT_TOUCH attributes may enable additional optimization
INFO: [Physopt 32-702] Processed net SYS/RAM/dbg_data_out[20]. Optimizations did not improve timing on the net.
INFO: [Physopt 32-710] Processed net SYS/CPU/DP/EXMREG/dpif\\.halt_reg_8[0]. Critical path length was reduced through logic transformation on cell SYS/CPU/DP/EXMREG/mem_reg_10_i_3_comp.
INFO: [Physopt 32-735] Processed net SYS/RAM/en_reg[0]_0. Optimization improves timing on the net.
INFO: [Physopt 32-619] Estimated Timing Summary | WNS=-4.059 | TNS=-1553.925 |
INFO: [Physopt 32-780] Instance vio_inst/inst/PROBE_IN_INST/probe_in_reg_reg[11] has DONT_TOUCH and is preventing optimization
Resolution: Removing DONT_TOUCH attributes may enable additional optimization
INFO: [Physopt 32-780] Instance vio_inst/inst/PROBE_IN_INST/probe_in_reg_reg[11] has DONT_TOUCH and is preventing optimization
Resolution: Removing DONT_TOUCH attributes may enable additional optimization
INFO: [Physopt 32-702] Processed net SYS/RAM/dbg_data_out[10]. Optimizations did not improve timing on the net.
INFO: [Physopt 32-710] Processed net SYS/CPU/DP/EXMREG/dpif\\.halt_reg_3[0]. Critical path length was reduced through logic transformation on cell SYS/CPU/DP/EXMREG/mem_reg_5_i_3_comp.
INFO: [Physopt 32-735] Processed net SYS/RAM/en_reg[0]_0. Optimization improves timing on the net.
INFO: [Physopt 32-619] Estimated Timing Summary | WNS=-4.012 | TNS=-1553.418 |
INFO: [Physopt 32-702] Processed net SYS/RAM/rstate3. Optimizations did not improve timing on the net.
INFO: [Physopt 32-702] Processed net SYS/RAM/rstate3_carry__0_n_0. Optimizations did not improve timing on the net.
INFO: [Physopt 32-702] Processed net SYS/RAM/rstate3_carry_n_0. Optimizations did not improve timing on the net.
INFO: [Physopt 32-702] Processed net SYS/RAM/rstate3_carry_i_4_n_0. Optimizations did not improve timing on the net.
INFO: [Physopt 32-81] Processed net SYS/CPU/DP/EXMREG/D[2]. Replicated 17 times.
INFO: [Physopt 32-735] Processed net SYS/CPU/DP/EXMREG/D[2]. Optimization improves timing on the net.
INFO: [Physopt 32-619] Estimated Timing Summary | WNS=-3.955 | TNS=-1546.636 |
INFO: [Physopt 32-702] Processed net SYS/CPU/DP/EXMREG/D[2]. Optimizations did not improve timing on the net.
INFO: [Physopt 32-663] Processed net SYS/CPU/DP/EXMREG/dpif\\.halt_reg_1[0].  Re-placed instance SYS/CPU/DP/EXMREG/mem_reg_3_i_3_comp
INFO: [Physopt 32-735] Processed net SYS/CPU/DP/EXMREG/dpif\\.halt_reg_1[0]. Optimization improves timing on the net.
INFO: [Physopt 32-619] Estimated Timing Summary | WNS=-3.910 | TNS=-1546.591 |
INFO: [Physopt 32-608] Optimized 1 net.  Swapped 6 pins.
INFO: [Physopt 32-735] Processed net SYS/CPU/DP/EXMREG/dpif\\.halt_reg_1[0]. Optimization improves timing on the net.
INFO: [Physopt 32-619] Estimated Timing Summary | WNS=-3.898 | TNS=-1546.476 |
INFO: [Physopt 32-780] Instance vio_inst/inst/PROBE_IN_INST/probe_in_reg_reg[3] has DONT_TOUCH and is preventing optimization
Resolution: Removing DONT_TOUCH attributes may enable additional optimization
INFO: [Physopt 32-780] Instance vio_inst/inst/PROBE_IN_INST/probe_in_reg_reg[3] has DONT_TOUCH and is preventing optimization
Resolution: Removing DONT_TOUCH attributes may enable additional optimization
INFO: [Physopt 32-702] Processed net SYS/RAM/dbg_data_out[2]. Optimizations did not improve timing on the net.
INFO: [Physopt 32-710] Processed net SYS/CPU/DP/EXMREG/dpif\\.halt_reg[0]. Critical path length was reduced through logic transformation on cell SYS/CPU/DP/EXMREG/mem_reg_1_i_3_comp.
INFO: [Physopt 32-735] Processed net SYS/RAM/en_reg[0]_0. Optimization improves timing on the net.
INFO: [Physopt 32-619] Estimated Timing Summary | WNS=-3.887 | TNS=-1546.105 |
INFO: [Physopt 32-710] Processed net SYS/CPU/DP/EXMREG/dpif\\.halt_reg_6[0]. Critical path length was reduced through logic transformation on cell SYS/CPU/DP/EXMREG/mem_reg_8_i_3_comp.
INFO: [Physopt 32-735] Processed net SYS/RAM/en_reg[0]_0_repN. Optimization improves timing on the net.
INFO: [Physopt 32-619] Estimated Timing Summary | WNS=-3.869 | TNS=-1545.840 |
INFO: [Physopt 32-780] Instance vio_inst/inst/PROBE_IN_INST/probe_in_reg_reg[27] has DONT_TOUCH and is preventing optimization
Resolution: Removing DONT_TOUCH attributes may enable additional optimization
INFO: [Physopt 32-780] Instance vio_inst/inst/PROBE_IN_INST/probe_in_reg_reg[27] has DONT_TOUCH and is preventing optimization
Resolution: Removing DONT_TOUCH attributes may enable additional optimization
INFO: [Physopt 32-702] Processed net SYS/RAM/dbg_data_out[26]. Optimizations did not improve timing on the net.
INFO: [Physopt 32-710] Processed net SYS/CPU/DP/EXMREG/dpif\\.halt_reg_11[0]. Critical path length was reduced through logic transformation on cell SYS/CPU/DP/EXMREG/mem_reg_13_i_3_comp.
INFO: [Physopt 32-735] Processed net SYS/RAM/en_reg[0]_0. Optimization improves timing on the net.
INFO: [Physopt 32-619] Estimated Timing Summary | WNS=-3.828 | TNS=-1545.310 |
INFO: [Physopt 32-780] Instance vio_inst/inst/PROBE_IN_INST/probe_in_reg_reg[29] has DONT_TOUCH and is preventing optimization
Resolution: Removing DONT_TOUCH attributes may enable additional optimization
INFO: [Physopt 32-780] Instance vio_inst/inst/PROBE_IN_INST/probe_in_reg_reg[29] has DONT_TOUCH and is preventing optimization
Resolution: Removing DONT_TOUCH attributes may enable additional optimization
INFO: [Physopt 32-702] Processed net SYS/RAM/dbg_data_out[28]. Optimizations did not improve timing on the net.
INFO: [Physopt 32-710] Processed net SYS/CPU/DP/EXMREG/dpif\\.halt_reg_12[0]. Critical path length was reduced through logic transformation on cell SYS/CPU/DP/EXMREG/mem_reg_14_i_3_comp.
INFO: [Physopt 32-735] Processed net SYS/RAM/en_reg[0]_0. Optimization improves timing on the net.
INFO: [Physopt 32-619] Estimated Timing Summary | WNS=-3.828 | TNS=-1544.949 |
INFO: [Physopt 32-780] Instance vio_inst/inst/PROBE_IN_INST/probe_in_reg_reg[25] has DONT_TOUCH and is preventing optimization
Resolution: Removing DONT_TOUCH attributes may enable additional optimization
INFO: [Physopt 32-780] Instance vio_inst/inst/PROBE_IN_INST/probe_in_reg_reg[25] has DONT_TOUCH and is preventing optimization
Resolution: Removing DONT_TOUCH attributes may enable additional optimization
INFO: [Physopt 32-702] Processed net SYS/RAM/dbg_data_out[24]. Optimizations did not improve timing on the net.
INFO: [Physopt 32-710] Processed net SYS/CPU/DP/EXMREG/dpif\\.halt_reg_10[0]. Critical path length was reduced through logic transformation on cell SYS/CPU/DP/EXMREG/mem_reg_12_i_3_comp.
INFO: [Physopt 32-735] Processed net SYS/RAM/en_reg[0]_0_repN. Optimization improves timing on the net.
INFO: [Physopt 32-619] Estimated Timing Summary | WNS=-3.805 | TNS=-1544.784 |
INFO: [Physopt 32-663] Processed net SYS/CPU/DP/EXMREG/dpif\\.halt_reg_7[0].  Re-placed instance SYS/CPU/DP/EXMREG/mem_reg_9_i_3_comp
INFO: [Physopt 32-735] Processed net SYS/CPU/DP/EXMREG/dpif\\.halt_reg_7[0]. Optimization improves timing on the net.
INFO: [Physopt 32-619] Estimated Timing Summary | WNS=-3.801 | TNS=-1544.593 |
INFO: [Physopt 32-702] Processed net SYS/CPU/DP/EXMREG/dpif\\.halt_reg_1[0]. Optimizations did not improve timing on the net.
INFO: [Physopt 32-81] Processed net SYS/CPU/DP/dpif\\.halt_reg_0. Replicated 8 times.
INFO: [Physopt 32-735] Processed net SYS/CPU/DP/dpif\\.halt_reg_0. Optimization improves timing on the net.
INFO: [Physopt 32-619] Estimated Timing Summary | WNS=-3.793 | TNS=-1533.690 |
INFO: [Physopt 32-81] Processed net SYS/CPU/DP/dpif\\.halt_reg_0. Replicated 2 times.
INFO: [Physopt 32-735] Processed net SYS/CPU/DP/dpif\\.halt_reg_0. Optimization improves timing on the net.
INFO: [Physopt 32-619] Estimated Timing Summary | WNS=-3.792 | TNS=-1533.395 |
INFO: [Physopt 32-81] Processed net SYS/CPU/DP/dpif\\.halt_reg_0. Replicated 1 times.
INFO: [Physopt 32-735] Processed net SYS/CPU/DP/dpif\\.halt_reg_0. Optimization improves timing on the net.
INFO: [Physopt 32-619] Estimated Timing Summary | WNS=-3.792 | TNS=-1533.395 |
INFO: [Physopt 32-81] Processed net SYS/CPU/DP/dpif\\.halt_reg_0. Replicated 1 times.
INFO: [Physopt 32-735] Processed net SYS/CPU/DP/dpif\\.halt_reg_0. Optimization improves timing on the net.
INFO: [Physopt 32-619] Estimated Timing Summary | WNS=-3.792 | TNS=-1533.395 |
INFO: [Physopt 32-702] Processed net SYS/CPU/DP/dpif\\.halt_reg_0. Optimizations did not improve timing on the net.
INFO: [Physopt 32-663] Processed net SYS/CPU/DP/FDFREG/fdf\\.inst_out_reg[15]_rep_0.  Re-placed instance SYS/CPU/DP/FDFREG/fdf\\.inst_out_reg[15]_rep
INFO: [Physopt 32-735] Processed net SYS/CPU/DP/FDFREG/fdf\\.inst_out_reg[15]_rep_0. Optimization improves timing on the net.
INFO: [Physopt 32-619] Estimated Timing Summary | WNS=-3.792 | TNS=-1533.131 |
INFO: [Physopt 32-663] Processed net SYS/CPU/DP/FDFREG/fdf\\.inst_out[6].  Re-placed instance SYS/CPU/DP/FDFREG/fdf\\.inst_out_reg[21]
INFO: [Physopt 32-735] Processed net SYS/CPU/DP/FDFREG/fdf\\.inst_out[6]. Optimization improves timing on the net.
INFO: [Physopt 32-619] Estimated Timing Summary | WNS=-3.792 | TNS=-1533.111 |
INFO: [Physopt 32-663] Processed net SYS/CPU/DP/FDFREG/fdf\\.inst_out[2].  Re-placed instance SYS/CPU/DP/FDFREG/fdf\\.inst_out_reg[17]
INFO: [Physopt 32-735] Processed net SYS/CPU/DP/FDFREG/fdf\\.inst_out[2]. Optimization improves timing on the net.
INFO: [Physopt 32-619] Estimated Timing Summary | WNS=-3.792 | TNS=-1532.665 |
INFO: [Physopt 32-663] Processed net SYS/CPU/DP/FDFREG/fdf\\.inst_out_reg[21]_rep_0.  Re-placed instance SYS/CPU/DP/FDFREG/fdf\\.inst_out_reg[21]_rep
INFO: [Physopt 32-735] Processed net SYS/CPU/DP/FDFREG/fdf\\.inst_out_reg[21]_rep_0. Optimization improves timing on the net.
INFO: [Physopt 32-619] Estimated Timing Summary | WNS=-3.792 | TNS=-1532.431 |
INFO: [Physopt 32-663] Processed net SYS/CPU/DP/FDFREG/dx\\.pc_in[0].  Re-placed instance SYS/CPU/DP/FDFREG/fdf\\.pc_out_reg[0]
INFO: [Physopt 32-735] Processed net SYS/CPU/DP/FDFREG/dx\\.pc_in[0]. Optimization improves timing on the net.
INFO: [Physopt 32-619] Estimated Timing Summary | WNS=-3.792 | TNS=-1532.704 |
INFO: [Physopt 32-663] Processed net SYS/CPU/DP/FDFREG/dx\\.pc_in[12].  Re-placed instance SYS/CPU/DP/FDFREG/fdf\\.pc_out_reg[12]
INFO: [Physopt 32-735] Processed net SYS/CPU/DP/FDFREG/dx\\.pc_in[12]. Optimization improves timing on the net.
INFO: [Physopt 32-619] Estimated Timing Summary | WNS=-3.792 | TNS=-1532.983 |
INFO: [Physopt 32-663] Processed net SYS/CPU/DP/FDFREG/dx\\.pc_in[24].  Re-placed instance SYS/CPU/DP/FDFREG/fdf\\.pc_out_reg[24]
INFO: [Physopt 32-735] Processed net SYS/CPU/DP/FDFREG/dx\\.pc_in[24]. Optimization improves timing on the net.
INFO: [Physopt 32-619] Estimated Timing Summary | WNS=-3.792 | TNS=-1533.201 |
INFO: [Physopt 32-663] Processed net SYS/CPU/DP/FDFREG/dx\\.pc_in[5].  Re-placed instance SYS/CPU/DP/FDFREG/fdf\\.pc_out_reg[5]
INFO: [Physopt 32-735] Processed net SYS/CPU/DP/FDFREG/dx\\.pc_in[5]. Optimization improves timing on the net.
INFO: [Physopt 32-619] Estimated Timing Summary | WNS=-3.792 | TNS=-1533.484 |
INFO: [Physopt 32-663] Processed net SYS/CPU/DP/FDFREG/cuif\\.inst[14].  Re-placed instance SYS/CPU/DP/FDFREG/fdf\\.inst_out_reg[14]
INFO: [Physopt 32-735] Processed net SYS/CPU/DP/FDFREG/cuif\\.inst[14]. Optimization improves timing on the net.
INFO: [Physopt 32-619] Estimated Timing Summary | WNS=-3.792 | TNS=-1533.719 |
INFO: [Physopt 32-663] Processed net SYS/CPU/DP/FDFREG/cuif\\.inst[5].  Re-placed instance SYS/CPU/DP/FDFREG/fdf\\.inst_out_reg[5]
INFO: [Physopt 32-735] Processed net SYS/CPU/DP/FDFREG/cuif\\.inst[5]. Optimization improves timing on the net.
INFO: [Physopt 32-619] Estimated Timing Summary | WNS=-3.792 | TNS=-1533.950 |
INFO: [Physopt 32-663] Processed net SYS/CPU/DP/FDFREG/fdf\\.inst_out[7].  Re-placed instance SYS/CPU/DP/FDFREG/fdf\\.inst_out_reg[22]
INFO: [Physopt 32-735] Processed net SYS/CPU/DP/FDFREG/fdf\\.inst_out[7]. Optimization improves timing on the net.
INFO: [Physopt 32-619] Estimated Timing Summary | WNS=-3.792 | TNS=-1534.156 |
INFO: [Physopt 32-663] Processed net SYS/CPU/DP/FDFREG/fdf\\.inst_out_reg[20]_rep_0.  Re-placed instance SYS/CPU/DP/FDFREG/fdf\\.inst_out_reg[20]_rep
INFO: [Physopt 32-735] Processed net SYS/CPU/DP/FDFREG/fdf\\.inst_out_reg[20]_rep_0. Optimization improves timing on the net.
INFO: [Physopt 32-619] Estimated Timing Summary | WNS=-3.792 | TNS=-1533.921 |
INFO: [Physopt 32-663] Processed net SYS/CPU/DP/FDFREG/fdf\\.inst_out_reg[16]_rep_0.  Re-placed instance SYS/CPU/DP/FDFREG/fdf\\.inst_out_reg[16]_rep
INFO: [Physopt 32-735] Processed net SYS/CPU/DP/FDFREG/fdf\\.inst_out_reg[16]_rep_0. Optimization improves timing on the net.
INFO: [Physopt 32-619] Estimated Timing Summary | WNS=-3.792 | TNS=-1533.773 |
INFO: [Physopt 32-663] Processed net SYS/CPU/DP/FDFREG/cuif\\.inst[12].  Re-placed instance SYS/CPU/DP/FDFREG/fdf\\.inst_out_reg[12]
INFO: [Physopt 32-735] Processed net SYS/CPU/DP/FDFREG/cuif\\.inst[12]. Optimization improves timing on the net.
INFO: [Physopt 32-619] Estimated Timing Summary | WNS=-3.792 | TNS=-1534.134 |
INFO: [Physopt 32-663] Processed net SYS/CPU/DP/FDFREG/cuif\\.inst[10].  Re-placed instance SYS/CPU/DP/FDFREG/fdf\\.inst_out_reg[10]
INFO: [Physopt 32-735] Processed net SYS/CPU/DP/FDFREG/cuif\\.inst[10]. Optimization improves timing on the net.
INFO: [Physopt 32-619] Estimated Timing Summary | WNS=-3.792 | TNS=-1534.420 |
INFO: [Physopt 32-663] Processed net SYS/CPU/DP/FDFREG/dx\\.pc_in[14].  Re-placed instance SYS/CPU/DP/FDFREG/fdf\\.pc_out_reg[14]
INFO: [Physopt 32-735] Processed net SYS/CPU/DP/FDFREG/dx\\.pc_in[14]. Optimization improves timing on the net.
INFO: [Physopt 32-619] Estimated Timing Summary | WNS=-3.792 | TNS=-1534.586 |
INFO: [Physopt 32-663] Processed net SYS/CPU/DP/FDFREG/dx\\.pc_in[2].  Re-placed instance SYS/CPU/DP/FDFREG/fdf\\.pc_out_reg[2]
INFO: [Physopt 32-735] Processed net SYS/CPU/DP/FDFREG/dx\\.pc_in[2]. Optimization improves timing on the net.
INFO: [Physopt 32-619] Estimated Timing Summary | WNS=-3.792 | TNS=-1534.939 |
INFO: [Physopt 32-663] Processed net SYS/CPU/DP/FDFREG/dx\\.pc_in[7].  Re-placed instance SYS/CPU/DP/FDFREG/fdf\\.pc_out_reg[7]
INFO: [Physopt 32-735] Processed net SYS/CPU/DP/FDFREG/dx\\.pc_in[7]. Optimization improves timing on the net.
INFO: [Physopt 32-619] Estimated Timing Summary | WNS=-3.792 | TNS=-1535.089 |
INFO: [Physopt 32-663] Processed net SYS/CPU/DP/FDFREG/dx\\.pc_in[15].  Re-placed instance SYS/CPU/DP/FDFREG/fdf\\.pc_out_reg[15]
INFO: [Physopt 32-735] Processed net SYS/CPU/DP/FDFREG/dx\\.pc_in[15]. Optimization improves timing on the net.
INFO: [Physopt 32-619] Estimated Timing Summary | WNS=-3.792 | TNS=-1535.351 |
INFO: [Physopt 32-663] Processed net SYS/CPU/DP/FDFREG/fdf\\.inst_out[9].  Re-placed instance SYS/CPU/DP/FDFREG/fdf\\.inst_out_reg[24]
INFO: [Physopt 32-735] Processed net SYS/CPU/DP/FDFREG/fdf\\.inst_out[9]. Optimization improves timing on the net.
INFO: [Physopt 32-619] Estimated Timing Summary | WNS=-3.792 | TNS=-1535.533 |
INFO: [Physopt 32-663] Processed net SYS/CPU/DP/FDFREG/cuif\\.inst[28].  Re-placed instance SYS/CPU/DP/FDFREG/fdf\\.inst_out_reg[28]
INFO: [Physopt 32-735] Processed net SYS/CPU/DP/FDFREG/cuif\\.inst[28]. Optimization improves timing on the net.
INFO: [Physopt 32-619] Estimated Timing Summary | WNS=-3.792 | TNS=-1535.750 |
INFO: [Physopt 32-663] Processed net SYS/CPU/DP/FDFREG/dx\\.pc_in[11].  Re-placed instance SYS/CPU/DP/FDFREG/fdf\\.pc_out_reg[11]
INFO: [Physopt 32-735] Processed net SYS/CPU/DP/FDFREG/dx\\.pc_in[11]. Optimization improves timing on the net.
INFO: [Physopt 32-619] Estimated Timing Summary | WNS=-3.792 | TNS=-1536.019 |
INFO: [Physopt 32-663] Processed net SYS/CPU/DP/FDFREG/dx\\.pc_in[13].  Re-placed instance SYS/CPU/DP/FDFREG/fdf\\.pc_out_reg[13]
INFO: [Physopt 32-735] Processed net SYS/CPU/DP/FDFREG/dx\\.pc_in[13]. Optimization improves timing on the net.
INFO: [Physopt 32-619] Estimated Timing Summary | WNS=-3.792 | TNS=-1536.295 |
INFO: [Physopt 32-663] Processed net SYS/CPU/DP/FDFREG/dx\\.pc_in[21].  Re-placed instance SYS/CPU/DP/FDFREG/fdf\\.pc_out_reg[21]
INFO: [Physopt 32-735] Processed net SYS/CPU/DP/FDFREG/dx\\.pc_in[21]. Optimization improves timing on the net.
INFO: [Physopt 32-619] Estimated Timing Summary | WNS=-3.792 | TNS=-1536.547 |
INFO: [Physopt 32-663] Processed net SYS/CPU/DP/FDFREG/dx\\.pc_in[8].  Re-placed instance SYS/CPU/DP/FDFREG/fdf\\.pc_out_reg[8]
INFO: [Physopt 32-735] Processed net SYS/CPU/DP/FDFREG/dx\\.pc_in[8]. Optimization improves timing on the net.
INFO: [Physopt 32-619] Estimated Timing Summary | WNS=-3.792 | TNS=-1536.818 |
INFO: [Physopt 32-663] Processed net SYS/CPU/DP/FDFREG/cuif\\.inst[13].  Re-placed instance SYS/CPU/DP/FDFREG/fdf\\.inst_out_reg[13]
INFO: [Physopt 32-735] Processed net SYS/CPU/DP/FDFREG/cuif\\.inst[13]. Optimization improves timing on the net.
INFO: [Physopt 32-619] Estimated Timing Summary | WNS=-3.792 | TNS=-1537.078 |
INFO: [Physopt 32-663] Processed net SYS/CPU/DP/FDFREG/cuif\\.inst[7].  Re-placed instance SYS/CPU/DP/FDFREG/fdf\\.inst_out_reg[7]
INFO: [Physopt 32-735] Processed net SYS/CPU/DP/FDFREG/cuif\\.inst[7]. Optimization improves timing on the net.
INFO: [Physopt 32-619] Estimated Timing Summary | WNS=-3.792 | TNS=-1537.361 |
INFO: [Physopt 32-663] Processed net SYS/CPU/DP/FDFREG/cuif\\.inst[6].  Re-placed instance SYS/CPU/DP/FDFREG/fdf\\.inst_out_reg[6]
INFO: [Physopt 32-735] Processed net SYS/CPU/DP/FDFREG/cuif\\.inst[6]. Optimization improves timing on the net.
INFO: [Physopt 32-619] Estimated Timing Summary | WNS=-3.792 | TNS=-1537.692 |
INFO: [Physopt 32-702] Processed net SYS/CPU/DP/FDFREG/dx\\.pc_in[0]. Optimizations did not improve timing on the net.
INFO: [Physopt 32-710] Processed net SYS/CPU/DP/EXMREG/exm\\.dmemREN_reg_3. Critical path length was reduced through logic transformation on cell SYS/CPU/DP/EXMREG/fdf\\.pc_out[31]_i_1_comp.
INFO: [Physopt 32-735] Processed net SYS/CPU/DP/DXREG/fdf\\.flush. Optimization improves timing on the net.
INFO: [Physopt 32-619] Estimated Timing Summary | WNS=-3.792 | TNS=-1502.295 |
INFO: [Physopt 32-663] Processed net SYS/CPU/DP/FDFREG/dx\\.pc_in[5].  Re-placed instance SYS/CPU/DP/FDFREG/fdf\\.pc_out_reg[5]
INFO: [Physopt 32-735] Processed net SYS/CPU/DP/FDFREG/dx\\.pc_in[5]. Optimization improves timing on the net.
INFO: [Physopt 32-619] Estimated Timing Summary | WNS=-3.792 | TNS=-1502.342 |
INFO: [Physopt 32-663] Processed net SYS/CPU/DP/FDFREG/fdf\\.inst_out[1].  Re-placed instance SYS/CPU/DP/FDFREG/fdf\\.inst_out_reg[16]
INFO: [Physopt 32-735] Processed net SYS/CPU/DP/FDFREG/fdf\\.inst_out[1]. Optimization improves timing on the net.
INFO: [Physopt 32-619] Estimated Timing Summary | WNS=-3.792 | TNS=-1501.874 |
INFO: [Physopt 32-663] Processed net SYS/CPU/DP/FDFREG/cuif\\.inst[5].  Re-placed instance SYS/CPU/DP/FDFREG/fdf\\.inst_out_reg[5]
INFO: [Physopt 32-735] Processed net SYS/CPU/DP/FDFREG/cuif\\.inst[5]. Optimization improves timing on the net.
INFO: [Physopt 32-619] Estimated Timing Summary | WNS=-3.792 | TNS=-1501.643 |
INFO: [Physopt 32-663] Processed net SYS/CPU/DP/FDFREG/fdf\\.inst_out_reg[21]_rep_0.  Re-placed instance SYS/CPU/DP/FDFREG/fdf\\.inst_out_reg[21]_rep
INFO: [Physopt 32-735] Processed net SYS/CPU/DP/FDFREG/fdf\\.inst_out_reg[21]_rep_0. Optimization improves timing on the net.
INFO: [Physopt 32-619] Estimated Timing Summary | WNS=-3.792 | TNS=-1501.803 |
INFO: [Physopt 32-663] Processed net SYS/CPU/DP/FDFREG/dx\\.pc_in[24].  Re-placed instance SYS/CPU/DP/FDFREG/fdf\\.pc_out_reg[24]
INFO: [Physopt 32-735] Processed net SYS/CPU/DP/FDFREG/dx\\.pc_in[24]. Optimization improves timing on the net.
INFO: [Physopt 32-619] Estimated Timing Summary | WNS=-3.792 | TNS=-1501.584 |
INFO: [Physopt 32-663] Processed net SYS/CPU/DP/FDFREG/cuif\\.inst[6].  Re-placed instance SYS/CPU/DP/FDFREG/fdf\\.inst_out_reg[6]
INFO: [Physopt 32-735] Processed net SYS/CPU/DP/FDFREG/cuif\\.inst[6]. Optimization improves timing on the net.
INFO: [Physopt 32-619] Estimated Timing Summary | WNS=-3.792 | TNS=-1501.252 |
INFO: [Physopt 32-663] Processed net SYS/CPU/DP/FDFREG/fdf\\.inst_out_reg[16]_rep_0.  Re-placed instance SYS/CPU/DP/FDFREG/fdf\\.inst_out_reg[16]_rep
INFO: [Physopt 32-735] Processed net SYS/CPU/DP/FDFREG/fdf\\.inst_out_reg[16]_rep_0. Optimization improves timing on the net.
INFO: [Physopt 32-619] Estimated Timing Summary | WNS=-3.792 | TNS=-1501.078 |
INFO: [Physopt 32-663] Processed net SYS/CPU/DP/FDFREG/cuif\\.inst[14].  Re-placed instance SYS/CPU/DP/FDFREG/fdf\\.inst_out_reg[14]
INFO: [Physopt 32-735] Processed net SYS/CPU/DP/FDFREG/cuif\\.inst[14]. Optimization improves timing on the net.
INFO: [Physopt 32-619] Estimated Timing Summary | WNS=-3.792 | TNS=-1500.843 |
INFO: [Physopt 32-702] Processed net SYS/CPU/DP/DXREG/fuif\\.dxo_rs1[4]. Optimizations did not improve timing on the net.
INFO: [Physopt 32-710] Processed net SYS/CPU/DP/FDFREG/fdf\\.inst_out_reg[19]_0[4]. Critical path length was reduced through logic transformation on cell SYS/CPU/DP/FDFREG/dx\\.rs1_out[4]_i_2_comp.
INFO: [Physopt 32-735] Processed net SYS/CPU/DP/DXREG/dx\\.pc_out1. Optimization improves timing on the net.
INFO: [Physopt 32-619] Estimated Timing Summary | WNS=-3.792 | TNS=-1500.301 |
INFO: [Physopt 32-663] Processed net SYS/CPU/DP/FDFREG/cuif\\.inst[10].  Re-placed instance SYS/CPU/DP/FDFREG/fdf\\.inst_out_reg[10]
INFO: [Physopt 32-735] Processed net SYS/CPU/DP/FDFREG/cuif\\.inst[10]. Optimization improves timing on the net.
INFO: [Physopt 32-619] Estimated Timing Summary | WNS=-3.792 | TNS=-1500.014 |
INFO: [Physopt 32-663] Processed net SYS/CPU/DP/FDFREG/fdf\\.inst_out[7].  Re-placed instance SYS/CPU/DP/FDFREG/fdf\\.inst_out_reg[22]
INFO: [Physopt 32-735] Processed net SYS/CPU/DP/FDFREG/fdf\\.inst_out[7]. Optimization improves timing on the net.
INFO: [Physopt 32-619] Estimated Timing Summary | WNS=-3.792 | TNS=-1499.808 |
INFO: [Physopt 32-702] Processed net SYS/CPU/DP/DXREG/dx\\.dREN_out. Optimizations did not improve timing on the net.
INFO: [Physopt 32-710] Processed net SYS/CPU/DP/FDFREG/fdf\\.inst_out_reg[4]_0. Critical path length was reduced through logic transformation on cell SYS/CPU/DP/FDFREG/dx\\.dREN_out_i_1_comp.
INFO: [Physopt 32-735] Processed net SYS/CPU/DP/DXREG/dx\\.pc_out1. Optimization improves timing on the net.
INFO: [Physopt 32-619] Estimated Timing Summary | WNS=-3.792 | TNS=-1499.588 |
INFO: [Physopt 32-702] Processed net SYS/CPU/DP/DXREG/dx\\.rs1_out[1]. Optimizations did not improve timing on the net.
INFO: [Physopt 32-710] Processed net SYS/CPU/DP/FDFREG/fdf\\.inst_out_reg[19]_0[1]. Critical path length was reduced through logic transformation on cell SYS/CPU/DP/FDFREG/dx\\.rs1_out[1]_i_1_comp.
INFO: [Physopt 32-735] Processed net SYS/CPU/DP/DXREG/dx\\.pc_out1. Optimization improves timing on the net.
INFO: [Physopt 32-619] Estimated Timing Summary | WNS=-3.792 | TNS=-1499.244 |
INFO: [Physopt 32-702] Processed net SYS/CPU/DP/DXREG/dx\\.imm_out[11]. Optimizations did not improve timing on the net.
INFO: [Physopt 32-710] Processed net SYS/CPU/DP/FDFREG/fdf\\.inst_out_reg[31]_0[11]. Critical path length was reduced through logic transformation on cell SYS/CPU/DP/FDFREG/dx\\.imm_out[11]_i_1_comp.
INFO: [Physopt 32-735] Processed net SYS/CPU/DP/DXREG/dx\\.pc_out1. Optimization improves timing on the net.
INFO: [Physopt 32-619] Estimated Timing Summary | WNS=-3.792 | TNS=-1498.711 |
INFO: [Physopt 32-702] Processed net SYS/CPU/DP/DXREG/dx\\.halt_out. Optimizations did not improve timing on the net.
INFO: [Physopt 32-710] Processed net SYS/CPU/DP/FDFREG/fdf\\.inst_out_reg[4]_2. Critical path length was reduced through logic transformation on cell SYS/CPU/DP/FDFREG/dx\\.halt_out_i_1_comp.
INFO: [Physopt 32-735] Processed net SYS/CPU/DP/DXREG/dx\\.pc_out1. Optimization improves timing on the net.
INFO: [Physopt 32-619] Estimated Timing Summary | WNS=-3.792 | TNS=-1498.150 |
INFO: [Physopt 32-702] Processed net SYS/CPU/DP/DXREG/dx\\.pc_out[4]. Optimizations did not improve timing on the net.
INFO: [Physopt 32-710] Processed net SYS/CPU/DP/FDFREG/fdf\\.pc_out_reg[31]_0[4]. Critical path length was reduced through logic transformation on cell SYS/CPU/DP/FDFREG/dx\\.pc_out[4]_i_1_comp.
INFO: [Physopt 32-735] Processed net SYS/CPU/DP/DXREG/dx\\.pc_out1. Optimization improves timing on the net.
INFO: [Physopt 32-619] Estimated Timing Summary | WNS=-3.792 | TNS=-1497.093 |
INFO: [Physopt 32-702] Processed net SYS/CPU/DP/DXREG/dx\\.pc_out[0]. Optimizations did not improve timing on the net.
INFO: [Physopt 32-710] Processed net SYS/CPU/DP/FDFREG/fdf\\.pc_out_reg[31]_0[0]. Critical path length was reduced through logic transformation on cell SYS/CPU/DP/FDFREG/dx\\.pc_out[0]_i_1_comp.
INFO: [Physopt 32-735] Processed net SYS/CPU/DP/DXREG/dx\\.pc_out1. Optimization improves timing on the net.
INFO: [Physopt 32-619] Estimated Timing Summary | WNS=-3.792 | TNS=-1496.766 |
INFO: [Physopt 32-702] Processed net SYS/CPU/DP/DXREG/dx\\.pc_out[24]. Optimizations did not improve timing on the net.
INFO: [Physopt 32-710] Processed net SYS/CPU/DP/FDFREG/fdf\\.pc_out_reg[31]_0[24]. Critical path length was reduced through logic transformation on cell SYS/CPU/DP/FDFREG/dx\\.pc_out[24]_i_1_comp.
INFO: [Physopt 32-735] Processed net SYS/CPU/DP/DXREG/dx\\.pc_out1. Optimization improves timing on the net.
INFO: [Physopt 32-619] Estimated Timing Summary | WNS=-3.792 | TNS=-1496.568 |
INFO: [Physopt 32-663] Processed net SYS/CPU/DP/FDFREG/cuif\\.inst[13].  Re-placed instance SYS/CPU/DP/FDFREG/fdf\\.inst_out_reg[13]
INFO: [Physopt 32-735] Processed net SYS/CPU/DP/FDFREG/cuif\\.inst[13]. Optimization improves timing on the net.
INFO: [Physopt 32-619] Estimated Timing Summary | WNS=-3.792 | TNS=-1496.308 |
INFO: [Physopt 32-663] Processed net SYS/CPU/DP/FDFREG/fdf\\.inst_out[6].  Re-placed instance SYS/CPU/DP/FDFREG/fdf\\.inst_out_reg[21]
INFO: [Physopt 32-735] Processed net SYS/CPU/DP/FDFREG/fdf\\.inst_out[6]. Optimization improves timing on the net.
INFO: [Physopt 32-619] Estimated Timing Summary | WNS=-3.792 | TNS=-1496.042 |
INFO: [Physopt 32-663] Processed net SYS/CPU/DP/FDFREG/fdf\\.inst_out_reg[15]_rep_0.  Re-placed instance SYS/CPU/DP/FDFREG/fdf\\.inst_out_reg[15]_rep
INFO: [Physopt 32-735] Processed net SYS/CPU/DP/FDFREG/fdf\\.inst_out_reg[15]_rep_0. Optimization improves timing on the net.
INFO: [Physopt 32-619] Estimated Timing Summary | WNS=-3.792 | TNS=-1495.941 |
INFO: [Physopt 32-663] Processed net SYS/CPU/DP/FDFREG/dx\\.pc_in[12].  Re-placed instance SYS/CPU/DP/FDFREG/fdf\\.pc_out_reg[12]
INFO: [Physopt 32-735] Processed net SYS/CPU/DP/FDFREG/dx\\.pc_in[12]. Optimization improves timing on the net.
INFO: [Physopt 32-619] Estimated Timing Summary | WNS=-3.792 | TNS=-1495.662 |
INFO: [Physopt 32-710] Processed net SYS/CPU/DP/EXMREG/exm\\.dmemREN_reg_5[0]. Critical path length was reduced through logic transformation on cell SYS/CPU/DP/EXMREG/fdf\\.pc_out[0]_i_1_comp.
INFO: [Physopt 32-735] Processed net SYS/CPU/DP/DXREG/fdf\\.flush. Optimization improves timing on the net.
INFO: [Physopt 32-619] Estimated Timing Summary | WNS=-3.792 | TNS=-1495.224 |
INFO: [Physopt 32-663] Processed net SYS/CPU/DP/FDFREG/dx\\.pc_in[2].  Re-placed instance SYS/CPU/DP/FDFREG/fdf\\.pc_out_reg[2]
INFO: [Physopt 32-735] Processed net SYS/CPU/DP/FDFREG/dx\\.pc_in[2]. Optimization improves timing on the net.
INFO: [Physopt 32-619] Estimated Timing Summary | WNS=-3.792 | TNS=-1494.870 |
INFO: [Physopt 32-702] Processed net SYS/CPU/DP/DXREG/dx\\.jumpPCsrc_out[0]. Optimizations did not improve timing on the net.
INFO: [Physopt 32-710] Processed net SYS/CPU/DP/FDFREG/fdf\\.inst_out_reg[6]_1[0]. Critical path length was reduced through logic transformation on cell SYS/CPU/DP/FDFREG/dx\\.jumpPCsrc_out[0]_i_1_comp.
INFO: [Physopt 32-735] Processed net SYS/CPU/DP/DXREG/dx\\.pc_out1. Optimization improves timing on the net.
INFO: [Physopt 32-619] Estimated Timing Summary | WNS=-3.792 | TNS=-1494.820 |
INFO: [Physopt 32-702] Processed net SYS/CPU/DP/DXREG/fuif\\.dxo_rs1[2]. Optimizations did not improve timing on the net.
INFO: [Physopt 32-710] Processed net SYS/CPU/DP/FDFREG/fdf\\.inst_out_reg[19]_0[2]. Critical path length was reduced through logic transformation on cell SYS/CPU/DP/FDFREG/dx\\.rs1_out[2]_i_1_comp.
INFO: [Physopt 32-735] Processed net SYS/CPU/DP/DXREG/dx\\.pc_out1. Optimization improves timing on the net.
INFO: [Physopt 32-619] Estimated Timing Summary | WNS=-3.792 | TNS=-1494.008 |
INFO: [Physopt 32-663] Processed net SYS/CPU/DP/FDFREG/cuif\\.inst[12].  Re-placed instance SYS/CPU/DP/FDFREG/fdf\\.inst_out_reg[12]
INFO: [Physopt 32-735] Processed net SYS/CPU/DP/FDFREG/cuif\\.inst[12]. Optimization improves timing on the net.
INFO: [Physopt 32-619] Estimated Timing Summary | WNS=-3.792 | TNS=-1493.648 |
INFO: [Physopt 32-663] Processed net SYS/CPU/DP/FDFREG/fdf\\.inst_out_reg[21]_rep_0.  Re-placed instance SYS/CPU/DP/FDFREG/fdf\\.inst_out_reg[21]_rep
INFO: [Physopt 32-735] Processed net SYS/CPU/DP/FDFREG/fdf\\.inst_out_reg[21]_rep_0. Optimization improves timing on the net.
INFO: [Physopt 32-619] Estimated Timing Summary | WNS=-3.792 | TNS=-1493.326 |
INFO: [Physopt 32-702] Processed net SYS/CPU/DP/FDFREG/dx\\.pc_in[7]. Optimizations did not improve timing on the net.
INFO: [Physopt 32-710] Processed net SYS/CPU/DP/EXMREG/exm\\.dmemREN_reg_5[7]. Critical path length was reduced through logic transformation on cell SYS/CPU/DP/EXMREG/fdf\\.pc_out[7]_i_1_comp.
INFO: [Physopt 32-735] Processed net SYS/CPU/DP/DXREG/fdf\\.flush. Optimization improves timing on the net.
INFO: [Physopt 32-619] Estimated Timing Summary | WNS=-3.792 | TNS=-1493.104 |
INFO: [Physopt 32-702] Processed net SYS/CPU/DP/FDFREG/fdf\\.inst_out_reg[20]_rep_0. Optimizations did not improve timing on the net.
INFO: [Physopt 32-710] Processed net SYS/CPU/DP/EXMREG/exm\\.dmemREN_reg_9. Critical path length was reduced through logic transformation on cell SYS/CPU/DP/EXMREG/fdf\\.inst_out[20]_rep_i_1_comp.
INFO: [Physopt 32-735] Processed net SYS/CPU/DP/DXREG/fdf\\.flush. Optimization improves timing on the net.
INFO: [Physopt 32-619] Estimated Timing Summary | WNS=-3.792 | TNS=-1492.667 |
INFO: [Physopt 32-663] Processed net SYS/CPU/DP/FDFREG/fdf\\.inst_out[2].  Re-placed instance SYS/CPU/DP/FDFREG/fdf\\.inst_out_reg[17]
INFO: [Physopt 32-735] Processed net SYS/CPU/DP/FDFREG/fdf\\.inst_out[2]. Optimization improves timing on the net.
INFO: [Physopt 32-619] Estimated Timing Summary | WNS=-3.792 | TNS=-1492.294 |
INFO: [Physopt 32-702] Processed net SYS/CPU/DP/FDFREG/dx\\.pc_in[5]. Optimizations did not improve timing on the net.
INFO: [Physopt 32-710] Processed net SYS/CPU/DP/EXMREG/exm\\.dmemREN_reg_5[5]. Critical path length was reduced through logic transformation on cell SYS/CPU/DP/EXMREG/fdf\\.pc_out[5]_i_1_comp.
INFO: [Physopt 32-735] Processed net SYS/CPU/DP/DXREG/fdf\\.flush. Optimization improves timing on the net.
INFO: [Physopt 32-619] Estimated Timing Summary | WNS=-3.792 | TNS=-1492.119 |
INFO: [Physopt 32-663] Processed net SYS/CPU/DP/FDFREG/dx\\.pc_in[14].  Re-placed instance SYS/CPU/DP/FDFREG/fdf\\.pc_out_reg[14]
INFO: [Physopt 32-735] Processed net SYS/CPU/DP/FDFREG/dx\\.pc_in[14]. Optimization improves timing on the net.
INFO: [Physopt 32-619] Estimated Timing Summary | WNS=-3.792 | TNS=-1491.954 |
INFO: [Physopt 32-663] Processed net SYS/CPU/DP/FDFREG/dx\\.pc_in[11].  Re-placed instance SYS/CPU/DP/FDFREG/fdf\\.pc_out_reg[11]
INFO: [Physopt 32-735] Processed net SYS/CPU/DP/FDFREG/dx\\.pc_in[11]. Optimization improves timing on the net.
INFO: [Physopt 32-619] Estimated Timing Summary | WNS=-3.792 | TNS=-1491.685 |
INFO: [Physopt 32-663] Processed net SYS/CPU/DP/FDFREG/dx\\.pc_in[13].  Re-placed instance SYS/CPU/DP/FDFREG/fdf\\.pc_out_reg[13]
INFO: [Physopt 32-735] Processed net SYS/CPU/DP/FDFREG/dx\\.pc_in[13]. Optimization improves timing on the net.
INFO: [Physopt 32-619] Estimated Timing Summary | WNS=-3.792 | TNS=-1491.409 |
INFO: [Physopt 32-702] Processed net SYS/CPU/DP/DXREG/dx\\.rdat2_out[4]. Optimizations did not improve timing on the net.
INFO: [Physopt 32-710] Processed net SYS/CPU/DP/REGF/fdf\\.inst_out_reg[24][4]. Critical path length was reduced through logic transformation on cell SYS/CPU/DP/REGF/dx\\.rdat2_out[4]_i_1_comp.
INFO: [Physopt 32-735] Processed net SYS/CPU/DP/DXREG/dx\\.pc_out1. Optimization improves timing on the net.
INFO: [Physopt 32-619] Estimated Timing Summary | WNS=-3.792 | TNS=-1490.658 |
INFO: [Physopt 32-663] Processed net SYS/CPU/DP/FDFREG/cuif\\.inst[7].  Re-placed instance SYS/CPU/DP/FDFREG/fdf\\.inst_out_reg[7]
INFO: [Physopt 32-735] Processed net SYS/CPU/DP/FDFREG/cuif\\.inst[7]. Optimization improves timing on the net.
INFO: [Physopt 32-619] Estimated Timing Summary | WNS=-3.792 | TNS=-1490.376 |
INFO: [Physopt 32-702] Processed net SYS/CPU/DP/FDFREG/fdf\\.inst_out_reg[15]_rep_0. Optimizations did not improve timing on the net.
INFO: [Physopt 32-710] Processed net SYS/CPU/DP/EXMREG/exm\\.dmemREN_reg_11. Critical path length was reduced through logic transformation on cell SYS/CPU/DP/EXMREG/fdf\\.inst_out[15]_rep_i_1_comp.
INFO: [Physopt 32-735] Processed net SYS/CPU/DP/DXREG/fdf\\.flush. Optimization improves timing on the net.
INFO: [Physopt 32-619] Estimated Timing Summary | WNS=-3.792 | TNS=-1490.289 |
INFO: [Physopt 32-663] Processed net SYS/CPU/DP/FDFREG/dx\\.pc_in[15].  Re-placed instance SYS/CPU/DP/FDFREG/fdf\\.pc_out_reg[15]
INFO: [Physopt 32-735] Processed net SYS/CPU/DP/FDFREG/dx\\.pc_in[15]. Optimization improves timing on the net.
INFO: [Physopt 32-619] Estimated Timing Summary | WNS=-3.792 | TNS=-1490.028 |
INFO: [Common 17-14] Message 'Physopt 32-619' appears 100 times and further instances of the messages will be disabled. Use the Tcl command set_msg_config to change the current settings.
INFO: [Physopt 32-663] Processed net SYS/CPU/DP/FDFREG/dx\\.pc_in[8].  Re-placed instance SYS/CPU/DP/FDFREG/fdf\\.pc_out_reg[8]
INFO: [Physopt 32-735] Processed net SYS/CPU/DP/FDFREG/dx\\.pc_in[8]. Optimization improves timing on the net.
INFO: [Physopt 32-702] Processed net SYS/CPU/DP/DXREG/dx\\.rd_out[2]. Optimizations did not improve timing on the net.
INFO: [Physopt 32-710] Processed net SYS/CPU/DP/FDFREG/fdf\\.inst_out_reg[11]_0[2]. Critical path length was reduced through logic transformation on cell SYS/CPU/DP/FDFREG/dx\\.rd_out[2]_i_1_comp.
INFO: [Physopt 32-735] Processed net SYS/CPU/DP/DXREG/dx\\.pc_out1. Optimization improves timing on the net.
INFO: [Physopt 32-702] Processed net SYS/CPU/DP/DXREG/dx\\.rdat2_out[28]. Optimizations did not improve timing on the net.
INFO: [Physopt 32-710] Processed net SYS/CPU/DP/REGF/fdf\\.inst_out_reg[24][28]. Critical path length was reduced through logic transformation on cell SYS/CPU/DP/REGF/dx\\.rdat2_out[28]_i_1_comp.
INFO: [Physopt 32-735] Processed net SYS/CPU/DP/DXREG/dx\\.pc_out1. Optimization improves timing on the net.
INFO: [Common 17-14] Message 'Physopt 32-735' appears 100 times and further instances of the messages will be disabled. Use the Tcl command set_msg_config to change the current settings.
INFO: [Physopt 32-663] Processed net SYS/CPU/DP/FDFREG/fdf\\.inst_out[5].  Re-placed instance SYS/CPU/DP/FDFREG/fdf\\.inst_out_reg[20]
INFO: [Physopt 32-702] Processed net SYS/CPU/DP/DXREG/dx\\.pc_out[2]. Optimizations did not improve timing on the net.
INFO: [Physopt 32-710] Processed net SYS/CPU/DP/FDFREG/fdf\\.pc_out_reg[31]_0[2]. Critical path length was reduced through logic transformation on cell SYS/CPU/DP/FDFREG/dx\\.pc_out[2]_i_1_comp.
INFO: [Physopt 32-702] Processed net SYS/CPU/DP/DXREG/dx\\.rdat2_out[27]. Optimizations did not improve timing on the net.
INFO: [Physopt 32-710] Processed net SYS/CPU/DP/REGF/fdf\\.inst_out_reg[24][27]. Critical path length was reduced through logic transformation on cell SYS/CPU/DP/REGF/dx\\.rdat2_out[27]_i_1_comp.
INFO: [Physopt 32-702] Processed net SYS/CPU/DP/DXREG/dx\\.imm_out[19]. Optimizations did not improve timing on the net.
INFO: [Physopt 32-710] Processed net SYS/CPU/DP/FDFREG/fdf\\.inst_out_reg[31]_0[19]. Critical path length was reduced through logic transformation on cell SYS/CPU/DP/FDFREG/dx\\.imm_out[19]_i_1_comp.
INFO: [Physopt 32-663] Processed net SYS/CPU/DP/FDFREG/cuif\\.inst[28].  Re-placed instance SYS/CPU/DP/FDFREG/fdf\\.inst_out_reg[28]
INFO: [Physopt 32-663] Processed net SYS/CPU/DP/FDFREG/dx\\.pc_in[21].  Re-placed instance SYS/CPU/DP/FDFREG/fdf\\.pc_out_reg[21]
INFO: [Physopt 32-702] Processed net SYS/CPU/DP/FDFREG/cuif\\.inst[28]. Optimizations did not improve timing on the net.
INFO: [Physopt 32-710] Processed net SYS/CPU/DP/EXMREG/exm\\.dmemREN_reg_6[28]. Critical path length was reduced through logic transformation on cell SYS/CPU/DP/EXMREG/fdf\\.inst_out[28]_i_1_comp.
INFO: [Physopt 32-702] Processed net SYS/CPU/DP/FDFREG/fdf\\.inst_out_reg[16]_rep_0. Optimizations did not improve timing on the net.
INFO: [Physopt 32-81] Processed net SYS/CPU/DP/DXREG/fdf\\.flush. Replicated 1 times.
INFO: [Physopt 32-702] Processed net SYS/CPU/DP/DXREG/dx\\.branchPCSrc_out[0]. Optimizations did not improve timing on the net.
INFO: [Physopt 32-710] Processed net SYS/CPU/DP/FDFREG/fdf\\.inst_out_reg[2]_1[0]. Critical path length was reduced through logic transformation on cell SYS/CPU/DP/FDFREG/dx\\.branchPCSrc_out[0]_i_1_comp.
INFO: [Physopt 32-710] Processed net SYS/CPU/DP/EXMREG/exm\\.dmemREN_reg_10. Critical path length was reduced through logic transformation on cell SYS/CPU/DP/EXMREG/fdf\\.inst_out[16]_rep_i_1_comp.
INFO: [Physopt 32-702] Processed net SYS/CPU/DP/DXREG/dx\\.imm_out[14]. Optimizations did not improve timing on the net.
INFO: [Physopt 32-710] Processed net SYS/CPU/DP/FDFREG/fdf\\.inst_out_reg[31]_0[14]. Critical path length was reduced through logic transformation on cell SYS/CPU/DP/FDFREG/dx\\.imm_out[14]_i_1_comp.
INFO: [Physopt 32-702] Processed net SYS/CPU/DP/DXREG/dx\\.rdat2_out[26]. Optimizations did not improve timing on the net.
INFO: [Physopt 32-710] Processed net SYS/CPU/DP/REGF/fdf\\.inst_out_reg[24][26]. Critical path length was reduced through logic transformation on cell SYS/CPU/DP/REGF/dx\\.rdat2_out[26]_i_1_comp.
INFO: [Physopt 32-702] Processed net SYS/CPU/DP/DXREG/dx\\.rd_out[0]. Optimizations did not improve timing on the net.
INFO: [Physopt 32-710] Processed net SYS/CPU/DP/FDFREG/fdf\\.inst_out_reg[11]_0[0]. Critical path length was reduced through logic transformation on cell SYS/CPU/DP/FDFREG/dx\\.rd_out[0]_i_1_comp.
INFO: [Physopt 32-663] Processed net SYS/CPU/DP/FDFREG/fdf\\.inst_out[9].  Re-placed instance SYS/CPU/DP/FDFREG/fdf\\.inst_out_reg[24]
INFO: [Physopt 32-702] Processed net SYS/CPU/DP/DXREG/dx\\.imm_out[17]. Optimizations did not improve timing on the net.
INFO: [Physopt 32-710] Processed net SYS/CPU/DP/FDFREG/fdf\\.inst_out_reg[31]_0[17]. Critical path length was reduced through logic transformation on cell SYS/CPU/DP/FDFREG/dx\\.imm_out[17]_i_1_comp.
INFO: [Physopt 32-702] Processed net SYS/CPU/DP/DXREG/dx\\.pc_out[14]. Optimizations did not improve timing on the net.
INFO: [Physopt 32-710] Processed net SYS/CPU/DP/FDFREG/fdf\\.pc_out_reg[31]_0[14]. Critical path length was reduced through logic transformation on cell SYS/CPU/DP/FDFREG/dx\\.pc_out[14]_i_1_comp.
INFO: [Physopt 32-702] Processed net SYS/RAM/dbg_data_out[6]. Optimizations did not improve timing on the net.
INFO: [Physopt 32-702] Processed net SYS/CPUCLK. Optimizations did not improve timing on the net.
INFO: [Physopt 32-702] Processed net SYS/RAM/rstate3. Optimizations did not improve timing on the net.
INFO: [Physopt 32-702] Processed net SYS/RAM/rstate3_carry_i_4_n_0. Optimizations did not improve timing on the net.
INFO: [Physopt 32-702] Processed net SYS/CPU/DP/EXMREG/D[2]. Optimizations did not improve timing on the net.
INFO: [Physopt 32-702] Processed net SYS/CPU/DP/EXMREG/dpif\\.halt_reg_1[0]. Optimizations did not improve timing on the net.
INFO: [Physopt 32-702] Processed net SYS/CPU/DP/dpif\\.halt_reg_0. Optimizations did not improve timing on the net.
INFO: [Physopt 32-702] Processed net SYS/CPU/DP/DXREG/dx\\.pc_out[26]. Optimizations did not improve timing on the net.
INFO: [Physopt 32-702] Processed net SYS/CPU/DP/DXREG/dx\\.pc_out1. Optimizations did not improve timing on the net.
INFO: [Physopt 32-702] Processed net SYS/CPU/DP/DXREG/pcif\\.PC[31]_i_4_n_0. Optimizations did not improve timing on the net.
INFO: [Physopt 32-608] Optimized 1 net.  Swapped 16 pins.
INFO: [Physopt 32-608] Optimized 1 net.  Swapped 16 pins.
INFO: [Physopt 32-702] Processed net SYS/CPU/DP/DXREG/pcif\\.PC[31]_i_10_n_0. Optimizations did not improve timing on the net.
INFO: [Physopt 32-663] Processed net SYS/CPU/DP/DXREG/pcif\\.PC[31]_i_22_n_0.  Re-placed instance SYS/CPU/DP/DXREG/pcif\\.PC[31]_i_22
INFO: [Physopt 32-608] Optimized 1 net.  Swapped 16 pins.
INFO: [Physopt 32-608] Optimized 1 net.  Swapped 16 pins.
INFO: [Physopt 32-702] Processed net SYS/CPU/DP/DXREG/pcif\\.PC[31]_i_22_n_0. Optimizations did not improve timing on the net.
INFO: [Physopt 32-702] Processed net SYS/CPU/DP/DXREG/D[31]. Optimizations did not improve timing on the net.
INFO: [Physopt 32-702] Processed net SYS/CPU/DP/DXREG/exm\\.alu_out_out[31]_i_3_n_0. Optimizations did not improve timing on the net.
INFO: [Physopt 32-702] Processed net SYS/CPU/DP/DXREG/exm\\.alu_out_out_reg[31]_i_9_n_4. Optimizations did not improve timing on the net.
INFO: [Physopt 32-702] Processed net SYS/CPU/DP/DXREG/exm\\.alu_out_out[7]_i_14_n_0. Optimizations did not improve timing on the net.
INFO: [Physopt 32-702] Processed net SYS/CPU/DP/DXREG/aluif\\.b[7]. Optimizations did not improve timing on the net.
INFO: [Physopt 32-663] Processed net SYS/CPU/DP/EXMREG/dx\\.rdat2_out_reg[31][4].  Re-placed instance SYS/CPU/DP/EXMREG/exm\\.rdat2_out[7]_i_1
INFO: [Physopt 32-702] Processed net SYS/CPU/DP/DXREG/dx\\.rs1_out[0]. Optimizations did not improve timing on the net.
INFO: [Physopt 32-608] Optimized 1 net.  Swapped 24 pins.
INFO: [Physopt 32-702] Processed net SYS/CPU/DP/DXREG/exm\\.alu_out_out[7]_i_16_n_0. Optimizations did not improve timing on the net.
INFO: [Physopt 32-663] Processed net SYS/CPU/DP/DXREG/aluif\\.b[5].  Re-placed instance SYS/CPU/DP/DXREG/exm\\.alu_out_out[5]_i_9
INFO: [Physopt 32-608] Optimized 1 net.  Swapped 16 pins.
INFO: [Physopt 32-663] Processed net SYS/CPU/DP/DXREG/exm\\.alu_out_out[31]_i_2_n_0.  Re-placed instance SYS/CPU/DP/DXREG/exm\\.alu_out_out[31]_i_2
INFO: [Physopt 32-702] Processed net SYS/CPU/DP/DXREG/pcif\\.PC[31]_i_21_n_0. Optimizations did not improve timing on the net.
INFO: [Physopt 32-702] Processed net SYS/CPU/DP/DXREG/D[25]. Optimizations did not improve timing on the net.
INFO: [Physopt 32-608] Optimized 1 net.  Swapped 21 pins.
INFO: [Physopt 32-608] Optimized 1 net.  Swapped 22 pins.
INFO: [Physopt 32-608] Optimized 1 net.  Swapped 24 pins.
INFO: [Physopt 32-702] Processed net SYS/CPU/DP/DXREG/exm\\.alu_out_out[31]_i_2_n_0. Optimizations did not improve timing on the net.
INFO: [Physopt 32-608] Optimized 1 net.  Swapped 18 pins.
INFO: [Physopt 32-702] Processed net SYS/CPU/DP/DXREG/pcif\\.PC[31]_i_9_n_0. Optimizations did not improve timing on the net.
INFO: [Physopt 32-608] Optimized 1 net.  Swapped 13 pins.
INFO: [Physopt 32-663] Processed net SYS/CPU/DP/DXREG/pcif\\.PC[31]_i_20_n_0.  Re-placed instance SYS/CPU/DP/DXREG/pcif\\.PC[31]_i_20
INFO: [Physopt 32-608] Optimized 1 net.  Swapped 16 pins.
INFO: [Physopt 32-608] Optimized 1 net.  Swapped 22 pins.
INFO: [Physopt 32-702] Processed net SYS/CPU/DP/DXREG/pcif\\.PC[31]_i_17_n_0. Optimizations did not improve timing on the net.
INFO: [Physopt 32-608] Optimized 1 net.  Swapped 21 pins.
INFO: [Physopt 32-702] Processed net SYS/CPU/DP/DXREG/aluif\\.b[5]. Optimizations did not improve timing on the net.
INFO: [Physopt 32-663] Processed net SYS/CPU/DP/EXMREG/dx\\.rdat2_out_reg[31][2].  Re-placed instance SYS/CPU/DP/EXMREG/exm\\.rdat2_out[5]_i_1
INFO: [Physopt 32-702] Processed net SYS/CPU/DP/DXREG/pcif\\.PC[31]_i_20_n_0. Optimizations did not improve timing on the net.
INFO: [Physopt 32-702] Processed net SYS/CPU/DP/DXREG/D[7]. Optimizations did not improve timing on the net.
INFO: [Physopt 32-608] Optimized 1 net.  Swapped 21 pins.
INFO: [Physopt 32-608] Optimized 1 net.  Swapped 19 pins.
INFO: [Physopt 32-608] Optimized 1 net.  Swapped 16 pins.
INFO: [Physopt 32-608] Optimized 1 net.  Swapped 19 pins.
INFO: [Physopt 32-702] Processed net SYS/CPU/DP/DXREG/exm\\.alu_out_out[31]_i_6_n_0. Optimizations did not improve timing on the net.
INFO: [Physopt 32-663] Processed net SYS/CPU/DP/DXREG/exm\\.alu_out_out[31]_i_15_n_0.  Re-placed instance SYS/CPU/DP/DXREG/exm\\.alu_out_out[31]_i_15
INFO: [Physopt 32-702] Processed net SYS/CPU/DP/DXREG/D[6]. Optimizations did not improve timing on the net.
INFO: [Physopt 32-702] Processed net SYS/CPU/DP/DXREG/exm\\.alu_out_out[6]_i_2_n_0. Optimizations did not improve timing on the net.
INFO: [Physopt 32-608] Optimized 1 net.  Swapped 23 pins.
INFO: [Physopt 32-608] Optimized 1 net.  Swapped 16 pins.
INFO: [Physopt 32-702] Processed net SYS/CPU/DP/EXMREG/dx\\.rdat2_out_reg[31][4]. Optimizations did not improve timing on the net.
INFO: [Physopt 32-702] Processed net SYS/CPU/DP/EXMREG/exm\\.rd_out_reg[0]_0. Optimizations did not improve timing on the net.
INFO: [Physopt 32-608] Optimized 1 net.  Swapped 20 pins.
INFO: [Physopt 32-702] Processed net SYS/CPU/DP/DXREG/exm\\.alu_out_out[25]_i_3_n_0. Optimizations did not improve timing on the net.
INFO: [Physopt 32-663] Processed net SYS/CPU/DP/DXREG/exm\\.alu_out_out[25]_i_7_n_0.  Re-placed instance SYS/CPU/DP/DXREG/exm\\.alu_out_out[25]_i_7
INFO: [Physopt 32-608] Optimized 1 net.  Swapped 23 pins.
INFO: [Physopt 32-663] Processed net SYS/CPU/DP/DXREG/aluif\\.a[7].  Re-placed instance SYS/CPU/DP/DXREG/exm\\.alu_out_out[7]_i_9
INFO: [Physopt 32-702] Processed net SYS/CPU/DP/DXREG/D[28]. Optimizations did not improve timing on the net.
INFO: [Physopt 32-702] Processed net SYS/CPU/DP/DXREG/exm\\.alu_out_out[28]_i_3_n_0. Optimizations did not improve timing on the net.
INFO: [Physopt 32-663] Processed net SYS/CPU/DP/DXREG/exm\\.alu_out_out[28]_i_7_n_0.  Re-placed instance SYS/CPU/DP/DXREG/exm\\.alu_out_out[28]_i_7
INFO: [Physopt 32-702] Processed net SYS/CPU/DP/DXREG/D[11]. Optimizations did not improve timing on the net.
INFO: [Physopt 32-663] Processed net SYS/CPU/DP/DXREG/exm\\.alu_out_out[11]_i_3_n_0.  Re-placed instance SYS/CPU/DP/DXREG/exm\\.alu_out_out[11]_i_3
INFO: [Physopt 32-702] Processed net SYS/CPU/DP/DXREG/exm\\.alu_out_out[28]_i_2_n_0. Optimizations did not improve timing on the net.
INFO: [Physopt 32-608] Optimized 1 net.  Swapped 23 pins.
INFO: [Physopt 32-663] Processed net SYS/CPU/DP/DXREG/pcif\\.PC[31]_i_19_n_0.  Re-placed instance SYS/CPU/DP/DXREG/pcif\\.PC[31]_i_19
INFO: [Physopt 32-608] Optimized 1 net.  Swapped 24 pins.
INFO: [Physopt 32-702] Processed net SYS/CPU/DP/DXREG/exm\\.alu_out_out[11]_i_2_n_0. Optimizations did not improve timing on the net.
INFO: [Physopt 32-608] Optimized 1 net.  Swapped 23 pins.
INFO: [Physopt 32-608] Optimized 1 net.  Swapped 21 pins.
INFO: [Physopt 32-702] Processed net SYS/CPU/DP/DXREG/pcif\\.PC[31]_i_23_n_0. Optimizations did not improve timing on the net.
INFO: [Physopt 32-702] Processed net SYS/CPU/DP/DXREG/D[16]. Optimizations did not improve timing on the net.
INFO: [Physopt 32-702] Processed net SYS/CPU/DP/DXREG/exm\\.alu_out_out[16]_i_3_n_0. Optimizations did not improve timing on the net.
INFO: [Physopt 32-608] Optimized 1 net.  Swapped 22 pins.
INFO: [Physopt 32-702] Processed net SYS/CPU/DP/DXREG/pcif\\.PC[31]_i_24_n_0. Optimizations did not improve timing on the net.
INFO: [Physopt 32-702] Processed net SYS/CPU/DP/DXREG/D[23]. Optimizations did not improve timing on the net.
INFO: [Physopt 32-663] Processed net SYS/CPU/DP/DXREG/exm\\.alu_out_out[23]_i_2_n_0.  Re-placed instance SYS/CPU/DP/DXREG/exm\\.alu_out_out[23]_i_2
INFO: [Physopt 32-702] Processed net SYS/CPU/DP/EXMREG/exm\\.rdat2_out[7]_i_2_n_0. Optimizations did not improve timing on the net.
INFO: [Physopt 32-702] Processed net SYS/CPU/DP/EXMREG/exm\\.rdat2_out_reg[8]_i_3_n_5. Optimizations did not improve timing on the net.
INFO: [Physopt 32-702] Processed net SYS/CPU/DP/EXMREG/exm\\.rdat2_out[4]_i_4_n_0. Optimizations did not improve timing on the net.
INFO: [Physopt 32-702] Processed net SYS/CPU/DP/FDFREG/fdf\\.inst_out_reg[19]_0[0]. Optimizations did not improve timing on the net.
INFO: [Physopt 32-663] Processed net SYS/CPU/DP/EXMREG/exm\\.pc_out_reg[31]_0[2].  Re-placed instance SYS/CPU/DP/EXMREG/exm\\.pc_out_reg[2]
INFO: [Physopt 32-663] Processed net SYS/CPU/DP/DXREG/exm\\.alu_out_out[12]_i_6_n_0.  Re-placed instance SYS/CPU/DP/DXREG/exm\\.alu_out_out[12]_i_6
INFO: [Physopt 32-608] Optimized 1 net.  Swapped 21 pins.
INFO: [Physopt 32-702] Processed net SYS/CPU/DP/DXREG/D[8]. Optimizations did not improve timing on the net.
INFO: [Physopt 32-663] Processed net SYS/CPU/DP/DXREG/exm\\.alu_out_out[8]_i_2_n_0.  Re-placed instance SYS/CPU/DP/DXREG/exm\\.alu_out_out[8]_i_2
INFO: [Physopt 32-702] Processed net SYS/CPU/DP/DXREG/pcif\\.PC[31]_i_18_n_0. Optimizations did not improve timing on the net.
INFO: [Physopt 32-702] Processed net SYS/CPU/DP/DXREG/D[14]. Optimizations did not improve timing on the net.
INFO: [Physopt 32-702] Processed net SYS/CPU/DP/DXREG/exm\\.alu_out_out[14]_i_3_n_0. Optimizations did not improve timing on the net.
INFO: [Physopt 32-608] Optimized 1 net.  Swapped 22 pins.
INFO: [Physopt 32-702] Processed net SYS/CPU/DP/DXREG/exm\\.alu_out_out[31]_i_8_n_0. Optimizations did not improve timing on the net.
INFO: [Physopt 32-608] Optimized 1 net.  Swapped 20 pins.
INFO: [Physopt 32-702] Processed net SYS/CPU/DP/EXMREG/fuif\\.forwardB[0]. Optimizations did not improve timing on the net.
INFO: [Physopt 32-608] Optimized 1 net.  Swapped 12 pins.
INFO: [Physopt 32-608] Optimized 1 net.  Swapped 23 pins.
INFO: [Physopt 32-663] Processed net SYS/CPU/DP/DXREG/exm\\.alu_out_out[31]_i_16_n_0.  Re-placed instance SYS/CPU/DP/DXREG/exm\\.alu_out_out[31]_i_16
INFO: [Physopt 32-663] Processed net SYS/CPU/DP/DXREG/exm\\.alu_out_out[6]_i_3_n_0.  Re-placed instance SYS/CPU/DP/DXREG/exm\\.alu_out_out[6]_i_3
INFO: [Physopt 32-608] Optimized 1 net.  Swapped 15 pins.
INFO: [Physopt 32-702] Processed net SYS/CPU/DP/DXREG/aluif\\.a[5]. Optimizations did not improve timing on the net.
INFO: [Physopt 32-702] Processed net SYS/CPU/DP/DXREG/exm\\.alu_out_out[5]_i_11_n_0. Optimizations did not improve timing on the net.
INFO: [Physopt 32-608] Optimized 1 net.  Swapped 17 pins.
INFO: [Physopt 32-702] Processed net SYS/CPU/DP/DXREG/D[17]. Optimizations did not improve timing on the net.
INFO: [Physopt 32-663] Processed net SYS/CPU/DP/DXREG/exm\\.alu_out_out[17]_i_3_n_0.  Re-placed instance SYS/CPU/DP/DXREG/exm\\.alu_out_out[17]_i_3
INFO: [Physopt 32-663] Processed net SYS/CPU/DP/DXREG/exm\\.alu_out_out[23]_i_3_n_0.  Re-placed instance SYS/CPU/DP/DXREG/exm\\.alu_out_out[23]_i_3
INFO: [Physopt 32-608] Optimized 1 net.  Swapped 22 pins.
INFO: [Physopt 32-608] Optimized 1 net.  Swapped 21 pins.
INFO: [Physopt 32-608] Optimized 1 net.  Swapped 21 pins.
INFO: [Physopt 32-702] Processed net SYS/CPU/DP/DXREG/exm\\.alu_out_out[31]_i_17_n_0. Optimizations did not improve timing on the net.
INFO: [Physopt 32-608] Optimized 1 net.  Swapped 20 pins.
INFO: [Physopt 32-702] Processed net SYS/CPU/DP/DXREG/D[19]. Optimizations did not improve timing on the net.
INFO: [Physopt 32-608] Optimized 1 net.  Swapped 16 pins.
INFO: [Physopt 32-702] Processed net SYS/CPU/DP/DXREG/D[18]. Optimizations did not improve timing on the net.
INFO: [Physopt 32-608] Optimized 1 net.  Swapped 23 pins.
INFO: [Physopt 32-608] Optimized 1 net.  Swapped 20 pins.
INFO: [Physopt 32-702] Processed net SYS/CPU/DP/DXREG/dx\\.rs2_out_reg[4]_0. Optimizations did not improve timing on the net.
INFO: [Physopt 32-663] Processed net SYS/CPU/DP/EXMREG/exm\\.rd_out_reg[4]_0[4].  Re-placed instance SYS/CPU/DP/EXMREG/exm\\.rd_out_reg[4]
INFO: [Physopt 32-702] Processed net SYS/CPU/DP/DXREG/exm\\.alu_out_out[18]_i_3_n_0. Optimizations did not improve timing on the net.
INFO: [Physopt 32-608] Optimized 1 net.  Swapped 24 pins.
INFO: [Physopt 32-702] Processed net SYS/CPU/DP/DXREG/exm\\.alu_out_out[25]_i_2_n_0. Optimizations did not improve timing on the net.
INFO: [Physopt 32-663] Processed net SYS/CPU/DP/DXREG/exm\\.alu_out_out[25]_i_5_n_0.  Re-placed instance SYS/CPU/DP/DXREG/exm\\.alu_out_out[25]_i_5
INFO: [Physopt 32-702] Processed net SYS/CPU/DP/DXREG/D[30]. Optimizations did not improve timing on the net.
INFO: [Physopt 32-663] Processed net SYS/CPU/DP/DXREG/exm\\.alu_out_out[30]_i_2_n_0.  Re-placed instance SYS/CPU/DP/DXREG/exm\\.alu_out_out[30]_i_2
INFO: [Physopt 32-702] Processed net SYS/CPU/DP/DXREG/exm\\.alu_out_out[19]_i_3_n_0. Optimizations did not improve timing on the net.
INFO: [Physopt 32-608] Optimized 1 net.  Swapped 29 pins.
INFO: [Physopt 32-702] Processed net SYS/CPU/DP/DXREG/D[0]. Optimizations did not improve timing on the net.
INFO: [Physopt 32-702] Processed net SYS/CPU/DP/DXREG/exm\\.alu_out_out[0]_i_4_n_0. Optimizations did not improve timing on the net.
INFO: [Physopt 32-702] Processed net SYS/CPU/DP/DXREG/exm\\.alu_out_out[0]_i_8_n_0. Optimizations did not improve timing on the net.
INFO: [Physopt 32-663] Processed net SYS/CPU/DP/DXREG/exm\\.alu_out_out[0]_i_26_n_0.  Re-placed instance SYS/CPU/DP/DXREG/exm\\.alu_out_out[0]_i_26
INFO: [Physopt 32-702] Processed net SYS/CPU/DP/DXREG/exm\\.alu_out_out[30]_i_2_n_0. Optimizations did not improve timing on the net.
INFO: [Physopt 32-608] Optimized 1 net.  Swapped 17 pins.
INFO: [Physopt 32-608] Optimized 1 net.  Swapped 23 pins.
INFO: [Physopt 32-663] Processed net SYS/CPU/DP/EXMREG/exm\\.pc_out_reg[31]_0[1].  Re-placed instance SYS/CPU/DP/EXMREG/exm\\.pc_out_reg[1]
INFO: [Physopt 32-702] Processed net SYS/CPU/DP/EXMREG/exm\\.pc_out_reg[31]_0[2]. Optimizations did not improve timing on the net.
Netlist sorting complete. Time (s): cpu = 00:00:00.02 ; elapsed = 00:00:00.02 . Memory (MB): peak = 3173.781 ; gain = 0.000 ; free physical = 3901 ; free virtual = 16489
Phase 3 Critical Path Optimization | Checksum: 1487bda89

Time (s): cpu = 00:03:01 ; elapsed = 00:00:44 . Memory (MB): peak = 3173.781 ; gain = 0.000 ; free physical = 3901 ; free virtual = 16489

Phase 4 Critical Path Optimization
INFO: [Physopt 32-780] Instance vio_inst/inst/PROBE_IN_INST/probe_in_reg_reg[7] has DONT_TOUCH and is preventing optimization
Resolution: Removing DONT_TOUCH attributes may enable additional optimization
INFO: [Physopt 32-780] Instance vio_inst/inst/PROBE_IN_INST/probe_in_reg_reg[7] has DONT_TOUCH and is preventing optimization
Resolution: Removing DONT_TOUCH attributes may enable additional optimization
INFO: [Physopt 32-702] Processed net SYS/RAM/dbg_data_out[6]. Optimizations did not improve timing on the net.
INFO: [Physopt 32-702] Processed net SYS/CPUCLK. Optimizations did not improve timing on the net.
INFO: [Physopt 32-702] Processed net SYS/RAM/rstate3. Optimizations did not improve timing on the net.
INFO: [Physopt 32-702] Processed net SYS/RAM/rstate3_carry__0_n_0. Optimizations did not improve timing on the net.
INFO: [Physopt 32-702] Processed net SYS/RAM/rstate3_carry_n_0. Optimizations did not improve timing on the net.
INFO: [Physopt 32-702] Processed net SYS/RAM/rstate3_carry_i_4_n_0. Optimizations did not improve timing on the net.
INFO: [Physopt 32-702] Processed net SYS/CPU/DP/EXMREG/D[2]. Optimizations did not improve timing on the net.
INFO: [Physopt 32-702] Processed net SYS/CPU/DP/EXMREG/dpif\\.halt_reg_1[0]. Optimizations did not improve timing on the net.
INFO: [Physopt 32-702] Processed net SYS/CPU/DP/dpif\\.halt_reg_0. Optimizations did not improve timing on the net.
INFO: [Physopt 32-702] Processed net SYS/CPU/DP/DXREG/dx\\.rs1_out[0]. Optimizations did not improve timing on the net.
INFO: [Physopt 32-571] Net SYS/CPU/DP/DXREG/dx\\.pc_out1 was not replicated.
INFO: [Physopt 32-710] Processed net SYS/CPU/DP/FDFREG/fdf\\.inst_out_reg[19]_0[0]. Critical path length was reduced through logic transformation on cell SYS/CPU/DP/FDFREG/dx\\.rs1_out[0]_i_1_comp.
INFO: [Physopt 32-702] Processed net SYS/CPU/DP/DXREG/dx\\.rs2_out[1]. Optimizations did not improve timing on the net.
INFO: [Physopt 32-571] Net SYS/CPU/DP/DXREG/dx\\.pc_out1 was not replicated.
INFO: [Physopt 32-710] Processed net SYS/CPU/DP/FDFREG/fdf\\.inst_out_reg[24]_0[1]. Critical path length was reduced through logic transformation on cell SYS/CPU/DP/FDFREG/dx\\.rs2_out[1]_i_1_comp.
INFO: [Physopt 32-702] Processed net SYS/CPU/DP/DXREG/dx\\.rs2_out[0]. Optimizations did not improve timing on the net.
INFO: [Physopt 32-571] Net SYS/CPU/DP/DXREG/dx\\.pc_out1 was not replicated.
INFO: [Physopt 32-710] Processed net SYS/CPU/DP/FDFREG/fdf\\.inst_out_reg[24]_0[0]. Critical path length was reduced through logic transformation on cell SYS/CPU/DP/FDFREG/dx\\.rs2_out[0]_i_1_comp.
INFO: [Physopt 32-702] Processed net SYS/CPU/DP/DXREG/fuif\\.dxo_rs2[2]. Optimizations did not improve timing on the net.
INFO: [Physopt 32-571] Net SYS/CPU/DP/DXREG/dx\\.pc_out1 was not replicated.
INFO: [Physopt 32-710] Processed net SYS/CPU/DP/FDFREG/fdf\\.inst_out_reg[24]_0[2]. Critical path length was reduced through logic transformation on cell SYS/CPU/DP/FDFREG/dx\\.rs2_out[2]_i_1_comp.
INFO: [Physopt 32-702] Processed net SYS/CPU/DP/DXREG/dx\\.pc_out[26]. Optimizations did not improve timing on the net.
INFO: [Physopt 32-571] Net SYS/CPU/DP/DXREG/dx\\.pc_out1 was not replicated.
INFO: [Physopt 32-710] Processed net SYS/CPU/DP/FDFREG/fdf\\.pc_out_reg[31]_0[26]. Critical path length was reduced through logic transformation on cell SYS/CPU/DP/FDFREG/dx\\.pc_out[26]_i_1_comp.
INFO: [Physopt 32-702] Processed net SYS/CPU/DP/DXREG/dx\\.imm_out[15]. Optimizations did not improve timing on the net.
INFO: [Physopt 32-571] Net SYS/CPU/DP/DXREG/dx\\.pc_out1 was not replicated.
INFO: [Physopt 32-710] Processed net SYS/CPU/DP/FDFREG/fdf\\.inst_out_reg[31]_0[15]. Critical path length was reduced through logic transformation on cell SYS/CPU/DP/FDFREG/dx\\.imm_out[15]_i_1_comp.
INFO: [Physopt 32-702] Processed net SYS/CPU/DP/DXREG/dx\\.imm_out[16]. Optimizations did not improve timing on the net.
INFO: [Physopt 32-571] Net SYS/CPU/DP/DXREG/dx\\.pc_out1 was not replicated.
INFO: [Physopt 32-710] Processed net SYS/CPU/DP/FDFREG/fdf\\.inst_out_reg[31]_0[16]. Critical path length was reduced through logic transformation on cell SYS/CPU/DP/FDFREG/dx\\.imm_out[16]_i_1_comp.
INFO: [Physopt 32-702] Processed net SYS/CPU/DP/DXREG/dx\\.dWEN_out. Optimizations did not improve timing on the net.
INFO: [Physopt 32-571] Net SYS/CPU/DP/DXREG/dx\\.pc_out1 was not replicated.
INFO: [Physopt 32-710] Processed net SYS/CPU/DP/FDFREG/fdf\\.inst_out_reg[5]_1. Critical path length was reduced through logic transformation on cell SYS/CPU/DP/FDFREG/dx\\.dWEN_out_i_1_comp.
INFO: [Physopt 32-702] Processed net SYS/CPU/DP/DXREG/dx\\.imm_out[29]. Optimizations did not improve timing on the net.
INFO: [Physopt 32-571] Net SYS/CPU/DP/DXREG/dx\\.pc_out1 was not replicated.
INFO: [Physopt 32-710] Processed net SYS/CPU/DP/FDFREG/fdf\\.inst_out_reg[31]_0[29]. Critical path length was reduced through logic transformation on cell SYS/CPU/DP/FDFREG/dx\\.imm_out[29]_i_1_comp.
INFO: [Physopt 32-702] Processed net SYS/CPU/DP/FDFREG/fdf\\.inst_out_reg[21]_rep_0. Optimizations did not improve timing on the net.
INFO: [Physopt 32-571] Net SYS/CPU/DP/DXREG/fdf\\.flush_repN_7 was not replicated.
INFO: [Physopt 32-710] Processed net SYS/CPU/DP/EXMREG/exm\\.dmemREN_reg_7. Critical path length was reduced through logic transformation on cell SYS/CPU/DP/EXMREG/fdf\\.inst_out[21]_rep_i_1_comp.
INFO: [Physopt 32-702] Processed net SYS/CPU/DP/DXREG/fuif\\.dxo_rs1[3]. Optimizations did not improve timing on the net.
INFO: [Physopt 32-571] Net SYS/CPU/DP/DXREG/dx\\.pc_out1 was not replicated.
INFO: [Physopt 32-710] Processed net SYS/CPU/DP/FDFREG/fdf\\.inst_out_reg[19]_0[3]. Critical path length was reduced through logic transformation on cell SYS/CPU/DP/FDFREG/dx\\.rs1_out[3]_i_1_comp.
INFO: [Physopt 32-702] Processed net SYS/CPU/DP/DXREG/dx\\.rdat2_out[9]. Optimizations did not improve timing on the net.
INFO: [Physopt 32-571] Net SYS/CPU/DP/DXREG/dx\\.pc_out1 was not replicated.
INFO: [Physopt 32-710] Processed net SYS/CPU/DP/REGF/fdf\\.inst_out_reg[24][9]. Critical path length was reduced through logic transformation on cell SYS/CPU/DP/REGF/dx\\.rdat2_out[9]_i_1_comp.
INFO: [Physopt 32-702] Processed net SYS/CPU/DP/DXREG/dx\\.rdat1_out[3]. Optimizations did not improve timing on the net.
INFO: [Physopt 32-571] Net SYS/CPU/DP/DXREG/dx\\.pc_out1 was not replicated.
INFO: [Physopt 32-710] Processed net SYS/CPU/DP/REGF/fdf\\.inst_out_reg[19][3]. Critical path length was reduced through logic transformation on cell SYS/CPU/DP/REGF/dx\\.rdat1_out[3]_i_1_comp.
INFO: [Physopt 32-702] Processed net SYS/CPU/DP/DXREG/dx\\.rdat1_out[24]. Optimizations did not improve timing on the net.
INFO: [Physopt 32-571] Net SYS/CPU/DP/DXREG/dx\\.pc_out1 was not replicated.
INFO: [Physopt 32-710] Processed net SYS/CPU/DP/REGF/fdf\\.inst_out_reg[19][24]. Critical path length was reduced through logic transformation on cell SYS/CPU/DP/REGF/dx\\.rdat1_out[24]_i_1_comp.
INFO: [Physopt 32-702] Processed net SYS/CPU/DP/DXREG/dx\\.rdat1_out[28]. Optimizations did not improve timing on the net.
INFO: [Physopt 32-571] Net SYS/CPU/DP/DXREG/dx\\.pc_out1 was not replicated.
INFO: [Physopt 32-710] Processed net SYS/CPU/DP/REGF/fdf\\.inst_out_reg[19][28]. Critical path length was reduced through logic transformation on cell SYS/CPU/DP/REGF/dx\\.rdat1_out[28]_i_1_comp.
INFO: [Physopt 32-702] Processed net SYS/CPU/DP/DXREG/dx\\.pc_out[12]. Optimizations did not improve timing on the net.
INFO: [Physopt 32-571] Net SYS/CPU/DP/DXREG/dx\\.pc_out1 was not replicated.
INFO: [Physopt 32-710] Processed net SYS/CPU/DP/FDFREG/fdf\\.pc_out_reg[31]_0[12]. Critical path length was reduced through logic transformation on cell SYS/CPU/DP/FDFREG/dx\\.pc_out[12]_i_1_comp.
INFO: [Physopt 32-702] Processed net SYS/CPU/DP/DXREG/dx\\.rdat1_out[25]. Optimizations did not improve timing on the net.
INFO: [Physopt 32-571] Net SYS/CPU/DP/DXREG/dx\\.pc_out1 was not replicated.
INFO: [Physopt 32-710] Processed net SYS/CPU/DP/REGF/fdf\\.inst_out_reg[19][25]. Critical path length was reduced through logic transformation on cell SYS/CPU/DP/REGF/dx\\.rdat1_out[25]_i_1_comp.
INFO: [Physopt 32-702] Processed net SYS/RAM/dbg_data_out[6]. Optimizations did not improve timing on the net.
INFO: [Physopt 32-702] Processed net SYS/CPUCLK. Optimizations did not improve timing on the net.
INFO: [Physopt 32-702] Processed net SYS/RAM/rstate3. Optimizations did not improve timing on the net.
INFO: [Physopt 32-702] Processed net SYS/RAM/rstate3_carry_i_4_n_0. Optimizations did not improve timing on the net.
INFO: [Physopt 32-702] Processed net SYS/CPU/DP/EXMREG/D[2]. Optimizations did not improve timing on the net.
INFO: [Physopt 32-702] Processed net SYS/CPU/DP/EXMREG/dpif\\.halt_reg_1[0]. Optimizations did not improve timing on the net.
INFO: [Physopt 32-702] Processed net SYS/CPU/DP/dpif\\.halt_reg_0. Optimizations did not improve timing on the net.
INFO: [Physopt 32-702] Processed net SYS/CPU/DP/DXREG/dx\\.rdat2_out[29]. Optimizations did not improve timing on the net.
INFO: [Physopt 32-702] Processed net SYS/CPU/DP/DXREG/dx\\.pc_out1. Optimizations did not improve timing on the net.
INFO: [Physopt 32-702] Processed net SYS/CPU/DP/DXREG/pcif\\.PC[31]_i_4_n_0. Optimizations did not improve timing on the net.
INFO: [Physopt 32-702] Processed net SYS/CPU/DP/DXREG/pcif\\.PC[31]_i_10_n_0. Optimizations did not improve timing on the net.
INFO: [Physopt 32-702] Processed net SYS/CPU/DP/DXREG/pcif\\.PC[31]_i_22_n_0. Optimizations did not improve timing on the net.
INFO: [Physopt 32-702] Processed net SYS/CPU/DP/DXREG/D[31]. Optimizations did not improve timing on the net.
INFO: [Physopt 32-702] Processed net SYS/CPU/DP/DXREG/exm\\.alu_out_out[31]_i_3_n_0. Optimizations did not improve timing on the net.
INFO: [Physopt 32-702] Processed net SYS/CPU/DP/DXREG/exm\\.alu_out_out_reg[31]_i_9_n_4. Optimizations did not improve timing on the net.
INFO: [Physopt 32-702] Processed net SYS/CPU/DP/DXREG/exm\\.alu_out_out[15]_i_17_n_0. Optimizations did not improve timing on the net.
INFO: [Physopt 32-663] Processed net SYS/CPU/DP/DXREG/aluif\\.b[12].  Re-placed instance SYS/CPU/DP/DXREG/exm\\.alu_out_out[12]_i_9
INFO: [Physopt 32-702] Processed net SYS/CPU/DP/DXREG/exm\\.alu_out_out[7]_i_14_n_0. Optimizations did not improve timing on the net.
INFO: [Physopt 32-702] Processed net SYS/CPU/DP/DXREG/aluif\\.b[7]. Optimizations did not improve timing on the net.
INFO: [Physopt 32-702] Processed net SYS/CPU/DP/EXMREG/dx\\.rdat2_out_reg[31][4]. Optimizations did not improve timing on the net.
INFO: [Physopt 32-702] Processed net SYS/CPU/DP/EXMREG/exm\\.rdat2_out[7]_i_2_n_0. Optimizations did not improve timing on the net.
INFO: [Physopt 32-702] Processed net SYS/CPU/DP/EXMREG/exm\\.rdat2_out_reg[8]_i_3_n_5. Optimizations did not improve timing on the net.
INFO: [Physopt 32-702] Processed net SYS/CPU/DP/EXMREG/exm\\.rdat2_out[4]_i_4_n_0. Optimizations did not improve timing on the net.
INFO: [Physopt 32-702] Processed net SYS/CPU/DP/REGF/fdf\\.inst_out_reg[24][29]. Optimizations did not improve timing on the net.
INFO: [Physopt 32-702] Processed net SYS/CPU/DP/EXMREG/exm\\.pc_out_reg[31]_0[2]. Optimizations did not improve timing on the net.
Netlist sorting complete. Time (s): cpu = 00:00:00.02 ; elapsed = 00:00:00.01 . Memory (MB): peak = 3173.781 ; gain = 0.000 ; free physical = 3868 ; free virtual = 16456
Phase 4 Critical Path Optimization | Checksum: 19d164770

Time (s): cpu = 00:03:30 ; elapsed = 00:00:51 . Memory (MB): peak = 3173.781 ; gain = 0.000 ; free physical = 3868 ; free virtual = 16456
Netlist sorting complete. Time (s): cpu = 00:00:00 ; elapsed = 00:00:00 . Memory (MB): peak = 3173.781 ; gain = 0.000 ; free physical = 3868 ; free virtual = 16456
INFO: [Physopt 32-603] Post Physical Optimization Timing Summary | WNS=-3.792 | TNS=-1113.272 |

Summary of Physical Synthesis Optimizations
============================================


-------------------------------------------------------------------------------------------------------------------------------------------------------------
|  Optimization   |  WNS Gain (ns)  |  TNS Gain (ns)  |  Added Cells  |  Removed Cells  |  Optimized Cells/Nets  |  Dont Touch  |  Iterations  |  Elapsed   |
-------------------------------------------------------------------------------------------------------------------------------------------------------------
|  DSP Register   |          0.000  |          0.000  |            0  |              0  |                     0  |           0  |           1  |  00:00:00  |
|  Critical Path  |          0.571  |        444.233  |           31  |              0  |                   204  |           0  |           2  |  00:00:50  |
|  Total          |          0.571  |        444.233  |           31  |              0  |                   204  |           0  |           3  |  00:00:50  |
-------------------------------------------------------------------------------------------------------------------------------------------------------------


Netlist sorting complete. Time (s): cpu = 00:00:00 ; elapsed = 00:00:00 . Memory (MB): peak = 3173.781 ; gain = 0.000 ; free physical = 3868 ; free virtual = 16456
Ending Physical Synthesis Task | Checksum: 19d164770

Time (s): cpu = 00:03:30 ; elapsed = 00:00:51 . Memory (MB): peak = 3173.781 ; gain = 0.000 ; free physical = 3868 ; free virtual = 16456
INFO: [Common 17-83] Releasing license: Implementation
716 Infos, 0 Warnings, 0 Critical Warnings and 0 Errors encountered.
phys_opt_design completed successfully
phys_opt_design: Time (s): cpu = 00:03:32 ; elapsed = 00:00:51 . Memory (MB): peak = 3173.781 ; gain = 0.000 ; free physical = 3868 ; free virtual = 16456
INFO: [Timing 38-480] Writing timing data to binary archive.
Write ShapeDB Complete: Time (s): cpu = 00:00:00.03 ; elapsed = 00:00:00.01 . Memory (MB): peak = 3173.781 ; gain = 0.000 ; free physical = 3868 ; free virtual = 16456
Wrote PlaceDB: Time (s): cpu = 00:00:00.73 ; elapsed = 00:00:00.25 . Memory (MB): peak = 3173.781 ; gain = 0.000 ; free physical = 3864 ; free virtual = 16458
Wrote PulsedLatchDB: Time (s): cpu = 00:00:00 ; elapsed = 00:00:00 . Memory (MB): peak = 3173.781 ; gain = 0.000 ; free physical = 3863 ; free virtual = 16457
Writing XDEF routing.
Writing XDEF routing logical nets.
Writing XDEF routing special nets.
Wrote RouteStorage: Time (s): cpu = 00:00:00.01 ; elapsed = 00:00:00.01 . Memory (MB): peak = 3173.781 ; gain = 0.000 ; free physical = 3863 ; free virtual = 16457
Wrote Netlist Cache: Time (s): cpu = 00:00:00 ; elapsed = 00:00:00.01 . Memory (MB): peak = 3173.781 ; gain = 0.000 ; free physical = 3862 ; free virtual = 16457
Wrote Device Cache: Time (s): cpu = 00:00:00 ; elapsed = 00:00:00 . Memory (MB): peak = 3173.781 ; gain = 0.000 ; free physical = 3862 ; free virtual = 16457
Write Physdb Complete: Time (s): cpu = 00:00:00.76 ; elapsed = 00:00:00.35 . Memory (MB): peak = 3173.781 ; gain = 0.000 ; free physical = 3861 ; free virtual = 16456
INFO: [Common 17-1381] The checkpoint '/home/ecegridfs/a/437mg063/ece437/processors/build/system_fpga.runs/impl_1/system_fpga_physopt.dcp' has been generated.
Command: route_design -directive RuntimeOptimized
Attempting to get a license for feature 'Implementation' and/or device 'xc7s50'
INFO: [Common 17-349] Got license for feature 'Implementation' and/or device 'xc7s50'
INFO: [DRC 23-27] Running DRC with 8 threads
INFO: [Vivado_Tcl 4-198] DRC finished with 0 Errors
INFO: [Vivado_Tcl 4-199] Please refer to the DRC report (report_drc) for more information.
Running DRC as a precondition to command route_design
INFO: [DRC 23-27] Running DRC with 8 threads
INFO: [Vivado_Tcl 4-198] DRC finished with 0 Errors
INFO: [Vivado_Tcl 4-199] Please refer to the DRC report (report_drc) for more information.


Starting Routing Task
INFO: [Route 35-270] Using Router directive 'RuntimeOptimized'.
INFO: [Route 35-254] Multithreading enabled for route_design using a maximum of 8 CPUs

Phase 1 Build RT Design
Checksum: PlaceDB: dfe5a2ec ConstDB: 0 ShapeSum: 37557135 RouteDB: 0
Post Restoration Checksum: NetGraph: b9072280 | NumContArr: e014e5d4 | Constraints: c2a8fa9d | Timing: c2a8fa9d
Phase 1 Build RT Design | Checksum: 31e6dfd8e

Time (s): cpu = 00:00:15 ; elapsed = 00:00:12 . Memory (MB): peak = 3173.781 ; gain = 0.000 ; free physical = 3807 ; free virtual = 16397

Phase 2 Router Initialization

Phase 2.1 Fix Topology Constraints
Phase 2.1 Fix Topology Constraints | Checksum: 31e6dfd8e

Time (s): cpu = 00:00:15 ; elapsed = 00:00:12 . Memory (MB): peak = 3173.781 ; gain = 0.000 ; free physical = 3807 ; free virtual = 16397

Phase 2.2 Pre Route Cleanup
Phase 2.2 Pre Route Cleanup | Checksum: 31e6dfd8e

Time (s): cpu = 00:00:15 ; elapsed = 00:00:12 . Memory (MB): peak = 3173.781 ; gain = 0.000 ; free physical = 3807 ; free virtual = 16397
 Number of Nodes with overlaps = 0

Phase 2.3 Update Timing
Phase 2.3 Update Timing | Checksum: 241de2dce

Time (s): cpu = 00:00:19 ; elapsed = 00:00:13 . Memory (MB): peak = 3179.785 ; gain = 6.004 ; free physical = 3788 ; free virtual = 16379
INFO: [Route 35-416] Intermediate Timing Summary | WNS=-3.621 | TNS=-998.126| WHS=-1.058 | THS=-1936.523|


Phase 2.4 Update Timing for Bus Skew

Phase 2.4.1 Update Timing
Phase 2.4.1 Update Timing | Checksum: 1dae97e88

Time (s): cpu = 00:00:21 ; elapsed = 00:00:14 . Memory (MB): peak = 3179.785 ; gain = 6.004 ; free physical = 3788 ; free virtual = 16379
INFO: [Route 35-416] Intermediate Timing Summary | WNS=-3.621 | TNS=-969.973| WHS=N/A    | THS=N/A    |

Phase 2.4 Update Timing for Bus Skew | Checksum: 2025cbed1

Time (s): cpu = 00:00:21 ; elapsed = 00:00:14 . Memory (MB): peak = 3195.785 ; gain = 22.004 ; free physical = 3782 ; free virtual = 16377

Router Utilization Summary
  Global Vertical Routing Utilization    = 0.00263095 %
  Global Horizontal Routing Utilization  = 0.000780843 %
  Routable Net Status*
  *Does not include unroutable nets such as driverless and loadless.
  Run report_route_status for detailed report.
  Number of Failed Nets               = 4626
    (Failed Nets is the sum of unrouted and partially routed nets)
  Number of Unrouted Nets             = 4624
  Number of Partially Routed Nets     = 2
  Number of Node Overlaps             = 0

Phase 2 Router Initialization | Checksum: 17ddfef53

Time (s): cpu = 00:00:21 ; elapsed = 00:00:14 . Memory (MB): peak = 3195.785 ; gain = 22.004 ; free physical = 3772 ; free virtual = 16366

Phase 3 Initial Routing

Phase 3.1 Global Routing
Phase 3.1 Global Routing | Checksum: 17ddfef53

Time (s): cpu = 00:00:21 ; elapsed = 00:00:14 . Memory (MB): peak = 3195.785 ; gain = 22.004 ; free physical = 3772 ; free virtual = 16366

Phase 3.2 Initial Net Routing
Phase 3.2 Initial Net Routing | Checksum: 24511c9a5

Time (s): cpu = 00:00:47 ; elapsed = 00:00:25 . Memory (MB): peak = 3298.785 ; gain = 125.004 ; free physical = 3665 ; free virtual = 16259
Phase 3 Initial Routing | Checksum: 24511c9a5

Time (s): cpu = 00:00:47 ; elapsed = 00:00:25 . Memory (MB): peak = 3298.785 ; gain = 125.004 ; free physical = 3665 ; free virtual = 16259
INFO: [Route 35-580] Design has 459 pins with tight setup and hold constraints.

The top 5 pins with tight setup and hold constraints:

+====================+===================+==========================================+
| Launch Setup Clock | Launch Hold Clock | Pin                                      |
+====================+===================+==========================================+
| CPUCLK             | MAIN              | SYS/CPU/DP/FDFREG/fdf\\.pc_out_reg[10]/D |
| CPUCLK             | MAIN              | SYS/CPU/DP/FDFREG/fdf\\.pc_out_reg[12]/D |
| CPUCLK             | MAIN              | SYS/CPU/DP/FDFREG/fdf\\.pc_out_reg[1]/D  |
| CPUCLK             | MAIN              | SYS/CPU/DP/FDFREG/fdf\\.pc_out_reg[25]/D |
| CPUCLK             | MAIN              | SYS/CPU/DP/FDFREG/fdf\\.pc_out_reg[14]/D |
+--------------------+-------------------+------------------------------------------+

File with complete list of pins: tight_setup_hold_pins.txt


Phase 4 Rip-up And Reroute

Phase 4.1 Global Iteration 0
 Number of Nodes with overlaps = 1335
 Number of Nodes with overlaps = 382
 Number of Nodes with overlaps = 228
 Number of Nodes with overlaps = 155
 Number of Nodes with overlaps = 95
 Number of Nodes with overlaps = 70
 Number of Nodes with overlaps = 29
 Number of Nodes with overlaps = 21
 Number of Nodes with overlaps = 22
 Number of Nodes with overlaps = 5
 Number of Nodes with overlaps = 3
 Number of Nodes with overlaps = 10
 Number of Nodes with overlaps = 3
 Number of Nodes with overlaps = 1
 Number of Nodes with overlaps = 0
INFO: [Route 35-416] Intermediate Timing Summary | WNS=-4.007 | TNS=-2314.185| WHS=N/A    | THS=N/A    |

Phase 4.1 Global Iteration 0 | Checksum: 2651400e2

Time (s): cpu = 00:01:19 ; elapsed = 00:00:44 . Memory (MB): peak = 3298.785 ; gain = 125.004 ; free physical = 3658 ; free virtual = 16253
Phase 4 Rip-up And Reroute | Checksum: 2651400e2

Time (s): cpu = 00:01:19 ; elapsed = 00:00:44 . Memory (MB): peak = 3298.785 ; gain = 125.004 ; free physical = 3658 ; free virtual = 16253

Phase 5 Delay and Skew Optimization

Phase 5.1 Delay CleanUp
 Number of Nodes with overlaps = 0
Phase 5.1 Delay CleanUp | Checksum: 26f4ab18f

Time (s): cpu = 00:01:26 ; elapsed = 00:00:45 . Memory (MB): peak = 3322.785 ; gain = 149.004 ; free physical = 3637 ; free virtual = 16232

Phase 5.2 Clock Skew Optimization
Phase 5.2 Clock Skew Optimization | Checksum: 26f4ab18f

Time (s): cpu = 00:01:26 ; elapsed = 00:00:45 . Memory (MB): peak = 3322.785 ; gain = 149.004 ; free physical = 3637 ; free virtual = 16232
Phase 5 Delay and Skew Optimization | Checksum: 26f4ab18f

Time (s): cpu = 00:01:26 ; elapsed = 00:00:45 . Memory (MB): peak = 3322.785 ; gain = 149.004 ; free physical = 3637 ; free virtual = 16232

Phase 6 Post Hold Fix

Phase 6.1 Hold Fix Iter

Phase 6.1.1 Update Timing
Phase 6.1.1 Update Timing | Checksum: 25a9f686c

Time (s): cpu = 00:01:27 ; elapsed = 00:00:46 . Memory (MB): peak = 3322.785 ; gain = 149.004 ; free physical = 3637 ; free virtual = 16232
INFO: [Route 35-416] Intermediate Timing Summary | WNS=-4.007 | TNS=-2219.928| WHS=0.033  | THS=0.000  |

Phase 6.1 Hold Fix Iter | Checksum: 2ca4d8023

Time (s): cpu = 00:01:27 ; elapsed = 00:00:46 . Memory (MB): peak = 3322.785 ; gain = 149.004 ; free physical = 3637 ; free virtual = 16232
Phase 6 Post Hold Fix | Checksum: 2ca4d8023

Time (s): cpu = 00:01:27 ; elapsed = 00:00:46 . Memory (MB): peak = 3322.785 ; gain = 149.004 ; free physical = 3637 ; free virtual = 16232

Phase 7 Route finalize

Router Utilization Summary
  Global Vertical Routing Utilization    = 2.42015 %
  Global Horizontal Routing Utilization  = 2.97788 %
  Routable Net Status*
  *Does not include unroutable nets such as driverless and loadless.
  Run report_route_status for detailed report.
  Number of Failed Nets               = 0
    (Failed Nets is the sum of unrouted and partially routed nets)
  Number of Unrouted Nets             = 0
  Number of Partially Routed Nets     = 0
  Number of Node Overlaps             = 0


--GLOBAL Congestion:
Utilization threshold used for congestion level computation: 0.85
Congestion Report
North Dir 1x1 Area, Max Cong = 60.3604%, No Congested Regions.
South Dir 1x1 Area, Max Cong = 78.3784%, No Congested Regions.
East Dir 1x1 Area, Max Cong = 89.7059%, Congestion bounded by tiles (Lower Left Tile -> Upper Right Tile):
   INT_L_X26Y16 -> INT_L_X26Y16
West Dir 1x1 Area, Max Cong = 75%, No Congested Regions.

------------------------------
Reporting congestion hotspots
------------------------------
Direction: North
----------------
Congested clusters found at Level 0
Effective congestion level: 0 Aspect Ratio: 1 Sparse Ratio: 0
Direction: South
----------------
Congested clusters found at Level 0
Effective congestion level: 0 Aspect Ratio: 1 Sparse Ratio: 0
Direction: East
----------------
Congested clusters found at Level 0
Effective congestion level: 0 Aspect Ratio: 1 Sparse Ratio: 1
Direction: West
----------------
Congested clusters found at Level 0
Effective congestion level: 0 Aspect Ratio: 1 Sparse Ratio: 0

Phase 7 Route finalize | Checksum: 2ca4d8023

Time (s): cpu = 00:01:27 ; elapsed = 00:00:46 . Memory (MB): peak = 3322.785 ; gain = 149.004 ; free physical = 3637 ; free virtual = 16232

Phase 8 Verifying routed nets

 Verification completed successfully
Phase 8 Verifying routed nets | Checksum: 2ca4d8023

Time (s): cpu = 00:01:27 ; elapsed = 00:00:46 . Memory (MB): peak = 3322.785 ; gain = 149.004 ; free physical = 3637 ; free virtual = 16231

Phase 9 Depositing Routes
Phase 9 Depositing Routes | Checksum: 2b77ede3f

Time (s): cpu = 00:01:28 ; elapsed = 00:00:46 . Memory (MB): peak = 3322.785 ; gain = 149.004 ; free physical = 3637 ; free virtual = 16231

Phase 10 Post Router Timing
INFO: [Route 35-57] Estimated Timing Summary | WNS=-4.007 | TNS=-2219.928| WHS=0.033  | THS=0.000  |

WARNING: [Route 35-328] Router estimated timing not met.
Resolution: For a complete and accurate timing signoff, report_timing_summary must be run after route_design. Alternatively, route_design can be run with the -timing_summary option to enable a complete timing signoff at the end of route_design.
Phase 10 Post Router Timing | Checksum: 2b77ede3f

Time (s): cpu = 00:01:29 ; elapsed = 00:00:46 . Memory (MB): peak = 3322.785 ; gain = 149.004 ; free physical = 3637 ; free virtual = 16231
INFO: [Route 35-16] Router Completed Successfully

Phase 11 Post-Route Event Processing
Phase 11 Post-Route Event Processing | Checksum: 11eba85d1

Time (s): cpu = 00:01:29 ; elapsed = 00:00:46 . Memory (MB): peak = 3322.785 ; gain = 149.004 ; free physical = 3637 ; free virtual = 16231
Ending Routing Task | Checksum: 11eba85d1

Time (s): cpu = 00:01:29 ; elapsed = 00:00:46 . Memory (MB): peak = 3322.785 ; gain = 149.004 ; free physical = 3637 ; free virtual = 16231

Routing Is Done.
INFO: [Common 17-83] Releasing license: Implementation
735 Infos, 1 Warnings, 0 Critical Warnings and 0 Errors encountered.
route_design completed successfully
route_design: Time (s): cpu = 00:01:30 ; elapsed = 00:00:47 . Memory (MB): peak = 3322.785 ; gain = 149.004 ; free physical = 3637 ; free virtual = 16231
INFO: [runtcl-4] Executing : report_drc -file system_fpga_drc_routed.rpt -pb system_fpga_drc_routed.pb -rpx system_fpga_drc_routed.rpx
Command: report_drc -file system_fpga_drc_routed.rpt -pb system_fpga_drc_routed.pb -rpx system_fpga_drc_routed.rpx
INFO: [IP_Flow 19-1839] IP Catalog is up to date.
INFO: [DRC 23-27] Running DRC with 8 threads
INFO: [Vivado_Tcl 2-168] The results of DRC are in file /home/ecegridfs/a/437mg063/ece437/processors/build/system_fpga.runs/impl_1/system_fpga_drc_routed.rpt.
report_drc completed successfully
INFO: [runtcl-4] Executing : report_methodology -file system_fpga_methodology_drc_routed.rpt -pb system_fpga_methodology_drc_routed.pb -rpx system_fpga_methodology_drc_routed.rpx
Command: report_methodology -file system_fpga_methodology_drc_routed.rpt -pb system_fpga_methodology_drc_routed.pb -rpx system_fpga_methodology_drc_routed.rpx
INFO: [Timing 38-35] Done setting XDC timing constraints.
INFO: [DRC 23-133] Running Methodology with 8 threads
INFO: [Vivado_Tcl 2-1520] The results of Report Methodology are in file /home/ecegridfs/a/437mg063/ece437/processors/build/system_fpga.runs/impl_1/system_fpga_methodology_drc_routed.rpt.
report_methodology completed successfully
INFO: [runtcl-4] Executing : report_power -file system_fpga_power_routed.rpt -pb system_fpga_power_summary_routed.pb -rpx system_fpga_power_routed.rpx
Command: report_power -file system_fpga_power_routed.rpt -pb system_fpga_power_summary_routed.pb -rpx system_fpga_power_routed.rpx
INFO: [Timing 38-35] Done setting XDC timing constraints.
Running Vector-less Activity Propagation...

Finished Running Vector-less Activity Propagation
WARNING: [Power 33-332] Found switching activity that implies high-fanout reset nets being asserted for excessive periods of time which may result in inaccurate power analysis.
Resolution: To review and fix problems, please run Power Constraints Advisor in the GUI from Tools > Power Constraints Advisor or run report_power with the -advisory option to generate a text report.
745 Infos, 2 Warnings, 0 Critical Warnings and 0 Errors encountered.
report_power completed successfully
INFO: [runtcl-4] Executing : report_route_status -file system_fpga_route_status.rpt -pb system_fpga_route_status.pb
INFO: [runtcl-4] Executing : report_timing_summary -max_paths 10 -report_unconstrained -file system_fpga_timing_summary_routed.rpt -pb system_fpga_timing_summary_routed.pb -rpx system_fpga_timing_summary_routed.rpx -warn_on_violation 
INFO: [Timing 38-91] UpdateTimingParams: Speed grade: -1, Delay Type: min_max.
INFO: [Timing 38-191] Multithreading enabled for timing update using a maximum of 8 CPUs
CRITICAL WARNING: [Timing 38-282] The design failed to meet the timing requirements. Please see the timing summary report for details on the timing violations.
WARNING: [Timing 38-436] There are set_bus_skew constraint(s) in this design. Please run report_bus_skew to ensure that bus skew requirements are met.
INFO: [runtcl-4] Executing : report_incremental_reuse -file system_fpga_incremental_reuse_routed.rpt
INFO: [Vivado_Tcl 4-1062] Incremental flow is disabled. No incremental reuse Info to report.
INFO: [runtcl-4] Executing : report_clock_utilization -file system_fpga_clock_utilization_routed.rpt
INFO: [runtcl-4] Executing : report_bus_skew -warn_on_violation -file system_fpga_bus_skew_routed.rpt -pb system_fpga_bus_skew_routed.pb -rpx system_fpga_bus_skew_routed.rpx
INFO: [Timing 38-91] UpdateTimingParams: Speed grade: -1, Delay Type: min_max.
INFO: [Timing 38-191] Multithreading enabled for timing update using a maximum of 8 CPUs
INFO: [Timing 38-480] Writing timing data to binary archive.
Write ShapeDB Complete: Time (s): cpu = 00:00:00.02 ; elapsed = 00:00:00.01 . Memory (MB): peak = 3386.816 ; gain = 0.000 ; free physical = 3615 ; free virtual = 16216
Wrote PlaceDB: Time (s): cpu = 00:00:00.73 ; elapsed = 00:00:00.25 . Memory (MB): peak = 3386.816 ; gain = 0.000 ; free physical = 3609 ; free virtual = 16215
Wrote PulsedLatchDB: Time (s): cpu = 00:00:00 ; elapsed = 00:00:00 . Memory (MB): peak = 3386.816 ; gain = 0.000 ; free physical = 3609 ; free virtual = 16215
Writing XDEF routing.
Writing XDEF routing logical nets.
Writing XDEF routing special nets.
Wrote RouteStorage: Time (s): cpu = 00:00:00.04 ; elapsed = 00:00:00.04 . Memory (MB): peak = 3386.816 ; gain = 0.000 ; free physical = 3608 ; free virtual = 16215
Wrote Netlist Cache: Time (s): cpu = 00:00:00.01 ; elapsed = 00:00:00 . Memory (MB): peak = 3386.816 ; gain = 0.000 ; free physical = 3608 ; free virtual = 16215
Wrote Device Cache: Time (s): cpu = 00:00:00 ; elapsed = 00:00:00 . Memory (MB): peak = 3386.816 ; gain = 0.000 ; free physical = 3609 ; free virtual = 16217
Write Physdb Complete: Time (s): cpu = 00:00:00.81 ; elapsed = 00:00:00.38 . Memory (MB): peak = 3386.816 ; gain = 0.000 ; free physical = 3609 ; free virtual = 16217
INFO: [Common 17-1381] The checkpoint '/home/ecegridfs/a/437mg063/ece437/processors/build/system_fpga.runs/impl_1/system_fpga_routed.dcp' has been generated.
Command: write_bitstream -force system_fpga.bit
Attempting to get a license for feature 'Implementation' and/or device 'xc7s50'
INFO: [Common 17-349] Got license for feature 'Implementation' and/or device 'xc7s50'
Running DRC as a precondition to command write_bitstream
INFO: [IP_Flow 19-1839] IP Catalog is up to date.
INFO: [DRC 23-27] Running DRC with 8 threads
WARNING: [DRC CHECK-3] Report rule limit reached: REQP-1839 rule limit reached: 20 violations have been found.
WARNING: [DRC PDCN-1569] LUT equation term check: Used physical LUT pin 'A3' of cell dbg_hub/inst/BSCANID.u_xsdbm_id/SWITCH_N_EXT_BSCAN.bscan_switch/temp_curid[31]_i_1 (pin dbg_hub/inst/BSCANID.u_xsdbm_id/SWITCH_N_EXT_BSCAN.bscan_switch/temp_curid[31]_i_1/I1) is not included in the LUT equation: 'O6=(A1*A2)+(A1*(~A2)*(~A6))+((~A1))'. If this cell is a user instantiated LUT in the design, please remove connectivity to the pin or change the equation and/or INIT string of the LUT to prevent this issue. If the cell is inferred or IP created LUT, please regenerate the IP and/or resynthesize the design to attempt to correct the issue.
WARNING: [DRC PDCN-1569] LUT equation term check: Used physical LUT pin 'A3' of cell dbg_hub/inst/BSCANID.u_xsdbm_id/SWITCH_N_EXT_BSCAN.id_state[0]_i_1 (pin dbg_hub/inst/BSCANID.u_xsdbm_id/SWITCH_N_EXT_BSCAN.id_state[0]_i_1/I0) is not included in the LUT equation: 'O6=(A6+~A6)*((A2))'. If this cell is a user instantiated LUT in the design, please remove connectivity to the pin or change the equation and/or INIT string of the LUT to prevent this issue. If the cell is inferred or IP created LUT, please regenerate the IP and/or resynthesize the design to attempt to correct the issue.
WARNING: [DRC PDCN-1569] LUT equation term check: Used physical LUT pin 'A4' of cell dbg_hub/inst/BSCANID.u_xsdbm_id/SWITCH_N_EXT_BSCAN.bscan_switch/temp_curid[31]_i_1 (pin dbg_hub/inst/BSCANID.u_xsdbm_id/SWITCH_N_EXT_BSCAN.bscan_switch/temp_curid[31]_i_1/I0) is not included in the LUT equation: 'O6=(A1*A2)+(A1*(~A2)*(~A6))+((~A1))'. If this cell is a user instantiated LUT in the design, please remove connectivity to the pin or change the equation and/or INIT string of the LUT to prevent this issue. If the cell is inferred or IP created LUT, please regenerate the IP and/or resynthesize the design to attempt to correct the issue.
WARNING: [DRC REQP-1839] RAMB36 async control check: The RAMB36E1 SYS/RAM/mem_reg_0 has an input control pin SYS/RAM/mem_reg_0/ADDRARDADDR[11] (net: SYS/RAM/D[12]) which is driven by a register (SYS/CPU/DP/EXMREG/exm\\.alu_out_out_reg[12]) that has an active asychronous set or reset. This may cause corruption of the memory contents and/or read values when the set/reset is asserted and is not analyzed by the default static timing analysis. It is suggested to eliminate the use of a set/reset to registers driving this RAMB pin or else use a synchronous reset in which the assertion of the reset is timed by default.
WARNING: [DRC REQP-1839] RAMB36 async control check: The RAMB36E1 SYS/RAM/mem_reg_0 has an input control pin SYS/RAM/mem_reg_0/ADDRARDADDR[11] (net: SYS/RAM/D[12]) which is driven by a register (SYS/CPU/DP/EXMREG/exm\\.dmemREN_reg) that has an active asychronous set or reset. This may cause corruption of the memory contents and/or read values when the set/reset is asserted and is not analyzed by the default static timing analysis. It is suggested to eliminate the use of a set/reset to registers driving this RAMB pin or else use a synchronous reset in which the assertion of the reset is timed by default.
WARNING: [DRC REQP-1839] RAMB36 async control check: The RAMB36E1 SYS/RAM/mem_reg_0 has an input control pin SYS/RAM/mem_reg_0/ADDRARDADDR[11] (net: SYS/RAM/D[12]) which is driven by a register (SYS/CPU/DP/EXMREG/exm\\.dmemWEN_reg) that has an active asychronous set or reset. This may cause corruption of the memory contents and/or read values when the set/reset is asserted and is not analyzed by the default static timing analysis. It is suggested to eliminate the use of a set/reset to registers driving this RAMB pin or else use a synchronous reset in which the assertion of the reset is timed by default.
WARNING: [DRC REQP-1839] RAMB36 async control check: The RAMB36E1 SYS/RAM/mem_reg_0 has an input control pin SYS/RAM/mem_reg_0/ADDRARDADDR[11] (net: SYS/RAM/D[12]) which is driven by a register (SYS/CPU/DP/PC/pcif\\.PC_reg[12]) that has an active asychronous set or reset. This may cause corruption of the memory contents and/or read values when the set/reset is asserted and is not analyzed by the default static timing analysis. It is suggested to eliminate the use of a set/reset to registers driving this RAMB pin or else use a synchronous reset in which the assertion of the reset is timed by default.
WARNING: [DRC REQP-1839] RAMB36 async control check: The RAMB36E1 SYS/RAM/mem_reg_0 has an input control pin SYS/RAM/mem_reg_0/ADDRARDADDR[11] (net: SYS/RAM/D[12]) which is driven by a register (SYS/CPU/DP/dpif\\.halt_reg) that has an active asychronous set or reset. This may cause corruption of the memory contents and/or read values when the set/reset is asserted and is not analyzed by the default static timing analysis. It is suggested to eliminate the use of a set/reset to registers driving this RAMB pin or else use a synchronous reset in which the assertion of the reset is timed by default.
WARNING: [DRC REQP-1839] RAMB36 async control check: The RAMB36E1 SYS/RAM/mem_reg_0 has an input control pin SYS/RAM/mem_reg_0/ADDRARDADDR[12] (net: SYS/RAM/D[13]) which is driven by a register (SYS/CPU/DP/EXMREG/exm\\.alu_out_out_reg[13]) that has an active asychronous set or reset. This may cause corruption of the memory contents and/or read values when the set/reset is asserted and is not analyzed by the default static timing analysis. It is suggested to eliminate the use of a set/reset to registers driving this RAMB pin or else use a synchronous reset in which the assertion of the reset is timed by default.
WARNING: [DRC REQP-1839] RAMB36 async control check: The RAMB36E1 SYS/RAM/mem_reg_0 has an input control pin SYS/RAM/mem_reg_0/ADDRARDADDR[12] (net: SYS/RAM/D[13]) which is driven by a register (SYS/CPU/DP/EXMREG/exm\\.dmemREN_reg) that has an active asychronous set or reset. This may cause corruption of the memory contents and/or read values when the set/reset is asserted and is not analyzed by the default static timing analysis. It is suggested to eliminate the use of a set/reset to registers driving this RAMB pin or else use a synchronous reset in which the assertion of the reset is timed by default.
WARNING: [DRC REQP-1839] RAMB36 async control check: The RAMB36E1 SYS/RAM/mem_reg_0 has an input control pin SYS/RAM/mem_reg_0/ADDRARDADDR[12] (net: SYS/RAM/D[13]) which is driven by a register (SYS/CPU/DP/EXMREG/exm\\.dmemWEN_reg) that has an active asychronous set or reset. This may cause corruption of the memory contents and/or read values when the set/reset is asserted and is not analyzed by the default static timing analysis. It is suggested to eliminate the use of a set/reset to registers driving this RAMB pin or else use a synchronous reset in which the assertion of the reset is timed by default.
WARNING: [DRC REQP-1839] RAMB36 async control check: The RAMB36E1 SYS/RAM/mem_reg_0 has an input control pin SYS/RAM/mem_reg_0/ADDRARDADDR[12] (net: SYS/RAM/D[13]) which is driven by a register (SYS/CPU/DP/PC/pcif\\.PC_reg[13]) that has an active asychronous set or reset. This may cause corruption of the memory contents and/or read values when the set/reset is asserted and is not analyzed by the default static timing analysis. It is suggested to eliminate the use of a set/reset to registers driving this RAMB pin or else use a synchronous reset in which the assertion of the reset is timed by default.
WARNING: [DRC REQP-1839] RAMB36 async control check: The RAMB36E1 SYS/RAM/mem_reg_0 has an input control pin SYS/RAM/mem_reg_0/ADDRARDADDR[12] (net: SYS/RAM/D[13]) which is driven by a register (SYS/CPU/DP/dpif\\.halt_reg) that has an active asychronous set or reset. This may cause corruption of the memory contents and/or read values when the set/reset is asserted and is not analyzed by the default static timing analysis. It is suggested to eliminate the use of a set/reset to registers driving this RAMB pin or else use a synchronous reset in which the assertion of the reset is timed by default.
WARNING: [DRC REQP-1839] RAMB36 async control check: The RAMB36E1 SYS/RAM/mem_reg_0 has an input control pin SYS/RAM/mem_reg_0/ADDRARDADDR[13] (net: SYS/RAM/D[14]) which is driven by a register (SYS/CPU/DP/EXMREG/exm\\.alu_out_out_reg[14]) that has an active asychronous set or reset. This may cause corruption of the memory contents and/or read values when the set/reset is asserted and is not analyzed by the default static timing analysis. It is suggested to eliminate the use of a set/reset to registers driving this RAMB pin or else use a synchronous reset in which the assertion of the reset is timed by default.
WARNING: [DRC REQP-1839] RAMB36 async control check: The RAMB36E1 SYS/RAM/mem_reg_0 has an input control pin SYS/RAM/mem_reg_0/ADDRARDADDR[13] (net: SYS/RAM/D[14]) which is driven by a register (SYS/CPU/DP/EXMREG/exm\\.dmemREN_reg) that has an active asychronous set or reset. This may cause corruption of the memory contents and/or read values when the set/reset is asserted and is not analyzed by the default static timing analysis. It is suggested to eliminate the use of a set/reset to registers driving this RAMB pin or else use a synchronous reset in which the assertion of the reset is timed by default.
WARNING: [DRC REQP-1839] RAMB36 async control check: The RAMB36E1 SYS/RAM/mem_reg_0 has an input control pin SYS/RAM/mem_reg_0/ADDRARDADDR[13] (net: SYS/RAM/D[14]) which is driven by a register (SYS/CPU/DP/EXMREG/exm\\.dmemWEN_reg) that has an active asychronous set or reset. This may cause corruption of the memory contents and/or read values when the set/reset is asserted and is not analyzed by the default static timing analysis. It is suggested to eliminate the use of a set/reset to registers driving this RAMB pin or else use a synchronous reset in which the assertion of the reset is timed by default.
WARNING: [DRC REQP-1839] RAMB36 async control check: The RAMB36E1 SYS/RAM/mem_reg_0 has an input control pin SYS/RAM/mem_reg_0/ADDRARDADDR[13] (net: SYS/RAM/D[14]) which is driven by a register (SYS/CPU/DP/PC/pcif\\.PC_reg[14]) that has an active asychronous set or reset. This may cause corruption of the memory contents and/or read values when the set/reset is asserted and is not analyzed by the default static timing analysis. It is suggested to eliminate the use of a set/reset to registers driving this RAMB pin or else use a synchronous reset in which the assertion of the reset is timed by default.
WARNING: [DRC REQP-1839] RAMB36 async control check: The RAMB36E1 SYS/RAM/mem_reg_0 has an input control pin SYS/RAM/mem_reg_0/ADDRARDADDR[13] (net: SYS/RAM/D[14]) which is driven by a register (SYS/CPU/DP/dpif\\.halt_reg) that has an active asychronous set or reset. This may cause corruption of the memory contents and/or read values when the set/reset is asserted and is not analyzed by the default static timing analysis. It is suggested to eliminate the use of a set/reset to registers driving this RAMB pin or else use a synchronous reset in which the assertion of the reset is timed by default.
WARNING: [DRC REQP-1839] RAMB36 async control check: The RAMB36E1 SYS/RAM/mem_reg_0 has an input control pin SYS/RAM/mem_reg_0/ADDRARDADDR[14] (net: SYS/RAM/D[15]) which is driven by a register (SYS/CPU/DP/EXMREG/exm\\.alu_out_out_reg[15]) that has an active asychronous set or reset. This may cause corruption of the memory contents and/or read values when the set/reset is asserted and is not analyzed by the default static timing analysis. It is suggested to eliminate the use of a set/reset to registers driving this RAMB pin or else use a synchronous reset in which the assertion of the reset is timed by default.
WARNING: [DRC REQP-1839] RAMB36 async control check: The RAMB36E1 SYS/RAM/mem_reg_0 has an input control pin SYS/RAM/mem_reg_0/ADDRARDADDR[14] (net: SYS/RAM/D[15]) which is driven by a register (SYS/CPU/DP/EXMREG/exm\\.dmemREN_reg) that has an active asychronous set or reset. This may cause corruption of the memory contents and/or read values when the set/reset is asserted and is not analyzed by the default static timing analysis. It is suggested to eliminate the use of a set/reset to registers driving this RAMB pin or else use a synchronous reset in which the assertion of the reset is timed by default.
WARNING: [DRC REQP-1839] RAMB36 async control check: The RAMB36E1 SYS/RAM/mem_reg_0 has an input control pin SYS/RAM/mem_reg_0/ADDRARDADDR[14] (net: SYS/RAM/D[15]) which is driven by a register (SYS/CPU/DP/EXMREG/exm\\.dmemWEN_reg) that has an active asychronous set or reset. This may cause corruption of the memory contents and/or read values when the set/reset is asserted and is not analyzed by the default static timing analysis. It is suggested to eliminate the use of a set/reset to registers driving this RAMB pin or else use a synchronous reset in which the assertion of the reset is timed by default.
WARNING: [DRC REQP-1839] RAMB36 async control check: The RAMB36E1 SYS/RAM/mem_reg_0 has an input control pin SYS/RAM/mem_reg_0/ADDRARDADDR[14] (net: SYS/RAM/D[15]) which is driven by a register (SYS/CPU/DP/PC/pcif\\.PC_reg[15]) that has an active asychronous set or reset. This may cause corruption of the memory contents and/or read values when the set/reset is asserted and is not analyzed by the default static timing analysis. It is suggested to eliminate the use of a set/reset to registers driving this RAMB pin or else use a synchronous reset in which the assertion of the reset is timed by default.
WARNING: [DRC REQP-1839] RAMB36 async control check: The RAMB36E1 SYS/RAM/mem_reg_0 has an input control pin SYS/RAM/mem_reg_0/ADDRARDADDR[14] (net: SYS/RAM/D[15]) which is driven by a register (SYS/CPU/DP/dpif\\.halt_reg) that has an active asychronous set or reset. This may cause corruption of the memory contents and/or read values when the set/reset is asserted and is not analyzed by the default static timing analysis. It is suggested to eliminate the use of a set/reset to registers driving this RAMB pin or else use a synchronous reset in which the assertion of the reset is timed by default.
WARNING: [DRC RTSTAT-10] No routable loads: 19 net(s) have no routable loads. The problem bus(es) and/or net(s) are dbg_hub/inst/BSCANID.u_xsdbm_id/SWITCH_N_EXT_BSCAN.bscan_inst/TMS, dbg_hub/inst/BSCANID.u_xsdbm_id/CORE_XSDB.UUT_MASTER/U_ICON_INTERFACE/U_CMD6_RD/U_RD_FIFO/SUBCORE_FIFO.xsdbm_v3_0_0_rdfifo_inst/inst_fifo_gen/gconvfifo.rf/grf.rf/gntv_or_sync_fifo.gl0.rd/gr1.gr1_int.rfwft/aempty_fwft_i, dbg_hub/inst/BSCANID.u_xsdbm_id/CORE_XSDB.UUT_MASTER/U_ICON_INTERFACE/U_CMD7_CTL/ctl_reg[2:0], dbg_hub/inst/BSCANID.u_xsdbm_id/CORE_XSDB.UUT_MASTER/U_ICON_INTERFACE/U_CMD7_CTL/ctl_reg_en_2[1], dbg_hub/inst/BSCANID.u_xsdbm_id/CORE_XSDB.UUT_MASTER/U_ICON_INTERFACE/U_CMD1/ctl_reg_en_2[1], dbg_hub/inst/BSCANID.u_xsdbm_id/SWITCH_N_EXT_BSCAN.bscan_switch/m_bscan_capture[0], dbg_hub/inst/BSCANID.u_xsdbm_id/SWITCH_N_EXT_BSCAN.bscan_switch/m_bscan_drck[0], dbg_hub/inst/BSCANID.u_xsdbm_id/SWITCH_N_EXT_BSCAN.bscan_switch/m_bscan_runtest[0], dbg_hub/inst/BSCANID.u_xsdbm_id/CORE_XSDB.UUT_MASTER/U_ICON_INTERFACE/U_CMD6_WR/U_WR_FIFO/SUBCORE_FIFO.xsdbm_v3_0_0_wrfifo_inst/inst_fifo_gen/gconvfifo.rf/grf.rf/rstblk/ngwrdrst.grst.rd_rst_reg[0], dbg_hub/inst/BSCANID.u_xsdbm_id/CORE_XSDB.UUT_MASTER/U_ICON_INTERFACE/U_CMD6_WR/U_WR_FIFO/SUBCORE_FIFO.xsdbm_v3_0_0_wrfifo_inst/inst_fifo_gen/gconvfifo.rf/grf.rf/rstblk/ngwrdrst.grst.wr_rst_reg[2], dbg_hub/inst/BSCANID.u_xsdbm_id/CORE_XSDB.UUT_MASTER/U_ICON_INTERFACE/U_CMD6_RD/U_RD_FIFO/SUBCORE_FIFO.xsdbm_v3_0_0_rdfifo_inst/inst_fifo_gen/gconvfifo.rf/grf.rf/rstblk/ngwrdrst.grst.wr_rst_reg[2], dbg_hub/inst/BSCANID.u_xsdbm_id/CORE_XSDB.UUT_MASTER/U_ICON_INTERFACE/U_CMD6_WR/U_WR_FIFO/SUBCORE_FIFO.xsdbm_v3_0_0_wrfifo_inst/inst_fifo_gen/gconvfifo.rf/grf.rf/gntv_or_sync_fifo.gl0.wr/gwhf.whf/overflow, dbg_hub/inst/BSCANID.u_xsdbm_id/CORE_XSDB.UUT_MASTER/U_ICON_INTERFACE/U_CMD6_RD/U_RD_FIFO/SUBCORE_FIFO.xsdbm_v3_0_0_rdfifo_inst/inst_fifo_gen/gconvfifo.rf/grf.rf/gntv_or_sync_fifo.gl0.wr/gwhf.whf/overflow, dbg_hub/inst/BSCANID.u_xsdbm_id/CORE_XSDB.UUT_MASTER/U_ICON_INTERFACE/U_CMD6_RD/U_RD_FIFO/SUBCORE_FIFO.xsdbm_v3_0_0_rdfifo_inst/inst_fifo_gen/gconvfifo.rf/grf.rf/gntv_or_sync_fifo.gl0.rd/gras.rsts/ram_empty_i, dbg_hub/inst/BSCANID.u_xsdbm_id/CORE_XSDB.UUT_MASTER/U_ICON_INTERFACE/U_CMD6_WR/U_WR_FIFO/SUBCORE_FIFO.xsdbm_v3_0_0_wrfifo_inst/inst_fifo_gen/gconvfifo.rf/grf.rf/gntv_or_sync_fifo.gl0.wr/gwas.wsts/ram_full_i... and (the first 15 of 17 listed).
INFO: [Vivado 12-3199] DRC finished with 0 Errors, 25 Warnings
INFO: [Vivado 12-3200] Please refer to the DRC report (report_drc) for more information.
INFO: [Designutils 20-2272] Running write_bitstream with 8 threads.
Loading data files...
Loading site data...
Loading route data...
Processing options...
Creating bitmap...
Creating bitstream...
Writing bitstream ./system_fpga.bit...
INFO: [Vivado 12-1842] Bitgen Completed Successfully.
INFO: [Common 17-83] Releasing license: Implementation
13 Infos, 25 Warnings, 0 Critical Warnings and 0 Errors encountered.
write_bitstream completed successfully
write_bitstream: Time (s): cpu = 00:00:15 ; elapsed = 00:00:18 . Memory (MB): peak = 3542.363 ; gain = 155.547 ; free physical = 3393 ; free virtual = 16002
INFO: [Common 17-206] Exiting Vivado at Thu Oct  9 18:27:57 2025...
[Thu Oct  9 18:27:57 2025] impl_1 finished
wait_on_runs: Time (s): cpu = 00:07:50 ; elapsed = 00:04:39 . Memory (MB): peak = 2267.250 ; gain = 0.000 ; free physical = 5716 ; free virtual = 18323
# open_checkpoint $output_dir/$design_top.runs/impl_1/${design_top}_routed.dcp
Command: open_checkpoint ./build/system_fpga.runs/impl_1/system_fpga_routed.dcp

Starting open_checkpoint Task

Time (s): cpu = 00:00:00.03 ; elapsed = 00:00:00.03 . Memory (MB): peak = 2267.250 ; gain = 0.000 ; free physical = 5715 ; free virtual = 18322
Netlist sorting complete. Time (s): cpu = 00:00:00.03 ; elapsed = 00:00:00.03 . Memory (MB): peak = 2267.250 ; gain = 0.000 ; free physical = 5709 ; free virtual = 18317
INFO: [Netlist 29-17] Analyzing 421 Unisim elements for replacement
INFO: [Netlist 29-28] Unisim Transformation completed in 0 CPU seconds
INFO: [Project 1-479] Netlist was created with Vivado 2023.2
INFO: [Project 1-570] Preparing netlist for logic optimization
Read ShapeDB Complete: Time (s): cpu = 00:00:00.02 ; elapsed = 00:00:00.03 . Memory (MB): peak = 2322.156 ; gain = 0.000 ; free physical = 5656 ; free virtual = 18264
INFO: [Timing 38-478] Restoring timing data from binary archive.
INFO: [Timing 38-479] Binary timing data restore complete.
INFO: [Project 1-856] Restoring constraints from binary archive.
INFO: [Project 1-853] Binary constraint restore complete.
INFO: [Designutils 20-5722] Start Reading Physical Databases.
Reading placement.
Read Netlist Cache: Time (s): cpu = 00:00:00.01 ; elapsed = 00:00:00.01 . Memory (MB): peak = 2819.664 ; gain = 0.000 ; free physical = 5209 ; free virtual = 17817
Reading placer database...
Read Device Cache: Time (s): cpu = 00:00:00 ; elapsed = 00:00:00.01 . Memory (MB): peak = 2819.664 ; gain = 0.000 ; free physical = 5209 ; free virtual = 17817
Read PlaceDB: Time (s): cpu = 00:00:00.18 ; elapsed = 00:00:00.19 . Memory (MB): peak = 2819.664 ; gain = 0.000 ; free physical = 5205 ; free virtual = 17813
Read PulsedLatchDB: Time (s): cpu = 00:00:00 ; elapsed = 00:00:00 . Memory (MB): peak = 2819.664 ; gain = 0.000 ; free physical = 5205 ; free virtual = 17813
Reading routing.
Read RouteStorage: Time (s): cpu = 00:00:00.08 ; elapsed = 00:00:00.08 . Memory (MB): peak = 2819.664 ; gain = 0.000 ; free physical = 5205 ; free virtual = 17813
Read Physdb Files: Time (s): cpu = 00:00:00.29 ; elapsed = 00:00:00.3 . Memory (MB): peak = 2819.664 ; gain = 0.000 ; free physical = 5205 ; free virtual = 17813
Restored from archive | CPU: 0.290000 secs | Memory: 6.733795 MB |
Finished XDEF File Restore: Time (s): cpu = 00:00:00.29 ; elapsed = 00:00:00.3 . Memory (MB): peak = 2819.664 ; gain = 0.000 ; free physical = 5205 ; free virtual = 17813
Netlist sorting complete. Time (s): cpu = 00:00:00 ; elapsed = 00:00:00 . Memory (MB): peak = 2819.664 ; gain = 0.000 ; free physical = 5205 ; free virtual = 17813
INFO: [Project 1-111] Unisim Transformation Summary:
  A total of 6 instances were transformed.
  RAM32M => RAM32M (RAMD32(x6), RAMS32(x2)): 6 instances

INFO: [Project 1-604] Checkpoint was created with Vivado v2023.2 (64-bit) build 4029153
WARNING: [Vivado 12-23575] Critical violations of the methodology design rules detected. Critical violations may contribute to timing failures or cause functional issues in hardware. Run report_methodology for more information.
open_checkpoint: Time (s): cpu = 00:00:06 ; elapsed = 00:00:06 . Memory (MB): peak = 2819.699 ; gain = 552.449 ; free physical = 5205 ; free virtual = 17813
# write_verilog -force -mode funcsim "mapped/${design_top}.sv"
# if {$do_timing && ($design_top in {"system_fpga" "system"})} {
#     puts "================================================================"
#     puts "Calculating Maximum Frequency (Fmax) for each clock..."
#     set all_clocks [get_clocks]
# 
#     foreach clock_name [get_property NAME $all_clocks] {
#         set target_period [get_property PERIOD [get_clocks $clock_name]]
#         set timing_paths [get_timing_paths -setup -nworst 1 -max_paths 1 -from [get_clocks $clock_name] -to [get_clocks $clock_name]]
#         if {[llength $timing_paths] > 0} {
#             set wns [get_property SLACK $timing_paths]
#             set actual_period [expr {$target_period - $wns}]
#             if {$actual_period > 0} {
#                 set fmax_mhz [expr {1000.0 / $actual_period}]
#                 set target_fmax_mhz [expr {1000.0 / $target_period}]
#                 if {$fmax_mhz > $target_fmax_mhz} {
#                     puts [format "  - Clock: %-15s | Target: %7.2f MHz | Fmax: %7.2f MHz (%7.2f MHz)" $clock_name $target_fmax_mhz $target_fmax_mhz $fmax_mhz]
#                 } else {
#                     puts [format "  - Clock: %-15s | Target: %7.2f MHz | Fmax: %7.2f MHz" $clock_name $target_fmax_mhz $fmax_mhz]
#                 }
#             } else {
#                 puts "  - Clock: $clock_name -> Path failed too severely to calculate a realistic Fmax."
#             }
#         } else {
#             puts "  - Clock: $clock_name -> No intra-clock paths found to analyze for Fmax."
#         }
#     }     
#     puts "================================================================"
#     if {$design_top == "system"} {
#     # define the clock crossings
#         set crossing_pairs [list \
#             {CPUCLK MAIN} \
#             {MAIN CPUCLK} \
#         ]
# 
#         foreach pair $crossing_pairs {
#             set from_clk [lindex $pair 0]
#             set to_clk [lindex $pair 1]
# 
#             set timing_paths [get_timing_paths -setup -nworst 1 -max_paths 1 -from [get_clocks $from_clk] -to [get_clocks $to_clk]]
# 
#             if {[llength $timing_paths] > 0} {
#                 set wns [get_property SLACK $timing_paths]
#                 set requirement [get_property REQUIREMENT $timing_paths]
#                 set corrected_wns [expr {$wns + $requirement}]
#                 set actual_delay [expr {$requirement - $wns}]
#                 set effective_fmax 0
#                 if {$actual_delay > 0} {
#                     set effective_fmax [expr {1000.0 / $actual_delay}]
#                 }
#                 puts [format "  - Path: %-8s -> %-8s | WNS: %8.3fns | Effective Freq: %7.2f MHz" $from_clk $to_clk $corrected_wns $effective_fmax]    
#             } else {
#                 puts "  - Path: $from_clk -> $to_clk | No timed paths found."
#             }
#         }
#         puts "================================================================"
#     }
# }
================================================================
Calculating Maximum Frequency (Fmax) for each clock...
  - Clock: MAIN            | Target:  200.00 MHz | Fmax:  112.85 MHz
  - Clock: CPUCLK          | Target:  100.00 MHz | Fmax:   74.35 MHz
  - Clock: dbg_hub/inst/BSCANID.u_xsdbm_id/SWITCH_N_EXT_BSCAN.bscan_inst/SERIES7_BSCAN.bscan_inst/TCK | Target:   30.30 MHz | Fmax:   30.30 MHz ( 148.37 MHz)
================================================================
# report_utilization -file $output_dir/utilization.rpt
# report_timing_summary -file $output_dir/timing.rpt
WARNING: [Timing 38-436] There are set_bus_skew constraint(s) in this design. Please run report_bus_skew to ensure that bus skew requirements are met.
# report_timing -nworst 10 -file $output_dir/worst_timing_paths.rpt
INFO: [Timing 38-78] ReportTimingParams: -max_paths 1 -nworst 10 -delay_type max -sort_by slack.
INFO: [Common 17-206] Exiting Vivado at Thu Oct  9 18:28:05 2025...
