Analysis & Synthesis report for system
Thu Sep 18 18:05:12 2025
Quartus Prime Version 21.1.1 Build 850 06/23/2022 SJ Standard Edition


---------------------
; Table of Contents ;
---------------------
  1. Legal Notice
  2. Analysis & Synthesis Summary
  3. Analysis & Synthesis Settings
  4. Parallel Compilation
  5. Analysis & Synthesis Source Files Read
  6. Analysis & Synthesis Resource Usage Summary
  7. Analysis & Synthesis Resource Utilization by Entity
  8. Analysis & Synthesis RAM Summary
  9. Analysis & Synthesis IP Cores Summary
 10. Registers Removed During Synthesis
 11. General Register Statistics
 12. Inverted Register Statistics
 13. Multiplexer Restructuring Statistics (Restructuring Performed)
 14. Source assignments for ram:RAM|altsyncram:altsyncram_component|altsyncram_99f1:auto_generated|altsyncram_fta2:altsyncram1
 15. Parameter Settings for User Entity Instance: singlecycle:CPU
 16. Parameter Settings for User Entity Instance: singlecycle:CPU|cache_control_if:ccif
 17. Parameter Settings for User Entity Instance: singlecycle:CPU|datapath:DP
 18. Parameter Settings for User Entity Instance: singlecycle:CPU|caches:CM
 19. Parameter Settings for User Entity Instance: singlecycle:CPU|memory_control:CC
 20. Parameter Settings for User Entity Instance: ram:RAM
 21. Parameter Settings for User Entity Instance: ram:RAM|altsyncram:altsyncram_component
 22. altsyncram Parameter Settings by Entity Instance
 23. In-System Memory Content Editor Settings
 24. Post-Synthesis Netlist Statistics for Top Partition
 25. Post-Synthesis Netlist Statistics for Partition sld_hub:auto_hub
 26. Elapsed Time Per Partition
 27. Analysis & Synthesis Messages
 28. Analysis & Synthesis Suppressed Messages



----------------
; Legal Notice ;
----------------
Copyright (C) 2022  Intel Corporation. All rights reserved.
Your use of Intel Corporation's design tools, logic functions 
and other software and tools, and any partner logic 
functions, and any output files from any of the foregoing 
(including device programming or simulation files), and any 
associated documentation or information are expressly subject 
to the terms and conditions of the Intel Program License 
Subscription Agreement, the Intel Quartus Prime License Agreement,
the Intel FPGA IP License Agreement, or other applicable license
agreement, including, without limitation, that your use is for
the sole purpose of programming logic devices manufactured by
Intel and sold by Intel or its authorized distributors.  Please
refer to the applicable agreement for further details, at
https://fpgasoftware.intel.com/eula.



+--------------------------------------------------------------------------------------+
; Analysis & Synthesis Summary                                                         ;
+------------------------------------+-------------------------------------------------+
; Analysis & Synthesis Status        ; Successful - Thu Sep 18 18:05:12 2025           ;
; Quartus Prime Version              ; 21.1.1 Build 850 06/23/2022 SJ Standard Edition ;
; Revision Name                      ; system                                          ;
; Top-level Entity Name              ; system                                          ;
; Family                             ; Cyclone IV E                                    ;
; Total logic elements               ; 4,014                                           ;
;     Total combinational functions  ; 3,021                                           ;
;     Dedicated logic registers      ; 1,288                                           ;
; Total registers                    ; 1288                                            ;
; Total pins                         ; 148                                             ;
; Total virtual pins                 ; 0                                               ;
; Total memory bits                  ; 524,288                                         ;
; Embedded Multiplier 9-bit elements ; 0                                               ;
; Total PLLs                         ; 0                                               ;
+------------------------------------+-------------------------------------------------+


+------------------------------------------------------------------------------------------------------------+
; Analysis & Synthesis Settings                                                                              ;
+------------------------------------------------------------------+--------------------+--------------------+
; Option                                                           ; Setting            ; Default Value      ;
+------------------------------------------------------------------+--------------------+--------------------+
; Device                                                           ; EP4CE115F29C8      ;                    ;
; Top-level entity name                                            ; system             ; system             ;
; Family name                                                      ; Cyclone IV E       ; Cyclone V          ;
; Use smart compilation                                            ; On                 ; Off                ;
; Maximum processors allowed for parallel compilation              ; 4                  ;                    ;
; Verilog Show LMF Mapping Messages                                ; Off                ;                    ;
; Verilog Version                                                  ; SystemVerilog_2005 ; Verilog_2001       ;
; Enable parallel Assembler and Timing Analyzer during compilation ; On                 ; On                 ;
; Enable compact report table                                      ; Off                ; Off                ;
; Restructure Multiplexers                                         ; Auto               ; Auto               ;
; Create Debugging Nodes for IP Cores                              ; Off                ; Off                ;
; Preserve fewer node names                                        ; On                 ; On                 ;
; Intel FPGA IP Evaluation Mode                                    ; Enable             ; Enable             ;
; VHDL Version                                                     ; VHDL_1993          ; VHDL_1993          ;
; State Machine Processing                                         ; Auto               ; Auto               ;
; Safe State Machine                                               ; Off                ; Off                ;
; Extract Verilog State Machines                                   ; On                 ; On                 ;
; Extract VHDL State Machines                                      ; On                 ; On                 ;
; Ignore Verilog initial constructs                                ; Off                ; Off                ;
; Iteration limit for constant Verilog loops                       ; 5000               ; 5000               ;
; Iteration limit for non-constant Verilog loops                   ; 250                ; 250                ;
; Add Pass-Through Logic to Inferred RAMs                          ; On                 ; On                 ;
; Infer RAMs from Raw Logic                                        ; On                 ; On                 ;
; Parallel Synthesis                                               ; On                 ; On                 ;
; DSP Block Balancing                                              ; Auto               ; Auto               ;
; NOT Gate Push-Back                                               ; On                 ; On                 ;
; Power-Up Don't Care                                              ; On                 ; On                 ;
; Remove Redundant Logic Cells                                     ; Off                ; Off                ;
; Remove Duplicate Registers                                       ; On                 ; On                 ;
; Ignore CARRY Buffers                                             ; Off                ; Off                ;
; Ignore CASCADE Buffers                                           ; Off                ; Off                ;
; Ignore GLOBAL Buffers                                            ; Off                ; Off                ;
; Ignore ROW GLOBAL Buffers                                        ; Off                ; Off                ;
; Ignore LCELL Buffers                                             ; Off                ; Off                ;
; Ignore SOFT Buffers                                              ; On                 ; On                 ;
; Limit AHDL Integers to 32 Bits                                   ; Off                ; Off                ;
; Optimization Technique                                           ; Balanced           ; Balanced           ;
; Carry Chain Length                                               ; 70                 ; 70                 ;
; Auto Carry Chains                                                ; On                 ; On                 ;
; Auto Open-Drain Pins                                             ; On                 ; On                 ;
; Perform WYSIWYG Primitive Resynthesis                            ; Off                ; Off                ;
; Auto ROM Replacement                                             ; On                 ; On                 ;
; Auto RAM Replacement                                             ; On                 ; On                 ;
; Auto DSP Block Replacement                                       ; On                 ; On                 ;
; Auto Shift Register Replacement                                  ; Auto               ; Auto               ;
; Allow Shift Register Merging across Hierarchies                  ; Auto               ; Auto               ;
; Auto Clock Enable Replacement                                    ; On                 ; On                 ;
; Strict RAM Replacement                                           ; Off                ; Off                ;
; Allow Synchronous Control Signals                                ; On                 ; On                 ;
; Force Use of Synchronous Clear Signals                           ; Off                ; Off                ;
; Auto RAM Block Balancing                                         ; On                 ; On                 ;
; Auto RAM to Logic Cell Conversion                                ; Off                ; Off                ;
; Auto Resource Sharing                                            ; Off                ; Off                ;
; Allow Any RAM Size For Recognition                               ; Off                ; Off                ;
; Allow Any ROM Size For Recognition                               ; Off                ; Off                ;
; Allow Any Shift Register Size For Recognition                    ; Off                ; Off                ;
; Use LogicLock Constraints during Resource Balancing              ; On                 ; On                 ;
; Ignore translate_off and synthesis_off directives                ; Off                ; Off                ;
; Timing-Driven Synthesis                                          ; On                 ; On                 ;
; Report Parameter Settings                                        ; On                 ; On                 ;
; Report Source Assignments                                        ; On                 ; On                 ;
; Report Connectivity Checks                                       ; On                 ; On                 ;
; Ignore Maximum Fan-Out Assignments                               ; Off                ; Off                ;
; Synchronization Register Chain Length                            ; 2                  ; 2                  ;
; Power Optimization During Synthesis                              ; Normal compilation ; Normal compilation ;
; HDL message level                                                ; Level2             ; Level2             ;
; Suppress Register Optimization Related Messages                  ; Off                ; Off                ;
; Number of Removed Registers Reported in Synthesis Report         ; 5000               ; 5000               ;
; Number of Swept Nodes Reported in Synthesis Report               ; 5000               ; 5000               ;
; Number of Inverted Registers Reported in Synthesis Report        ; 100                ; 100                ;
; Clock MUX Protection                                             ; On                 ; On                 ;
; Auto Gated Clock Conversion                                      ; Off                ; Off                ;
; Block Design Naming                                              ; Auto               ; Auto               ;
; SDC constraint protection                                        ; Off                ; Off                ;
; Synthesis Effort                                                 ; Auto               ; Auto               ;
; Shift Register Replacement - Allow Asynchronous Clear Signal     ; On                 ; On                 ;
; Pre-Mapping Resynthesis Optimization                             ; Off                ; Off                ;
; Analysis & Synthesis Message Level                               ; Medium             ; Medium             ;
; Disable Register Merging Across Hierarchies                      ; Auto               ; Auto               ;
; Resource Aware Inference For Block RAM                           ; On                 ; On                 ;
+------------------------------------------------------------------+--------------------+--------------------+


+------------------------------------------+
; Parallel Compilation                     ;
+----------------------------+-------------+
; Processors                 ; Number      ;
+----------------------------+-------------+
; Number detected on machine ; 8           ;
; Maximum allowed            ; 4           ;
;                            ;             ;
; Average used               ; 1.00        ;
; Maximum used               ; 4           ;
;                            ;             ;
; Usage by Processor         ; % Time Used ;
;     Processor 1            ; 100.0%      ;
;     Processor 2            ;   0.1%      ;
;     Processor 3            ;   0.1%      ;
;     Processor 4            ;   0.1%      ;
+----------------------------+-------------+


+------------------------------------------------------------------------------------------------------------------------------------------------------------------------------------------------------------------------------------------------------------------------------+
; Analysis & Synthesis Source Files Read                                                                                                                                                                                                                                       ;
+--------------------------------------------------------------------+-----------------+----------------------------------------------+--------------------------------------------------------------------------------------------------------------------------+-------------+
; File Name with User-Entered Path                                   ; Used in Netlist ; File Type                                    ; File Name with Absolute Path                                                                                             ; Library     ;
+--------------------------------------------------------------------+-----------------+----------------------------------------------+--------------------------------------------------------------------------------------------------------------------------+-------------+
; ../source/alu.sv                                                   ; yes             ; User SystemVerilog HDL File                  ; /home/ecegridfs/a/437mg063/ece437/processors/source/alu.sv                                                               ;             ;
; ../source/caches.sv                                                ; yes             ; User SystemVerilog HDL File                  ; /home/ecegridfs/a/437mg063/ece437/processors/source/caches.sv                                                            ;             ;
; ../source/control_unit.sv                                          ; yes             ; User SystemVerilog HDL File                  ; /home/ecegridfs/a/437mg063/ece437/processors/source/control_unit.sv                                                      ;             ;
; ../source/datapath.sv                                              ; yes             ; User SystemVerilog HDL File                  ; /home/ecegridfs/a/437mg063/ece437/processors/source/datapath.sv                                                          ;             ;
; ../source/memory_control.sv                                        ; yes             ; User SystemVerilog HDL File                  ; /home/ecegridfs/a/437mg063/ece437/processors/source/memory_control.sv                                                    ;             ;
; ../source/pc.sv                                                    ; yes             ; User SystemVerilog HDL File                  ; /home/ecegridfs/a/437mg063/ece437/processors/source/pc.sv                                                                ;             ;
; ../source/ram.sv                                                   ; yes             ; User SystemVerilog HDL File                  ; /home/ecegridfs/a/437mg063/ece437/processors/source/ram.sv                                                               ;             ;
; ../source/register_file.sv                                         ; yes             ; User SystemVerilog HDL File                  ; /home/ecegridfs/a/437mg063/ece437/processors/source/register_file.sv                                                     ;             ;
; ../source/request_unit.sv                                          ; yes             ; User SystemVerilog HDL File                  ; /home/ecegridfs/a/437mg063/ece437/processors/source/request_unit.sv                                                      ;             ;
; ../source/singlecycle.sv                                           ; yes             ; User SystemVerilog HDL File                  ; /home/ecegridfs/a/437mg063/ece437/processors/source/singlecycle.sv                                                       ;             ;
; ../source/system.sv                                                ; yes             ; User SystemVerilog HDL File                  ; /home/ecegridfs/a/437mg063/ece437/processors/source/system.sv                                                            ;             ;
; cpu_types_pkg.vh                                                   ; yes             ; Auto-Found Unspecified File                  ; /home/ecegridfs/a/437mg063/ece437/processors/include/cpu_types_pkg.vh                                                    ;             ;
; alu_if.vh                                                          ; yes             ; Auto-Found Unspecified File                  ; /home/ecegridfs/a/437mg063/ece437/processors/include/alu_if.vh                                                           ;             ;
; datapath_cache_if.vh                                               ; yes             ; Auto-Found Unspecified File                  ; /home/ecegridfs/a/437mg063/ece437/processors/include/datapath_cache_if.vh                                                ;             ;
; caches_if.vh                                                       ; yes             ; Auto-Found Unspecified File                  ; /home/ecegridfs/a/437mg063/ece437/processors/include/caches_if.vh                                                        ;             ;
; control_unit_if.vh                                                 ; yes             ; Auto-Found Unspecified File                  ; /home/ecegridfs/a/437mg063/ece437/processors/include/control_unit_if.vh                                                  ;             ;
; request_unit_if.vh                                                 ; yes             ; Auto-Found Unspecified File                  ; /home/ecegridfs/a/437mg063/ece437/processors/include/request_unit_if.vh                                                  ;             ;
; register_file_if.vh                                                ; yes             ; Auto-Found Unspecified File                  ; /home/ecegridfs/a/437mg063/ece437/processors/include/register_file_if.vh                                                 ;             ;
; cache_control_if.vh                                                ; yes             ; Auto-Found Unspecified File                  ; /home/ecegridfs/a/437mg063/ece437/processors/include/cache_control_if.vh                                                 ;             ;
; pc_if.vh                                                           ; yes             ; Auto-Found Unspecified File                  ; /home/ecegridfs/a/437mg063/ece437/processors/include/pc_if.vh                                                            ;             ;
; cpu_ram_if.vh                                                      ; yes             ; Auto-Found Unspecified File                  ; /home/ecegridfs/a/437mg063/ece437/processors/include/cpu_ram_if.vh                                                       ;             ;
; system_if.vh                                                       ; yes             ; Auto-Found Unspecified File                  ; /home/ecegridfs/a/437mg063/ece437/processors/include/system_if.vh                                                        ;             ;
; altsyncram.tdf                                                     ; yes             ; Megafunction                                 ; /package/eda/intelFPGA/quartus21.1/quartus/libraries/megafunctions/altsyncram.tdf                                        ;             ;
; stratix_ram_block.inc                                              ; yes             ; Megafunction                                 ; /package/eda/intelFPGA/quartus21.1/quartus/libraries/megafunctions/stratix_ram_block.inc                                 ;             ;
; lpm_mux.inc                                                        ; yes             ; Megafunction                                 ; /package/eda/intelFPGA/quartus21.1/quartus/libraries/megafunctions/lpm_mux.inc                                           ;             ;
; lpm_decode.inc                                                     ; yes             ; Megafunction                                 ; /package/eda/intelFPGA/quartus21.1/quartus/libraries/megafunctions/lpm_decode.inc                                        ;             ;
; aglobal211.inc                                                     ; yes             ; Megafunction                                 ; /package/eda/intelFPGA/quartus21.1/quartus/libraries/megafunctions/aglobal211.inc                                        ;             ;
; a_rdenreg.inc                                                      ; yes             ; Megafunction                                 ; /package/eda/intelFPGA/quartus21.1/quartus/libraries/megafunctions/a_rdenreg.inc                                         ;             ;
; altrom.inc                                                         ; yes             ; Megafunction                                 ; /package/eda/intelFPGA/quartus21.1/quartus/libraries/megafunctions/altrom.inc                                            ;             ;
; altram.inc                                                         ; yes             ; Megafunction                                 ; /package/eda/intelFPGA/quartus21.1/quartus/libraries/megafunctions/altram.inc                                            ;             ;
; altdpram.inc                                                       ; yes             ; Megafunction                                 ; /package/eda/intelFPGA/quartus21.1/quartus/libraries/megafunctions/altdpram.inc                                          ;             ;
; db/altsyncram_99f1.tdf                                             ; yes             ; Auto-Generated Megafunction                  ; /home/ecegridfs/a/437mg063/ece437/processors/._system/db/altsyncram_99f1.tdf                                             ;             ;
; db/altsyncram_fta2.tdf                                             ; yes             ; Auto-Generated Megafunction                  ; /home/ecegridfs/a/437mg063/ece437/processors/._system/db/altsyncram_fta2.tdf                                             ;             ;
; meminit.hex                                                        ; yes             ; Auto-Found Memory Initialization File        ; /home/ecegridfs/a/437mg063/ece437/processors/._system/meminit.hex                                                        ;             ;
; db/decode_jsa.tdf                                                  ; yes             ; Auto-Generated Megafunction                  ; /home/ecegridfs/a/437mg063/ece437/processors/._system/db/decode_jsa.tdf                                                  ;             ;
; db/decode_c8a.tdf                                                  ; yes             ; Auto-Generated Megafunction                  ; /home/ecegridfs/a/437mg063/ece437/processors/._system/db/decode_c8a.tdf                                                  ;             ;
; db/mux_gob.tdf                                                     ; yes             ; Auto-Generated Megafunction                  ; /home/ecegridfs/a/437mg063/ece437/processors/._system/db/mux_gob.tdf                                                     ;             ;
; sld_mod_ram_rom.vhd                                                ; yes             ; Encrypted Megafunction                       ; /package/eda/intelFPGA/quartus21.1/quartus/libraries/megafunctions/sld_mod_ram_rom.vhd                                   ;             ;
; sld_jtag_endpoint_adapter.vhd                                      ; yes             ; Encrypted Megafunction                       ; /package/eda/intelFPGA/quartus21.1/quartus/libraries/megafunctions/sld_jtag_endpoint_adapter.vhd                         ;             ;
; sld_jtag_endpoint_adapter_impl.sv                                  ; yes             ; Encrypted Megafunction                       ; /package/eda/intelFPGA/quartus21.1/quartus/libraries/megafunctions/sld_jtag_endpoint_adapter_impl.sv                     ;             ;
; sld_rom_sr.vhd                                                     ; yes             ; Encrypted Megafunction                       ; /package/eda/intelFPGA/quartus21.1/quartus/libraries/megafunctions/sld_rom_sr.vhd                                        ;             ;
; sld_hub.vhd                                                        ; yes             ; Encrypted Megafunction                       ; /package/eda/intelFPGA/quartus21.1/quartus/libraries/megafunctions/sld_hub.vhd                                           ; altera_sld  ;
; db/ip/sld6c6326ae/alt_sld_fab.v                                    ; yes             ; Encrypted Auto-Found Verilog HDL File        ; /home/ecegridfs/a/437mg063/ece437/processors/._system/db/ip/sld6c6326ae/alt_sld_fab.v                                    ; alt_sld_fab ;
; db/ip/sld6c6326ae/submodules/alt_sld_fab_alt_sld_fab.v             ; yes             ; Encrypted Auto-Found Verilog HDL File        ; /home/ecegridfs/a/437mg063/ece437/processors/._system/db/ip/sld6c6326ae/submodules/alt_sld_fab_alt_sld_fab.v             ; alt_sld_fab ;
; db/ip/sld6c6326ae/submodules/alt_sld_fab_alt_sld_fab_ident.sv      ; yes             ; Auto-Found SystemVerilog HDL File            ; /home/ecegridfs/a/437mg063/ece437/processors/._system/db/ip/sld6c6326ae/submodules/alt_sld_fab_alt_sld_fab_ident.sv      ; alt_sld_fab ;
; db/ip/sld6c6326ae/submodules/alt_sld_fab_alt_sld_fab_presplit.sv   ; yes             ; Encrypted Auto-Found SystemVerilog HDL File  ; /home/ecegridfs/a/437mg063/ece437/processors/._system/db/ip/sld6c6326ae/submodules/alt_sld_fab_alt_sld_fab_presplit.sv   ; alt_sld_fab ;
; db/ip/sld6c6326ae/submodules/alt_sld_fab_alt_sld_fab_sldfabric.vhd ; yes             ; Encrypted Auto-Found VHDL File               ; /home/ecegridfs/a/437mg063/ece437/processors/._system/db/ip/sld6c6326ae/submodules/alt_sld_fab_alt_sld_fab_sldfabric.vhd ; alt_sld_fab ;
; db/ip/sld6c6326ae/submodules/alt_sld_fab_alt_sld_fab_splitter.sv   ; yes             ; Encrypted Auto-Found SystemVerilog HDL File  ; /home/ecegridfs/a/437mg063/ece437/processors/._system/db/ip/sld6c6326ae/submodules/alt_sld_fab_alt_sld_fab_splitter.sv   ; alt_sld_fab ;
; sld_jtag_hub.vhd                                                   ; yes             ; Encrypted Megafunction                       ; /package/eda/intelFPGA/quartus21.1/quartus/libraries/megafunctions/sld_jtag_hub.vhd                                      ;             ;
+--------------------------------------------------------------------+-----------------+----------------------------------------------+--------------------------------------------------------------------------------------------------------------------------+-------------+


+----------------------------------------------------------+
; Analysis & Synthesis Resource Usage Summary              ;
+---------------------------------------------+------------+
; Resource                                    ; Usage      ;
+---------------------------------------------+------------+
; Estimated Total logic elements              ; 4,014      ;
;                                             ;            ;
; Total combinational functions               ; 3021       ;
; Logic element usage by number of LUT inputs ;            ;
;     -- 4 input functions                    ; 2178       ;
;     -- 3 input functions                    ; 655        ;
;     -- <=2 input functions                  ; 188        ;
;                                             ;            ;
; Logic elements by mode                      ;            ;
;     -- normal mode                          ; 2808       ;
;     -- arithmetic mode                      ; 213        ;
;                                             ;            ;
; Total registers                             ; 1288       ;
;     -- Dedicated logic registers            ; 1288       ;
;     -- I/O registers                        ; 0          ;
;                                             ;            ;
; I/O pins                                    ; 148        ;
; Total memory bits                           ; 524288     ;
;                                             ;            ;
; Embedded Multiplier 9-bit elements          ; 0          ;
;                                             ;            ;
; Maximum fan-out node                        ; nRST~input ;
; Maximum fan-out                             ; 1133       ;
; Total fan-out                               ; 18464      ;
; Average fan-out                             ; 3.95       ;
+---------------------------------------------+------------+


+----------------------------------------------------------------------------------------------------------------------------------------------------------------------------------------------------------------------------------------------------------------------------------------------------------------------------------------------------------------------------------------------------------------------------------------------------------------------------------------------------------------------------------------------------------------------------------------------------------------------------------------------------------------------------+
; Analysis & Synthesis Resource Utilization by Entity                                                                                                                                                                                                                                                                                                                                                                                                                                                                                                                                                                                                                        ;
+-----------------------------------------------------------------------------------------------------------------------------------------+---------------------+---------------------------+-------------+--------------+---------+-----------+------+--------------+----------------------------------------------------------------------------------------------------------------------------------------------------------------------------------------------------------------------------------------------------------------------------------------------------------------------------------------------------+-----------------------------------+--------------+
; Compilation Hierarchy Node                                                                                                              ; Combinational ALUTs ; Dedicated Logic Registers ; Memory Bits ; DSP Elements ; DSP 9x9 ; DSP 18x18 ; Pins ; Virtual Pins ; Full Hierarchy Name                                                                                                                                                                                                                                                                                                                                ; Entity Name                       ; Library Name ;
+-----------------------------------------------------------------------------------------------------------------------------------------+---------------------+---------------------------+-------------+--------------+---------+-----------+------+--------------+----------------------------------------------------------------------------------------------------------------------------------------------------------------------------------------------------------------------------------------------------------------------------------------------------------------------------------------------------+-----------------------------------+--------------+
; |system                                                                                                                                 ; 3021 (131)          ; 1288 (1)                  ; 524288      ; 0            ; 0       ; 0         ; 148  ; 0            ; |system                                                                                                                                                                                                                                                                                                                                            ; system                            ; work         ;
;    |ram:RAM|                                                                                                                            ; 167 (65)            ; 110 (38)                  ; 524288      ; 0            ; 0       ; 0         ; 0    ; 0            ; |system|ram:RAM                                                                                                                                                                                                                                                                                                                                    ; ram                               ; work         ;
;       |altsyncram:altsyncram_component|                                                                                                 ; 102 (0)             ; 72 (0)                    ; 524288      ; 0            ; 0       ; 0         ; 0    ; 0            ; |system|ram:RAM|altsyncram:altsyncram_component                                                                                                                                                                                                                                                                                                    ; altsyncram                        ; work         ;
;          |altsyncram_99f1:auto_generated|                                                                                               ; 102 (0)             ; 72 (0)                    ; 524288      ; 0            ; 0       ; 0         ; 0    ; 0            ; |system|ram:RAM|altsyncram:altsyncram_component|altsyncram_99f1:auto_generated                                                                                                                                                                                                                                                                     ; altsyncram_99f1                   ; work         ;
;             |altsyncram_fta2:altsyncram1|                                                                                               ; 4 (0)               ; 2 (2)                     ; 524288      ; 0            ; 0       ; 0         ; 0    ; 0            ; |system|ram:RAM|altsyncram:altsyncram_component|altsyncram_99f1:auto_generated|altsyncram_fta2:altsyncram1                                                                                                                                                                                                                                         ; altsyncram_fta2                   ; work         ;
;                |decode_jsa:decode4|                                                                                                     ; 2 (2)               ; 0 (0)                     ; 0           ; 0            ; 0       ; 0         ; 0    ; 0            ; |system|ram:RAM|altsyncram:altsyncram_component|altsyncram_99f1:auto_generated|altsyncram_fta2:altsyncram1|decode_jsa:decode4                                                                                                                                                                                                                      ; decode_jsa                        ; work         ;
;                |decode_jsa:decode5|                                                                                                     ; 2 (2)               ; 0 (0)                     ; 0           ; 0            ; 0       ; 0         ; 0    ; 0            ; |system|ram:RAM|altsyncram:altsyncram_component|altsyncram_99f1:auto_generated|altsyncram_fta2:altsyncram1|decode_jsa:decode5                                                                                                                                                                                                                      ; decode_jsa                        ; work         ;
;             |sld_mod_ram_rom:mgl_prim2|                                                                                                 ; 98 (76)             ; 70 (61)                   ; 0           ; 0            ; 0       ; 0         ; 0    ; 0            ; |system|ram:RAM|altsyncram:altsyncram_component|altsyncram_99f1:auto_generated|sld_mod_ram_rom:mgl_prim2                                                                                                                                                                                                                                           ; sld_mod_ram_rom                   ; work         ;
;                |sld_rom_sr:\ram_rom_logic_gen:name_gen:info_rom_sr|                                                                     ; 22 (22)             ; 9 (9)                     ; 0           ; 0            ; 0       ; 0         ; 0    ; 0            ; |system|ram:RAM|altsyncram:altsyncram_component|altsyncram_99f1:auto_generated|sld_mod_ram_rom:mgl_prim2|sld_rom_sr:\ram_rom_logic_gen:name_gen:info_rom_sr                                                                                                                                                                                        ; sld_rom_sr                        ; work         ;
;    |singlecycle:CPU|                                                                                                                    ; 2600 (0)            ; 1091 (0)                  ; 0           ; 0            ; 0       ; 0         ; 0    ; 0            ; |system|singlecycle:CPU                                                                                                                                                                                                                                                                                                                            ; singlecycle                       ; work         ;
;       |caches:CM|                                                                                                                       ; 98 (98)             ; 64 (64)                   ; 0           ; 0            ; 0       ; 0         ; 0    ; 0            ; |system|singlecycle:CPU|caches:CM                                                                                                                                                                                                                                                                                                                  ; caches                            ; work         ;
;       |datapath:DP|                                                                                                                     ; 2468 (302)          ; 1027 (1)                  ; 0           ; 0            ; 0       ; 0         ; 0    ; 0            ; |system|singlecycle:CPU|datapath:DP                                                                                                                                                                                                                                                                                                                ; datapath                          ; work         ;
;          |alu:ALU|                                                                                                                      ; 690 (690)           ; 0 (0)                     ; 0           ; 0            ; 0       ; 0         ; 0    ; 0            ; |system|singlecycle:CPU|datapath:DP|alu:ALU                                                                                                                                                                                                                                                                                                        ; alu                               ; work         ;
;          |control_unit:CTRLU|                                                                                                           ; 122 (122)           ; 0 (0)                     ; 0           ; 0            ; 0       ; 0         ; 0    ; 0            ; |system|singlecycle:CPU|datapath:DP|control_unit:CTRLU                                                                                                                                                                                                                                                                                             ; control_unit                      ; work         ;
;          |pc:PC|                                                                                                                        ; 29 (29)             ; 32 (32)                   ; 0           ; 0            ; 0       ; 0         ; 0    ; 0            ; |system|singlecycle:CPU|datapath:DP|pc:PC                                                                                                                                                                                                                                                                                                          ; pc                                ; work         ;
;          |register_file:REGF|                                                                                                           ; 1320 (1320)         ; 992 (992)                 ; 0           ; 0            ; 0       ; 0         ; 0    ; 0            ; |system|singlecycle:CPU|datapath:DP|register_file:REGF                                                                                                                                                                                                                                                                                             ; register_file                     ; work         ;
;          |request_unit:REQU|                                                                                                            ; 5 (5)               ; 2 (2)                     ; 0           ; 0            ; 0       ; 0         ; 0    ; 0            ; |system|singlecycle:CPU|datapath:DP|request_unit:REQU                                                                                                                                                                                                                                                                                              ; request_unit                      ; work         ;
;       |memory_control:CC|                                                                                                               ; 34 (34)             ; 0 (0)                     ; 0           ; 0            ; 0       ; 0         ; 0    ; 0            ; |system|singlecycle:CPU|memory_control:CC                                                                                                                                                                                                                                                                                                          ; memory_control                    ; work         ;
;    |sld_hub:auto_hub|                                                                                                                   ; 123 (1)             ; 86 (0)                    ; 0           ; 0            ; 0       ; 0         ; 0    ; 0            ; |system|sld_hub:auto_hub                                                                                                                                                                                                                                                                                                                           ; sld_hub                           ; altera_sld   ;
;       |alt_sld_fab_with_jtag_input:\instrumentation_fabric_with_node_gen:fabric_gen_new_way:with_jtag_input_gen:instrumentation_fabric| ; 122 (0)             ; 86 (0)                    ; 0           ; 0            ; 0       ; 0         ; 0    ; 0            ; |system|sld_hub:auto_hub|alt_sld_fab_with_jtag_input:\instrumentation_fabric_with_node_gen:fabric_gen_new_way:with_jtag_input_gen:instrumentation_fabric                                                                                                                                                                                           ; alt_sld_fab_with_jtag_input       ; altera_sld   ;
;          |alt_sld_fab:instrumentation_fabric|                                                                                           ; 122 (0)             ; 86 (0)                    ; 0           ; 0            ; 0       ; 0         ; 0    ; 0            ; |system|sld_hub:auto_hub|alt_sld_fab_with_jtag_input:\instrumentation_fabric_with_node_gen:fabric_gen_new_way:with_jtag_input_gen:instrumentation_fabric|alt_sld_fab:instrumentation_fabric                                                                                                                                                        ; alt_sld_fab                       ; alt_sld_fab  ;
;             |alt_sld_fab_alt_sld_fab:alt_sld_fab|                                                                                       ; 122 (1)             ; 86 (5)                    ; 0           ; 0            ; 0       ; 0         ; 0    ; 0            ; |system|sld_hub:auto_hub|alt_sld_fab_with_jtag_input:\instrumentation_fabric_with_node_gen:fabric_gen_new_way:with_jtag_input_gen:instrumentation_fabric|alt_sld_fab:instrumentation_fabric|alt_sld_fab_alt_sld_fab:alt_sld_fab                                                                                                                    ; alt_sld_fab_alt_sld_fab           ; alt_sld_fab  ;
;                |alt_sld_fab_alt_sld_fab_sldfabric:sldfabric|                                                                            ; 121 (0)             ; 81 (0)                    ; 0           ; 0            ; 0       ; 0         ; 0    ; 0            ; |system|sld_hub:auto_hub|alt_sld_fab_with_jtag_input:\instrumentation_fabric_with_node_gen:fabric_gen_new_way:with_jtag_input_gen:instrumentation_fabric|alt_sld_fab:instrumentation_fabric|alt_sld_fab_alt_sld_fab:alt_sld_fab|alt_sld_fab_alt_sld_fab_sldfabric:sldfabric                                                                        ; alt_sld_fab_alt_sld_fab_sldfabric ; alt_sld_fab  ;
;                   |sld_jtag_hub:\jtag_hub_gen:real_sld_jtag_hub|                                                                        ; 121 (85)            ; 81 (53)                   ; 0           ; 0            ; 0       ; 0         ; 0    ; 0            ; |system|sld_hub:auto_hub|alt_sld_fab_with_jtag_input:\instrumentation_fabric_with_node_gen:fabric_gen_new_way:with_jtag_input_gen:instrumentation_fabric|alt_sld_fab:instrumentation_fabric|alt_sld_fab_alt_sld_fab:alt_sld_fab|alt_sld_fab_alt_sld_fab_sldfabric:sldfabric|sld_jtag_hub:\jtag_hub_gen:real_sld_jtag_hub                           ; sld_jtag_hub                      ; work         ;
;                      |sld_rom_sr:hub_info_reg|                                                                                          ; 18 (18)             ; 9 (9)                     ; 0           ; 0            ; 0       ; 0         ; 0    ; 0            ; |system|sld_hub:auto_hub|alt_sld_fab_with_jtag_input:\instrumentation_fabric_with_node_gen:fabric_gen_new_way:with_jtag_input_gen:instrumentation_fabric|alt_sld_fab:instrumentation_fabric|alt_sld_fab_alt_sld_fab:alt_sld_fab|alt_sld_fab_alt_sld_fab_sldfabric:sldfabric|sld_jtag_hub:\jtag_hub_gen:real_sld_jtag_hub|sld_rom_sr:hub_info_reg   ; sld_rom_sr                        ; work         ;
;                      |sld_shadow_jsm:shadow_jsm|                                                                                        ; 18 (18)             ; 19 (19)                   ; 0           ; 0            ; 0       ; 0         ; 0    ; 0            ; |system|sld_hub:auto_hub|alt_sld_fab_with_jtag_input:\instrumentation_fabric_with_node_gen:fabric_gen_new_way:with_jtag_input_gen:instrumentation_fabric|alt_sld_fab:instrumentation_fabric|alt_sld_fab_alt_sld_fab:alt_sld_fab|alt_sld_fab_alt_sld_fab_sldfabric:sldfabric|sld_jtag_hub:\jtag_hub_gen:real_sld_jtag_hub|sld_shadow_jsm:shadow_jsm ; sld_shadow_jsm                    ; altera_sld   ;
+-----------------------------------------------------------------------------------------------------------------------------------------+---------------------+---------------------------+-------------+--------------+---------+-----------+------+--------------+----------------------------------------------------------------------------------------------------------------------------------------------------------------------------------------------------------------------------------------------------------------------------------------------------------------------------------------------------+-----------------------------------+--------------+
Note: For table entries with two numbers listed, the numbers in parentheses indicate the number of resources of the given type used by the specific entity alone. The numbers listed outside of parentheses indicate the total resources of the given type used by the specific entity and all of its sub-entities in the hierarchy.


+--------------------------------------------------------------------------------------------------------------------------------------------------------------------------------------------------------------------------+
; Analysis & Synthesis RAM Summary                                                                                                                                                                                         ;
+---------------------------------------------------------------------------------------------------------------+------+----------------+--------------+--------------+--------------+--------------+--------+-------------+
; Name                                                                                                          ; Type ; Mode           ; Port A Depth ; Port A Width ; Port B Depth ; Port B Width ; Size   ; MIF         ;
+---------------------------------------------------------------------------------------------------------------+------+----------------+--------------+--------------+--------------+--------------+--------+-------------+
; ram:RAM|altsyncram:altsyncram_component|altsyncram_99f1:auto_generated|altsyncram_fta2:altsyncram1|ALTSYNCRAM ; AUTO ; True Dual Port ; 16384        ; 32           ; 16384        ; 32           ; 524288 ; meminit.hex ;
+---------------------------------------------------------------------------------------------------------------+------+----------------+--------------+--------------+--------------+--------------+--------+-------------+


+---------------------------------------------------------------------------------------------------------------------------------------------------------------------------------------------------------------------------------------------------------------------------------------------------------------------------------------------------------------+
; Analysis & Synthesis IP Cores Summary                                                                                                                                                                                                                                                                                                                         ;
+--------+--------------+---------+--------------+--------------+-----------------------------------------------------------------------------------------------------------------------------------------------------------------------------------------------------------------------------------------------------------------------------+-----------------+
; Vendor ; IP Core Name ; Version ; Release Date ; License Type ; Entity Instance                                                                                                                                                                                                                                                             ; IP Include File ;
+--------+--------------+---------+--------------+--------------+-----------------------------------------------------------------------------------------------------------------------------------------------------------------------------------------------------------------------------------------------------------------------------+-----------------+
; Altera ; Signal Tap   ; N/A     ; N/A          ; Licensed     ; |system|sld_hub:auto_hub|alt_sld_fab_with_jtag_input:\instrumentation_fabric_with_node_gen:fabric_gen_new_way:with_jtag_input_gen:instrumentation_fabric|alt_sld_fab:instrumentation_fabric                                                                                 ;                 ;
; Altera ; Signal Tap   ; N/A     ; N/A          ; Licensed     ; |system|sld_hub:auto_hub|alt_sld_fab_with_jtag_input:\instrumentation_fabric_with_node_gen:fabric_gen_new_way:with_jtag_input_gen:instrumentation_fabric|alt_sld_fab:instrumentation_fabric|alt_sld_fab_alt_sld_fab:alt_sld_fab                                             ;                 ;
; Altera ; Signal Tap   ; N/A     ; N/A          ; Licensed     ; |system|sld_hub:auto_hub|alt_sld_fab_with_jtag_input:\instrumentation_fabric_with_node_gen:fabric_gen_new_way:with_jtag_input_gen:instrumentation_fabric|alt_sld_fab:instrumentation_fabric|alt_sld_fab_alt_sld_fab:alt_sld_fab|alt_sld_fab_alt_sld_fab_presplit:presplit   ;                 ;
; Altera ; Signal Tap   ; N/A     ; N/A          ; Licensed     ; |system|sld_hub:auto_hub|alt_sld_fab_with_jtag_input:\instrumentation_fabric_with_node_gen:fabric_gen_new_way:with_jtag_input_gen:instrumentation_fabric|alt_sld_fab:instrumentation_fabric|alt_sld_fab_alt_sld_fab:alt_sld_fab|alt_sld_fab_alt_sld_fab_sldfabric:sldfabric ;                 ;
; Altera ; Signal Tap   ; N/A     ; N/A          ; Licensed     ; |system|sld_hub:auto_hub|alt_sld_fab_with_jtag_input:\instrumentation_fabric_with_node_gen:fabric_gen_new_way:with_jtag_input_gen:instrumentation_fabric|alt_sld_fab:instrumentation_fabric|alt_sld_fab_alt_sld_fab:alt_sld_fab|alt_sld_fab_alt_sld_fab_splitter:splitter   ;                 ;
+--------+--------------+---------+--------------+--------------+-----------------------------------------------------------------------------------------------------------------------------------------------------------------------------------------------------------------------------------------------------------------------------+-----------------+


+--------------------------------------------------------------------------------------------------------------+
; Registers Removed During Synthesis                                                                           ;
+----------------------------------------------------------------+---------------------------------------------+
; Register name                                                  ; Reason for Removal                          ;
+----------------------------------------------------------------+---------------------------------------------+
; singlecycle:CPU|datapath:DP|register_file:REGF|register[0][0]  ; Stuck at GND due to stuck port clock_enable ;
; singlecycle:CPU|datapath:DP|register_file:REGF|register[0][1]  ; Stuck at GND due to stuck port clock_enable ;
; singlecycle:CPU|datapath:DP|register_file:REGF|register[0][2]  ; Stuck at GND due to stuck port clock_enable ;
; singlecycle:CPU|datapath:DP|register_file:REGF|register[0][3]  ; Stuck at GND due to stuck port clock_enable ;
; singlecycle:CPU|datapath:DP|register_file:REGF|register[0][4]  ; Stuck at GND due to stuck port clock_enable ;
; singlecycle:CPU|datapath:DP|register_file:REGF|register[0][5]  ; Stuck at GND due to stuck port clock_enable ;
; singlecycle:CPU|datapath:DP|register_file:REGF|register[0][6]  ; Stuck at GND due to stuck port clock_enable ;
; singlecycle:CPU|datapath:DP|register_file:REGF|register[0][7]  ; Stuck at GND due to stuck port clock_enable ;
; singlecycle:CPU|datapath:DP|register_file:REGF|register[0][8]  ; Stuck at GND due to stuck port clock_enable ;
; singlecycle:CPU|datapath:DP|register_file:REGF|register[0][9]  ; Stuck at GND due to stuck port clock_enable ;
; singlecycle:CPU|datapath:DP|register_file:REGF|register[0][10] ; Stuck at GND due to stuck port clock_enable ;
; singlecycle:CPU|datapath:DP|register_file:REGF|register[0][11] ; Stuck at GND due to stuck port clock_enable ;
; singlecycle:CPU|datapath:DP|register_file:REGF|register[0][12] ; Stuck at GND due to stuck port clock_enable ;
; singlecycle:CPU|datapath:DP|register_file:REGF|register[0][13] ; Stuck at GND due to stuck port clock_enable ;
; singlecycle:CPU|datapath:DP|register_file:REGF|register[0][14] ; Stuck at GND due to stuck port clock_enable ;
; singlecycle:CPU|datapath:DP|register_file:REGF|register[0][15] ; Stuck at GND due to stuck port clock_enable ;
; singlecycle:CPU|datapath:DP|register_file:REGF|register[0][16] ; Stuck at GND due to stuck port clock_enable ;
; singlecycle:CPU|datapath:DP|register_file:REGF|register[0][17] ; Stuck at GND due to stuck port clock_enable ;
; singlecycle:CPU|datapath:DP|register_file:REGF|register[0][18] ; Stuck at GND due to stuck port clock_enable ;
; singlecycle:CPU|datapath:DP|register_file:REGF|register[0][19] ; Stuck at GND due to stuck port clock_enable ;
; singlecycle:CPU|datapath:DP|register_file:REGF|register[0][20] ; Stuck at GND due to stuck port clock_enable ;
; singlecycle:CPU|datapath:DP|register_file:REGF|register[0][21] ; Stuck at GND due to stuck port clock_enable ;
; singlecycle:CPU|datapath:DP|register_file:REGF|register[0][22] ; Stuck at GND due to stuck port clock_enable ;
; singlecycle:CPU|datapath:DP|register_file:REGF|register[0][23] ; Stuck at GND due to stuck port clock_enable ;
; singlecycle:CPU|datapath:DP|register_file:REGF|register[0][24] ; Stuck at GND due to stuck port clock_enable ;
; singlecycle:CPU|datapath:DP|register_file:REGF|register[0][25] ; Stuck at GND due to stuck port clock_enable ;
; singlecycle:CPU|datapath:DP|register_file:REGF|register[0][26] ; Stuck at GND due to stuck port clock_enable ;
; singlecycle:CPU|datapath:DP|register_file:REGF|register[0][27] ; Stuck at GND due to stuck port clock_enable ;
; singlecycle:CPU|datapath:DP|register_file:REGF|register[0][28] ; Stuck at GND due to stuck port clock_enable ;
; singlecycle:CPU|datapath:DP|register_file:REGF|register[0][29] ; Stuck at GND due to stuck port clock_enable ;
; singlecycle:CPU|datapath:DP|register_file:REGF|register[0][30] ; Stuck at GND due to stuck port clock_enable ;
; singlecycle:CPU|datapath:DP|register_file:REGF|register[0][31] ; Stuck at GND due to stuck port clock_enable ;
; Total Number of Removed Registers = 32                         ;                                             ;
+----------------------------------------------------------------+---------------------------------------------+


+------------------------------------------------------+
; General Register Statistics                          ;
+----------------------------------------------+-------+
; Statistic                                    ; Value ;
+----------------------------------------------+-------+
; Total registers                              ; 1288  ;
; Number of registers using Synchronous Clear  ; 17    ;
; Number of registers using Synchronous Load   ; 57    ;
; Number of registers using Asynchronous Clear ; 1128  ;
; Number of registers using Asynchronous Load  ; 0     ;
; Number of registers using Clock Enable       ; 1244  ;
; Number of registers using Preset             ; 0     ;
+----------------------------------------------+-------+


+-------------------------------------------------------------------------------------------------------------------------------------------------------------------------------------------------------------------------------------------------------------------------------------------------------------------------------------------+
; Inverted Register Statistics                                                                                                                                                                                                                                                                                                              ;
+---------------------------------------------------------------------------------------------------------------------------------------------------------------------------------------------------------------------------------------------------------------------------------------------------------------------------------+---------+
; Inverted Register                                                                                                                                                                                                                                                                                                               ; Fan out ;
+---------------------------------------------------------------------------------------------------------------------------------------------------------------------------------------------------------------------------------------------------------------------------------------------------------------------------------+---------+
; ram:RAM|en[1]                                                                                                                                                                                                                                                                                                                   ; 1       ;
; ram:RAM|en[0]                                                                                                                                                                                                                                                                                                                   ; 1       ;
; sld_hub:auto_hub|alt_sld_fab_with_jtag_input:\instrumentation_fabric_with_node_gen:fabric_gen_new_way:with_jtag_input_gen:instrumentation_fabric|alt_sld_fab:instrumentation_fabric|alt_sld_fab_alt_sld_fab:alt_sld_fab|alt_sld_fab_alt_sld_fab_sldfabric:sldfabric|sld_jtag_hub:\jtag_hub_gen:real_sld_jtag_hub|jtag_ir_reg[2] ; 2       ;
; sld_hub:auto_hub|alt_sld_fab_with_jtag_input:\instrumentation_fabric_with_node_gen:fabric_gen_new_way:with_jtag_input_gen:instrumentation_fabric|alt_sld_fab:instrumentation_fabric|alt_sld_fab_alt_sld_fab:alt_sld_fab|alt_sld_fab_alt_sld_fab_sldfabric:sldfabric|sld_jtag_hub:\jtag_hub_gen:real_sld_jtag_hub|jtag_ir_reg[1] ; 3       ;
; Total number of inverted registers = 4                                                                                                                                                                                                                                                                                          ;         ;
+---------------------------------------------------------------------------------------------------------------------------------------------------------------------------------------------------------------------------------------------------------------------------------------------------------------------------------+---------+


+--------------------------------------------------------------------------------------------------------------------------------------------------------------------------------------------------------------------------------------------------------------------------------------------------------------------------------------------------------------------------------------------------------------------------------------------------------------------------------+
; Multiplexer Restructuring Statistics (Restructuring Performed)                                                                                                                                                                                                                                                                                                                                                                                                                 ;
+--------------------+-----------+---------------+----------------------+------------------------+------------+------------------------------------------------------------------------------------------------------------------------------------------------------------------------------------------------------------------------------------------------------------------------------------------------------------------------------------------------------------------+
; Multiplexer Inputs ; Bus Width ; Baseline Area ; Area if Restructured ; Saving if Restructured ; Registered ; Example Multiplexer Output                                                                                                                                                                                                                                                                                                                                       ;
+--------------------+-----------+---------------+----------------------+------------------------+------------+------------------------------------------------------------------------------------------------------------------------------------------------------------------------------------------------------------------------------------------------------------------------------------------------------------------------------------------------------------------+
; 3:1                ; 6 bits    ; 12 LEs        ; 6 LEs                ; 6 LEs                  ; Yes        ; |system|ram:RAM|altsyncram:altsyncram_component|altsyncram_99f1:auto_generated|sld_mod_ram_rom:mgl_prim2|ram_rom_data_shift_cntr_reg[1]                                                                                                                                                                                                                          ;
; 3:1                ; 14 bits   ; 28 LEs        ; 14 LEs               ; 14 LEs                 ; Yes        ; |system|ram:RAM|altsyncram:altsyncram_component|altsyncram_99f1:auto_generated|sld_mod_ram_rom:mgl_prim2|ram_rom_addr_reg[12]                                                                                                                                                                                                                                    ;
; 3:1                ; 4 bits    ; 8 LEs         ; 4 LEs                ; 4 LEs                  ; Yes        ; |system|ram:RAM|count[3]                                                                                                                                                                                                                                                                                                                                         ;
; 3:1                ; 64 bits   ; 128 LEs       ; 64 LEs               ; 64 LEs                 ; Yes        ; |system|singlecycle:CPU|caches:CM|daddr[11]                                                                                                                                                                                                                                                                                                                      ;
; 3:1                ; 2 bits    ; 4 LEs         ; 2 LEs                ; 2 LEs                  ; Yes        ; |system|singlecycle:CPU|datapath:DP|request_unit:REQU|ruif.dmemREN                                                                                                                                                                                                                                                                                               ;
; 4:1                ; 32 bits   ; 64 LEs        ; 64 LEs               ; 0 LEs                  ; Yes        ; |system|ram:RAM|altsyncram:altsyncram_component|altsyncram_99f1:auto_generated|sld_mod_ram_rom:mgl_prim2|ram_rom_data_reg[19]                                                                                                                                                                                                                                    ;
; 4:1                ; 5 bits    ; 10 LEs        ; 5 LEs                ; 5 LEs                  ; Yes        ; |system|ram:RAM|altsyncram:altsyncram_component|altsyncram_99f1:auto_generated|sld_mod_ram_rom:mgl_prim2|sld_rom_sr:\ram_rom_logic_gen:name_gen:info_rom_sr|word_counter[4]                                                                                                                                                                                      ;
; 26:1               ; 4 bits    ; 68 LEs        ; 44 LEs               ; 24 LEs                 ; Yes        ; |system|ram:RAM|altsyncram:altsyncram_component|altsyncram_99f1:auto_generated|sld_mod_ram_rom:mgl_prim2|sld_rom_sr:\ram_rom_logic_gen:name_gen:info_rom_sr|WORD_SR[2]                                                                                                                                                                                           ;
; 3:1                ; 32 bits   ; 64 LEs        ; 64 LEs               ; 0 LEs                  ; No         ; |system|ram:RAM|ramif.ramload[9]                                                                                                                                                                                                                                                                                                                                 ;
; 3:1                ; 5 bits    ; 10 LEs        ; 10 LEs               ; 0 LEs                  ; No         ; |system|singlecycle:CPU|datapath:DP|control_unit:CTRLU|Selector9                                                                                                                                                                                                                                                                                                 ;
; 3:1                ; 4 bits    ; 8 LEs         ; 4 LEs                ; 4 LEs                  ; No         ; |system|singlecycle:CPU|datapath:DP|control_unit:CTRLU|Selector25                                                                                                                                                                                                                                                                                                ;
; 3:1                ; 7 bits    ; 14 LEs        ; 7 LEs                ; 7 LEs                  ; No         ; |system|singlecycle:CPU|datapath:DP|control_unit:CTRLU|Selector25                                                                                                                                                                                                                                                                                                ;
; 4:1                ; 32 bits   ; 64 LEs        ; 64 LEs               ; 0 LEs                  ; No         ; |system|singlecycle:CPU|datapath:DP|Mux15                                                                                                                                                                                                                                                                                                                        ;
; 32:1               ; 32 bits   ; 672 LEs       ; 672 LEs              ; 0 LEs                  ; No         ; |system|singlecycle:CPU|datapath:DP|register_file:REGF|Mux53                                                                                                                                                                                                                                                                                                     ;
; 5:1                ; 31 bits   ; 93 LEs        ; 62 LEs               ; 31 LEs                 ; No         ; |system|singlecycle:CPU|datapath:DP|Selector27                                                                                                                                                                                                                                                                                                                   ;
; 32:1               ; 32 bits   ; 672 LEs       ; 672 LEs              ; 0 LEs                  ; No         ; |system|singlecycle:CPU|datapath:DP|register_file:REGF|Mux30                                                                                                                                                                                                                                                                                                     ;
; 7:1                ; 6 bits    ; 24 LEs        ; 12 LEs               ; 12 LEs                 ; No         ; |system|singlecycle:CPU|datapath:DP|control_unit:CTRLU|Selector4                                                                                                                                                                                                                                                                                                 ;
; 9:1                ; 7 bits    ; 42 LEs        ; 21 LEs               ; 21 LEs                 ; No         ; |system|singlecycle:CPU|datapath:DP|control_unit:CTRLU|Selector11                                                                                                                                                                                                                                                                                                ;
; 11:1               ; 4 bits    ; 28 LEs        ; 16 LEs               ; 12 LEs                 ; No         ; |system|singlecycle:CPU|datapath:DP|control_unit:CTRLU|Selector21                                                                                                                                                                                                                                                                                                ;
; 14:1               ; 7 bits    ; 63 LEs        ; 63 LEs               ; 0 LEs                  ; No         ; |system|singlecycle:CPU|datapath:DP|alu:ALU|Selector13                                                                                                                                                                                                                                                                                                           ;
; 13:1               ; 8 bits    ; 64 LEs        ; 64 LEs               ; 0 LEs                  ; No         ; |system|singlecycle:CPU|datapath:DP|alu:ALU|Selector22                                                                                                                                                                                                                                                                                                           ;
; 15:1               ; 4 bits    ; 40 LEs        ; 40 LEs               ; 0 LEs                  ; No         ; |system|singlecycle:CPU|datapath:DP|alu:ALU|Selector6                                                                                                                                                                                                                                                                                                            ;
; 14:1               ; 4 bits    ; 36 LEs        ; 36 LEs               ; 0 LEs                  ; No         ; |system|singlecycle:CPU|datapath:DP|alu:ALU|Selector24                                                                                                                                                                                                                                                                                                           ;
; 16:1               ; 2 bits    ; 20 LEs        ; 20 LEs               ; 0 LEs                  ; No         ; |system|singlecycle:CPU|datapath:DP|alu:ALU|Selector3                                                                                                                                                                                                                                                                                                            ;
; 15:1               ; 2 bits    ; 20 LEs        ; 20 LEs               ; 0 LEs                  ; No         ; |system|singlecycle:CPU|datapath:DP|alu:ALU|Selector29                                                                                                                                                                                                                                                                                                           ;
; 3:1                ; 7 bits    ; 14 LEs        ; 7 LEs                ; 7 LEs                  ; Yes        ; |system|sld_hub:auto_hub|alt_sld_fab_with_jtag_input:\instrumentation_fabric_with_node_gen:fabric_gen_new_way:with_jtag_input_gen:instrumentation_fabric|alt_sld_fab:instrumentation_fabric|alt_sld_fab_alt_sld_fab:alt_sld_fab|alt_sld_fab_alt_sld_fab_sldfabric:sldfabric|sld_jtag_hub:\jtag_hub_gen:real_sld_jtag_hub|irsr_reg[2]                             ;
; 3:1                ; 4 bits    ; 8 LEs         ; 4 LEs                ; 4 LEs                  ; Yes        ; |system|sld_hub:auto_hub|alt_sld_fab_with_jtag_input:\instrumentation_fabric_with_node_gen:fabric_gen_new_way:with_jtag_input_gen:instrumentation_fabric|alt_sld_fab:instrumentation_fabric|alt_sld_fab_alt_sld_fab:alt_sld_fab|alt_sld_fab_alt_sld_fab_sldfabric:sldfabric|sld_jtag_hub:\jtag_hub_gen:real_sld_jtag_hub|hub_minor_ver_reg[3]                    ;
; 4:1                ; 5 bits    ; 10 LEs        ; 5 LEs                ; 5 LEs                  ; Yes        ; |system|sld_hub:auto_hub|alt_sld_fab_with_jtag_input:\instrumentation_fabric_with_node_gen:fabric_gen_new_way:with_jtag_input_gen:instrumentation_fabric|alt_sld_fab:instrumentation_fabric|alt_sld_fab_alt_sld_fab:alt_sld_fab|alt_sld_fab_alt_sld_fab_sldfabric:sldfabric|sld_jtag_hub:\jtag_hub_gen:real_sld_jtag_hub|sld_rom_sr:hub_info_reg|word_counter[0] ;
; 4:1                ; 5 bits    ; 10 LEs        ; 5 LEs                ; 5 LEs                  ; Yes        ; |system|sld_hub:auto_hub|alt_sld_fab_with_jtag_input:\instrumentation_fabric_with_node_gen:fabric_gen_new_way:with_jtag_input_gen:instrumentation_fabric|alt_sld_fab:instrumentation_fabric|alt_sld_fab_alt_sld_fab:alt_sld_fab|alt_sld_fab_alt_sld_fab_sldfabric:sldfabric|sld_jtag_hub:\jtag_hub_gen:real_sld_jtag_hub|mixer_addr_reg_internal[1]              ;
; 34:1               ; 4 bits    ; 88 LEs        ; 60 LEs               ; 28 LEs                 ; Yes        ; |system|sld_hub:auto_hub|alt_sld_fab_with_jtag_input:\instrumentation_fabric_with_node_gen:fabric_gen_new_way:with_jtag_input_gen:instrumentation_fabric|alt_sld_fab:instrumentation_fabric|alt_sld_fab_alt_sld_fab:alt_sld_fab|alt_sld_fab_alt_sld_fab_sldfabric:sldfabric|sld_jtag_hub:\jtag_hub_gen:real_sld_jtag_hub|design_hash_reg[1]                      ;
; 20:1               ; 4 bits    ; 52 LEs        ; 32 LEs               ; 20 LEs                 ; Yes        ; |system|sld_hub:auto_hub|alt_sld_fab_with_jtag_input:\instrumentation_fabric_with_node_gen:fabric_gen_new_way:with_jtag_input_gen:instrumentation_fabric|alt_sld_fab:instrumentation_fabric|alt_sld_fab_alt_sld_fab:alt_sld_fab|alt_sld_fab_alt_sld_fab_sldfabric:sldfabric|sld_jtag_hub:\jtag_hub_gen:real_sld_jtag_hub|sld_rom_sr:hub_info_reg|WORD_SR[1]      ;
+--------------------+-----------+---------------+----------------------+------------------------+------------+------------------------------------------------------------------------------------------------------------------------------------------------------------------------------------------------------------------------------------------------------------------------------------------------------------------------------------------------------------------+


+---------------------------------------------------------------------------------------------------------------------------+
; Source assignments for ram:RAM|altsyncram:altsyncram_component|altsyncram_99f1:auto_generated|altsyncram_fta2:altsyncram1 ;
+---------------------------------+--------------------+------+-------------------------------------------------------------+
; Assignment                      ; Value              ; From ; To                                                          ;
+---------------------------------+--------------------+------+-------------------------------------------------------------+
; OPTIMIZE_POWER_DURING_SYNTHESIS ; NORMAL_COMPILATION ; -    ; -                                                           ;
+---------------------------------+--------------------+------+-------------------------------------------------------------+


+---------------------------------------------------------------------+
; Parameter Settings for User Entity Instance: singlecycle:CPU        ;
+----------------+----------------------------------+-----------------+
; Parameter Name ; Value                            ; Type            ;
+----------------+----------------------------------+-----------------+
; PC0            ; 00000000000000000000000000000000 ; Unsigned Binary ;
+----------------+----------------------------------+-----------------+
Note: In order to hide this table in the UI and the text report file, please set the "Show Parameter Settings in Synthesis Report" option in "Analysis and Synthesis Settings -> More Settings" to "Off".


+------------------------------------------------------------------------------------+
; Parameter Settings for User Entity Instance: singlecycle:CPU|cache_control_if:ccif ;
+----------------+-------+-----------------------------------------------------------+
; Parameter Name ; Value ; Type                                                      ;
+----------------+-------+-----------------------------------------------------------+
; CPUS           ; 1     ; Signed Integer                                            ;
+----------------+-------+-----------------------------------------------------------+
Note: In order to hide this table in the UI and the text report file, please set the "Show Parameter Settings in Synthesis Report" option in "Analysis and Synthesis Settings -> More Settings" to "Off".


+--------------------------------------------------------------------------+
; Parameter Settings for User Entity Instance: singlecycle:CPU|datapath:DP ;
+----------------+----------------------------------+----------------------+
; Parameter Name ; Value                            ; Type                 ;
+----------------+----------------------------------+----------------------+
; PC_INIT        ; 00000000000000000000000000000000 ; Unsigned Binary      ;
+----------------+----------------------------------+----------------------+
Note: In order to hide this table in the UI and the text report file, please set the "Show Parameter Settings in Synthesis Report" option in "Analysis and Synthesis Settings -> More Settings" to "Off".


+------------------------------------------------------------------------+
; Parameter Settings for User Entity Instance: singlecycle:CPU|caches:CM ;
+----------------+-------+-----------------------------------------------+
; Parameter Name ; Value ; Type                                          ;
+----------------+-------+-----------------------------------------------+
; CPUID          ; 0     ; Signed Integer                                ;
+----------------+-------+-----------------------------------------------+
Note: In order to hide this table in the UI and the text report file, please set the "Show Parameter Settings in Synthesis Report" option in "Analysis and Synthesis Settings -> More Settings" to "Off".


+--------------------------------------------------------------------------------+
; Parameter Settings for User Entity Instance: singlecycle:CPU|memory_control:CC ;
+----------------+-------+-------------------------------------------------------+
; Parameter Name ; Value ; Type                                                  ;
+----------------+-------+-------------------------------------------------------+
; CPUS           ; 1     ; Signed Integer                                        ;
+----------------+-------+-------------------------------------------------------+
Note: In order to hide this table in the UI and the text report file, please set the "Show Parameter Settings in Synthesis Report" option in "Analysis and Synthesis Settings -> More Settings" to "Off".


+---------------------------------------------------------------------+
; Parameter Settings for User Entity Instance: ram:RAM                ;
+----------------+----------------------------------+-----------------+
; Parameter Name ; Value                            ; Type            ;
+----------------+----------------------------------+-----------------+
; BAD            ; 10111010110100011011101011010001 ; Unsigned Binary ;
; LAT            ; 2                                ; Signed Integer  ;
+----------------+----------------------------------+-----------------+
Note: In order to hide this table in the UI and the text report file, please set the "Show Parameter Settings in Synthesis Report" option in "Analysis and Synthesis Settings -> More Settings" to "Off".


+--------------------------------------------------------------------------------------+
; Parameter Settings for User Entity Instance: ram:RAM|altsyncram:altsyncram_component ;
+------------------------------------+----------------------+--------------------------+
; Parameter Name                     ; Value                ; Type                     ;
+------------------------------------+----------------------+--------------------------+
; BYTE_SIZE_BLOCK                    ; 8                    ; Untyped                  ;
; AUTO_CARRY_CHAINS                  ; ON                   ; AUTO_CARRY               ;
; IGNORE_CARRY_BUFFERS               ; OFF                  ; IGNORE_CARRY             ;
; AUTO_CASCADE_CHAINS                ; ON                   ; AUTO_CASCADE             ;
; IGNORE_CASCADE_BUFFERS             ; OFF                  ; IGNORE_CASCADE           ;
; WIDTH_BYTEENA                      ; 1                    ; Untyped                  ;
; OPERATION_MODE                     ; SINGLE_PORT          ; Untyped                  ;
; WIDTH_A                            ; 32                   ; Signed Integer           ;
; WIDTHAD_A                          ; 14                   ; Signed Integer           ;
; NUMWORDS_A                         ; 16384                ; Signed Integer           ;
; OUTDATA_REG_A                      ; UNREGISTERED         ; Untyped                  ;
; ADDRESS_ACLR_A                     ; NONE                 ; Untyped                  ;
; OUTDATA_ACLR_A                     ; NONE                 ; Untyped                  ;
; WRCONTROL_ACLR_A                   ; NONE                 ; Untyped                  ;
; INDATA_ACLR_A                      ; NONE                 ; Untyped                  ;
; BYTEENA_ACLR_A                     ; NONE                 ; Untyped                  ;
; WIDTH_B                            ; 1                    ; Untyped                  ;
; WIDTHAD_B                          ; 1                    ; Untyped                  ;
; NUMWORDS_B                         ; 1                    ; Untyped                  ;
; INDATA_REG_B                       ; CLOCK1               ; Untyped                  ;
; WRCONTROL_WRADDRESS_REG_B          ; CLOCK1               ; Untyped                  ;
; RDCONTROL_REG_B                    ; CLOCK1               ; Untyped                  ;
; ADDRESS_REG_B                      ; CLOCK1               ; Untyped                  ;
; OUTDATA_REG_B                      ; UNREGISTERED         ; Untyped                  ;
; BYTEENA_REG_B                      ; CLOCK1               ; Untyped                  ;
; INDATA_ACLR_B                      ; NONE                 ; Untyped                  ;
; WRCONTROL_ACLR_B                   ; NONE                 ; Untyped                  ;
; ADDRESS_ACLR_B                     ; NONE                 ; Untyped                  ;
; OUTDATA_ACLR_B                     ; NONE                 ; Untyped                  ;
; RDCONTROL_ACLR_B                   ; NONE                 ; Untyped                  ;
; BYTEENA_ACLR_B                     ; NONE                 ; Untyped                  ;
; WIDTH_BYTEENA_A                    ; 1                    ; Signed Integer           ;
; WIDTH_BYTEENA_B                    ; 1                    ; Untyped                  ;
; RAM_BLOCK_TYPE                     ; AUTO                 ; Untyped                  ;
; BYTE_SIZE                          ; 8                    ; Untyped                  ;
; READ_DURING_WRITE_MODE_MIXED_PORTS ; DONT_CARE            ; Untyped                  ;
; READ_DURING_WRITE_MODE_PORT_A      ; NEW_DATA_NO_NBE_READ ; Untyped                  ;
; READ_DURING_WRITE_MODE_PORT_B      ; NEW_DATA_NO_NBE_READ ; Untyped                  ;
; INIT_FILE                          ; meminit.hex          ; Untyped                  ;
; INIT_FILE_LAYOUT                   ; PORT_A               ; Untyped                  ;
; MAXIMUM_DEPTH                      ; 0                    ; Untyped                  ;
; CLOCK_ENABLE_INPUT_A               ; BYPASS               ; Untyped                  ;
; CLOCK_ENABLE_INPUT_B               ; NORMAL               ; Untyped                  ;
; CLOCK_ENABLE_OUTPUT_A              ; BYPASS               ; Untyped                  ;
; CLOCK_ENABLE_OUTPUT_B              ; NORMAL               ; Untyped                  ;
; CLOCK_ENABLE_CORE_A                ; USE_INPUT_CLKEN      ; Untyped                  ;
; CLOCK_ENABLE_CORE_B                ; USE_INPUT_CLKEN      ; Untyped                  ;
; ENABLE_ECC                         ; FALSE                ; Untyped                  ;
; ECC_PIPELINE_STAGE_ENABLED         ; FALSE                ; Untyped                  ;
; WIDTH_ECCSTATUS                    ; 3                    ; Untyped                  ;
; DEVICE_FAMILY                      ; Cyclone IV E         ; Untyped                  ;
; CBXI_PARAMETER                     ; altsyncram_99f1      ; Untyped                  ;
+------------------------------------+----------------------+--------------------------+
Note: In order to hide this table in the UI and the text report file, please set the "Show Parameter Settings in Synthesis Report" option in "Analysis and Synthesis Settings -> More Settings" to "Off".


+-------------------------------------------------------------------------------------+
; altsyncram Parameter Settings by Entity Instance                                    ;
+-------------------------------------------+-----------------------------------------+
; Name                                      ; Value                                   ;
+-------------------------------------------+-----------------------------------------+
; Number of entity instances                ; 1                                       ;
; Entity Instance                           ; ram:RAM|altsyncram:altsyncram_component ;
;     -- OPERATION_MODE                     ; SINGLE_PORT                             ;
;     -- WIDTH_A                            ; 32                                      ;
;     -- NUMWORDS_A                         ; 16384                                   ;
;     -- OUTDATA_REG_A                      ; UNREGISTERED                            ;
;     -- WIDTH_B                            ; 1                                       ;
;     -- NUMWORDS_B                         ; 1                                       ;
;     -- ADDRESS_REG_B                      ; CLOCK1                                  ;
;     -- OUTDATA_REG_B                      ; UNREGISTERED                            ;
;     -- RAM_BLOCK_TYPE                     ; AUTO                                    ;
;     -- READ_DURING_WRITE_MODE_MIXED_PORTS ; DONT_CARE                               ;
+-------------------------------------------+-----------------------------------------+


+------------------------------------------------------------------------------------------------------------------------------------+
; In-System Memory Content Editor Settings                                                                                           ;
+----------------+-------------+-------+-------+------------+------------------------------------------------------------------------+
; Instance Index ; Instance ID ; Width ; Depth ; Mode       ; Hierarchy Location                                                     ;
+----------------+-------------+-------+-------+------------+------------------------------------------------------------------------+
; 0              ; RAM         ; 32    ; 16384 ; Read/Write ; ram:RAM|altsyncram:altsyncram_component|altsyncram_99f1:auto_generated ;
+----------------+-------------+-------+-------+------------+------------------------------------------------------------------------+


+-----------------------------------------------------+
; Post-Synthesis Netlist Statistics for Top Partition ;
+-----------------------+-----------------------------+
; Type                  ; Count                       ;
+-----------------------+-----------------------------+
; boundary_port         ; 175                         ;
; cycloneiii_ff         ; 1202                        ;
;     CLR               ; 13                          ;
;     CLR SLD           ; 1                           ;
;     ENA               ; 68                          ;
;     ENA CLR           ; 1067                        ;
;     ENA CLR SLD       ; 14                          ;
;     ENA SCLR          ; 5                           ;
;     ENA SLD           ; 32                          ;
;     plain             ; 2                           ;
; cycloneiii_lcell_comb ; 2898                        ;
;     arith             ; 205                         ;
;         2 data inputs ; 49                          ;
;         3 data inputs ; 156                         ;
;     normal            ; 2693                        ;
;         0 data inputs ; 1                           ;
;         1 data inputs ; 5                           ;
;         2 data inputs ; 94                          ;
;         3 data inputs ; 470                         ;
;         4 data inputs ; 2123                        ;
; cycloneiii_ram_block  ; 64                          ;
;                       ;                             ;
; Max LUT depth         ; 30.00                       ;
; Average LUT depth     ; 21.27                       ;
+-----------------------+-----------------------------+


+------------------------------------------------------------------+
; Post-Synthesis Netlist Statistics for Partition sld_hub:auto_hub ;
+-----------------------+------------------------------------------+
; Type                  ; Count                                    ;
+-----------------------+------------------------------------------+
; boundary_port         ; 103                                      ;
; cycloneiii_ff         ; 86                                       ;
;     CLR               ; 5                                        ;
;     ENA               ; 16                                       ;
;     ENA CLR           ; 27                                       ;
;     ENA CLR SLD       ; 1                                        ;
;     ENA SCLR          ; 5                                        ;
;     ENA SLD           ; 9                                        ;
;     SCLR              ; 7                                        ;
;     plain             ; 16                                       ;
; cycloneiii_lcell_comb ; 123                                      ;
;     arith             ; 8                                        ;
;         2 data inputs ; 8                                        ;
;     normal            ; 115                                      ;
;         0 data inputs ; 1                                        ;
;         1 data inputs ; 6                                        ;
;         2 data inputs ; 24                                       ;
;         3 data inputs ; 29                                       ;
;         4 data inputs ; 55                                       ;
;                       ;                                          ;
; Max LUT depth         ; 4.00                                     ;
; Average LUT depth     ; 1.91                                     ;
+-----------------------+------------------------------------------+


+---------------------------------+
; Elapsed Time Per Partition      ;
+------------------+--------------+
; Partition Name   ; Elapsed Time ;
+------------------+--------------+
; Top              ; 00:00:05     ;
; sld_hub:auto_hub ; 00:00:00     ;
+------------------+--------------+


+-------------------------------+
; Analysis & Synthesis Messages ;
+-------------------------------+
Info: *******************************************************************
Info: Running Quartus Prime Analysis & Synthesis
    Info: Version 21.1.1 Build 850 06/23/2022 SJ Standard Edition
    Info: Copyright (C) 2022  Intel Corporation. All rights reserved.
    Info: Your use of Intel Corporation's design tools, logic functions 
    Info: and other software and tools, and any partner logic 
    Info: functions, and any output files from any of the foregoing 
    Info: (including device programming or simulation files), and any 
    Info: associated documentation or information are expressly subject 
    Info: to the terms and conditions of the Intel Program License 
    Info: Subscription Agreement, the Intel Quartus Prime License Agreement,
    Info: the Intel FPGA IP License Agreement, or other applicable license
    Info: agreement, including, without limitation, that your use is for
    Info: the sole purpose of programming logic devices manufactured by
    Info: Intel and sold by Intel or its authorized distributors.  Please
    Info: refer to the applicable agreement for further details, at
    Info: https://fpgasoftware.intel.com/eula.
    Info: Processing started: Thu Sep 18 18:04:44 2025
Info: Command: quartus_map --64bit system -c system
Info (20032): Parallel compilation is enabled and will use up to 4 processors
Info (12021): Found 3 design units, including 2 entities, in source file /home/ecegridfs/a/437mg063/ece437/processors/source/alu.sv
    Info (12022): Found design unit 1: cpu_types_pkg (SystemVerilog) File: /home/ecegridfs/a/437mg063/ece437/processors/include/cpu_types_pkg.vh Line: 19
    Info (12023): Found entity 1: alu_if File: /home/ecegridfs/a/437mg063/ece437/processors/include/alu_if.vh Line: 7
    Info (12023): Found entity 2: alu File: /home/ecegridfs/a/437mg063/ece437/processors/source/alu.sv Line: 4
Info (12021): Found 3 design units, including 3 entities, in source file /home/ecegridfs/a/437mg063/ece437/processors/source/caches.sv
    Info (12023): Found entity 1: datapath_cache_if File: /home/ecegridfs/a/437mg063/ece437/processors/include/datapath_cache_if.vh Line: 13
    Info (12023): Found entity 2: caches_if File: /home/ecegridfs/a/437mg063/ece437/processors/include/caches_if.vh Line: 18
    Info (12023): Found entity 3: caches File: /home/ecegridfs/a/437mg063/ece437/processors/source/caches.sv Line: 16
Info (12021): Found 2 design units, including 2 entities, in source file /home/ecegridfs/a/437mg063/ece437/processors/source/control_unit.sv
    Info (12023): Found entity 1: control_unit_if File: /home/ecegridfs/a/437mg063/ece437/processors/include/control_unit_if.vh Line: 7
    Info (12023): Found entity 2: control_unit File: /home/ecegridfs/a/437mg063/ece437/processors/source/control_unit.sv Line: 5
Info (12021): Found 5 design units, including 5 entities, in source file /home/ecegridfs/a/437mg063/ece437/processors/source/datapath.sv
    Info (12023): Found entity 1: request_unit_if File: /home/ecegridfs/a/437mg063/ece437/processors/include/request_unit_if.vh Line: 7
    Info (12023): Found entity 2: register_file_if File: /home/ecegridfs/a/437mg063/ece437/processors/include/register_file_if.vh Line: 13
    Info (12023): Found entity 3: cache_control_if File: /home/ecegridfs/a/437mg063/ece437/processors/include/cache_control_if.vh Line: 25
    Info (12023): Found entity 4: pc_if File: /home/ecegridfs/a/437mg063/ece437/processors/include/pc_if.vh Line: 7
    Info (12023): Found entity 5: datapath File: /home/ecegridfs/a/437mg063/ece437/processors/source/datapath.sv Line: 21
Info (12021): Found 2 design units, including 2 entities, in source file /home/ecegridfs/a/437mg063/ece437/processors/source/memory_control.sv
    Info (12023): Found entity 1: cpu_ram_if File: /home/ecegridfs/a/437mg063/ece437/processors/include/cpu_ram_if.vh Line: 14
    Info (12023): Found entity 2: memory_control File: /home/ecegridfs/a/437mg063/ece437/processors/source/memory_control.sv Line: 16
Info (12021): Found 1 design units, including 1 entities, in source file /home/ecegridfs/a/437mg063/ece437/processors/source/pc.sv
    Info (12023): Found entity 1: pc File: /home/ecegridfs/a/437mg063/ece437/processors/source/pc.sv Line: 4
Info (12021): Found 1 design units, including 1 entities, in source file /home/ecegridfs/a/437mg063/ece437/processors/source/ram.sv
    Info (12023): Found entity 1: ram File: /home/ecegridfs/a/437mg063/ece437/processors/source/ram.sv Line: 15
Info (12021): Found 1 design units, including 1 entities, in source file /home/ecegridfs/a/437mg063/ece437/processors/source/register_file.sv
    Info (12023): Found entity 1: register_file File: /home/ecegridfs/a/437mg063/ece437/processors/source/register_file.sv Line: 4
Info (12021): Found 1 design units, including 1 entities, in source file /home/ecegridfs/a/437mg063/ece437/processors/source/request_unit.sv
    Info (12023): Found entity 1: request_unit File: /home/ecegridfs/a/437mg063/ece437/processors/source/request_unit.sv Line: 4
Info (12021): Found 1 design units, including 1 entities, in source file /home/ecegridfs/a/437mg063/ece437/processors/source/singlecycle.sv
    Info (12023): Found entity 1: singlecycle File: /home/ecegridfs/a/437mg063/ece437/processors/source/singlecycle.sv Line: 10
Info (12021): Found 2 design units, including 2 entities, in source file /home/ecegridfs/a/437mg063/ece437/processors/source/system.sv
    Info (12023): Found entity 1: system_if File: /home/ecegridfs/a/437mg063/ece437/processors/include/system_if.vh Line: 13
    Info (12023): Found entity 2: system File: /home/ecegridfs/a/437mg063/ece437/processors/source/system.sv Line: 17
Info (12127): Elaborating entity "system" for the top level hierarchy
Info (12128): Elaborating entity "cpu_ram_if" for hierarchy "cpu_ram_if:prif" File: /home/ecegridfs/a/437mg063/ece437/processors/source/system.sv Line: 42
Warning (12158): Entity "cpu_ram_if" contains only dangling pins File: /home/ecegridfs/a/437mg063/ece437/processors/source/system.sv Line: 42
Info (12128): Elaborating entity "singlecycle" for hierarchy "singlecycle:CPU" File: /home/ecegridfs/a/437mg063/ece437/processors/source/system.sv Line: 45
Info (12128): Elaborating entity "datapath_cache_if" for hierarchy "singlecycle:CPU|datapath_cache_if:dcif" File: /home/ecegridfs/a/437mg063/ece437/processors/source/singlecycle.sv Line: 19
Warning (12158): Entity "datapath_cache_if" contains only dangling pins File: /home/ecegridfs/a/437mg063/ece437/processors/source/singlecycle.sv Line: 19
Info (12128): Elaborating entity "caches_if" for hierarchy "singlecycle:CPU|caches_if:cif0" File: /home/ecegridfs/a/437mg063/ece437/processors/source/singlecycle.sv Line: 21
Warning (12158): Entity "caches_if" contains only dangling pins File: /home/ecegridfs/a/437mg063/ece437/processors/source/singlecycle.sv Line: 21
Info (12128): Elaborating entity "cache_control_if" for hierarchy "singlecycle:CPU|cache_control_if:ccif" File: /home/ecegridfs/a/437mg063/ece437/processors/source/singlecycle.sv Line: 24
Warning (10665): Bidirectional port "cif0.iREN" at cache_control_if.vh(26) has a one-way connection to bidirectional port "cache_control_if.iREN[0]" File: /home/ecegridfs/a/437mg063/ece437/processors/include/cache_control_if.vh Line: 26
Warning (10665): Bidirectional port "cif0.dREN" at cache_control_if.vh(26) has a one-way connection to bidirectional port "cache_control_if.dREN[0]" File: /home/ecegridfs/a/437mg063/ece437/processors/include/cache_control_if.vh Line: 26
Warning (10665): Bidirectional port "cif0.dWEN" at cache_control_if.vh(26) has a one-way connection to bidirectional port "cache_control_if.dWEN[0]" File: /home/ecegridfs/a/437mg063/ece437/processors/include/cache_control_if.vh Line: 26
Warning (10665): Bidirectional port "cif0.dstore[31]" at cache_control_if.vh(26) has a one-way connection to bidirectional port "cache_control_if.dstore[0][31]" File: /home/ecegridfs/a/437mg063/ece437/processors/include/cache_control_if.vh Line: 26
Warning (10665): Bidirectional port "cif0.dstore[30]" at cache_control_if.vh(26) has a one-way connection to bidirectional port "cache_control_if.dstore[0][30]" File: /home/ecegridfs/a/437mg063/ece437/processors/include/cache_control_if.vh Line: 26
Warning (10665): Bidirectional port "cif0.dstore[29]" at cache_control_if.vh(26) has a one-way connection to bidirectional port "cache_control_if.dstore[0][29]" File: /home/ecegridfs/a/437mg063/ece437/processors/include/cache_control_if.vh Line: 26
Warning (10665): Bidirectional port "cif0.dstore[28]" at cache_control_if.vh(26) has a one-way connection to bidirectional port "cache_control_if.dstore[0][28]" File: /home/ecegridfs/a/437mg063/ece437/processors/include/cache_control_if.vh Line: 26
Warning (10665): Bidirectional port "cif0.dstore[27]" at cache_control_if.vh(26) has a one-way connection to bidirectional port "cache_control_if.dstore[0][27]" File: /home/ecegridfs/a/437mg063/ece437/processors/include/cache_control_if.vh Line: 26
Warning (10665): Bidirectional port "cif0.dstore[26]" at cache_control_if.vh(26) has a one-way connection to bidirectional port "cache_control_if.dstore[0][26]" File: /home/ecegridfs/a/437mg063/ece437/processors/include/cache_control_if.vh Line: 26
Warning (10665): Bidirectional port "cif0.dstore[25]" at cache_control_if.vh(26) has a one-way connection to bidirectional port "cache_control_if.dstore[0][25]" File: /home/ecegridfs/a/437mg063/ece437/processors/include/cache_control_if.vh Line: 26
Warning (10665): Bidirectional port "cif0.dstore[24]" at cache_control_if.vh(26) has a one-way connection to bidirectional port "cache_control_if.dstore[0][24]" File: /home/ecegridfs/a/437mg063/ece437/processors/include/cache_control_if.vh Line: 26
Warning (10665): Bidirectional port "cif0.dstore[23]" at cache_control_if.vh(26) has a one-way connection to bidirectional port "cache_control_if.dstore[0][23]" File: /home/ecegridfs/a/437mg063/ece437/processors/include/cache_control_if.vh Line: 26
Warning (10665): Bidirectional port "cif0.dstore[22]" at cache_control_if.vh(26) has a one-way connection to bidirectional port "cache_control_if.dstore[0][22]" File: /home/ecegridfs/a/437mg063/ece437/processors/include/cache_control_if.vh Line: 26
Warning (10665): Bidirectional port "cif0.dstore[21]" at cache_control_if.vh(26) has a one-way connection to bidirectional port "cache_control_if.dstore[0][21]" File: /home/ecegridfs/a/437mg063/ece437/processors/include/cache_control_if.vh Line: 26
Warning (10665): Bidirectional port "cif0.dstore[20]" at cache_control_if.vh(26) has a one-way connection to bidirectional port "cache_control_if.dstore[0][20]" File: /home/ecegridfs/a/437mg063/ece437/processors/include/cache_control_if.vh Line: 26
Warning (10665): Bidirectional port "cif0.dstore[19]" at cache_control_if.vh(26) has a one-way connection to bidirectional port "cache_control_if.dstore[0][19]" File: /home/ecegridfs/a/437mg063/ece437/processors/include/cache_control_if.vh Line: 26
Warning (10665): Bidirectional port "cif0.dstore[18]" at cache_control_if.vh(26) has a one-way connection to bidirectional port "cache_control_if.dstore[0][18]" File: /home/ecegridfs/a/437mg063/ece437/processors/include/cache_control_if.vh Line: 26
Warning (10665): Bidirectional port "cif0.dstore[17]" at cache_control_if.vh(26) has a one-way connection to bidirectional port "cache_control_if.dstore[0][17]" File: /home/ecegridfs/a/437mg063/ece437/processors/include/cache_control_if.vh Line: 26
Warning (10665): Bidirectional port "cif0.dstore[16]" at cache_control_if.vh(26) has a one-way connection to bidirectional port "cache_control_if.dstore[0][16]" File: /home/ecegridfs/a/437mg063/ece437/processors/include/cache_control_if.vh Line: 26
Warning (10665): Bidirectional port "cif0.dstore[15]" at cache_control_if.vh(26) has a one-way connection to bidirectional port "cache_control_if.dstore[0][15]" File: /home/ecegridfs/a/437mg063/ece437/processors/include/cache_control_if.vh Line: 26
Warning (10665): Bidirectional port "cif0.dstore[14]" at cache_control_if.vh(26) has a one-way connection to bidirectional port "cache_control_if.dstore[0][14]" File: /home/ecegridfs/a/437mg063/ece437/processors/include/cache_control_if.vh Line: 26
Warning (10665): Bidirectional port "cif0.dstore[13]" at cache_control_if.vh(26) has a one-way connection to bidirectional port "cache_control_if.dstore[0][13]" File: /home/ecegridfs/a/437mg063/ece437/processors/include/cache_control_if.vh Line: 26
Warning (10665): Bidirectional port "cif0.dstore[12]" at cache_control_if.vh(26) has a one-way connection to bidirectional port "cache_control_if.dstore[0][12]" File: /home/ecegridfs/a/437mg063/ece437/processors/include/cache_control_if.vh Line: 26
Warning (10665): Bidirectional port "cif0.dstore[11]" at cache_control_if.vh(26) has a one-way connection to bidirectional port "cache_control_if.dstore[0][11]" File: /home/ecegridfs/a/437mg063/ece437/processors/include/cache_control_if.vh Line: 26
Warning (10665): Bidirectional port "cif0.dstore[10]" at cache_control_if.vh(26) has a one-way connection to bidirectional port "cache_control_if.dstore[0][10]" File: /home/ecegridfs/a/437mg063/ece437/processors/include/cache_control_if.vh Line: 26
Warning (10665): Bidirectional port "cif0.dstore[9]" at cache_control_if.vh(26) has a one-way connection to bidirectional port "cache_control_if.dstore[0][9]" File: /home/ecegridfs/a/437mg063/ece437/processors/include/cache_control_if.vh Line: 26
Warning (10665): Bidirectional port "cif0.dstore[8]" at cache_control_if.vh(26) has a one-way connection to bidirectional port "cache_control_if.dstore[0][8]" File: /home/ecegridfs/a/437mg063/ece437/processors/include/cache_control_if.vh Line: 26
Warning (10665): Bidirectional port "cif0.dstore[7]" at cache_control_if.vh(26) has a one-way connection to bidirectional port "cache_control_if.dstore[0][7]" File: /home/ecegridfs/a/437mg063/ece437/processors/include/cache_control_if.vh Line: 26
Warning (10665): Bidirectional port "cif0.dstore[6]" at cache_control_if.vh(26) has a one-way connection to bidirectional port "cache_control_if.dstore[0][6]" File: /home/ecegridfs/a/437mg063/ece437/processors/include/cache_control_if.vh Line: 26
Warning (10665): Bidirectional port "cif0.dstore[5]" at cache_control_if.vh(26) has a one-way connection to bidirectional port "cache_control_if.dstore[0][5]" File: /home/ecegridfs/a/437mg063/ece437/processors/include/cache_control_if.vh Line: 26
Warning (10665): Bidirectional port "cif0.dstore[4]" at cache_control_if.vh(26) has a one-way connection to bidirectional port "cache_control_if.dstore[0][4]" File: /home/ecegridfs/a/437mg063/ece437/processors/include/cache_control_if.vh Line: 26
Warning (10665): Bidirectional port "cif0.dstore[3]" at cache_control_if.vh(26) has a one-way connection to bidirectional port "cache_control_if.dstore[0][3]" File: /home/ecegridfs/a/437mg063/ece437/processors/include/cache_control_if.vh Line: 26
Warning (10665): Bidirectional port "cif0.dstore[2]" at cache_control_if.vh(26) has a one-way connection to bidirectional port "cache_control_if.dstore[0][2]" File: /home/ecegridfs/a/437mg063/ece437/processors/include/cache_control_if.vh Line: 26
Warning (10665): Bidirectional port "cif0.dstore[1]" at cache_control_if.vh(26) has a one-way connection to bidirectional port "cache_control_if.dstore[0][1]" File: /home/ecegridfs/a/437mg063/ece437/processors/include/cache_control_if.vh Line: 26
Warning (10665): Bidirectional port "cif0.dstore[0]" at cache_control_if.vh(26) has a one-way connection to bidirectional port "cache_control_if.dstore[0][0]" File: /home/ecegridfs/a/437mg063/ece437/processors/include/cache_control_if.vh Line: 26
Warning (10665): Bidirectional port "cif0.iaddr[31]" at cache_control_if.vh(26) has a one-way connection to bidirectional port "cache_control_if.iaddr[0][31]" File: /home/ecegridfs/a/437mg063/ece437/processors/include/cache_control_if.vh Line: 26
Warning (10665): Bidirectional port "cif0.iaddr[30]" at cache_control_if.vh(26) has a one-way connection to bidirectional port "cache_control_if.iaddr[0][30]" File: /home/ecegridfs/a/437mg063/ece437/processors/include/cache_control_if.vh Line: 26
Warning (10665): Bidirectional port "cif0.iaddr[29]" at cache_control_if.vh(26) has a one-way connection to bidirectional port "cache_control_if.iaddr[0][29]" File: /home/ecegridfs/a/437mg063/ece437/processors/include/cache_control_if.vh Line: 26
Warning (10665): Bidirectional port "cif0.iaddr[28]" at cache_control_if.vh(26) has a one-way connection to bidirectional port "cache_control_if.iaddr[0][28]" File: /home/ecegridfs/a/437mg063/ece437/processors/include/cache_control_if.vh Line: 26
Warning (10665): Bidirectional port "cif0.iaddr[27]" at cache_control_if.vh(26) has a one-way connection to bidirectional port "cache_control_if.iaddr[0][27]" File: /home/ecegridfs/a/437mg063/ece437/processors/include/cache_control_if.vh Line: 26
Warning (10665): Bidirectional port "cif0.iaddr[26]" at cache_control_if.vh(26) has a one-way connection to bidirectional port "cache_control_if.iaddr[0][26]" File: /home/ecegridfs/a/437mg063/ece437/processors/include/cache_control_if.vh Line: 26
Warning (10665): Bidirectional port "cif0.iaddr[25]" at cache_control_if.vh(26) has a one-way connection to bidirectional port "cache_control_if.iaddr[0][25]" File: /home/ecegridfs/a/437mg063/ece437/processors/include/cache_control_if.vh Line: 26
Warning (10665): Bidirectional port "cif0.iaddr[24]" at cache_control_if.vh(26) has a one-way connection to bidirectional port "cache_control_if.iaddr[0][24]" File: /home/ecegridfs/a/437mg063/ece437/processors/include/cache_control_if.vh Line: 26
Warning (10665): Bidirectional port "cif0.iaddr[23]" at cache_control_if.vh(26) has a one-way connection to bidirectional port "cache_control_if.iaddr[0][23]" File: /home/ecegridfs/a/437mg063/ece437/processors/include/cache_control_if.vh Line: 26
Warning (10665): Bidirectional port "cif0.iaddr[22]" at cache_control_if.vh(26) has a one-way connection to bidirectional port "cache_control_if.iaddr[0][22]" File: /home/ecegridfs/a/437mg063/ece437/processors/include/cache_control_if.vh Line: 26
Warning (10665): Bidirectional port "cif0.iaddr[21]" at cache_control_if.vh(26) has a one-way connection to bidirectional port "cache_control_if.iaddr[0][21]" File: /home/ecegridfs/a/437mg063/ece437/processors/include/cache_control_if.vh Line: 26
Warning (10665): Bidirectional port "cif0.iaddr[20]" at cache_control_if.vh(26) has a one-way connection to bidirectional port "cache_control_if.iaddr[0][20]" File: /home/ecegridfs/a/437mg063/ece437/processors/include/cache_control_if.vh Line: 26
Warning (10665): Bidirectional port "cif0.iaddr[19]" at cache_control_if.vh(26) has a one-way connection to bidirectional port "cache_control_if.iaddr[0][19]" File: /home/ecegridfs/a/437mg063/ece437/processors/include/cache_control_if.vh Line: 26
Warning (10665): Bidirectional port "cif0.iaddr[18]" at cache_control_if.vh(26) has a one-way connection to bidirectional port "cache_control_if.iaddr[0][18]" File: /home/ecegridfs/a/437mg063/ece437/processors/include/cache_control_if.vh Line: 26
Warning (10665): Bidirectional port "cif0.iaddr[17]" at cache_control_if.vh(26) has a one-way connection to bidirectional port "cache_control_if.iaddr[0][17]" File: /home/ecegridfs/a/437mg063/ece437/processors/include/cache_control_if.vh Line: 26
Warning (10665): Bidirectional port "cif0.iaddr[16]" at cache_control_if.vh(26) has a one-way connection to bidirectional port "cache_control_if.iaddr[0][16]" File: /home/ecegridfs/a/437mg063/ece437/processors/include/cache_control_if.vh Line: 26
Warning (10665): Bidirectional port "cif0.iaddr[15]" at cache_control_if.vh(26) has a one-way connection to bidirectional port "cache_control_if.iaddr[0][15]" File: /home/ecegridfs/a/437mg063/ece437/processors/include/cache_control_if.vh Line: 26
Warning (10665): Bidirectional port "cif0.iaddr[14]" at cache_control_if.vh(26) has a one-way connection to bidirectional port "cache_control_if.iaddr[0][14]" File: /home/ecegridfs/a/437mg063/ece437/processors/include/cache_control_if.vh Line: 26
Warning (10665): Bidirectional port "cif0.iaddr[13]" at cache_control_if.vh(26) has a one-way connection to bidirectional port "cache_control_if.iaddr[0][13]" File: /home/ecegridfs/a/437mg063/ece437/processors/include/cache_control_if.vh Line: 26
Warning (10665): Bidirectional port "cif0.iaddr[12]" at cache_control_if.vh(26) has a one-way connection to bidirectional port "cache_control_if.iaddr[0][12]" File: /home/ecegridfs/a/437mg063/ece437/processors/include/cache_control_if.vh Line: 26
Warning (10665): Bidirectional port "cif0.iaddr[11]" at cache_control_if.vh(26) has a one-way connection to bidirectional port "cache_control_if.iaddr[0][11]" File: /home/ecegridfs/a/437mg063/ece437/processors/include/cache_control_if.vh Line: 26
Warning (10665): Bidirectional port "cif0.iaddr[10]" at cache_control_if.vh(26) has a one-way connection to bidirectional port "cache_control_if.iaddr[0][10]" File: /home/ecegridfs/a/437mg063/ece437/processors/include/cache_control_if.vh Line: 26
Warning (10665): Bidirectional port "cif0.iaddr[9]" at cache_control_if.vh(26) has a one-way connection to bidirectional port "cache_control_if.iaddr[0][9]" File: /home/ecegridfs/a/437mg063/ece437/processors/include/cache_control_if.vh Line: 26
Warning (10665): Bidirectional port "cif0.iaddr[8]" at cache_control_if.vh(26) has a one-way connection to bidirectional port "cache_control_if.iaddr[0][8]" File: /home/ecegridfs/a/437mg063/ece437/processors/include/cache_control_if.vh Line: 26
Warning (10665): Bidirectional port "cif0.iaddr[7]" at cache_control_if.vh(26) has a one-way connection to bidirectional port "cache_control_if.iaddr[0][7]" File: /home/ecegridfs/a/437mg063/ece437/processors/include/cache_control_if.vh Line: 26
Warning (10665): Bidirectional port "cif0.iaddr[6]" at cache_control_if.vh(26) has a one-way connection to bidirectional port "cache_control_if.iaddr[0][6]" File: /home/ecegridfs/a/437mg063/ece437/processors/include/cache_control_if.vh Line: 26
Warning (10665): Bidirectional port "cif0.iaddr[5]" at cache_control_if.vh(26) has a one-way connection to bidirectional port "cache_control_if.iaddr[0][5]" File: /home/ecegridfs/a/437mg063/ece437/processors/include/cache_control_if.vh Line: 26
Warning (10665): Bidirectional port "cif0.iaddr[4]" at cache_control_if.vh(26) has a one-way connection to bidirectional port "cache_control_if.iaddr[0][4]" File: /home/ecegridfs/a/437mg063/ece437/processors/include/cache_control_if.vh Line: 26
Warning (10665): Bidirectional port "cif0.iaddr[3]" at cache_control_if.vh(26) has a one-way connection to bidirectional port "cache_control_if.iaddr[0][3]" File: /home/ecegridfs/a/437mg063/ece437/processors/include/cache_control_if.vh Line: 26
Warning (10665): Bidirectional port "cif0.iaddr[2]" at cache_control_if.vh(26) has a one-way connection to bidirectional port "cache_control_if.iaddr[0][2]" File: /home/ecegridfs/a/437mg063/ece437/processors/include/cache_control_if.vh Line: 26
Warning (10665): Bidirectional port "cif0.iaddr[1]" at cache_control_if.vh(26) has a one-way connection to bidirectional port "cache_control_if.iaddr[0][1]" File: /home/ecegridfs/a/437mg063/ece437/processors/include/cache_control_if.vh Line: 26
Warning (10665): Bidirectional port "cif0.iaddr[0]" at cache_control_if.vh(26) has a one-way connection to bidirectional port "cache_control_if.iaddr[0][0]" File: /home/ecegridfs/a/437mg063/ece437/processors/include/cache_control_if.vh Line: 26
Warning (10665): Bidirectional port "cif0.daddr[31]" at cache_control_if.vh(26) has a one-way connection to bidirectional port "cache_control_if.daddr[0][31]" File: /home/ecegridfs/a/437mg063/ece437/processors/include/cache_control_if.vh Line: 26
Warning (10665): Bidirectional port "cif0.daddr[30]" at cache_control_if.vh(26) has a one-way connection to bidirectional port "cache_control_if.daddr[0][30]" File: /home/ecegridfs/a/437mg063/ece437/processors/include/cache_control_if.vh Line: 26
Warning (10665): Bidirectional port "cif0.daddr[29]" at cache_control_if.vh(26) has a one-way connection to bidirectional port "cache_control_if.daddr[0][29]" File: /home/ecegridfs/a/437mg063/ece437/processors/include/cache_control_if.vh Line: 26
Warning (10665): Bidirectional port "cif0.daddr[28]" at cache_control_if.vh(26) has a one-way connection to bidirectional port "cache_control_if.daddr[0][28]" File: /home/ecegridfs/a/437mg063/ece437/processors/include/cache_control_if.vh Line: 26
Warning (10665): Bidirectional port "cif0.daddr[27]" at cache_control_if.vh(26) has a one-way connection to bidirectional port "cache_control_if.daddr[0][27]" File: /home/ecegridfs/a/437mg063/ece437/processors/include/cache_control_if.vh Line: 26
Warning (10665): Bidirectional port "cif0.daddr[26]" at cache_control_if.vh(26) has a one-way connection to bidirectional port "cache_control_if.daddr[0][26]" File: /home/ecegridfs/a/437mg063/ece437/processors/include/cache_control_if.vh Line: 26
Warning (10665): Bidirectional port "cif0.daddr[25]" at cache_control_if.vh(26) has a one-way connection to bidirectional port "cache_control_if.daddr[0][25]" File: /home/ecegridfs/a/437mg063/ece437/processors/include/cache_control_if.vh Line: 26
Warning (10665): Bidirectional port "cif0.daddr[24]" at cache_control_if.vh(26) has a one-way connection to bidirectional port "cache_control_if.daddr[0][24]" File: /home/ecegridfs/a/437mg063/ece437/processors/include/cache_control_if.vh Line: 26
Warning (10665): Bidirectional port "cif0.daddr[23]" at cache_control_if.vh(26) has a one-way connection to bidirectional port "cache_control_if.daddr[0][23]" File: /home/ecegridfs/a/437mg063/ece437/processors/include/cache_control_if.vh Line: 26
Warning (10665): Bidirectional port "cif0.daddr[22]" at cache_control_if.vh(26) has a one-way connection to bidirectional port "cache_control_if.daddr[0][22]" File: /home/ecegridfs/a/437mg063/ece437/processors/include/cache_control_if.vh Line: 26
Warning (10665): Bidirectional port "cif0.daddr[21]" at cache_control_if.vh(26) has a one-way connection to bidirectional port "cache_control_if.daddr[0][21]" File: /home/ecegridfs/a/437mg063/ece437/processors/include/cache_control_if.vh Line: 26
Warning (10665): Bidirectional port "cif0.daddr[20]" at cache_control_if.vh(26) has a one-way connection to bidirectional port "cache_control_if.daddr[0][20]" File: /home/ecegridfs/a/437mg063/ece437/processors/include/cache_control_if.vh Line: 26
Warning (10665): Bidirectional port "cif0.daddr[19]" at cache_control_if.vh(26) has a one-way connection to bidirectional port "cache_control_if.daddr[0][19]" File: /home/ecegridfs/a/437mg063/ece437/processors/include/cache_control_if.vh Line: 26
Warning (10665): Bidirectional port "cif0.daddr[18]" at cache_control_if.vh(26) has a one-way connection to bidirectional port "cache_control_if.daddr[0][18]" File: /home/ecegridfs/a/437mg063/ece437/processors/include/cache_control_if.vh Line: 26
Warning (10665): Bidirectional port "cif0.daddr[17]" at cache_control_if.vh(26) has a one-way connection to bidirectional port "cache_control_if.daddr[0][17]" File: /home/ecegridfs/a/437mg063/ece437/processors/include/cache_control_if.vh Line: 26
Warning (10665): Bidirectional port "cif0.daddr[16]" at cache_control_if.vh(26) has a one-way connection to bidirectional port "cache_control_if.daddr[0][16]" File: /home/ecegridfs/a/437mg063/ece437/processors/include/cache_control_if.vh Line: 26
Warning (10665): Bidirectional port "cif0.daddr[15]" at cache_control_if.vh(26) has a one-way connection to bidirectional port "cache_control_if.daddr[0][15]" File: /home/ecegridfs/a/437mg063/ece437/processors/include/cache_control_if.vh Line: 26
Warning (10665): Bidirectional port "cif0.daddr[14]" at cache_control_if.vh(26) has a one-way connection to bidirectional port "cache_control_if.daddr[0][14]" File: /home/ecegridfs/a/437mg063/ece437/processors/include/cache_control_if.vh Line: 26
Warning (10665): Bidirectional port "cif0.daddr[13]" at cache_control_if.vh(26) has a one-way connection to bidirectional port "cache_control_if.daddr[0][13]" File: /home/ecegridfs/a/437mg063/ece437/processors/include/cache_control_if.vh Line: 26
Warning (10665): Bidirectional port "cif0.daddr[12]" at cache_control_if.vh(26) has a one-way connection to bidirectional port "cache_control_if.daddr[0][12]" File: /home/ecegridfs/a/437mg063/ece437/processors/include/cache_control_if.vh Line: 26
Warning (10665): Bidirectional port "cif0.daddr[11]" at cache_control_if.vh(26) has a one-way connection to bidirectional port "cache_control_if.daddr[0][11]" File: /home/ecegridfs/a/437mg063/ece437/processors/include/cache_control_if.vh Line: 26
Warning (10665): Bidirectional port "cif0.daddr[10]" at cache_control_if.vh(26) has a one-way connection to bidirectional port "cache_control_if.daddr[0][10]" File: /home/ecegridfs/a/437mg063/ece437/processors/include/cache_control_if.vh Line: 26
Warning (10665): Bidirectional port "cif0.daddr[9]" at cache_control_if.vh(26) has a one-way connection to bidirectional port "cache_control_if.daddr[0][9]" File: /home/ecegridfs/a/437mg063/ece437/processors/include/cache_control_if.vh Line: 26
Warning (10665): Bidirectional port "cif0.daddr[8]" at cache_control_if.vh(26) has a one-way connection to bidirectional port "cache_control_if.daddr[0][8]" File: /home/ecegridfs/a/437mg063/ece437/processors/include/cache_control_if.vh Line: 26
Warning (10665): Bidirectional port "cif0.daddr[7]" at cache_control_if.vh(26) has a one-way connection to bidirectional port "cache_control_if.daddr[0][7]" File: /home/ecegridfs/a/437mg063/ece437/processors/include/cache_control_if.vh Line: 26
Warning (10665): Bidirectional port "cif0.daddr[6]" at cache_control_if.vh(26) has a one-way connection to bidirectional port "cache_control_if.daddr[0][6]" File: /home/ecegridfs/a/437mg063/ece437/processors/include/cache_control_if.vh Line: 26
Warning (10665): Bidirectional port "cif0.daddr[5]" at cache_control_if.vh(26) has a one-way connection to bidirectional port "cache_control_if.daddr[0][5]" File: /home/ecegridfs/a/437mg063/ece437/processors/include/cache_control_if.vh Line: 26
Warning (10665): Bidirectional port "cif0.daddr[4]" at cache_control_if.vh(26) has a one-way connection to bidirectional port "cache_control_if.daddr[0][4]" File: /home/ecegridfs/a/437mg063/ece437/processors/include/cache_control_if.vh Line: 26
Warning (10665): Bidirectional port "cif0.daddr[3]" at cache_control_if.vh(26) has a one-way connection to bidirectional port "cache_control_if.daddr[0][3]" File: /home/ecegridfs/a/437mg063/ece437/processors/include/cache_control_if.vh Line: 26
Warning (10665): Bidirectional port "cif0.daddr[2]" at cache_control_if.vh(26) has a one-way connection to bidirectional port "cache_control_if.daddr[0][2]" File: /home/ecegridfs/a/437mg063/ece437/processors/include/cache_control_if.vh Line: 26
Warning (10665): Bidirectional port "cif0.daddr[1]" at cache_control_if.vh(26) has a one-way connection to bidirectional port "cache_control_if.daddr[0][1]" File: /home/ecegridfs/a/437mg063/ece437/processors/include/cache_control_if.vh Line: 26
Warning (10665): Bidirectional port "cif0.daddr[0]" at cache_control_if.vh(26) has a one-way connection to bidirectional port "cache_control_if.daddr[0][0]" File: /home/ecegridfs/a/437mg063/ece437/processors/include/cache_control_if.vh Line: 26
Warning (10665): Bidirectional port "cif0.ccwrite" at cache_control_if.vh(26) has a one-way connection to bidirectional port "cache_control_if.ccwrite[0]" File: /home/ecegridfs/a/437mg063/ece437/processors/include/cache_control_if.vh Line: 26
Warning (10665): Bidirectional port "cif0.cctrans" at cache_control_if.vh(26) has a one-way connection to bidirectional port "cache_control_if.cctrans[0]" File: /home/ecegridfs/a/437mg063/ece437/processors/include/cache_control_if.vh Line: 26
Warning (10665): Bidirectional port "cache_control_if.iwait[0]" at cache_control_if.vh(25) has a one-way connection to bidirectional port "cif0.iwait" File: /home/ecegridfs/a/437mg063/ece437/processors/include/cache_control_if.vh Line: 25
Warning (10665): Bidirectional port "cache_control_if.dwait[0]" at cache_control_if.vh(25) has a one-way connection to bidirectional port "cif0.dwait" File: /home/ecegridfs/a/437mg063/ece437/processors/include/cache_control_if.vh Line: 25
Warning (10665): Bidirectional port "cache_control_if.iload[0][31]" at cache_control_if.vh(25) has a one-way connection to bidirectional port "cif0.iload[31]" File: /home/ecegridfs/a/437mg063/ece437/processors/include/cache_control_if.vh Line: 25
Warning (10665): Bidirectional port "cache_control_if.iload[0][30]" at cache_control_if.vh(25) has a one-way connection to bidirectional port "cif0.iload[30]" File: /home/ecegridfs/a/437mg063/ece437/processors/include/cache_control_if.vh Line: 25
Warning (10665): Bidirectional port "cache_control_if.iload[0][29]" at cache_control_if.vh(25) has a one-way connection to bidirectional port "cif0.iload[29]" File: /home/ecegridfs/a/437mg063/ece437/processors/include/cache_control_if.vh Line: 25
Warning (10665): Bidirectional port "cache_control_if.iload[0][28]" at cache_control_if.vh(25) has a one-way connection to bidirectional port "cif0.iload[28]" File: /home/ecegridfs/a/437mg063/ece437/processors/include/cache_control_if.vh Line: 25
Warning (10665): Bidirectional port "cache_control_if.iload[0][27]" at cache_control_if.vh(25) has a one-way connection to bidirectional port "cif0.iload[27]" File: /home/ecegridfs/a/437mg063/ece437/processors/include/cache_control_if.vh Line: 25
Warning (10665): Bidirectional port "cache_control_if.iload[0][26]" at cache_control_if.vh(25) has a one-way connection to bidirectional port "cif0.iload[26]" File: /home/ecegridfs/a/437mg063/ece437/processors/include/cache_control_if.vh Line: 25
Warning (10665): Bidirectional port "cache_control_if.iload[0][25]" at cache_control_if.vh(25) has a one-way connection to bidirectional port "cif0.iload[25]" File: /home/ecegridfs/a/437mg063/ece437/processors/include/cache_control_if.vh Line: 25
Warning (10665): Bidirectional port "cache_control_if.iload[0][24]" at cache_control_if.vh(25) has a one-way connection to bidirectional port "cif0.iload[24]" File: /home/ecegridfs/a/437mg063/ece437/processors/include/cache_control_if.vh Line: 25
Warning (10665): Bidirectional port "cache_control_if.iload[0][23]" at cache_control_if.vh(25) has a one-way connection to bidirectional port "cif0.iload[23]" File: /home/ecegridfs/a/437mg063/ece437/processors/include/cache_control_if.vh Line: 25
Warning (10665): Bidirectional port "cache_control_if.iload[0][22]" at cache_control_if.vh(25) has a one-way connection to bidirectional port "cif0.iload[22]" File: /home/ecegridfs/a/437mg063/ece437/processors/include/cache_control_if.vh Line: 25
Warning (10665): Bidirectional port "cache_control_if.iload[0][21]" at cache_control_if.vh(25) has a one-way connection to bidirectional port "cif0.iload[21]" File: /home/ecegridfs/a/437mg063/ece437/processors/include/cache_control_if.vh Line: 25
Warning (10665): Bidirectional port "cache_control_if.iload[0][20]" at cache_control_if.vh(25) has a one-way connection to bidirectional port "cif0.iload[20]" File: /home/ecegridfs/a/437mg063/ece437/processors/include/cache_control_if.vh Line: 25
Warning (10665): Bidirectional port "cache_control_if.iload[0][19]" at cache_control_if.vh(25) has a one-way connection to bidirectional port "cif0.iload[19]" File: /home/ecegridfs/a/437mg063/ece437/processors/include/cache_control_if.vh Line: 25
Warning (10665): Bidirectional port "cache_control_if.iload[0][18]" at cache_control_if.vh(25) has a one-way connection to bidirectional port "cif0.iload[18]" File: /home/ecegridfs/a/437mg063/ece437/processors/include/cache_control_if.vh Line: 25
Warning (10665): Bidirectional port "cache_control_if.iload[0][17]" at cache_control_if.vh(25) has a one-way connection to bidirectional port "cif0.iload[17]" File: /home/ecegridfs/a/437mg063/ece437/processors/include/cache_control_if.vh Line: 25
Warning (10665): Bidirectional port "cache_control_if.iload[0][16]" at cache_control_if.vh(25) has a one-way connection to bidirectional port "cif0.iload[16]" File: /home/ecegridfs/a/437mg063/ece437/processors/include/cache_control_if.vh Line: 25
Warning (10665): Bidirectional port "cache_control_if.iload[0][15]" at cache_control_if.vh(25) has a one-way connection to bidirectional port "cif0.iload[15]" File: /home/ecegridfs/a/437mg063/ece437/processors/include/cache_control_if.vh Line: 25
Warning (10665): Bidirectional port "cache_control_if.iload[0][14]" at cache_control_if.vh(25) has a one-way connection to bidirectional port "cif0.iload[14]" File: /home/ecegridfs/a/437mg063/ece437/processors/include/cache_control_if.vh Line: 25
Warning (10665): Bidirectional port "cache_control_if.iload[0][13]" at cache_control_if.vh(25) has a one-way connection to bidirectional port "cif0.iload[13]" File: /home/ecegridfs/a/437mg063/ece437/processors/include/cache_control_if.vh Line: 25
Warning (10665): Bidirectional port "cache_control_if.iload[0][12]" at cache_control_if.vh(25) has a one-way connection to bidirectional port "cif0.iload[12]" File: /home/ecegridfs/a/437mg063/ece437/processors/include/cache_control_if.vh Line: 25
Warning (10665): Bidirectional port "cache_control_if.iload[0][11]" at cache_control_if.vh(25) has a one-way connection to bidirectional port "cif0.iload[11]" File: /home/ecegridfs/a/437mg063/ece437/processors/include/cache_control_if.vh Line: 25
Warning (10665): Bidirectional port "cache_control_if.iload[0][10]" at cache_control_if.vh(25) has a one-way connection to bidirectional port "cif0.iload[10]" File: /home/ecegridfs/a/437mg063/ece437/processors/include/cache_control_if.vh Line: 25
Warning (10665): Bidirectional port "cache_control_if.iload[0][9]" at cache_control_if.vh(25) has a one-way connection to bidirectional port "cif0.iload[9]" File: /home/ecegridfs/a/437mg063/ece437/processors/include/cache_control_if.vh Line: 25
Warning (10665): Bidirectional port "cache_control_if.iload[0][8]" at cache_control_if.vh(25) has a one-way connection to bidirectional port "cif0.iload[8]" File: /home/ecegridfs/a/437mg063/ece437/processors/include/cache_control_if.vh Line: 25
Warning (10665): Bidirectional port "cache_control_if.iload[0][7]" at cache_control_if.vh(25) has a one-way connection to bidirectional port "cif0.iload[7]" File: /home/ecegridfs/a/437mg063/ece437/processors/include/cache_control_if.vh Line: 25
Warning (10665): Bidirectional port "cache_control_if.iload[0][6]" at cache_control_if.vh(25) has a one-way connection to bidirectional port "cif0.iload[6]" File: /home/ecegridfs/a/437mg063/ece437/processors/include/cache_control_if.vh Line: 25
Warning (10665): Bidirectional port "cache_control_if.iload[0][5]" at cache_control_if.vh(25) has a one-way connection to bidirectional port "cif0.iload[5]" File: /home/ecegridfs/a/437mg063/ece437/processors/include/cache_control_if.vh Line: 25
Warning (10665): Bidirectional port "cache_control_if.iload[0][4]" at cache_control_if.vh(25) has a one-way connection to bidirectional port "cif0.iload[4]" File: /home/ecegridfs/a/437mg063/ece437/processors/include/cache_control_if.vh Line: 25
Warning (10665): Bidirectional port "cache_control_if.iload[0][3]" at cache_control_if.vh(25) has a one-way connection to bidirectional port "cif0.iload[3]" File: /home/ecegridfs/a/437mg063/ece437/processors/include/cache_control_if.vh Line: 25
Warning (10665): Bidirectional port "cache_control_if.iload[0][2]" at cache_control_if.vh(25) has a one-way connection to bidirectional port "cif0.iload[2]" File: /home/ecegridfs/a/437mg063/ece437/processors/include/cache_control_if.vh Line: 25
Warning (10665): Bidirectional port "cache_control_if.iload[0][1]" at cache_control_if.vh(25) has a one-way connection to bidirectional port "cif0.iload[1]" File: /home/ecegridfs/a/437mg063/ece437/processors/include/cache_control_if.vh Line: 25
Warning (10665): Bidirectional port "cache_control_if.iload[0][0]" at cache_control_if.vh(25) has a one-way connection to bidirectional port "cif0.iload[0]" File: /home/ecegridfs/a/437mg063/ece437/processors/include/cache_control_if.vh Line: 25
Warning (10665): Bidirectional port "cache_control_if.dload[0][31]" at cache_control_if.vh(25) has a one-way connection to bidirectional port "cif0.dload[31]" File: /home/ecegridfs/a/437mg063/ece437/processors/include/cache_control_if.vh Line: 25
Warning (10665): Bidirectional port "cache_control_if.dload[0][30]" at cache_control_if.vh(25) has a one-way connection to bidirectional port "cif0.dload[30]" File: /home/ecegridfs/a/437mg063/ece437/processors/include/cache_control_if.vh Line: 25
Warning (10665): Bidirectional port "cache_control_if.dload[0][29]" at cache_control_if.vh(25) has a one-way connection to bidirectional port "cif0.dload[29]" File: /home/ecegridfs/a/437mg063/ece437/processors/include/cache_control_if.vh Line: 25
Warning (10665): Bidirectional port "cache_control_if.dload[0][28]" at cache_control_if.vh(25) has a one-way connection to bidirectional port "cif0.dload[28]" File: /home/ecegridfs/a/437mg063/ece437/processors/include/cache_control_if.vh Line: 25
Warning (10665): Bidirectional port "cache_control_if.dload[0][27]" at cache_control_if.vh(25) has a one-way connection to bidirectional port "cif0.dload[27]" File: /home/ecegridfs/a/437mg063/ece437/processors/include/cache_control_if.vh Line: 25
Warning (10665): Bidirectional port "cache_control_if.dload[0][26]" at cache_control_if.vh(25) has a one-way connection to bidirectional port "cif0.dload[26]" File: /home/ecegridfs/a/437mg063/ece437/processors/include/cache_control_if.vh Line: 25
Warning (10665): Bidirectional port "cache_control_if.dload[0][25]" at cache_control_if.vh(25) has a one-way connection to bidirectional port "cif0.dload[25]" File: /home/ecegridfs/a/437mg063/ece437/processors/include/cache_control_if.vh Line: 25
Warning (10665): Bidirectional port "cache_control_if.dload[0][24]" at cache_control_if.vh(25) has a one-way connection to bidirectional port "cif0.dload[24]" File: /home/ecegridfs/a/437mg063/ece437/processors/include/cache_control_if.vh Line: 25
Warning (10665): Bidirectional port "cache_control_if.dload[0][23]" at cache_control_if.vh(25) has a one-way connection to bidirectional port "cif0.dload[23]" File: /home/ecegridfs/a/437mg063/ece437/processors/include/cache_control_if.vh Line: 25
Warning (10665): Bidirectional port "cache_control_if.dload[0][22]" at cache_control_if.vh(25) has a one-way connection to bidirectional port "cif0.dload[22]" File: /home/ecegridfs/a/437mg063/ece437/processors/include/cache_control_if.vh Line: 25
Warning (10665): Bidirectional port "cache_control_if.dload[0][21]" at cache_control_if.vh(25) has a one-way connection to bidirectional port "cif0.dload[21]" File: /home/ecegridfs/a/437mg063/ece437/processors/include/cache_control_if.vh Line: 25
Warning (10665): Bidirectional port "cache_control_if.dload[0][20]" at cache_control_if.vh(25) has a one-way connection to bidirectional port "cif0.dload[20]" File: /home/ecegridfs/a/437mg063/ece437/processors/include/cache_control_if.vh Line: 25
Warning (10665): Bidirectional port "cache_control_if.dload[0][19]" at cache_control_if.vh(25) has a one-way connection to bidirectional port "cif0.dload[19]" File: /home/ecegridfs/a/437mg063/ece437/processors/include/cache_control_if.vh Line: 25
Warning (10665): Bidirectional port "cache_control_if.dload[0][18]" at cache_control_if.vh(25) has a one-way connection to bidirectional port "cif0.dload[18]" File: /home/ecegridfs/a/437mg063/ece437/processors/include/cache_control_if.vh Line: 25
Warning (10665): Bidirectional port "cache_control_if.dload[0][17]" at cache_control_if.vh(25) has a one-way connection to bidirectional port "cif0.dload[17]" File: /home/ecegridfs/a/437mg063/ece437/processors/include/cache_control_if.vh Line: 25
Warning (10665): Bidirectional port "cache_control_if.dload[0][16]" at cache_control_if.vh(25) has a one-way connection to bidirectional port "cif0.dload[16]" File: /home/ecegridfs/a/437mg063/ece437/processors/include/cache_control_if.vh Line: 25
Warning (10665): Bidirectional port "cache_control_if.dload[0][15]" at cache_control_if.vh(25) has a one-way connection to bidirectional port "cif0.dload[15]" File: /home/ecegridfs/a/437mg063/ece437/processors/include/cache_control_if.vh Line: 25
Warning (10665): Bidirectional port "cache_control_if.dload[0][14]" at cache_control_if.vh(25) has a one-way connection to bidirectional port "cif0.dload[14]" File: /home/ecegridfs/a/437mg063/ece437/processors/include/cache_control_if.vh Line: 25
Warning (10665): Bidirectional port "cache_control_if.dload[0][13]" at cache_control_if.vh(25) has a one-way connection to bidirectional port "cif0.dload[13]" File: /home/ecegridfs/a/437mg063/ece437/processors/include/cache_control_if.vh Line: 25
Warning (10665): Bidirectional port "cache_control_if.dload[0][12]" at cache_control_if.vh(25) has a one-way connection to bidirectional port "cif0.dload[12]" File: /home/ecegridfs/a/437mg063/ece437/processors/include/cache_control_if.vh Line: 25
Warning (10665): Bidirectional port "cache_control_if.dload[0][11]" at cache_control_if.vh(25) has a one-way connection to bidirectional port "cif0.dload[11]" File: /home/ecegridfs/a/437mg063/ece437/processors/include/cache_control_if.vh Line: 25
Warning (10665): Bidirectional port "cache_control_if.dload[0][10]" at cache_control_if.vh(25) has a one-way connection to bidirectional port "cif0.dload[10]" File: /home/ecegridfs/a/437mg063/ece437/processors/include/cache_control_if.vh Line: 25
Warning (10665): Bidirectional port "cache_control_if.dload[0][9]" at cache_control_if.vh(25) has a one-way connection to bidirectional port "cif0.dload[9]" File: /home/ecegridfs/a/437mg063/ece437/processors/include/cache_control_if.vh Line: 25
Warning (10665): Bidirectional port "cache_control_if.dload[0][8]" at cache_control_if.vh(25) has a one-way connection to bidirectional port "cif0.dload[8]" File: /home/ecegridfs/a/437mg063/ece437/processors/include/cache_control_if.vh Line: 25
Warning (10665): Bidirectional port "cache_control_if.dload[0][7]" at cache_control_if.vh(25) has a one-way connection to bidirectional port "cif0.dload[7]" File: /home/ecegridfs/a/437mg063/ece437/processors/include/cache_control_if.vh Line: 25
Warning (10665): Bidirectional port "cache_control_if.dload[0][6]" at cache_control_if.vh(25) has a one-way connection to bidirectional port "cif0.dload[6]" File: /home/ecegridfs/a/437mg063/ece437/processors/include/cache_control_if.vh Line: 25
Warning (10665): Bidirectional port "cache_control_if.dload[0][5]" at cache_control_if.vh(25) has a one-way connection to bidirectional port "cif0.dload[5]" File: /home/ecegridfs/a/437mg063/ece437/processors/include/cache_control_if.vh Line: 25
Warning (10665): Bidirectional port "cache_control_if.dload[0][4]" at cache_control_if.vh(25) has a one-way connection to bidirectional port "cif0.dload[4]" File: /home/ecegridfs/a/437mg063/ece437/processors/include/cache_control_if.vh Line: 25
Warning (10665): Bidirectional port "cache_control_if.dload[0][3]" at cache_control_if.vh(25) has a one-way connection to bidirectional port "cif0.dload[3]" File: /home/ecegridfs/a/437mg063/ece437/processors/include/cache_control_if.vh Line: 25
Warning (10665): Bidirectional port "cache_control_if.dload[0][2]" at cache_control_if.vh(25) has a one-way connection to bidirectional port "cif0.dload[2]" File: /home/ecegridfs/a/437mg063/ece437/processors/include/cache_control_if.vh Line: 25
Warning (10665): Bidirectional port "cache_control_if.dload[0][1]" at cache_control_if.vh(25) has a one-way connection to bidirectional port "cif0.dload[1]" File: /home/ecegridfs/a/437mg063/ece437/processors/include/cache_control_if.vh Line: 25
Warning (10665): Bidirectional port "cache_control_if.dload[0][0]" at cache_control_if.vh(25) has a one-way connection to bidirectional port "cif0.dload[0]" File: /home/ecegridfs/a/437mg063/ece437/processors/include/cache_control_if.vh Line: 25
Warning (10665): Bidirectional port "cache_control_if.ccwait[0]" at cache_control_if.vh(25) has a one-way connection to bidirectional port "cif0.ccwait" File: /home/ecegridfs/a/437mg063/ece437/processors/include/cache_control_if.vh Line: 25
Warning (10665): Bidirectional port "cache_control_if.ccinv[0]" at cache_control_if.vh(25) has a one-way connection to bidirectional port "cif0.ccinv" File: /home/ecegridfs/a/437mg063/ece437/processors/include/cache_control_if.vh Line: 25
Warning (10665): Bidirectional port "cache_control_if.ccsnoopaddr[0][31]" at cache_control_if.vh(25) has a one-way connection to bidirectional port "cif0.ccsnoopaddr[31]" File: /home/ecegridfs/a/437mg063/ece437/processors/include/cache_control_if.vh Line: 25
Warning (10665): Bidirectional port "cache_control_if.ccsnoopaddr[0][30]" at cache_control_if.vh(25) has a one-way connection to bidirectional port "cif0.ccsnoopaddr[30]" File: /home/ecegridfs/a/437mg063/ece437/processors/include/cache_control_if.vh Line: 25
Warning (10665): Bidirectional port "cache_control_if.ccsnoopaddr[0][29]" at cache_control_if.vh(25) has a one-way connection to bidirectional port "cif0.ccsnoopaddr[29]" File: /home/ecegridfs/a/437mg063/ece437/processors/include/cache_control_if.vh Line: 25
Warning (10665): Bidirectional port "cache_control_if.ccsnoopaddr[0][28]" at cache_control_if.vh(25) has a one-way connection to bidirectional port "cif0.ccsnoopaddr[28]" File: /home/ecegridfs/a/437mg063/ece437/processors/include/cache_control_if.vh Line: 25
Warning (10665): Bidirectional port "cache_control_if.ccsnoopaddr[0][27]" at cache_control_if.vh(25) has a one-way connection to bidirectional port "cif0.ccsnoopaddr[27]" File: /home/ecegridfs/a/437mg063/ece437/processors/include/cache_control_if.vh Line: 25
Warning (10665): Bidirectional port "cache_control_if.ccsnoopaddr[0][26]" at cache_control_if.vh(25) has a one-way connection to bidirectional port "cif0.ccsnoopaddr[26]" File: /home/ecegridfs/a/437mg063/ece437/processors/include/cache_control_if.vh Line: 25
Warning (10665): Bidirectional port "cache_control_if.ccsnoopaddr[0][25]" at cache_control_if.vh(25) has a one-way connection to bidirectional port "cif0.ccsnoopaddr[25]" File: /home/ecegridfs/a/437mg063/ece437/processors/include/cache_control_if.vh Line: 25
Warning (10665): Bidirectional port "cache_control_if.ccsnoopaddr[0][24]" at cache_control_if.vh(25) has a one-way connection to bidirectional port "cif0.ccsnoopaddr[24]" File: /home/ecegridfs/a/437mg063/ece437/processors/include/cache_control_if.vh Line: 25
Warning (10665): Bidirectional port "cache_control_if.ccsnoopaddr[0][23]" at cache_control_if.vh(25) has a one-way connection to bidirectional port "cif0.ccsnoopaddr[23]" File: /home/ecegridfs/a/437mg063/ece437/processors/include/cache_control_if.vh Line: 25
Warning (10665): Bidirectional port "cache_control_if.ccsnoopaddr[0][22]" at cache_control_if.vh(25) has a one-way connection to bidirectional port "cif0.ccsnoopaddr[22]" File: /home/ecegridfs/a/437mg063/ece437/processors/include/cache_control_if.vh Line: 25
Warning (10665): Bidirectional port "cache_control_if.ccsnoopaddr[0][21]" at cache_control_if.vh(25) has a one-way connection to bidirectional port "cif0.ccsnoopaddr[21]" File: /home/ecegridfs/a/437mg063/ece437/processors/include/cache_control_if.vh Line: 25
Warning (10665): Bidirectional port "cache_control_if.ccsnoopaddr[0][20]" at cache_control_if.vh(25) has a one-way connection to bidirectional port "cif0.ccsnoopaddr[20]" File: /home/ecegridfs/a/437mg063/ece437/processors/include/cache_control_if.vh Line: 25
Warning (10665): Bidirectional port "cache_control_if.ccsnoopaddr[0][19]" at cache_control_if.vh(25) has a one-way connection to bidirectional port "cif0.ccsnoopaddr[19]" File: /home/ecegridfs/a/437mg063/ece437/processors/include/cache_control_if.vh Line: 25
Warning (10665): Bidirectional port "cache_control_if.ccsnoopaddr[0][18]" at cache_control_if.vh(25) has a one-way connection to bidirectional port "cif0.ccsnoopaddr[18]" File: /home/ecegridfs/a/437mg063/ece437/processors/include/cache_control_if.vh Line: 25
Warning (10665): Bidirectional port "cache_control_if.ccsnoopaddr[0][17]" at cache_control_if.vh(25) has a one-way connection to bidirectional port "cif0.ccsnoopaddr[17]" File: /home/ecegridfs/a/437mg063/ece437/processors/include/cache_control_if.vh Line: 25
Warning (10665): Bidirectional port "cache_control_if.ccsnoopaddr[0][16]" at cache_control_if.vh(25) has a one-way connection to bidirectional port "cif0.ccsnoopaddr[16]" File: /home/ecegridfs/a/437mg063/ece437/processors/include/cache_control_if.vh Line: 25
Warning (10665): Bidirectional port "cache_control_if.ccsnoopaddr[0][15]" at cache_control_if.vh(25) has a one-way connection to bidirectional port "cif0.ccsnoopaddr[15]" File: /home/ecegridfs/a/437mg063/ece437/processors/include/cache_control_if.vh Line: 25
Warning (10665): Bidirectional port "cache_control_if.ccsnoopaddr[0][14]" at cache_control_if.vh(25) has a one-way connection to bidirectional port "cif0.ccsnoopaddr[14]" File: /home/ecegridfs/a/437mg063/ece437/processors/include/cache_control_if.vh Line: 25
Warning (10665): Bidirectional port "cache_control_if.ccsnoopaddr[0][13]" at cache_control_if.vh(25) has a one-way connection to bidirectional port "cif0.ccsnoopaddr[13]" File: /home/ecegridfs/a/437mg063/ece437/processors/include/cache_control_if.vh Line: 25
Warning (10665): Bidirectional port "cache_control_if.ccsnoopaddr[0][12]" at cache_control_if.vh(25) has a one-way connection to bidirectional port "cif0.ccsnoopaddr[12]" File: /home/ecegridfs/a/437mg063/ece437/processors/include/cache_control_if.vh Line: 25
Warning (10665): Bidirectional port "cache_control_if.ccsnoopaddr[0][11]" at cache_control_if.vh(25) has a one-way connection to bidirectional port "cif0.ccsnoopaddr[11]" File: /home/ecegridfs/a/437mg063/ece437/processors/include/cache_control_if.vh Line: 25
Warning (10665): Bidirectional port "cache_control_if.ccsnoopaddr[0][10]" at cache_control_if.vh(25) has a one-way connection to bidirectional port "cif0.ccsnoopaddr[10]" File: /home/ecegridfs/a/437mg063/ece437/processors/include/cache_control_if.vh Line: 25
Warning (10665): Bidirectional port "cache_control_if.ccsnoopaddr[0][9]" at cache_control_if.vh(25) has a one-way connection to bidirectional port "cif0.ccsnoopaddr[9]" File: /home/ecegridfs/a/437mg063/ece437/processors/include/cache_control_if.vh Line: 25
Warning (10665): Bidirectional port "cache_control_if.ccsnoopaddr[0][8]" at cache_control_if.vh(25) has a one-way connection to bidirectional port "cif0.ccsnoopaddr[8]" File: /home/ecegridfs/a/437mg063/ece437/processors/include/cache_control_if.vh Line: 25
Warning (10665): Bidirectional port "cache_control_if.ccsnoopaddr[0][7]" at cache_control_if.vh(25) has a one-way connection to bidirectional port "cif0.ccsnoopaddr[7]" File: /home/ecegridfs/a/437mg063/ece437/processors/include/cache_control_if.vh Line: 25
Warning (10665): Bidirectional port "cache_control_if.ccsnoopaddr[0][6]" at cache_control_if.vh(25) has a one-way connection to bidirectional port "cif0.ccsnoopaddr[6]" File: /home/ecegridfs/a/437mg063/ece437/processors/include/cache_control_if.vh Line: 25
Warning (10665): Bidirectional port "cache_control_if.ccsnoopaddr[0][5]" at cache_control_if.vh(25) has a one-way connection to bidirectional port "cif0.ccsnoopaddr[5]" File: /home/ecegridfs/a/437mg063/ece437/processors/include/cache_control_if.vh Line: 25
Warning (10665): Bidirectional port "cache_control_if.ccsnoopaddr[0][4]" at cache_control_if.vh(25) has a one-way connection to bidirectional port "cif0.ccsnoopaddr[4]" File: /home/ecegridfs/a/437mg063/ece437/processors/include/cache_control_if.vh Line: 25
Warning (10665): Bidirectional port "cache_control_if.ccsnoopaddr[0][3]" at cache_control_if.vh(25) has a one-way connection to bidirectional port "cif0.ccsnoopaddr[3]" File: /home/ecegridfs/a/437mg063/ece437/processors/include/cache_control_if.vh Line: 25
Warning (10665): Bidirectional port "cache_control_if.ccsnoopaddr[0][2]" at cache_control_if.vh(25) has a one-way connection to bidirectional port "cif0.ccsnoopaddr[2]" File: /home/ecegridfs/a/437mg063/ece437/processors/include/cache_control_if.vh Line: 25
Warning (10665): Bidirectional port "cache_control_if.ccsnoopaddr[0][1]" at cache_control_if.vh(25) has a one-way connection to bidirectional port "cif0.ccsnoopaddr[1]" File: /home/ecegridfs/a/437mg063/ece437/processors/include/cache_control_if.vh Line: 25
Warning (10665): Bidirectional port "cache_control_if.ccsnoopaddr[0][0]" at cache_control_if.vh(25) has a one-way connection to bidirectional port "cif0.ccsnoopaddr[0]" File: /home/ecegridfs/a/437mg063/ece437/processors/include/cache_control_if.vh Line: 25
Info (12128): Elaborating entity "datapath" for hierarchy "singlecycle:CPU|datapath:DP" File: /home/ecegridfs/a/437mg063/ece437/processors/source/singlecycle.sv Line: 27
Info (10264): Verilog HDL Case Statement information at datapath.sv(76): all case item expressions in this case statement are onehot File: /home/ecegridfs/a/437mg063/ece437/processors/source/datapath.sv Line: 76
Warning (10230): Verilog HDL assignment warning at datapath.sv(98): truncated value with size 32 to match size of target (1) File: /home/ecegridfs/a/437mg063/ece437/processors/source/datapath.sv Line: 98
Warning (10034): Output port "dpif.datomic" at datapath.sv(24) has no driver File: /home/ecegridfs/a/437mg063/ece437/processors/source/datapath.sv Line: 24
Info (12128): Elaborating entity "control_unit_if" for hierarchy "singlecycle:CPU|datapath:DP|control_unit_if:cuif" File: /home/ecegridfs/a/437mg063/ece437/processors/source/datapath.sv Line: 32
Warning (12158): Entity "control_unit_if" contains only dangling pins File: /home/ecegridfs/a/437mg063/ece437/processors/source/datapath.sv Line: 32
Info (12128): Elaborating entity "request_unit_if" for hierarchy "singlecycle:CPU|datapath:DP|request_unit_if:ruif" File: /home/ecegridfs/a/437mg063/ece437/processors/source/datapath.sv Line: 33
Warning (12158): Entity "request_unit_if" contains only dangling pins File: /home/ecegridfs/a/437mg063/ece437/processors/source/datapath.sv Line: 33
Info (12128): Elaborating entity "register_file_if" for hierarchy "singlecycle:CPU|datapath:DP|register_file_if:rfif" File: /home/ecegridfs/a/437mg063/ece437/processors/source/datapath.sv Line: 34
Warning (12158): Entity "register_file_if" contains only dangling pins File: /home/ecegridfs/a/437mg063/ece437/processors/source/datapath.sv Line: 34
Info (12128): Elaborating entity "alu_if" for hierarchy "singlecycle:CPU|datapath:DP|alu_if:aluif" File: /home/ecegridfs/a/437mg063/ece437/processors/source/datapath.sv Line: 35
Warning (12158): Entity "alu_if" contains only dangling pins File: /home/ecegridfs/a/437mg063/ece437/processors/source/datapath.sv Line: 35
Info (12128): Elaborating entity "pc_if" for hierarchy "singlecycle:CPU|datapath:DP|pc_if:pcif" File: /home/ecegridfs/a/437mg063/ece437/processors/source/datapath.sv Line: 36
Warning (12158): Entity "pc_if" contains only dangling pins File: /home/ecegridfs/a/437mg063/ece437/processors/source/datapath.sv Line: 36
Info (12128): Elaborating entity "control_unit" for hierarchy "singlecycle:CPU|datapath:DP|control_unit:CTRLU" File: /home/ecegridfs/a/437mg063/ece437/processors/source/datapath.sv Line: 40
Warning (10270): Verilog HDL Case Statement warning at control_unit.sv(44): incomplete case statement has no default case item File: /home/ecegridfs/a/437mg063/ece437/processors/source/control_unit.sv Line: 44
Warning (10270): Verilog HDL Case Statement warning at control_unit.sv(106): incomplete case statement has no default case item File: /home/ecegridfs/a/437mg063/ece437/processors/source/control_unit.sv Line: 106
Warning (10230): Verilog HDL assignment warning at control_unit.sv(149): truncated value with size 43 to match size of target (32) File: /home/ecegridfs/a/437mg063/ece437/processors/source/control_unit.sv Line: 149
Warning (10270): Verilog HDL Case Statement warning at control_unit.sv(40): incomplete case statement has no default case item File: /home/ecegridfs/a/437mg063/ece437/processors/source/control_unit.sv Line: 40
Info (12128): Elaborating entity "request_unit" for hierarchy "singlecycle:CPU|datapath:DP|request_unit:REQU" File: /home/ecegridfs/a/437mg063/ece437/processors/source/datapath.sv Line: 41
Info (12128): Elaborating entity "register_file" for hierarchy "singlecycle:CPU|datapath:DP|register_file:REGF" File: /home/ecegridfs/a/437mg063/ece437/processors/source/datapath.sv Line: 42
Info (12128): Elaborating entity "alu" for hierarchy "singlecycle:CPU|datapath:DP|alu:ALU" File: /home/ecegridfs/a/437mg063/ece437/processors/source/datapath.sv Line: 43
Info (12128): Elaborating entity "pc" for hierarchy "singlecycle:CPU|datapath:DP|pc:PC" File: /home/ecegridfs/a/437mg063/ece437/processors/source/datapath.sv Line: 44
Info (12128): Elaborating entity "caches" for hierarchy "singlecycle:CPU|caches:CM" File: /home/ecegridfs/a/437mg063/ece437/processors/source/singlecycle.sv Line: 29
Warning (10230): Verilog HDL assignment warning at caches.sv(53): truncated value with size 32 to match size of target (1) File: /home/ecegridfs/a/437mg063/ece437/processors/source/caches.sv Line: 53
Warning (10230): Verilog HDL assignment warning at caches.sv(54): truncated value with size 32 to match size of target (1) File: /home/ecegridfs/a/437mg063/ece437/processors/source/caches.sv Line: 54
Warning (10034): Output port "cif.ccwrite" at caches.sv(20) has no driver File: /home/ecegridfs/a/437mg063/ece437/processors/source/caches.sv Line: 20
Warning (10034): Output port "cif.cctrans" at caches.sv(20) has no driver File: /home/ecegridfs/a/437mg063/ece437/processors/source/caches.sv Line: 20
Info (12128): Elaborating entity "memory_control" for hierarchy "singlecycle:CPU|memory_control:CC" File: /home/ecegridfs/a/437mg063/ece437/processors/source/singlecycle.sv Line: 31
Warning (10034): Output port "ccif.ccwait[0]" at memory_control.sv(19) has no driver File: /home/ecegridfs/a/437mg063/ece437/processors/source/memory_control.sv Line: 19
Warning (10034): Output port "ccif.ccinv[0]" at memory_control.sv(19) has no driver File: /home/ecegridfs/a/437mg063/ece437/processors/source/memory_control.sv Line: 19
Warning (10034): Output port "ccif.ccsnoopaddr[0]" at memory_control.sv(19) has no driver File: /home/ecegridfs/a/437mg063/ece437/processors/source/memory_control.sv Line: 19
Info (12128): Elaborating entity "ram" for hierarchy "ram:RAM" File: /home/ecegridfs/a/437mg063/ece437/processors/source/system.sv Line: 59
Warning (10230): Verilog HDL assignment warning at ram.sv(107): truncated value with size 32 to match size of target (1) File: /home/ecegridfs/a/437mg063/ece437/processors/source/ram.sv Line: 107
Warning (10230): Verilog HDL assignment warning at ram.sv(130): truncated value with size 32 to match size of target (4) File: /home/ecegridfs/a/437mg063/ece437/processors/source/ram.sv Line: 130
Warning (10034): Output port "dbg_data_out" at ram.sv(23) has no driver File: /home/ecegridfs/a/437mg063/ece437/processors/source/ram.sv Line: 23
Info (12128): Elaborating entity "altsyncram" for hierarchy "ram:RAM|altsyncram:altsyncram_component" File: /home/ecegridfs/a/437mg063/ece437/processors/source/ram.sv Line: 88
Info (12130): Elaborated megafunction instantiation "ram:RAM|altsyncram:altsyncram_component" File: /home/ecegridfs/a/437mg063/ece437/processors/source/ram.sv Line: 88
Info (12133): Instantiated megafunction "ram:RAM|altsyncram:altsyncram_component" with the following parameter: File: /home/ecegridfs/a/437mg063/ece437/processors/source/ram.sv Line: 88
    Info (12134): Parameter "clock_enable_input_a" = "BYPASS"
    Info (12134): Parameter "clock_enable_output_a" = "BYPASS"
    Info (12134): Parameter "init_file" = "meminit.hex"
    Info (12134): Parameter "intended_device_family" = "Cyclone II"
    Info (12134): Parameter "lpm_hint" = "ENABLE_RUNTIME_MOD=YES,INSTANCE_NAME=RAM"
    Info (12134): Parameter "lpm_type" = "altsyncram"
    Info (12134): Parameter "numwords_a" = "16384"
    Info (12134): Parameter "operation_mode" = "SINGLE_PORT"
    Info (12134): Parameter "outdata_aclr_a" = "NONE"
    Info (12134): Parameter "outdata_reg_a" = "UNREGISTERED"
    Info (12134): Parameter "power_up_uninitialized" = "FALSE"
    Info (12134): Parameter "widthad_a" = "14"
    Info (12134): Parameter "width_a" = "32"
    Info (12134): Parameter "width_byteena_a" = "1"
Info (12021): Found 1 design units, including 1 entities, in source file db/altsyncram_99f1.tdf
    Info (12023): Found entity 1: altsyncram_99f1 File: /home/ecegridfs/a/437mg063/ece437/processors/._system/db/altsyncram_99f1.tdf Line: 28
Info (12128): Elaborating entity "altsyncram_99f1" for hierarchy "ram:RAM|altsyncram:altsyncram_component|altsyncram_99f1:auto_generated" File: /package/eda/intelFPGA/quartus21.1/quartus/libraries/megafunctions/altsyncram.tdf Line: 792
Info (12021): Found 1 design units, including 1 entities, in source file db/altsyncram_fta2.tdf
    Info (12023): Found entity 1: altsyncram_fta2 File: /home/ecegridfs/a/437mg063/ece437/processors/._system/db/altsyncram_fta2.tdf Line: 34
Info (12128): Elaborating entity "altsyncram_fta2" for hierarchy "ram:RAM|altsyncram:altsyncram_component|altsyncram_99f1:auto_generated|altsyncram_fta2:altsyncram1" File: /home/ecegridfs/a/437mg063/ece437/processors/._system/db/altsyncram_99f1.tdf Line: 37
Critical Warning (127005): Memory depth (16384) in the design file differs from memory depth (33) in the Memory Initialization File "/home/ecegridfs/a/437mg063/ece437/processors/._system/meminit.hex" -- setting initial value for remaining addresses to 0 File: /home/ecegridfs/a/437mg063/ece437/processors/source/ram.sv Line: 88
Info (12021): Found 1 design units, including 1 entities, in source file db/decode_jsa.tdf
    Info (12023): Found entity 1: decode_jsa File: /home/ecegridfs/a/437mg063/ece437/processors/._system/db/decode_jsa.tdf Line: 23
Info (12128): Elaborating entity "decode_jsa" for hierarchy "ram:RAM|altsyncram:altsyncram_component|altsyncram_99f1:auto_generated|altsyncram_fta2:altsyncram1|decode_jsa:decode4" File: /home/ecegridfs/a/437mg063/ece437/processors/._system/db/altsyncram_fta2.tdf Line: 50
Info (12021): Found 1 design units, including 1 entities, in source file db/decode_c8a.tdf
    Info (12023): Found entity 1: decode_c8a File: /home/ecegridfs/a/437mg063/ece437/processors/._system/db/decode_c8a.tdf Line: 23
Info (12128): Elaborating entity "decode_c8a" for hierarchy "ram:RAM|altsyncram:altsyncram_component|altsyncram_99f1:auto_generated|altsyncram_fta2:altsyncram1|decode_c8a:rden_decode_a" File: /home/ecegridfs/a/437mg063/ece437/processors/._system/db/altsyncram_fta2.tdf Line: 52
Info (12021): Found 1 design units, including 1 entities, in source file db/mux_gob.tdf
    Info (12023): Found entity 1: mux_gob File: /home/ecegridfs/a/437mg063/ece437/processors/._system/db/mux_gob.tdf Line: 23
Info (12128): Elaborating entity "mux_gob" for hierarchy "ram:RAM|altsyncram:altsyncram_component|altsyncram_99f1:auto_generated|altsyncram_fta2:altsyncram1|mux_gob:mux6" File: /home/ecegridfs/a/437mg063/ece437/processors/._system/db/altsyncram_fta2.tdf Line: 54
Info (12128): Elaborating entity "sld_mod_ram_rom" for hierarchy "ram:RAM|altsyncram:altsyncram_component|altsyncram_99f1:auto_generated|sld_mod_ram_rom:mgl_prim2" File: /home/ecegridfs/a/437mg063/ece437/processors/._system/db/altsyncram_99f1.tdf Line: 38
Info (12130): Elaborated megafunction instantiation "ram:RAM|altsyncram:altsyncram_component|altsyncram_99f1:auto_generated|sld_mod_ram_rom:mgl_prim2" File: /home/ecegridfs/a/437mg063/ece437/processors/._system/db/altsyncram_99f1.tdf Line: 38
Info (12133): Instantiated megafunction "ram:RAM|altsyncram:altsyncram_component|altsyncram_99f1:auto_generated|sld_mod_ram_rom:mgl_prim2" with the following parameter: File: /home/ecegridfs/a/437mg063/ece437/processors/._system/db/altsyncram_99f1.tdf Line: 38
    Info (12134): Parameter "CVALUE" = "00000000000000000000000000000000"
    Info (12134): Parameter "IS_DATA_IN_RAM" = "1"
    Info (12134): Parameter "IS_READABLE" = "1"
    Info (12134): Parameter "NODE_NAME" = "1380011264"
    Info (12134): Parameter "NUMWORDS" = "16384"
    Info (12134): Parameter "SHIFT_COUNT_BITS" = "6"
    Info (12134): Parameter "WIDTH_WORD" = "32"
    Info (12134): Parameter "WIDTHAD" = "14"
Info (12128): Elaborating entity "sld_jtag_endpoint_adapter" for hierarchy "ram:RAM|altsyncram:altsyncram_component|altsyncram_99f1:auto_generated|sld_mod_ram_rom:mgl_prim2|sld_jtag_endpoint_adapter:jtag_signal_adapter" File: /package/eda/intelFPGA/quartus21.1/quartus/libraries/megafunctions/sld_mod_ram_rom.vhd Line: 302
Info (12128): Elaborating entity "sld_jtag_endpoint_adapter_impl" for hierarchy "ram:RAM|altsyncram:altsyncram_component|altsyncram_99f1:auto_generated|sld_mod_ram_rom:mgl_prim2|sld_jtag_endpoint_adapter:jtag_signal_adapter|sld_jtag_endpoint_adapter_impl:sld_jtag_endpoint_adapter_impl_inst" File: /package/eda/intelFPGA/quartus21.1/quartus/libraries/megafunctions/sld_jtag_endpoint_adapter.vhd Line: 232
Info (12128): Elaborating entity "sld_rom_sr" for hierarchy "ram:RAM|altsyncram:altsyncram_component|altsyncram_99f1:auto_generated|sld_mod_ram_rom:mgl_prim2|sld_rom_sr:\ram_rom_logic_gen:name_gen:info_rom_sr" File: /package/eda/intelFPGA/quartus21.1/quartus/libraries/megafunctions/sld_mod_ram_rom.vhd Line: 828
Info (11170): Starting IP generation for the debug fabric: alt_sld_fab.
Info (11172): 2025.09.18.18:05:00 Progress: Loading sld6c6326ae/alt_sld_fab_wrapper_hw.tcl
Info (11172): Alt_sld_fab.alt_sld_fab: SLD fabric agents which did not specify prefer_host were connected to JTAG
Info (11172): Alt_sld_fab: Generating alt_sld_fab "alt_sld_fab" for QUARTUS_SYNTH
Info (11172): Alt_sld_fab: "alt_sld_fab" instantiated alt_sld_fab "alt_sld_fab"
Info (11172): Presplit: "alt_sld_fab" instantiated altera_super_splitter "presplit"
Info (11172): Splitter: "alt_sld_fab" instantiated altera_sld_splitter "splitter"
Info (11172): Sldfabric: "alt_sld_fab" instantiated altera_sld_jtag_hub "sldfabric"
Info (11172): Ident: "alt_sld_fab" instantiated altera_connection_identification_hub "ident"
Info (11172): Alt_sld_fab: Done "alt_sld_fab" with 6 modules, 6 files
Info (11171): Finished IP generation for the debug fabric: alt_sld_fab.
Info (12021): Found 1 design units, including 1 entities, in source file db/ip/sld6c6326ae/alt_sld_fab.v
    Info (12023): Found entity 1: alt_sld_fab File: /home/ecegridfs/a/437mg063/ece437/processors/._system/db/ip/sld6c6326ae/alt_sld_fab.v Line: 9
Info (12021): Found 1 design units, including 1 entities, in source file db/ip/sld6c6326ae/submodules/alt_sld_fab_alt_sld_fab.v
    Info (12023): Found entity 1: alt_sld_fab_alt_sld_fab File: /home/ecegridfs/a/437mg063/ece437/processors/._system/db/ip/sld6c6326ae/submodules/alt_sld_fab_alt_sld_fab.v Line: 9
Info (12021): Found 1 design units, including 1 entities, in source file db/ip/sld6c6326ae/submodules/alt_sld_fab_alt_sld_fab_ident.sv
    Info (12023): Found entity 1: alt_sld_fab_alt_sld_fab_ident File: /home/ecegridfs/a/437mg063/ece437/processors/._system/db/ip/sld6c6326ae/submodules/alt_sld_fab_alt_sld_fab_ident.sv Line: 33
Info (12021): Found 1 design units, including 1 entities, in source file db/ip/sld6c6326ae/submodules/alt_sld_fab_alt_sld_fab_presplit.sv
    Info (12023): Found entity 1: alt_sld_fab_alt_sld_fab_presplit File: /home/ecegridfs/a/437mg063/ece437/processors/._system/db/ip/sld6c6326ae/submodules/alt_sld_fab_alt_sld_fab_presplit.sv Line: 3
Info (12021): Found 2 design units, including 1 entities, in source file db/ip/sld6c6326ae/submodules/alt_sld_fab_alt_sld_fab_sldfabric.vhd
    Info (12022): Found design unit 1: alt_sld_fab_alt_sld_fab_sldfabric-rtl File: /home/ecegridfs/a/437mg063/ece437/processors/._system/db/ip/sld6c6326ae/submodules/alt_sld_fab_alt_sld_fab_sldfabric.vhd Line: 102
    Info (12023): Found entity 1: alt_sld_fab_alt_sld_fab_sldfabric File: /home/ecegridfs/a/437mg063/ece437/processors/._system/db/ip/sld6c6326ae/submodules/alt_sld_fab_alt_sld_fab_sldfabric.vhd Line: 11
Info (12021): Found 1 design units, including 1 entities, in source file db/ip/sld6c6326ae/submodules/alt_sld_fab_alt_sld_fab_splitter.sv
    Info (12023): Found entity 1: alt_sld_fab_alt_sld_fab_splitter File: /home/ecegridfs/a/437mg063/ece437/processors/._system/db/ip/sld6c6326ae/submodules/alt_sld_fab_alt_sld_fab_splitter.sv Line: 3
Info (13000): Registers with preset signals will power-up high File: /home/ecegridfs/a/437mg063/ece437/processors/source/ram.sv Line: 119
Info (13003): DEV_CLRn pin will set, and not reset, register with preset signal due to NOT Gate Push-Back
Warning (13024): Output pins are stuck at VCC or GND
    Warning (13410): Pin "dbg_data_out[0]" is stuck at GND File: /home/ecegridfs/a/437mg063/ece437/processors/source/system.sv Line: 24
    Warning (13410): Pin "dbg_data_out[1]" is stuck at GND File: /home/ecegridfs/a/437mg063/ece437/processors/source/system.sv Line: 24
    Warning (13410): Pin "dbg_data_out[2]" is stuck at GND File: /home/ecegridfs/a/437mg063/ece437/processors/source/system.sv Line: 24
    Warning (13410): Pin "dbg_data_out[3]" is stuck at GND File: /home/ecegridfs/a/437mg063/ece437/processors/source/system.sv Line: 24
    Warning (13410): Pin "dbg_data_out[4]" is stuck at GND File: /home/ecegridfs/a/437mg063/ece437/processors/source/system.sv Line: 24
    Warning (13410): Pin "dbg_data_out[5]" is stuck at GND File: /home/ecegridfs/a/437mg063/ece437/processors/source/system.sv Line: 24
    Warning (13410): Pin "dbg_data_out[6]" is stuck at GND File: /home/ecegridfs/a/437mg063/ece437/processors/source/system.sv Line: 24
    Warning (13410): Pin "dbg_data_out[7]" is stuck at GND File: /home/ecegridfs/a/437mg063/ece437/processors/source/system.sv Line: 24
    Warning (13410): Pin "dbg_data_out[8]" is stuck at GND File: /home/ecegridfs/a/437mg063/ece437/processors/source/system.sv Line: 24
    Warning (13410): Pin "dbg_data_out[9]" is stuck at GND File: /home/ecegridfs/a/437mg063/ece437/processors/source/system.sv Line: 24
    Warning (13410): Pin "dbg_data_out[10]" is stuck at GND File: /home/ecegridfs/a/437mg063/ece437/processors/source/system.sv Line: 24
    Warning (13410): Pin "dbg_data_out[11]" is stuck at GND File: /home/ecegridfs/a/437mg063/ece437/processors/source/system.sv Line: 24
    Warning (13410): Pin "dbg_data_out[12]" is stuck at GND File: /home/ecegridfs/a/437mg063/ece437/processors/source/system.sv Line: 24
    Warning (13410): Pin "dbg_data_out[13]" is stuck at GND File: /home/ecegridfs/a/437mg063/ece437/processors/source/system.sv Line: 24
    Warning (13410): Pin "dbg_data_out[14]" is stuck at GND File: /home/ecegridfs/a/437mg063/ece437/processors/source/system.sv Line: 24
    Warning (13410): Pin "dbg_data_out[15]" is stuck at GND File: /home/ecegridfs/a/437mg063/ece437/processors/source/system.sv Line: 24
    Warning (13410): Pin "dbg_data_out[16]" is stuck at GND File: /home/ecegridfs/a/437mg063/ece437/processors/source/system.sv Line: 24
    Warning (13410): Pin "dbg_data_out[17]" is stuck at GND File: /home/ecegridfs/a/437mg063/ece437/processors/source/system.sv Line: 24
    Warning (13410): Pin "dbg_data_out[18]" is stuck at GND File: /home/ecegridfs/a/437mg063/ece437/processors/source/system.sv Line: 24
    Warning (13410): Pin "dbg_data_out[19]" is stuck at GND File: /home/ecegridfs/a/437mg063/ece437/processors/source/system.sv Line: 24
    Warning (13410): Pin "dbg_data_out[20]" is stuck at GND File: /home/ecegridfs/a/437mg063/ece437/processors/source/system.sv Line: 24
    Warning (13410): Pin "dbg_data_out[21]" is stuck at GND File: /home/ecegridfs/a/437mg063/ece437/processors/source/system.sv Line: 24
    Warning (13410): Pin "dbg_data_out[22]" is stuck at GND File: /home/ecegridfs/a/437mg063/ece437/processors/source/system.sv Line: 24
    Warning (13410): Pin "dbg_data_out[23]" is stuck at GND File: /home/ecegridfs/a/437mg063/ece437/processors/source/system.sv Line: 24
    Warning (13410): Pin "dbg_data_out[24]" is stuck at GND File: /home/ecegridfs/a/437mg063/ece437/processors/source/system.sv Line: 24
    Warning (13410): Pin "dbg_data_out[25]" is stuck at GND File: /home/ecegridfs/a/437mg063/ece437/processors/source/system.sv Line: 24
    Warning (13410): Pin "dbg_data_out[26]" is stuck at GND File: /home/ecegridfs/a/437mg063/ece437/processors/source/system.sv Line: 24
    Warning (13410): Pin "dbg_data_out[27]" is stuck at GND File: /home/ecegridfs/a/437mg063/ece437/processors/source/system.sv Line: 24
    Warning (13410): Pin "dbg_data_out[28]" is stuck at GND File: /home/ecegridfs/a/437mg063/ece437/processors/source/system.sv Line: 24
    Warning (13410): Pin "dbg_data_out[29]" is stuck at GND File: /home/ecegridfs/a/437mg063/ece437/processors/source/system.sv Line: 24
    Warning (13410): Pin "dbg_data_out[30]" is stuck at GND File: /home/ecegridfs/a/437mg063/ece437/processors/source/system.sv Line: 24
    Warning (13410): Pin "dbg_data_out[31]" is stuck at GND File: /home/ecegridfs/a/437mg063/ece437/processors/source/system.sv Line: 24
Info (286031): Timing-Driven Synthesis is running on partition "Top"
Info (13000): Registers with preset signals will power-up high File: /package/eda/intelFPGA/quartus21.1/quartus/libraries/megafunctions/sld_jtag_hub.vhd Line: 386
Info (13003): DEV_CLRn pin will set, and not reset, register with preset signal due to NOT Gate Push-Back
Info (286031): Timing-Driven Synthesis is running on partition "sld_hub:auto_hub"
Info (144001): Generated suppressed messages file /home/ecegridfs/a/437mg063/ece437/processors/._system/system.map.smsg
Info (16010): Generating hard_block partition "hard_block:auto_generated_inst"
    Info (16011): Adding 0 node(s), including 0 DDIO, 0 PLL, 0 transceiver and 0 LCELL
Warning (21074): Design contains 14 input pin(s) that do not drive logic
    Warning (15610): No output dependent on input pin "dbg_addr[0]" File: /home/ecegridfs/a/437mg063/ece437/processors/source/system.sv Line: 22
    Warning (15610): No output dependent on input pin "dbg_addr[1]" File: /home/ecegridfs/a/437mg063/ece437/processors/source/system.sv Line: 22
    Warning (15610): No output dependent on input pin "dbg_addr[2]" File: /home/ecegridfs/a/437mg063/ece437/processors/source/system.sv Line: 22
    Warning (15610): No output dependent on input pin "dbg_addr[3]" File: /home/ecegridfs/a/437mg063/ece437/processors/source/system.sv Line: 22
    Warning (15610): No output dependent on input pin "dbg_addr[4]" File: /home/ecegridfs/a/437mg063/ece437/processors/source/system.sv Line: 22
    Warning (15610): No output dependent on input pin "dbg_addr[5]" File: /home/ecegridfs/a/437mg063/ece437/processors/source/system.sv Line: 22
    Warning (15610): No output dependent on input pin "dbg_addr[6]" File: /home/ecegridfs/a/437mg063/ece437/processors/source/system.sv Line: 22
    Warning (15610): No output dependent on input pin "dbg_addr[7]" File: /home/ecegridfs/a/437mg063/ece437/processors/source/system.sv Line: 22
    Warning (15610): No output dependent on input pin "dbg_addr[8]" File: /home/ecegridfs/a/437mg063/ece437/processors/source/system.sv Line: 22
    Warning (15610): No output dependent on input pin "dbg_addr[9]" File: /home/ecegridfs/a/437mg063/ece437/processors/source/system.sv Line: 22
    Warning (15610): No output dependent on input pin "dbg_addr[10]" File: /home/ecegridfs/a/437mg063/ece437/processors/source/system.sv Line: 22
    Warning (15610): No output dependent on input pin "dbg_addr[11]" File: /home/ecegridfs/a/437mg063/ece437/processors/source/system.sv Line: 22
    Warning (15610): No output dependent on input pin "dbg_addr[12]" File: /home/ecegridfs/a/437mg063/ece437/processors/source/system.sv Line: 22
    Warning (15610): No output dependent on input pin "dbg_addr[13]" File: /home/ecegridfs/a/437mg063/ece437/processors/source/system.sv Line: 22
Info (21057): Implemented 4301 device resources after synthesis - the final resource count might be different
    Info (21058): Implemented 86 input pins
    Info (21059): Implemented 66 output pins
    Info (21061): Implemented 4084 logic cells
    Info (21064): Implemented 64 RAM segments
Info: Quartus Prime Analysis & Synthesis was successful. 0 errors, 274 warnings
    Info: Peak virtual memory: 530 megabytes
    Info: Processing ended: Thu Sep 18 18:05:12 2025
    Info: Elapsed time: 00:00:28
    Info: Total CPU time (on all processors): 00:00:44


+------------------------------------------+
; Analysis & Synthesis Suppressed Messages ;
+------------------------------------------+
The suppressed messages can be found in /home/ecegridfs/a/437mg063/ece437/processors/._system/system.map.smsg.


