Design Assistant report for system
Thu Sep 18 18:19:29 2025
Quartus Prime Version 21.1.1 Build 850 06/23/2022 SJ Standard Edition


---------------------
; Table of Contents ;
---------------------
  1. Legal Notice
  2. Design Assistant Summary
  3. Design Assistant Settings
  4. Medium Violations
  5. Information only Violations
  6. Design Assistant Messages



----------------
; Legal Notice ;
----------------
Copyright (C) 2022  Intel Corporation. All rights reserved.
Your use of Intel Corporation's design tools, logic functions 
and other software and tools, and any partner logic 
functions, and any output files from any of the foregoing 
(including device programming or simulation files), and any 
associated documentation or information are expressly subject 
to the terms and conditions of the Intel Program License 
Subscription Agreement, the Intel Quartus Prime License Agreement,
the Intel FPGA IP License Agreement, or other applicable license
agreement, including, without limitation, that your use is for
the sole purpose of programming logic devices manufactured by
Intel and sold by Intel or its authorized distributors.  Please
refer to the applicable agreement for further details, at
https://fpgasoftware.intel.com/eula.



+-------------------------------------------------------------------------+
; Design Assistant Summary                                                ;
+-----------------------------------+-------------------------------------+
; Design Assistant Status           ; Analyzed - Thu Sep 18 18:19:29 2025 ;
; Revision Name                     ; system                              ;
; Top-level Entity Name             ; system                              ;
; Family                            ; Cyclone IV E                        ;
; Total Critical Violations         ; 0                                   ;
; Total High Violations             ; 0                                   ;
; Total Medium Violations           ; 2                                   ;
; - Rule C104                       ; 1                                   ;
; - Rule R102                       ; 1                                   ;
; Total Information only Violations ; 188                                 ;
; - Rule T101                       ; 138                                 ;
; - Rule T102                       ; 50                                  ;
+-----------------------------------+-------------------------------------+


+------------------------------------------------------------------------------------------------------------------------------------------------------------------------------------------+
; Design Assistant Settings                                                                                                                                                                ;
+----------------------------------------------------------------------------------------------------------------------------------------------------------------------+--------------+----+
; Option                                                                                                                                                               ; Setting      ; To ;
+----------------------------------------------------------------------------------------------------------------------------------------------------------------------+--------------+----+
; Design Assistant mode                                                                                                                                                ; Post-Fitting ;    ;
; Threshold value for clock net not mapped to clock spines rule                                                                                                        ; 25           ;    ;
; Minimum number of clock port feed by gated clocks                                                                                                                    ; 30           ;    ;
; Minimum number of node fan-out                                                                                                                                       ; 30           ;    ;
; Maximum number of nodes to report                                                                                                                                    ; 50           ;    ;
; Rule C101: Gated clock should be implemented according to the Intel FPGA standard scheme                                                                             ; On           ;    ;
; Rule C102: Logic cell should not be used to generate an inverted clock signal                                                                                        ; On           ;    ;
; Rule C103: Gated clock does not feed at least a pre-defined number of clock ports to effectively save power                                                          ; On           ;    ;
; Rule C104: Clock signal source should drive only clock input ports                                                                                                   ; On           ;    ;
; Rule C105: Clock signal should be a global signal                                                                                                                    ; On           ;    ;
; Rule C106: Clock signal source should not drive registers triggered by different clock edges                                                                         ; On           ;    ;
; Rule R101: Combinational logic used as a reset signal should be synchronized                                                                                         ; On           ;    ;
; Rule R102: External reset signals should be synchronized using two cascaded registers                                                                                ; On           ;    ;
; Rule R103: External reset signal should be correctly synchronized                                                                                                    ; On           ;    ;
; Rule R104: The reset signal that is generated in one clock domain and used in another clock domain should be correctly synchronized                                  ; On           ;    ;
; Rule R105: The reset signal that is generated in one clock domain and used in another clock domain should be synchronized                                            ; On           ;    ;
; Rule T101: Nodes with more than the specified number of fan-outs                                                                                                     ; On           ;    ;
; Rule T102: Top nodes with the highest number of fan-outs                                                                                                             ; On           ;    ;
; Rule A101: Design should not contain combinational loops                                                                                                             ; On           ;    ;
; Rule A102: Register output should not drive its own control signal directly or through combinational logic                                                           ; On           ;    ;
; Rule A103: Design should not contain delay chains                                                                                                                    ; On           ;    ;
; Rule A104: Design should not contain ripple clock structures                                                                                                         ; On           ;    ;
; Rule A105: Pulses should not be implemented asynchronously                                                                                                           ; On           ;    ;
; Rule A106: Multiple pulses should not be generated in design                                                                                                         ; On           ;    ;
; Rule A107: Design should not contain SR latches                                                                                                                      ; On           ;    ;
; Rule A108: Design should not contain latches                                                                                                                         ; On           ;    ;
; Rule S101: Output enable and input of the same tri-state node should not be driven by same signal source                                                             ; On           ;    ;
; Rule S102: Synchronous port and asynchronous port of the same register should not be driven by the same signal source                                                ; On           ;    ;
; Rule S103: More than one asynchronous port of a register should not be driven by the same signal source                                                              ; On           ;    ;
; Rule S104: Clock port and any other port of a register should not be driven by the same signal source                                                                ; On           ;    ;
; Rule D101: Data bits are not synchronized when transferred between asynchronous clock domains                                                                        ; On           ;    ;
; Rule D102: Multiple data bits that are transferred across asynchronous clock domains are synchronized, but not all bits may be aligned in the receiving clock domain ; On           ;    ;
; Rule D103: Data bits are not correctly synchronized when transferred between asynchronous clock domains                                                              ; On           ;    ;
+----------------------------------------------------------------------------------------------------------------------------------------------------------------------+--------------+----+


+---------------------------------------------------------------------------------------------------------------------------------------------------------+
; Medium Violations                                                                                                                                       ;
+---------------------------------------------------------------------------------------+-----------------------------------------------------------------+
; Rule name                                                                             ; Name                                                            ;
+---------------------------------------------------------------------------------------+-----------------------------------------------------------------+
; Rule C104: Clock signal source should drive only clock input ports                    ; CPUCLK                                                          ;
;  Clock ports destination node(s) list                                                 ; singlecycle:CPU|datapath:DP|request_unit:REQU|ruif.dmemWEN      ;
;  Clock ports destination node(s) list                                                 ; singlecycle:CPU|datapath:DP|request_unit:REQU|ruif.dmemREN      ;
;  Clock ports destination node(s) list                                                 ; singlecycle:CPU|caches:CM|daddr[27]                             ;
;  Clock ports destination node(s) list                                                 ; singlecycle:CPU|datapath:DP|dpif.halt~_Duplicate_1              ;
;  Clock ports destination node(s) list                                                 ; singlecycle:CPU|caches:CM|instr[5]                              ;
;  Clock ports destination node(s) list                                                 ; singlecycle:CPU|caches:CM|daddr[13]                             ;
;  Clock ports destination node(s) list                                                 ; singlecycle:CPU|caches:CM|daddr[15]                             ;
;  Clock ports destination node(s) list                                                 ; singlecycle:CPU|caches:CM|instr[3]                              ;
;  Clock ports destination node(s) list                                                 ; singlecycle:CPU|caches:CM|daddr[12]                             ;
;  Clock ports destination node(s) list                                                 ; singlecycle:CPU|datapath:DP|register_file:REGF|register[16][12] ;
; Rule R102: External reset signals should be synchronized using two cascaded registers ; nRST                                                            ;
;  Reset signal destination node(s) list                                                ; singlecycle:CPU|datapath:DP|request_unit:REQU|ruif.dmemWEN      ;
;  Reset signal destination node(s) list                                                ; singlecycle:CPU|datapath:DP|request_unit:REQU|ruif.dmemREN      ;
;  Reset signal destination node(s) list                                                ; singlecycle:CPU|datapath:DP|dpif.halt~_Duplicate_1              ;
;  Reset signal destination node(s) list                                                ; ram:RAM|addr[14]                                                ;
;  Reset signal destination node(s) list                                                ; ram:RAM|en[0]                                                   ;
;  Reset signal destination node(s) list                                                ; ram:RAM|en[1]                                                   ;
;  Reset signal destination node(s) list                                                ; singlecycle:CPU|datapath:DP|register_file:REGF|register[16][12] ;
;  Reset signal destination node(s) list                                                ; singlecycle:CPU|datapath:DP|pc:PC|pcif.PC[11]                   ;
;  Reset signal destination node(s) list                                                ; singlecycle:CPU|datapath:DP|pc:PC|pcif.PC[7]                    ;
;  Reset signal destination node(s) list                                                ; singlecycle:CPU|datapath:DP|register_file:REGF|register[1][11]  ;
+---------------------------------------------------------------------------------------+-----------------------------------------------------------------+


+----------------------------------------------------------------------------------------------------------------------------------------------------------------------------------------------------------------------------------------------------------------------------------------------------------------------------------------------------------------------------------------------------------------------------------+
; Information only Violations                                                                                                                                                                                                                                                                                                                                                                                                      ;
+------------------------------------------------------------------+-----------------------------------------------------------------------------------------------------------------------------------------------------------------------------------------------------------------------------------------------------------------------------------------------------------------------------------------------------+---------+
; Rule name                                                        ; Name                                                                                                                                                                                                                                                                                                                                                ; Fan-Out ;
+------------------------------------------------------------------+-----------------------------------------------------------------------------------------------------------------------------------------------------------------------------------------------------------------------------------------------------------------------------------------------------------------------------------------------------+---------+
; Rule T101: Nodes with more than the specified number of fan-outs ; ram:RAM|altsyncram:altsyncram_component|altsyncram_99f1:auto_generated|sld_mod_ram_rom:mgl_prim2|ram_rom_addr_reg[12]                                                                                                                                                                                                                               ; 66      ;
; Rule T101: Nodes with more than the specified number of fan-outs ; altera_internal_jtag~TCKUTAPclkctrl                                                                                                                                                                                                                                                                                                                 ; 221     ;
; Rule T101: Nodes with more than the specified number of fan-outs ; sld_hub:auto_hub|alt_sld_fab_with_jtag_input:\instrumentation_fabric_with_node_gen:fabric_gen_new_way:with_jtag_input_gen:instrumentation_fabric|alt_sld_fab:instrumentation_fabric|alt_sld_fab_alt_sld_fab:alt_sld_fab|alt_sld_fab_alt_sld_fab_sldfabric:sldfabric|sld_jtag_hub:\jtag_hub_gen:real_sld_jtag_hub|sld_shadow_jsm:shadow_jsm|state[4] ; 31      ;
; Rule T101: Nodes with more than the specified number of fan-outs ; ram:RAM|altsyncram:altsyncram_component|altsyncram_99f1:auto_generated|sld_mod_ram_rom:mgl_prim2|ram_rom_addr_reg[0]                                                                                                                                                                                                                                ; 66      ;
; Rule T101: Nodes with more than the specified number of fan-outs ; ram:RAM|altsyncram:altsyncram_component|altsyncram_99f1:auto_generated|sld_mod_ram_rom:mgl_prim2|ram_rom_addr_reg[1]                                                                                                                                                                                                                                ; 67      ;
; Rule T101: Nodes with more than the specified number of fan-outs ; ram:RAM|altsyncram:altsyncram_component|altsyncram_99f1:auto_generated|sld_mod_ram_rom:mgl_prim2|ram_rom_addr_reg[2]                                                                                                                                                                                                                                ; 67      ;
; Rule T101: Nodes with more than the specified number of fan-outs ; ram:RAM|altsyncram:altsyncram_component|altsyncram_99f1:auto_generated|sld_mod_ram_rom:mgl_prim2|ram_rom_addr_reg[3]                                                                                                                                                                                                                                ; 67      ;
; Rule T101: Nodes with more than the specified number of fan-outs ; ram:RAM|altsyncram:altsyncram_component|altsyncram_99f1:auto_generated|sld_mod_ram_rom:mgl_prim2|ram_rom_addr_reg[4]                                                                                                                                                                                                                                ; 67      ;
; Rule T101: Nodes with more than the specified number of fan-outs ; ram:RAM|altsyncram:altsyncram_component|altsyncram_99f1:auto_generated|sld_mod_ram_rom:mgl_prim2|ram_rom_addr_reg[5]                                                                                                                                                                                                                                ; 67      ;
; Rule T101: Nodes with more than the specified number of fan-outs ; ram:RAM|altsyncram:altsyncram_component|altsyncram_99f1:auto_generated|sld_mod_ram_rom:mgl_prim2|ram_rom_addr_reg[6]                                                                                                                                                                                                                                ; 67      ;
; Rule T101: Nodes with more than the specified number of fan-outs ; ram:RAM|altsyncram:altsyncram_component|altsyncram_99f1:auto_generated|sld_mod_ram_rom:mgl_prim2|ram_rom_addr_reg[7]                                                                                                                                                                                                                                ; 66      ;
; Rule T101: Nodes with more than the specified number of fan-outs ; ram:RAM|altsyncram:altsyncram_component|altsyncram_99f1:auto_generated|sld_mod_ram_rom:mgl_prim2|ram_rom_addr_reg[8]                                                                                                                                                                                                                                ; 66      ;
; Rule T101: Nodes with more than the specified number of fan-outs ; ram:RAM|altsyncram:altsyncram_component|altsyncram_99f1:auto_generated|sld_mod_ram_rom:mgl_prim2|ram_rom_addr_reg[9]                                                                                                                                                                                                                                ; 66      ;
; Rule T101: Nodes with more than the specified number of fan-outs ; ram:RAM|altsyncram:altsyncram_component|altsyncram_99f1:auto_generated|sld_mod_ram_rom:mgl_prim2|ram_rom_addr_reg[10]                                                                                                                                                                                                                               ; 66      ;
; Rule T101: Nodes with more than the specified number of fan-outs ; ram:RAM|altsyncram:altsyncram_component|altsyncram_99f1:auto_generated|sld_mod_ram_rom:mgl_prim2|ram_rom_addr_reg[11]                                                                                                                                                                                                                               ; 66      ;
; Rule T101: Nodes with more than the specified number of fan-outs ; ram:RAM|altsyncram:altsyncram_component|altsyncram_99f1:auto_generated|sld_mod_ram_rom:mgl_prim2|ram_rom_data_reg[19]~32                                                                                                                                                                                                                            ; 32      ;
; Rule T101: Nodes with more than the specified number of fan-outs ; ram:RAM|altsyncram:altsyncram_component|altsyncram_99f1:auto_generated|sld_mod_ram_rom:mgl_prim2|process_0~2                                                                                                                                                                                                                                        ; 33      ;
; Rule T101: Nodes with more than the specified number of fan-outs ; ram:RAM|altsyncram:altsyncram_component|altsyncram_99f1:auto_generated|altsyncram_fta2:altsyncram1|address_reg_b[0]                                                                                                                                                                                                                                 ; 32      ;
; Rule T101: Nodes with more than the specified number of fan-outs ; ram:RAM|altsyncram:altsyncram_component|altsyncram_99f1:auto_generated|sld_mod_ram_rom:mgl_prim2|ram_rom_addr_reg[13]                                                                                                                                                                                                                               ; 69      ;
; Rule T101: Nodes with more than the specified number of fan-outs ; ramaddr~31                                                                                                                                                                                                                                                                                                                                          ; 66      ;
; Rule T101: Nodes with more than the specified number of fan-outs ; singlecycle:CPU|datapath:DP|request_unit:REQU|ruif.dmemWEN                                                                                                                                                                                                                                                                                          ; 35      ;
; Rule T101: Nodes with more than the specified number of fan-outs ; singlecycle:CPU|datapath:DP|request_unit:REQU|ruif.dmemREN                                                                                                                                                                                                                                                                                          ; 66      ;
; Rule T101: Nodes with more than the specified number of fan-outs ; singlecycle:CPU|memory_control:CC|ccif.iwait[0]                                                                                                                                                                                                                                                                                                     ; 37      ;
; Rule T101: Nodes with more than the specified number of fan-outs ; singlecycle:CPU|caches:CM|daddr[11]~1                                                                                                                                                                                                                                                                                                               ; 64      ;
; Rule T101: Nodes with more than the specified number of fan-outs ; singlecycle:CPU|datapath:DP|dpif.halt~_Duplicate_1                                                                                                                                                                                                                                                                                                  ; 72      ;
; Rule T101: Nodes with more than the specified number of fan-outs ; ramaddr~25                                                                                                                                                                                                                                                                                                                                          ; 66      ;
; Rule T101: Nodes with more than the specified number of fan-outs ; singlecycle:CPU|datapath:DP|b~5                                                                                                                                                                                                                                                                                                                     ; 74      ;
; Rule T101: Nodes with more than the specified number of fan-outs ; singlecycle:CPU|caches:CM|dcif.imemload[21]~10                                                                                                                                                                                                                                                                                                      ; 254     ;
; Rule T101: Nodes with more than the specified number of fan-outs ; ram:RAM|always0~1                                                                                                                                                                                                                                                                                                                                   ; 38      ;
; Rule T101: Nodes with more than the specified number of fan-outs ; nRST~inputclkctrl                                                                                                                                                                                                                                                                                                                                   ; 1067    ;
; Rule T101: Nodes with more than the specified number of fan-outs ; CLK~inputclkctrl                                                                                                                                                                                                                                                                                                                                    ; 104     ;
; Rule T101: Nodes with more than the specified number of fan-outs ; ramaddr~29                                                                                                                                                                                                                                                                                                                                          ; 69      ;
; Rule T101: Nodes with more than the specified number of fan-outs ; singlecycle:CPU|datapath:DP|control_unit:CTRLU|Decoder2~12                                                                                                                                                                                                                                                                                          ; 34      ;
; Rule T101: Nodes with more than the specified number of fan-outs ; ramaddr~27                                                                                                                                                                                                                                                                                                                                          ; 66      ;
; Rule T101: Nodes with more than the specified number of fan-outs ; singlecycle:CPU|datapath:DP|register_file:REGF|Decoder0~13                                                                                                                                                                                                                                                                                          ; 32      ;
; Rule T101: Nodes with more than the specified number of fan-outs ; ramaddr~21                                                                                                                                                                                                                                                                                                                                          ; 66      ;
; Rule T101: Nodes with more than the specified number of fan-outs ; singlecycle:CPU|datapath:DP|request_unit:REQU|ruif.PCEN~1                                                                                                                                                                                                                                                                                           ; 32      ;
; Rule T101: Nodes with more than the specified number of fan-outs ; singlecycle:CPU|caches:CM|dcif.imemload[4]~3                                                                                                                                                                                                                                                                                                        ; 34      ;
; Rule T101: Nodes with more than the specified number of fan-outs ; ramaddr~23                                                                                                                                                                                                                                                                                                                                          ; 66      ;
; Rule T101: Nodes with more than the specified number of fan-outs ; singlecycle:CPU|caches:CM|dcif.imemload[18]~28                                                                                                                                                                                                                                                                                                      ; 242     ;
; Rule T101: Nodes with more than the specified number of fan-outs ; ramaddr~17                                                                                                                                                                                                                                                                                                                                          ; 66      ;
; Rule T101: Nodes with more than the specified number of fan-outs ; ram:RAM|altsyncram:altsyncram_component|altsyncram_99f1:auto_generated|altsyncram_fta2:altsyncram1|address_reg_a[0]                                                                                                                                                                                                                                 ; 32      ;
; Rule T101: Nodes with more than the specified number of fan-outs ; ramaddr~19                                                                                                                                                                                                                                                                                                                                          ; 66      ;
; Rule T101: Nodes with more than the specified number of fan-outs ; singlecycle:CPU|caches:CM|dcif.imemload[16]~25                                                                                                                                                                                                                                                                                                      ; 255     ;
; Rule T101: Nodes with more than the specified number of fan-outs ; ramaddr~13                                                                                                                                                                                                                                                                                                                                          ; 66      ;
; Rule T101: Nodes with more than the specified number of fan-outs ; singlecycle:CPU|datapath:DP|Selector27~0                                                                                                                                                                                                                                                                                                            ; 31      ;
; Rule T101: Nodes with more than the specified number of fan-outs ; singlecycle:CPU|datapath:DP|register_file:REGF|Decoder0~32                                                                                                                                                                                                                                                                                          ; 32      ;
; Rule T101: Nodes with more than the specified number of fan-outs ; ramaddr~15                                                                                                                                                                                                                                                                                                                                          ; 66      ;
; Rule T101: Nodes with more than the specified number of fan-outs ; singlecycle:CPU|datapath:DP|a~2                                                                                                                                                                                                                                                                                                                     ; 32      ;
; Rule T101: Nodes with more than the specified number of fan-outs ; singlecycle:CPU|caches:CM|dcif.imemload[2]~2                                                                                                                                                                                                                                                                                                        ; 34      ;
; Rule T101: Nodes with more than the specified number of fan-outs ; ramaddr~9                                                                                                                                                                                                                                                                                                                                           ; 66      ;
; Rule T101: Nodes with more than the specified number of fan-outs ; singlecycle:CPU|datapath:DP|register_file:REGF|Decoder0~12                                                                                                                                                                                                                                                                                          ; 32      ;
; Rule T101: Nodes with more than the specified number of fan-outs ; singlecycle:CPU|caches:CM|dcif.imemload[9]~31                                                                                                                                                                                                                                                                                                       ; 32      ;
; Rule T101: Nodes with more than the specified number of fan-outs ; ramaddr~11                                                                                                                                                                                                                                                                                                                                          ; 66      ;
; Rule T101: Nodes with more than the specified number of fan-outs ; singlecycle:CPU|datapath:DP|register_file:REGF|Decoder0~24                                                                                                                                                                                                                                                                                          ; 32      ;
; Rule T101: Nodes with more than the specified number of fan-outs ; ramaddr~5                                                                                                                                                                                                                                                                                                                                           ; 66      ;
; Rule T101: Nodes with more than the specified number of fan-outs ; ramaddr~7                                                                                                                                                                                                                                                                                                                                           ; 66      ;
; Rule T101: Nodes with more than the specified number of fan-outs ; CPUCLK~clkctrl                                                                                                                                                                                                                                                                                                                                      ; 1092    ;
; Rule T101: Nodes with more than the specified number of fan-outs ; singlecycle:CPU|caches:CM|dcif.imemload[20]~9                                                                                                                                                                                                                                                                                                       ; 260     ;
; Rule T101: Nodes with more than the specified number of fan-outs ; singlecycle:CPU|datapath:DP|register_file:REGF|Decoder0~27                                                                                                                                                                                                                                                                                          ; 32      ;
; Rule T101: Nodes with more than the specified number of fan-outs ; singlecycle:CPU|datapath:DP|Mux25~1                                                                                                                                                                                                                                                                                                                 ; 31      ;
; Rule T101: Nodes with more than the specified number of fan-outs ; singlecycle:CPU|datapath:DP|alu:ALU|Selector0~12                                                                                                                                                                                                                                                                                                    ; 54      ;
; Rule T101: Nodes with more than the specified number of fan-outs ; singlecycle:CPU|caches:CM|dcif.imemload[22]~8                                                                                                                                                                                                                                                                                                       ; 242     ;
; Rule T101: Nodes with more than the specified number of fan-outs ; singlecycle:CPU|datapath:DP|register_file:REGF|Decoder0~3                                                                                                                                                                                                                                                                                           ; 32      ;
; Rule T101: Nodes with more than the specified number of fan-outs ; singlecycle:CPU|caches:CM|dcif.imemload[7]~29                                                                                                                                                                                                                                                                                                       ; 33      ;
; Rule T101: Nodes with more than the specified number of fan-outs ; singlecycle:CPU|datapath:DP|register_file:REGF|Decoder0~30                                                                                                                                                                                                                                                                                          ; 32      ;
; Rule T101: Nodes with more than the specified number of fan-outs ; singlecycle:CPU|datapath:DP|Mux24~1                                                                                                                                                                                                                                                                                                                 ; 31      ;
; Rule T101: Nodes with more than the specified number of fan-outs ; singlecycle:CPU|datapath:DP|register_file:REGF|Decoder0~33                                                                                                                                                                                                                                                                                          ; 32      ;
; Rule T101: Nodes with more than the specified number of fan-outs ; singlecycle:CPU|datapath:DP|Mux5~1                                                                                                                                                                                                                                                                                                                  ; 31      ;
; Rule T101: Nodes with more than the specified number of fan-outs ; singlecycle:CPU|datapath:DP|register_file:REGF|Decoder0~28                                                                                                                                                                                                                                                                                          ; 32      ;
; Rule T101: Nodes with more than the specified number of fan-outs ; singlecycle:CPU|datapath:DP|Mux18~1                                                                                                                                                                                                                                                                                                                 ; 31      ;
; Rule T101: Nodes with more than the specified number of fan-outs ; singlecycle:CPU|datapath:DP|control_unit:CTRLU|WideOr16~1                                                                                                                                                                                                                                                                                           ; 48      ;
; Rule T101: Nodes with more than the specified number of fan-outs ; singlecycle:CPU|datapath:DP|control_unit:CTRLU|cuif.MemtoReg[0]~1                                                                                                                                                                                                                                                                                   ; 48      ;
; Rule T101: Nodes with more than the specified number of fan-outs ; singlecycle:CPU|datapath:DP|Selector31~8                                                                                                                                                                                                                                                                                                            ; 31      ;
; Rule T101: Nodes with more than the specified number of fan-outs ; singlecycle:CPU|datapath:DP|Equal3~0                                                                                                                                                                                                                                                                                                                ; 31      ;
; Rule T101: Nodes with more than the specified number of fan-outs ; singlecycle:CPU|datapath:DP|b~3                                                                                                                                                                                                                                                                                                                     ; 42      ;
; Rule T101: Nodes with more than the specified number of fan-outs ; singlecycle:CPU|caches:CM|dcif.imemload[24]~11                                                                                                                                                                                                                                                                                                      ; 63      ;
; Rule T101: Nodes with more than the specified number of fan-outs ; singlecycle:CPU|datapath:DP|register_file:REGF|Decoder0~23                                                                                                                                                                                                                                                                                          ; 32      ;
; Rule T101: Nodes with more than the specified number of fan-outs ; singlecycle:CPU|datapath:DP|Mux7~1                                                                                                                                                                                                                                                                                                                  ; 31      ;
; Rule T101: Nodes with more than the specified number of fan-outs ; singlecycle:CPU|caches:CM|dcif.imemload[23]~7                                                                                                                                                                                                                                                                                                       ; 242     ;
; Rule T101: Nodes with more than the specified number of fan-outs ; singlecycle:CPU|datapath:DP|register_file:REGF|Decoder0~35                                                                                                                                                                                                                                                                                          ; 32      ;
; Rule T101: Nodes with more than the specified number of fan-outs ; singlecycle:CPU|datapath:DP|Mux8~1                                                                                                                                                                                                                                                                                                                  ; 31      ;
; Rule T101: Nodes with more than the specified number of fan-outs ; singlecycle:CPU|datapath:DP|Mux2~1                                                                                                                                                                                                                                                                                                                  ; 31      ;
; Rule T101: Nodes with more than the specified number of fan-outs ; singlecycle:CPU|caches:CM|dcif.imemload[15]~26                                                                                                                                                                                                                                                                                                      ; 256     ;
; Rule T101: Nodes with more than the specified number of fan-outs ; singlecycle:CPU|datapath:DP|Mux9~1                                                                                                                                                                                                                                                                                                                  ; 31      ;
; Rule T101: Nodes with more than the specified number of fan-outs ; singlecycle:CPU|datapath:DP|b~9                                                                                                                                                                                                                                                                                                                     ; 92      ;
; Rule T101: Nodes with more than the specified number of fan-outs ; singlecycle:CPU|datapath:DP|Mux29~1                                                                                                                                                                                                                                                                                                                 ; 31      ;
; Rule T101: Nodes with more than the specified number of fan-outs ; singlecycle:CPU|datapath:DP|register_file:REGF|Decoder0~29                                                                                                                                                                                                                                                                                          ; 32      ;
; Rule T101: Nodes with more than the specified number of fan-outs ; singlecycle:CPU|datapath:DP|register_file:REGF|Decoder0~31                                                                                                                                                                                                                                                                                          ; 32      ;
; Rule T101: Nodes with more than the specified number of fan-outs ; singlecycle:CPU|datapath:DP|register_file:REGF|Decoder0~36                                                                                                                                                                                                                                                                                          ; 32      ;
; Rule T101: Nodes with more than the specified number of fan-outs ; singlecycle:CPU|datapath:DP|register_file:REGF|Decoder0~37                                                                                                                                                                                                                                                                                          ; 32      ;
; Rule T101: Nodes with more than the specified number of fan-outs ; singlecycle:CPU|datapath:DP|register_file:REGF|Decoder0~34                                                                                                                                                                                                                                                                                          ; 32      ;
; Rule T101: Nodes with more than the specified number of fan-outs ; singlecycle:CPU|datapath:DP|register_file:REGF|Decoder0~25                                                                                                                                                                                                                                                                                          ; 32      ;
; Rule T101: Nodes with more than the specified number of fan-outs ; singlecycle:CPU|datapath:DP|register_file:REGF|Decoder0~21                                                                                                                                                                                                                                                                                          ; 32      ;
; Rule T101: Nodes with more than the specified number of fan-outs ; singlecycle:CPU|datapath:DP|register_file:REGF|Decoder0~18                                                                                                                                                                                                                                                                                          ; 32      ;
; Rule T101: Nodes with more than the specified number of fan-outs ; singlecycle:CPU|datapath:DP|register_file:REGF|Decoder0~17                                                                                                                                                                                                                                                                                          ; 32      ;
; Rule T101: Nodes with more than the specified number of fan-outs ; singlecycle:CPU|datapath:DP|register_file:REGF|Decoder0~19                                                                                                                                                                                                                                                                                          ; 32      ;
; Rule T101: Nodes with more than the specified number of fan-outs ; singlecycle:CPU|datapath:DP|register_file:REGF|Decoder0~16                                                                                                                                                                                                                                                                                          ; 32      ;
; Rule T101: Nodes with more than the specified number of fan-outs ; singlecycle:CPU|datapath:DP|register_file:REGF|Decoder0~10                                                                                                                                                                                                                                                                                          ; 32      ;
; Rule T101: Nodes with more than the specified number of fan-outs ; singlecycle:CPU|datapath:DP|register_file:REGF|Decoder0~9                                                                                                                                                                                                                                                                                           ; 32      ;
; Rule T101: Nodes with more than the specified number of fan-outs ; singlecycle:CPU|datapath:DP|register_file:REGF|Decoder0~11                                                                                                                                                                                                                                                                                          ; 32      ;
; Rule T101: Nodes with more than the specified number of fan-outs ; singlecycle:CPU|datapath:DP|register_file:REGF|Decoder0~7                                                                                                                                                                                                                                                                                           ; 32      ;
; Rule T101: Nodes with more than the specified number of fan-outs ; singlecycle:CPU|datapath:DP|register_file:REGF|Decoder0~14                                                                                                                                                                                                                                                                                          ; 32      ;
; Rule T101: Nodes with more than the specified number of fan-outs ; singlecycle:CPU|datapath:DP|register_file:REGF|Decoder0~15                                                                                                                                                                                                                                                                                          ; 32      ;
; Rule T101: Nodes with more than the specified number of fan-outs ; singlecycle:CPU|datapath:DP|register_file:REGF|Decoder0~4                                                                                                                                                                                                                                                                                           ; 32      ;
; Rule T101: Nodes with more than the specified number of fan-outs ; singlecycle:CPU|datapath:DP|register_file:REGF|Decoder0~1                                                                                                                                                                                                                                                                                           ; 32      ;
; Rule T101: Nodes with more than the specified number of fan-outs ; singlecycle:CPU|datapath:DP|register_file:REGF|Decoder0~5                                                                                                                                                                                                                                                                                           ; 32      ;
; Rule T101: Nodes with more than the specified number of fan-outs ; singlecycle:CPU|datapath:DP|control_unit:CTRLU|WideOr20~3                                                                                                                                                                                                                                                                                           ; 66      ;
; Rule T101: Nodes with more than the specified number of fan-outs ; singlecycle:CPU|caches:CM|dcif.imemload[17]~27                                                                                                                                                                                                                                                                                                      ; 240     ;
; Rule T101: Nodes with more than the specified number of fan-outs ; singlecycle:CPU|datapath:DP|Mux14~1                                                                                                                                                                                                                                                                                                                 ; 31      ;
; Rule T101: Nodes with more than the specified number of fan-outs ; singlecycle:CPU|datapath:DP|Mux30~1                                                                                                                                                                                                                                                                                                                 ; 31      ;
; Rule T101: Nodes with more than the specified number of fan-outs ; ram:RAM|altsyncram:altsyncram_component|altsyncram_99f1:auto_generated|altsyncram_fta2:altsyncram1|decode_jsa:decode5|eq_node[0]~1                                                                                                                                                                                                                  ; 32      ;
; Rule T101: Nodes with more than the specified number of fan-outs ; ram:RAM|altsyncram:altsyncram_component|altsyncram_99f1:auto_generated|altsyncram_fta2:altsyncram1|decode_jsa:decode4|eq_node[0]~1                                                                                                                                                                                                                  ; 32      ;
; Rule T101: Nodes with more than the specified number of fan-outs ; ram:RAM|altsyncram:altsyncram_component|altsyncram_99f1:auto_generated|altsyncram_fta2:altsyncram1|decode_jsa:decode5|eq_node[1]~0                                                                                                                                                                                                                  ; 32      ;
; Rule T101: Nodes with more than the specified number of fan-outs ; ram:RAM|altsyncram:altsyncram_component|altsyncram_99f1:auto_generated|altsyncram_fta2:altsyncram1|decode_jsa:decode4|eq_node[1]~0                                                                                                                                                                                                                  ; 32      ;
; Rule T101: Nodes with more than the specified number of fan-outs ; singlecycle:CPU|datapath:DP|Mux10~1                                                                                                                                                                                                                                                                                                                 ; 31      ;
; Rule T101: Nodes with more than the specified number of fan-outs ; singlecycle:CPU|datapath:DP|Mux6~1                                                                                                                                                                                                                                                                                                                  ; 31      ;
; Rule T101: Nodes with more than the specified number of fan-outs ; singlecycle:CPU|datapath:DP|Mux19~1                                                                                                                                                                                                                                                                                                                 ; 31      ;
; Rule T101: Nodes with more than the specified number of fan-outs ; singlecycle:CPU|datapath:DP|b~7                                                                                                                                                                                                                                                                                                                     ; 87      ;
; Rule T101: Nodes with more than the specified number of fan-outs ; singlecycle:CPU|datapath:DP|Mux15~1                                                                                                                                                                                                                                                                                                                 ; 31      ;
; Rule T101: Nodes with more than the specified number of fan-outs ; singlecycle:CPU|datapath:DP|Mux17~1                                                                                                                                                                                                                                                                                                                 ; 31      ;
; Rule T101: Nodes with more than the specified number of fan-outs ; singlecycle:CPU|datapath:DP|Mux22~1                                                                                                                                                                                                                                                                                                                 ; 31      ;
; Rule T101: Nodes with more than the specified number of fan-outs ; singlecycle:CPU|datapath:DP|b~1                                                                                                                                                                                                                                                                                                                     ; 79      ;
; Rule T101: Nodes with more than the specified number of fan-outs ; singlecycle:CPU|datapath:DP|Mux28~1                                                                                                                                                                                                                                                                                                                 ; 31      ;
; Rule T101: Nodes with more than the specified number of fan-outs ; singlecycle:CPU|datapath:DP|Mux11~1                                                                                                                                                                                                                                                                                                                 ; 31      ;
; Rule T101: Nodes with more than the specified number of fan-outs ; singlecycle:CPU|datapath:DP|Mux13~1                                                                                                                                                                                                                                                                                                                 ; 31      ;
; Rule T101: Nodes with more than the specified number of fan-outs ; singlecycle:CPU|datapath:DP|Mux0~1                                                                                                                                                                                                                                                                                                                  ; 31      ;
; Rule T101: Nodes with more than the specified number of fan-outs ; singlecycle:CPU|datapath:DP|Mux12~1                                                                                                                                                                                                                                                                                                                 ; 31      ;
; Rule T101: Nodes with more than the specified number of fan-outs ; singlecycle:CPU|datapath:DP|Mux4~1                                                                                                                                                                                                                                                                                                                  ; 31      ;
; Rule T101: Nodes with more than the specified number of fan-outs ; singlecycle:CPU|datapath:DP|Mux16~1                                                                                                                                                                                                                                                                                                                 ; 31      ;
; Rule T101: Nodes with more than the specified number of fan-outs ; singlecycle:CPU|datapath:DP|Mux3~1                                                                                                                                                                                                                                                                                                                  ; 31      ;
; Rule T101: Nodes with more than the specified number of fan-outs ; singlecycle:CPU|datapath:DP|Mux1~1                                                                                                                                                                                                                                                                                                                  ; 31      ;
; Rule T101: Nodes with more than the specified number of fan-outs ; singlecycle:CPU|datapath:DP|Mux26~1                                                                                                                                                                                                                                                                                                                 ; 31      ;
; Rule T101: Nodes with more than the specified number of fan-outs ; singlecycle:CPU|datapath:DP|Mux23~1                                                                                                                                                                                                                                                                                                                 ; 31      ;
; Rule T101: Nodes with more than the specified number of fan-outs ; singlecycle:CPU|datapath:DP|Mux21~1                                                                                                                                                                                                                                                                                                                 ; 31      ;
; Rule T101: Nodes with more than the specified number of fan-outs ; singlecycle:CPU|datapath:DP|Mux20~1                                                                                                                                                                                                                                                                                                                 ; 31      ;
; Rule T101: Nodes with more than the specified number of fan-outs ; singlecycle:CPU|datapath:DP|Mux27~1                                                                                                                                                                                                                                                                                                                 ; 31      ;
; Rule T101: Nodes with more than the specified number of fan-outs ; singlecycle:CPU|datapath:DP|Mux31~1                                                                                                                                                                                                                                                                                                                 ; 31      ;
; Rule T102: Top nodes with the highest number of fan-outs         ; CPUCLK~clkctrl                                                                                                                                                                                                                                                                                                                                      ; 1092    ;
; Rule T102: Top nodes with the highest number of fan-outs         ; nRST~inputclkctrl                                                                                                                                                                                                                                                                                                                                   ; 1067    ;
; Rule T102: Top nodes with the highest number of fan-outs         ; singlecycle:CPU|caches:CM|dcif.imemload[20]~9                                                                                                                                                                                                                                                                                                       ; 260     ;
; Rule T102: Top nodes with the highest number of fan-outs         ; singlecycle:CPU|caches:CM|dcif.imemload[15]~26                                                                                                                                                                                                                                                                                                      ; 256     ;
; Rule T102: Top nodes with the highest number of fan-outs         ; singlecycle:CPU|caches:CM|dcif.imemload[16]~25                                                                                                                                                                                                                                                                                                      ; 255     ;
; Rule T102: Top nodes with the highest number of fan-outs         ; singlecycle:CPU|caches:CM|dcif.imemload[21]~10                                                                                                                                                                                                                                                                                                      ; 254     ;
; Rule T102: Top nodes with the highest number of fan-outs         ; singlecycle:CPU|caches:CM|dcif.imemload[22]~8                                                                                                                                                                                                                                                                                                       ; 242     ;
; Rule T102: Top nodes with the highest number of fan-outs         ; singlecycle:CPU|caches:CM|dcif.imemload[23]~7                                                                                                                                                                                                                                                                                                       ; 242     ;
; Rule T102: Top nodes with the highest number of fan-outs         ; singlecycle:CPU|caches:CM|dcif.imemload[18]~28                                                                                                                                                                                                                                                                                                      ; 242     ;
; Rule T102: Top nodes with the highest number of fan-outs         ; singlecycle:CPU|caches:CM|dcif.imemload[17]~27                                                                                                                                                                                                                                                                                                      ; 240     ;
; Rule T102: Top nodes with the highest number of fan-outs         ; altera_internal_jtag~TCKUTAPclkctrl                                                                                                                                                                                                                                                                                                                 ; 221     ;
; Rule T102: Top nodes with the highest number of fan-outs         ; CLK~inputclkctrl                                                                                                                                                                                                                                                                                                                                    ; 104     ;
; Rule T102: Top nodes with the highest number of fan-outs         ; singlecycle:CPU|datapath:DP|b~9                                                                                                                                                                                                                                                                                                                     ; 92      ;
; Rule T102: Top nodes with the highest number of fan-outs         ; singlecycle:CPU|datapath:DP|b~7                                                                                                                                                                                                                                                                                                                     ; 87      ;
; Rule T102: Top nodes with the highest number of fan-outs         ; singlecycle:CPU|datapath:DP|b~1                                                                                                                                                                                                                                                                                                                     ; 79      ;
; Rule T102: Top nodes with the highest number of fan-outs         ; singlecycle:CPU|datapath:DP|b~5                                                                                                                                                                                                                                                                                                                     ; 74      ;
; Rule T102: Top nodes with the highest number of fan-outs         ; singlecycle:CPU|datapath:DP|dpif.halt~_Duplicate_1                                                                                                                                                                                                                                                                                                  ; 72      ;
; Rule T102: Top nodes with the highest number of fan-outs         ; ramaddr~29                                                                                                                                                                                                                                                                                                                                          ; 69      ;
; Rule T102: Top nodes with the highest number of fan-outs         ; ram:RAM|altsyncram:altsyncram_component|altsyncram_99f1:auto_generated|sld_mod_ram_rom:mgl_prim2|ram_rom_addr_reg[13]                                                                                                                                                                                                                               ; 69      ;
; Rule T102: Top nodes with the highest number of fan-outs         ; ram:RAM|altsyncram:altsyncram_component|altsyncram_99f1:auto_generated|sld_mod_ram_rom:mgl_prim2|ram_rom_addr_reg[2]                                                                                                                                                                                                                                ; 67      ;
; Rule T102: Top nodes with the highest number of fan-outs         ; ram:RAM|altsyncram:altsyncram_component|altsyncram_99f1:auto_generated|sld_mod_ram_rom:mgl_prim2|ram_rom_addr_reg[3]                                                                                                                                                                                                                                ; 67      ;
; Rule T102: Top nodes with the highest number of fan-outs         ; ram:RAM|altsyncram:altsyncram_component|altsyncram_99f1:auto_generated|sld_mod_ram_rom:mgl_prim2|ram_rom_addr_reg[4]                                                                                                                                                                                                                                ; 67      ;
; Rule T102: Top nodes with the highest number of fan-outs         ; ram:RAM|altsyncram:altsyncram_component|altsyncram_99f1:auto_generated|sld_mod_ram_rom:mgl_prim2|ram_rom_addr_reg[1]                                                                                                                                                                                                                                ; 67      ;
; Rule T102: Top nodes with the highest number of fan-outs         ; ram:RAM|altsyncram:altsyncram_component|altsyncram_99f1:auto_generated|sld_mod_ram_rom:mgl_prim2|ram_rom_addr_reg[5]                                                                                                                                                                                                                                ; 67      ;
; Rule T102: Top nodes with the highest number of fan-outs         ; ram:RAM|altsyncram:altsyncram_component|altsyncram_99f1:auto_generated|sld_mod_ram_rom:mgl_prim2|ram_rom_addr_reg[6]                                                                                                                                                                                                                                ; 67      ;
; Rule T102: Top nodes with the highest number of fan-outs         ; ramaddr~27                                                                                                                                                                                                                                                                                                                                          ; 66      ;
; Rule T102: Top nodes with the highest number of fan-outs         ; singlecycle:CPU|datapath:DP|request_unit:REQU|ruif.dmemREN                                                                                                                                                                                                                                                                                          ; 66      ;
; Rule T102: Top nodes with the highest number of fan-outs         ; ramaddr~25                                                                                                                                                                                                                                                                                                                                          ; 66      ;
; Rule T102: Top nodes with the highest number of fan-outs         ; ram:RAM|altsyncram:altsyncram_component|altsyncram_99f1:auto_generated|sld_mod_ram_rom:mgl_prim2|ram_rom_addr_reg[12]                                                                                                                                                                                                                               ; 66      ;
; Rule T102: Top nodes with the highest number of fan-outs         ; ramaddr~5                                                                                                                                                                                                                                                                                                                                           ; 66      ;
; Rule T102: Top nodes with the highest number of fan-outs         ; ramaddr~21                                                                                                                                                                                                                                                                                                                                          ; 66      ;
; Rule T102: Top nodes with the highest number of fan-outs         ; ram:RAM|altsyncram:altsyncram_component|altsyncram_99f1:auto_generated|sld_mod_ram_rom:mgl_prim2|ram_rom_addr_reg[8]                                                                                                                                                                                                                                ; 66      ;
; Rule T102: Top nodes with the highest number of fan-outs         ; ramaddr~19                                                                                                                                                                                                                                                                                                                                          ; 66      ;
; Rule T102: Top nodes with the highest number of fan-outs         ; ram:RAM|altsyncram:altsyncram_component|altsyncram_99f1:auto_generated|sld_mod_ram_rom:mgl_prim2|ram_rom_addr_reg[9]                                                                                                                                                                                                                                ; 66      ;
; Rule T102: Top nodes with the highest number of fan-outs         ; ramaddr~7                                                                                                                                                                                                                                                                                                                                           ; 66      ;
; Rule T102: Top nodes with the highest number of fan-outs         ; ram:RAM|altsyncram:altsyncram_component|altsyncram_99f1:auto_generated|sld_mod_ram_rom:mgl_prim2|ram_rom_addr_reg[0]                                                                                                                                                                                                                                ; 66      ;
; Rule T102: Top nodes with the highest number of fan-outs         ; ram:RAM|altsyncram:altsyncram_component|altsyncram_99f1:auto_generated|sld_mod_ram_rom:mgl_prim2|ram_rom_addr_reg[10]                                                                                                                                                                                                                               ; 66      ;
; Rule T102: Top nodes with the highest number of fan-outs         ; ramaddr~17                                                                                                                                                                                                                                                                                                                                          ; 66      ;
; Rule T102: Top nodes with the highest number of fan-outs         ; ramaddr~31                                                                                                                                                                                                                                                                                                                                          ; 66      ;
; Rule T102: Top nodes with the highest number of fan-outs         ; ramaddr~13                                                                                                                                                                                                                                                                                                                                          ; 66      ;
; Rule T102: Top nodes with the highest number of fan-outs         ; ram:RAM|altsyncram:altsyncram_component|altsyncram_99f1:auto_generated|sld_mod_ram_rom:mgl_prim2|ram_rom_addr_reg[11]                                                                                                                                                                                                                               ; 66      ;
; Rule T102: Top nodes with the highest number of fan-outs         ; ramaddr~11                                                                                                                                                                                                                                                                                                                                          ; 66      ;
; Rule T102: Top nodes with the highest number of fan-outs         ; ramaddr~23                                                                                                                                                                                                                                                                                                                                          ; 66      ;
; Rule T102: Top nodes with the highest number of fan-outs         ; ramaddr~15                                                                                                                                                                                                                                                                                                                                          ; 66      ;
; Rule T102: Top nodes with the highest number of fan-outs         ; ram:RAM|altsyncram:altsyncram_component|altsyncram_99f1:auto_generated|sld_mod_ram_rom:mgl_prim2|ram_rom_addr_reg[7]                                                                                                                                                                                                                                ; 66      ;
; Rule T102: Top nodes with the highest number of fan-outs         ; ramaddr~9                                                                                                                                                                                                                                                                                                                                           ; 66      ;
; Rule T102: Top nodes with the highest number of fan-outs         ; singlecycle:CPU|datapath:DP|control_unit:CTRLU|WideOr20~3                                                                                                                                                                                                                                                                                           ; 66      ;
; Rule T102: Top nodes with the highest number of fan-outs         ; singlecycle:CPU|caches:CM|daddr[11]~1                                                                                                                                                                                                                                                                                                               ; 64      ;
; Rule T102: Top nodes with the highest number of fan-outs         ; singlecycle:CPU|caches:CM|dcif.imemload[24]~11                                                                                                                                                                                                                                                                                                      ; 63      ;
; Rule T102: Top nodes with the highest number of fan-outs         ; singlecycle:CPU|datapath:DP|alu:ALU|Selector0~12                                                                                                                                                                                                                                                                                                    ; 54      ;
+------------------------------------------------------------------+-----------------------------------------------------------------------------------------------------------------------------------------------------------------------------------------------------------------------------------------------------------------------------------------------------------------------------------------------------+---------+


+---------------------------+
; Design Assistant Messages ;
+---------------------------+
Info: *******************************************************************
Info: Running Quartus Prime Design Assistant
    Info: Version 21.1.1 Build 850 06/23/2022 SJ Standard Edition
    Info: Copyright (C) 2022  Intel Corporation. All rights reserved.
    Info: Your use of Intel Corporation's design tools, logic functions 
    Info: and other software and tools, and any partner logic 
    Info: functions, and any output files from any of the foregoing 
    Info: (including device programming or simulation files), and any 
    Info: associated documentation or information are expressly subject 
    Info: to the terms and conditions of the Intel Program License 
    Info: Subscription Agreement, the Intel Quartus Prime License Agreement,
    Info: the Intel FPGA IP License Agreement, or other applicable license
    Info: agreement, including, without limitation, that your use is for
    Info: the sole purpose of programming logic devices manufactured by
    Info: Intel and sold by Intel or its authorized distributors.  Please
    Info: refer to the applicable agreement for further details, at
    Info: https://fpgasoftware.intel.com/eula.
    Info: Processing started: Thu Sep 18 18:19:28 2025
Info: Command: quartus_drc --64bit system -c system
Info (332164): Evaluating HDL-embedded SDC commands
    Info (332165): Entity sld_hub
        Info (332166): create_clock -name altera_reserved_tck [get_ports {altera_reserved_tck}] -period 10MHz   
        Info (332166): set_clock_groups -asynchronous -group {altera_reserved_tck}
Info (332104): Reading SDC File: 'system.sdc'
Warning (332174): Ignored filter at system.sdc(2): CLOCK_50 could not be matched with a port File: /home/ecegridfs/a/437mg063/ece437/processors/._system/system.sdc Line: 2
Warning (332049): Ignored create_clock at system.sdc(2): Argument <targets> is an empty collection File: /home/ecegridfs/a/437mg063/ece437/processors/._system/system.sdc Line: 2
    Info (332050): create_clock -name CLK_50 [get_ports {CLOCK_50}] -period 100MHz File: /home/ecegridfs/a/437mg063/ece437/processors/._system/system.sdc Line: 2
Warning (332174): Ignored filter at system.sdc(4): system:SYS|CPUCLK|q could not be matched with a pin File: /home/ecegridfs/a/437mg063/ece437/processors/._system/system.sdc Line: 4
Critical Warning (332049): Ignored create_generated_clock at system.sdc(4): Argument <targets> is an empty collection File: /home/ecegridfs/a/437mg063/ece437/processors/._system/system.sdc Line: 4
    Info (332050): create_generated_clock -divide_by 2 -source [get_ports CLOCK_50] -name CPUCLK [get_pins system:SYS|CPUCLK|q] File: /home/ecegridfs/a/437mg063/ece437/processors/._system/system.sdc Line: 4
Warning (332049): Ignored create_generated_clock at system.sdc(4): Argument -source is an empty collection File: /home/ecegridfs/a/437mg063/ece437/processors/._system/system.sdc Line: 4
Critical Warning (332168): The following clock transfers have no clock uncertainty assignment. For more accurate results, apply clock uncertainty assignments or use the derive_clock_uncertainty command.
    Critical Warning (332169): From altera_reserved_tck (Rise) to altera_reserved_tck (Rise) (setup and hold)
    Critical Warning (332169): From altera_reserved_tck (Rise) to altera_reserved_tck (Fall) (setup and hold)
    Critical Warning (332169): From CLK (Rise) to CLK (Rise) (setup and hold)
    Critical Warning (332169): From CPUCLK (Rise) to CLK (Rise) (setup and hold)
    Critical Warning (332169): From CPUCLK (Fall) to CLK (Rise) (setup and hold)
    Critical Warning (332169): From CLK (Rise) to CPUCLK (Rise) (setup and hold)
    Critical Warning (332169): From CPUCLK (Rise) to CPUCLK (Rise) (setup and hold)
Warning (308040): (Medium) Rule C104: Clock signal source should drive only clock input ports. Found 1 nodes related to this rule.
    Warning (308010): Node  "CPUCLK" File: /home/ecegridfs/a/437mg063/ece437/processors/source/system.sv Line: 32
Warning (308023): (Medium) Rule R102: External reset signals should be synchronized using two cascaded registers. Found 1 node(s) related to this rule.
    Warning (308010): Node  "nRST" File: /home/ecegridfs/a/437mg063/ece437/processors/source/system.sv Line: 18
Info (308046): (Information) Rule T101: Nodes with more than the specified number of fan-outs. (Value defined:30). Found 138 node(s) with highest fan-out.
    Info (308011): Node  "ram:RAM|altsyncram:altsyncram_component|altsyncram_99f1:auto_generated|sld_mod_ram_rom:mgl_prim2|ram_rom_addr_reg[12]" File: /package/eda/intelFPGA/quartus21.1/quartus/libraries/megafunctions/sld_mod_ram_rom.vhd Line: 541
    Info (308011): Node  "altera_internal_jtag~TCKUTAPclkctrl"
    Info (308011): Node  "sld_hub:auto_hub|alt_sld_fab_with_jtag_input:\instrumentation_fabric_with_node_gen:fabric_gen_new_way:with_jtag_input_gen:instrumentation_fabric|alt_sld_fab:instrumentation_fabric|alt_sld_fab_alt_sld_fab:alt_sld_fab|alt_sld_fab_alt_sld_fab_sldfabric:sldfabric|sld_jtag_hub:\jtag_hub_gen:real_sld_jtag_hub|sld_shadow_jsm:shadow_jsm|state[4]" File: /package/eda/intelFPGA/quartus21.1/quartus/libraries/megafunctions/sld_hub.vhd Line: 1584
    Info (308011): Node  "ram:RAM|altsyncram:altsyncram_component|altsyncram_99f1:auto_generated|sld_mod_ram_rom:mgl_prim2|ram_rom_addr_reg[0]" File: /package/eda/intelFPGA/quartus21.1/quartus/libraries/megafunctions/sld_mod_ram_rom.vhd Line: 541
    Info (308011): Node  "ram:RAM|altsyncram:altsyncram_component|altsyncram_99f1:auto_generated|sld_mod_ram_rom:mgl_prim2|ram_rom_addr_reg[1]" File: /package/eda/intelFPGA/quartus21.1/quartus/libraries/megafunctions/sld_mod_ram_rom.vhd Line: 541
    Info (308011): Node  "ram:RAM|altsyncram:altsyncram_component|altsyncram_99f1:auto_generated|sld_mod_ram_rom:mgl_prim2|ram_rom_addr_reg[2]" File: /package/eda/intelFPGA/quartus21.1/quartus/libraries/megafunctions/sld_mod_ram_rom.vhd Line: 541
    Info (308011): Node  "ram:RAM|altsyncram:altsyncram_component|altsyncram_99f1:auto_generated|sld_mod_ram_rom:mgl_prim2|ram_rom_addr_reg[3]" File: /package/eda/intelFPGA/quartus21.1/quartus/libraries/megafunctions/sld_mod_ram_rom.vhd Line: 541
    Info (308011): Node  "ram:RAM|altsyncram:altsyncram_component|altsyncram_99f1:auto_generated|sld_mod_ram_rom:mgl_prim2|ram_rom_addr_reg[4]" File: /package/eda/intelFPGA/quartus21.1/quartus/libraries/megafunctions/sld_mod_ram_rom.vhd Line: 541
    Info (308011): Node  "ram:RAM|altsyncram:altsyncram_component|altsyncram_99f1:auto_generated|sld_mod_ram_rom:mgl_prim2|ram_rom_addr_reg[5]" File: /package/eda/intelFPGA/quartus21.1/quartus/libraries/megafunctions/sld_mod_ram_rom.vhd Line: 541
    Info (308011): Node  "ram:RAM|altsyncram:altsyncram_component|altsyncram_99f1:auto_generated|sld_mod_ram_rom:mgl_prim2|ram_rom_addr_reg[6]" File: /package/eda/intelFPGA/quartus21.1/quartus/libraries/megafunctions/sld_mod_ram_rom.vhd Line: 541
    Info (308011): Node  "ram:RAM|altsyncram:altsyncram_component|altsyncram_99f1:auto_generated|sld_mod_ram_rom:mgl_prim2|ram_rom_addr_reg[7]" File: /package/eda/intelFPGA/quartus21.1/quartus/libraries/megafunctions/sld_mod_ram_rom.vhd Line: 541
    Info (308011): Node  "ram:RAM|altsyncram:altsyncram_component|altsyncram_99f1:auto_generated|sld_mod_ram_rom:mgl_prim2|ram_rom_addr_reg[8]" File: /package/eda/intelFPGA/quartus21.1/quartus/libraries/megafunctions/sld_mod_ram_rom.vhd Line: 541
    Info (308011): Node  "ram:RAM|altsyncram:altsyncram_component|altsyncram_99f1:auto_generated|sld_mod_ram_rom:mgl_prim2|ram_rom_addr_reg[9]" File: /package/eda/intelFPGA/quartus21.1/quartus/libraries/megafunctions/sld_mod_ram_rom.vhd Line: 541
    Info (308011): Node  "ram:RAM|altsyncram:altsyncram_component|altsyncram_99f1:auto_generated|sld_mod_ram_rom:mgl_prim2|ram_rom_addr_reg[10]" File: /package/eda/intelFPGA/quartus21.1/quartus/libraries/megafunctions/sld_mod_ram_rom.vhd Line: 541
    Info (308011): Node  "ram:RAM|altsyncram:altsyncram_component|altsyncram_99f1:auto_generated|sld_mod_ram_rom:mgl_prim2|ram_rom_addr_reg[11]" File: /package/eda/intelFPGA/quartus21.1/quartus/libraries/megafunctions/sld_mod_ram_rom.vhd Line: 541
    Info (308011): Node  "ram:RAM|altsyncram:altsyncram_component|altsyncram_99f1:auto_generated|sld_mod_ram_rom:mgl_prim2|ram_rom_data_reg[19]~32" File: /package/eda/intelFPGA/quartus21.1/quartus/libraries/megafunctions/sld_mod_ram_rom.vhd Line: 575
    Info (308011): Node  "ram:RAM|altsyncram:altsyncram_component|altsyncram_99f1:auto_generated|sld_mod_ram_rom:mgl_prim2|process_0~2"
    Info (308011): Node  "ram:RAM|altsyncram:altsyncram_component|altsyncram_99f1:auto_generated|altsyncram_fta2:altsyncram1|address_reg_b[0]" File: /home/ecegridfs/a/437mg063/ece437/processors/._system/db/altsyncram_fta2.tdf Line: 49
    Info (308011): Node  "ram:RAM|altsyncram:altsyncram_component|altsyncram_99f1:auto_generated|sld_mod_ram_rom:mgl_prim2|ram_rom_addr_reg[13]" File: /package/eda/intelFPGA/quartus21.1/quartus/libraries/megafunctions/sld_mod_ram_rom.vhd Line: 541
    Info (308011): Node  "ramaddr~31"
    Info (308011): Node  "singlecycle:CPU|datapath:DP|request_unit:REQU|ruif.dmemWEN" File: /home/ecegridfs/a/437mg063/ece437/processors/source/request_unit.sv Line: 7
    Info (308011): Node  "singlecycle:CPU|datapath:DP|request_unit:REQU|ruif.dmemREN" File: /home/ecegridfs/a/437mg063/ece437/processors/source/request_unit.sv Line: 7
    Info (308011): Node  "singlecycle:CPU|memory_control:CC|ccif.iwait[0]" File: /home/ecegridfs/a/437mg063/ece437/processors/source/memory_control.sv Line: 19
    Info (308011): Node  "singlecycle:CPU|caches:CM|daddr[11]~1" File: /home/ecegridfs/a/437mg063/ece437/processors/source/caches.sv Line: 35
    Info (308011): Node  "singlecycle:CPU|datapath:DP|dpif.halt~_Duplicate_1" File: /home/ecegridfs/a/437mg063/ece437/processors/source/datapath.sv Line: 24
    Info (308011): Node  "ramaddr~25"
    Info (308011): Node  "singlecycle:CPU|datapath:DP|b~5"
    Info (308011): Node  "singlecycle:CPU|caches:CM|dcif.imemload[21]~10" File: /home/ecegridfs/a/437mg063/ece437/processors/source/caches.sv Line: 18
    Info (308011): Node  "ram:RAM|always0~1"
    Info (308011): Node  "nRST~inputclkctrl" File: /home/ecegridfs/a/437mg063/ece437/processors/source/system.sv Line: 18
    Info (308002): Truncated list of Design Assistant messages to 30 messages. Go to sections under Design Assistant section of Compilation Report for complete lists of Design Assistant messages generated.
Info (308044): (Information) Rule T102: Top nodes with the highest number of fan-outs. (Value defined:50). Found 50 node(s) with highest fan-out.
    Info (308011): Node  "CPUCLK~clkctrl" File: /home/ecegridfs/a/437mg063/ece437/processors/source/system.sv Line: 32
    Info (308011): Node  "nRST~inputclkctrl" File: /home/ecegridfs/a/437mg063/ece437/processors/source/system.sv Line: 18
    Info (308011): Node  "singlecycle:CPU|caches:CM|dcif.imemload[20]~9" File: /home/ecegridfs/a/437mg063/ece437/processors/source/caches.sv Line: 18
    Info (308011): Node  "singlecycle:CPU|caches:CM|dcif.imemload[15]~26" File: /home/ecegridfs/a/437mg063/ece437/processors/source/caches.sv Line: 18
    Info (308011): Node  "singlecycle:CPU|caches:CM|dcif.imemload[16]~25" File: /home/ecegridfs/a/437mg063/ece437/processors/source/caches.sv Line: 18
    Info (308011): Node  "singlecycle:CPU|caches:CM|dcif.imemload[21]~10" File: /home/ecegridfs/a/437mg063/ece437/processors/source/caches.sv Line: 18
    Info (308011): Node  "singlecycle:CPU|caches:CM|dcif.imemload[22]~8" File: /home/ecegridfs/a/437mg063/ece437/processors/source/caches.sv Line: 18
    Info (308011): Node  "singlecycle:CPU|caches:CM|dcif.imemload[23]~7" File: /home/ecegridfs/a/437mg063/ece437/processors/source/caches.sv Line: 18
    Info (308011): Node  "singlecycle:CPU|caches:CM|dcif.imemload[18]~28" File: /home/ecegridfs/a/437mg063/ece437/processors/source/caches.sv Line: 18
    Info (308011): Node  "singlecycle:CPU|caches:CM|dcif.imemload[17]~27" File: /home/ecegridfs/a/437mg063/ece437/processors/source/caches.sv Line: 18
    Info (308011): Node  "altera_internal_jtag~TCKUTAPclkctrl"
    Info (308011): Node  "CLK~inputclkctrl" File: /home/ecegridfs/a/437mg063/ece437/processors/source/system.sv Line: 18
    Info (308011): Node  "singlecycle:CPU|datapath:DP|b~9"
    Info (308011): Node  "singlecycle:CPU|datapath:DP|b~7"
    Info (308011): Node  "singlecycle:CPU|datapath:DP|b~1"
    Info (308011): Node  "singlecycle:CPU|datapath:DP|b~5"
    Info (308011): Node  "singlecycle:CPU|datapath:DP|dpif.halt~_Duplicate_1" File: /home/ecegridfs/a/437mg063/ece437/processors/source/datapath.sv Line: 24
    Info (308011): Node  "ramaddr~29"
    Info (308011): Node  "ram:RAM|altsyncram:altsyncram_component|altsyncram_99f1:auto_generated|sld_mod_ram_rom:mgl_prim2|ram_rom_addr_reg[13]" File: /package/eda/intelFPGA/quartus21.1/quartus/libraries/megafunctions/sld_mod_ram_rom.vhd Line: 541
    Info (308011): Node  "ram:RAM|altsyncram:altsyncram_component|altsyncram_99f1:auto_generated|sld_mod_ram_rom:mgl_prim2|ram_rom_addr_reg[2]" File: /package/eda/intelFPGA/quartus21.1/quartus/libraries/megafunctions/sld_mod_ram_rom.vhd Line: 541
    Info (308011): Node  "ram:RAM|altsyncram:altsyncram_component|altsyncram_99f1:auto_generated|sld_mod_ram_rom:mgl_prim2|ram_rom_addr_reg[3]" File: /package/eda/intelFPGA/quartus21.1/quartus/libraries/megafunctions/sld_mod_ram_rom.vhd Line: 541
    Info (308011): Node  "ram:RAM|altsyncram:altsyncram_component|altsyncram_99f1:auto_generated|sld_mod_ram_rom:mgl_prim2|ram_rom_addr_reg[4]" File: /package/eda/intelFPGA/quartus21.1/quartus/libraries/megafunctions/sld_mod_ram_rom.vhd Line: 541
    Info (308011): Node  "ram:RAM|altsyncram:altsyncram_component|altsyncram_99f1:auto_generated|sld_mod_ram_rom:mgl_prim2|ram_rom_addr_reg[1]" File: /package/eda/intelFPGA/quartus21.1/quartus/libraries/megafunctions/sld_mod_ram_rom.vhd Line: 541
    Info (308011): Node  "ram:RAM|altsyncram:altsyncram_component|altsyncram_99f1:auto_generated|sld_mod_ram_rom:mgl_prim2|ram_rom_addr_reg[5]" File: /package/eda/intelFPGA/quartus21.1/quartus/libraries/megafunctions/sld_mod_ram_rom.vhd Line: 541
    Info (308011): Node  "ram:RAM|altsyncram:altsyncram_component|altsyncram_99f1:auto_generated|sld_mod_ram_rom:mgl_prim2|ram_rom_addr_reg[6]" File: /package/eda/intelFPGA/quartus21.1/quartus/libraries/megafunctions/sld_mod_ram_rom.vhd Line: 541
    Info (308011): Node  "ramaddr~27"
    Info (308011): Node  "singlecycle:CPU|datapath:DP|request_unit:REQU|ruif.dmemREN" File: /home/ecegridfs/a/437mg063/ece437/processors/source/request_unit.sv Line: 7
    Info (308011): Node  "ramaddr~25"
    Info (308011): Node  "ram:RAM|altsyncram:altsyncram_component|altsyncram_99f1:auto_generated|sld_mod_ram_rom:mgl_prim2|ram_rom_addr_reg[12]" File: /package/eda/intelFPGA/quartus21.1/quartus/libraries/megafunctions/sld_mod_ram_rom.vhd Line: 541
    Info (308011): Node  "ramaddr~5"
    Info (308002): Truncated list of Design Assistant messages to 30 messages. Go to sections under Design Assistant section of Compilation Report for complete lists of Design Assistant messages generated.
Info (308007): Design Assistant information: finished post-fitting analysis of current design -- generated 188 information messages and 2 warning messages
Info: Quartus Prime Design Assistant was successful. 0 errors, 17 warnings
    Info: Peak virtual memory: 660 megabytes
    Info: Processing ended: Thu Sep 18 18:19:30 2025
    Info: Elapsed time: 00:00:02
    Info: Total CPU time (on all processors): 00:00:01


